entity,epoch,AUC_PR_mean,AUC_ROC_mean,F1_mean,PA_F1_mean,Event_F1_mean,R_F1_mean,Aff_F_mean,VUS_ROC_mean,VUS_PR_mean,AUC_PR_std,AUC_ROC_std,F1_std,PA_F1_std,Event_F1_std,R_F1_std,Aff_F_std,VUS_ROC_std,VUS_PR_std
machine-1-1,5,0.5246335086618373,0.8909825000794924,0.5230519886225032,0.916147194852202,0.6638820898883252,0.18373307334801758,0.7026695380627421,0.9249934320238486,0.568637920381282,0.051541054140813204,0.038994380278360996,0.05187867230063677,0.0,6.145267554416497e-05,8.017544227577569e-05,5.347953671799841e-07,0.030667100265717076,0.04984853548971718
machine-1-1,10,0.5072537272011574,0.8799105210062871,0.49672943998734953,0.916147194852202,0.6639757085020238,0.18389842070513382,0.7026688489857257,0.9159138596972614,0.5522888507332081,0.04112086661166038,0.02985100595214184,0.05021968036327949,0.0,1.619433198375554e-05,4.020468231696652e-05,1.1670483693601874e-06,0.021069114496814867,0.0363245440451224
machine-1-1,15,0.510521113337796,0.8906481853022349,0.4932379815373885,0.916147194852202,0.6640079051383394,0.1838715751885042,0.7026685630761064,0.9248086143358746,0.5576134874077348,0.031112932017755633,0.023092297573031034,0.05383104677248813,0.0,1.5810276679850688e-05,6.692301369160224e-05,1.7107626170573365e-06,0.014434324403306357,0.02368928795014962
machine-1-1,20,0.5239912824555824,0.897003373850297,0.5118367093803938,0.916147194852202,0.6639998079723475,0.18389167752966268,0.7026684808338828,0.9301298251369321,0.5703343345635364,0.03674790769388174,0.023610042442486278,0.0614944675600728,0.0,2.613259427038696e-05,6.55847586841975e-05,1.5369333864365458e-06,0.013955513803640972,0.0271734222674567
machine-1-1,25,0.5358090196388401,0.9002619330718377,0.526014700762886,0.916147194852202,0.6639757085020238,0.18389842070513382,0.7026684696662857,0.9338209811482954,0.5831168482127543,0.04033555187717835,0.02288613394448489,0.060064121618041866,0.0,1.619433198379255e-05,4.0204682316957265e-05,1.5499359067182003e-06,0.013155553717291803,0.02985440000883004
machine-1-1,30,0.5471725726718457,0.9058246793112681,0.5363063940169126,0.916147194852202,0.6639838056680156,0.18387831836397533,0.702669311209975,0.93758079630429,0.5931556974177327,0.03889773211304682,0.019907115968226842,0.055626686773021995,0.0,1.8699603860411417e-05,4.6424368316761335e-05,3.9965912516252293e-07,0.011739291188503016,0.029266791564220677
machine-1-1,35,0.5528128295647619,0.907009729071247,0.5385195157429649,0.916147194852202,0.6639676113360319,0.1839185230462923,0.7026688979147817,0.9387957185153826,0.5987972610936934,0.04089209879773624,0.019729484020157128,0.055039169810565995,0.0,0.0,0.0,1.1887122110121118e-06,0.011857445529163133,0.03172211663234585
machine-1-1,40,0.5639030911377454,0.9121265362638864,0.5504409956910311,0.916147194852202,0.6639674122253927,0.1838660613893758,0.7026695607765326,0.942502267699483,0.6088139074913635,0.04330208358729749,0.01970474964442095,0.05948380699773721,0.0,2.677136697068268e-05,6.379856110281342e-05,2.8385852749985644e-07,0.011879955617240198,0.034408125495011384
machine-1-1,45,0.559788142248509,0.9082574583517088,0.5428224148170251,0.916147194852202,0.6639340131368954,0.18384154691150412,0.70266931603663,0.9404182512065744,0.6060594620441164,0.042654212302039626,0.019568843616198393,0.05183814732128109,0.0,3.879585863149982e-05,8.88843842822827e-05,4.040033263759173e-07,0.012046506390171484,0.034912938368218537
machine-1-1,50,0.5632369141685297,0.9092442359754555,0.5503093653404656,0.916147194852202,0.6639340131368954,0.18384154691150412,0.702668883623527,0.9414102110391545,0.6093649254396474,0.048637400920506495,0.023958945975982582,0.058980892018280655,0.0,3.879585863149982e-05,8.88843842822827e-05,1.5405507124096233e-06,0.014698996447380017,0.03992655867660311
machine-1-1,55,0.5643453742689046,0.9090406751421762,0.553655356661226,0.916147194852202,0.6639257168602644,0.18380918759574608,0.7026691624351836,0.94152705084282,0.6105815698017973,0.049644140108745544,0.025472846939023037,0.05987450721626699,0.0,3.220442400971364e-05,7.380073326669733e-05,6.733710376038937e-07,0.015437800725951493,0.04088402001154326
machine-1-1,60,0.5627021479552561,0.9078944409623289,0.5518712649843731,0.916147194852202,0.6639084968575091,0.18377675666560483,0.7026691643279935,0.9410383437837273,0.6094794520436003,0.047607091918945244,0.02496088200945699,0.056879934840701654,0.0,4.2700171026713056e-05,0.00010673361117218362,6.698274284523144e-07,0.015174720049458693,0.03958824597977916
machine-1-1,65,0.5609292237735646,0.9067125593802952,0.5517631726010754,0.916147194852202,0.6639084968575091,0.18377675666560483,0.702669289631747,0.9402365505349337,0.6077821142560402,0.04829765701565077,0.027360042468004702,0.057331364384079146,0.0,4.2700171026713056e-05,0.00010673361117218362,7.485738660562719e-07,0.01638983051324961,0.040295617855096076
machine-1-1,70,0.5640009158856216,0.9069236482363964,0.555041024011887,0.916147194852202,0.6638997796776911,0.18375045448709965,0.7026695807455337,0.9406081597467184,0.6108596408444726,0.0497539120747926,0.027352663396456537,0.05865634940511962,0.0,4.8115821676380516e-05,0.00012253158747766696,5.059334370398399e-07,0.016665785241478947,0.04215101143887748
machine-1-1,75,0.5673159168681947,0.9078475519287406,0.5589245422712754,0.916147194852202,0.6638910624978731,0.18372415230859448,0.7026692822497884,0.9410797382611763,0.6133347424650066,0.05414756669783884,0.02947996241806386,0.06484869417974763,0.0,5.1032558772472975e-05,0.00012958049179855432,7.625973069371639e-07,0.017937309608507368,0.04602222491968176
machine-1-1,80,0.5604725475282086,0.9051722722679132,0.5533543590018448,0.916147194852202,0.6638910624978731,0.18372415230859448,0.702669017824444,0.9390279232658241,0.6067319473715365,0.052682821769475086,0.03162581682325629,0.061557896232516195,0.0,5.1032558772472975e-05,0.00012958049179855432,9.508266112869308e-07,0.01903653195797693,0.04438584031492075
machine-1-2,5,0.26293906914830745,0.8687998893610765,0.3770706997641463,0.9085545722713864,0.6504689709660474,0.25594533897245475,0.8838118099603576,0.9237172730666187,0.2884418817052293,0.004616074492612654,0.0037201285692251593,0.0014833638185610906,0.0,0.009602245975933307,0.007597677580855173,0.001526098448211784,0.001754415298206927,0.0053539693330827325
machine-1-2,10,0.23938318500560696,0.8743467336803601,0.37124910235255537,0.9041104546459826,0.6486486486486481,0.2474732594905866,0.871125165831306,0.9167187195478739,0.2599353103518335,0.0072228717696399755,0.007157303836813606,0.004730949862517008,0.0010215037463151794,0.0,0.002470212251447986,0.004254373309691389,0.004298737483125694,0.008622314394175452
machine-1-2,15,0.2431512208290684,0.8762661531791829,0.37398016367995646,0.9060435454508977,0.6432647973910104,0.25115588503448777,0.8706841017319182,0.9190278545923484,0.2640193384892504,0.011227236133734407,0.0037977416447977095,0.007132386834110219,0.0017624983183017072,0.003720811000314226,0.002941803567137069,0.003950192284037548,0.00315935599239846,0.012458184119495562
machine-1-2,20,0.23533865112137958,0.8690408706305877,0.3706833361488786,0.9038890761961684,0.6472007722007717,0.2468062662663424,0.8677713175915261,0.913656497956314,0.255847018118747,0.007416019710049939,0.010964479865076013,0.00681947886200712,0.0008469109281203758,0.002895752895752881,0.0020218268588874906,0.002417421039228706,0.004228611985043812,0.007360408210302053
machine-1-2,25,0.23993475379815415,0.8671882287137266,0.3690560199058833,0.9039832814706794,0.6466806612437674,0.2510781874222301,0.8692066234971006,0.9156772049908013,0.26198682564212666,0.011944023650565377,0.004424672110022586,0.005986269002457172,0.00025261514083292787,0.003935974809761251,0.0019467570195017346,0.004871072616045697,0.0017835377491292857,0.013531219874469093
machine-1-2,30,0.2483537067064792,0.8740202101390153,0.386261577446209,0.9126173436944267,0.6456755238749938,0.2526679222392081,0.8799059827326978,0.9196763753454432,0.2687384998637388,0.01859896241754367,0.005650526943592039,0.03555787592981186,0.017609626701815522,0.0037759998770797196,0.004758532193072575,0.024994650819735453,0.008171016785199365,0.019941174647334838
machine-1-2,35,0.24410377780229883,0.8730922199901686,0.3724293276813601,0.9047763275749375,0.6424132359237106,0.24927808370114188,0.8723934136623354,0.9189593019623867,0.2649559814881327,0.010985758152644725,0.007225843735281728,0.012402704267970856,0.0018268019388757157,0.008120361346788589,0.002856598185429722,0.0106287256241323,0.006865638064130428,0.012536182868291633
machine-1-2,40,0.24357829258292849,0.8750584266472229,0.3697083572925208,0.9052190908593197,0.6447126738388869,0.252170732319061,0.869483222914722,0.920242852274812,0.2654670639897898,0.011541574010548002,0.009633782412431286,0.0038595040271740782,0.0016813057852309054,0.004544872231878507,0.0021706904488473953,0.0085537185610096,0.007391754998623818,0.011999635224066328
machine-1-2,45,0.2382010081794121,0.8713723260466412,0.36742860685233036,0.9055087849208181,0.6472007722007717,0.2512637593570306,0.8674518441033583,0.9181196850512405,0.26011292873819236,0.007611997795179765,0.008313500910941787,0.0028562120308422657,0.0028889917651062484,0.0028957528957529056,0.0019651584053012997,0.004059711869119634,0.006446217684041221,0.0075412195354316565
machine-1-2,50,0.2379277976946006,0.8746507754689956,0.36706268879770365,0.9054513829081219,0.6424132359237106,0.2510747124362038,0.8673374525490429,0.9194194988893708,0.2611632889222221,0.008876864145838407,0.008473788627398938,0.004209761447677123,0.0039495333218479,0.008120361346788589,0.001052826260962048,0.005884059803571287,0.006001533829700363,0.009964461270168125
machine-1-2,55,0.23769988376231066,0.8715600427025746,0.3673141748815614,0.904214449052659,0.6486486486486481,0.2509246433950159,0.865285639857764,0.9181932077762309,0.2599060987033287,0.012699032505126375,0.010001003933083164,0.0035092175424852236,0.0034866890630955113,0.0,0.0020510220672793223,0.0014593251477988615,0.007275042734595748,0.014199411298804782
machine-1-2,60,0.2392993592905055,0.8719856912413484,0.36865332948199675,0.9041126224870142,0.6486486486486481,0.2509457477694185,0.8665738247628365,0.9181513867219999,0.26240927289062355,0.010926055478053087,0.00791444345754595,0.0030993961664188474,0.0019134753950737359,0.0,0.003510638642469201,0.0035635388985440224,0.006173723022810107,0.013751733570642181
machine-1-2,65,0.23784296027026663,0.8692049595224811,0.368084618973776,0.9038890761961684,0.6486486486486481,0.25341787442773905,0.8670283301164151,0.9170975446064955,0.26100785673302507,0.014102445751650596,0.013161836244488506,0.00512233061214172,0.0008469109281203339,0.0,0.0008902452771995113,0.0038146349741345737,0.009410288024351439,0.015117203832845752
machine-1-2,70,0.23629759184187607,0.8691487950019715,0.3684375724714971,0.9043318343687452,0.6466806612437674,0.25163208536900167,0.8665423377166284,0.9160591944162313,0.25929130905629255,0.012354205954354469,0.010006399100427868,0.006729292732454935,0.001114479186025821,0.003935974809761249,0.0014958953069222724,0.004146136610958744,0.007644902486508188,0.014677932305477448
machine-1-2,75,0.23501392064374393,0.8662425301984948,0.37147367238174367,0.903891669216822,0.6486486486486481,0.25078448812844056,0.8677818939623618,0.9142580193096407,0.25861132130517117,0.012297901156301238,0.012978585719257186,0.0060721637835461344,0.0019596071878759213,0.0,0.0035126700656783897,0.0018338842620630091,0.008822936565534515,0.01370743466641165
machine-1-2,80,0.23710649098449108,0.8697732914545584,0.3725065211278623,0.9038890761961684,0.6486486486486481,0.25204038728331146,0.8684356323587628,0.9162821218274897,0.26090843404977204,0.0127771010419307,0.013386991453196738,0.009279952803965262,0.0008469109281203339,0.0,0.0024394067520561355,0.00299823947586006,0.008902729052186425,0.01421791117805327
machine-1-3,5,0.18786006696862811,0.7643038774385438,0.2647188827448415,0.6368159203980099,0.2750124963895548,0.3367337778743609,0.7813162315272044,0.8288490684177467,0.16977213064998165,0.008729777475662991,0.0042074523607398846,0.027019839403511645,0.0,0.0021375117548775298,0.002559287372993348,0.0007740215729142883,0.00759468661713632,0.011020259323291964
machine-1-3,10,0.2080864514738811,0.7951944420026229,0.29978130879710024,0.6293252173184323,0.27937290033594586,0.3308316111049218,0.78170731489781,0.8557730531336154,0.188855733945186,0.006785697581825308,0.01606625321430571,0.010482154043939748,0.015174115496114094,0.0017068361821506945,0.013850578336300259,0.0012096428659257074,0.013941166111882407,0.00835393997955903
machine-1-3,15,0.19632882247177957,0.7775662235843871,0.2792218088754332,0.629395356651929,0.2792293713660162,0.33260055076933015,0.7823610616807553,0.8392628072505546,0.17556832748959694,0.023315658520066805,0.02939475102603347,0.04727837621453752,0.01503384250231686,0.0021092118827040827,0.012148985903443477,0.0008202985083419275,0.029340741339274598,0.027144047229193294
machine-1-3,20,0.1933293634611875,0.7634730613810463,0.2639819604064113,0.6294353563529009,0.2774497132978048,0.33209272145174007,0.7847682825134401,0.8296278738405248,0.17381735160068224,0.03286931487113451,0.06522880853638009,0.06204160978802476,0.015641984168454297,0.002751859261254173,0.017630822466540876,0.0043896009565569565,0.056098319884194905,0.042195258459232755
machine-1-3,25,0.19442341585702297,0.7667114964605832,0.26119819964251123,0.6372800028122853,0.27062688623893344,0.3421408511212737,0.7951781076692064,0.8338166487196874,0.17611942880628684,0.023606514009759303,0.0678487790318454,0.04397296708924227,0.0015749890026565633,0.010329531899809478,0.008537883734431947,0.023123414391351477,0.06060412325203736,0.029332124668114874
machine-1-3,30,0.19654133193976994,0.7662196224832615,0.26344735636783695,0.6403625623523197,0.2725849717206841,0.3644398166725896,0.8272046978592855,0.8326216062752732,0.1780728551836516,0.03519408592991718,0.0959409341461367,0.05226885486961697,0.0027375758193751184,0.007689938213817064,0.013379589990047455,0.0408070468773133,0.0899771192012937,0.04143440692468241
machine-1-3,35,0.1881312156421114,0.7493800931264097,0.2526555310605461,0.6405071014309134,0.2717686526475562,0.35765248838737906,0.8279466716014423,0.8161913914418031,0.16880891282652713,0.03614851557264624,0.09817959084890707,0.0635291209326731,0.0027402683788095602,0.01189374433729848,0.009024542611902324,0.036336591960188395,0.09143192998215721,0.04160344142977331
machine-1-3,40,0.19675099762135073,0.771804903761583,0.26629397116308995,0.6502816683310713,0.27566746860002284,0.3547830264231442,0.8240276916315115,0.8369681101271029,0.1774362622387589,0.021352297199072785,0.06320017456087922,0.04101309423736275,0.023429722178400655,0.005673694037214253,0.016262487062729262,0.053456552180543786,0.05503411294175607,0.02296120746898955
machine-1-3,45,0.19717645266673242,0.7669602858327722,0.2777897879433519,0.6379258042608421,0.27503794503622025,0.3419933481402535,0.7931531772502899,0.8333531669770556,0.17889382831819112,0.02666825774501151,0.06638764065506417,0.05160191623372211,0.0026071576285095926,0.004218143177234034,0.015272991430184023,0.019140784217292747,0.05891651323380949,0.028793722532080245
machine-1-3,50,0.19382600105969874,0.765327839653805,0.2645973535305284,0.6363843432945698,0.2757975086034338,0.33706693096516316,0.7806565229723195,0.831574651409899,0.1746223366610682,0.020734342822790883,0.05453520684414909,0.040594784009320484,0.00037133055631876505,0.0053029592993416525,0.004897727230419701,0.004388267388784538,0.04653118349104932,0.02193705708372949
machine-1-3,55,0.19534720981340517,0.7698389527540421,0.26854711598768877,0.6380702440487085,0.2774233535592552,0.34581131466312337,0.7939024081502105,0.8344193185526153,0.17689313059051212,0.017750587807975785,0.051525939681652255,0.03756021795238282,0.003093193216205587,0.0023218048649914142,0.016274909168401776,0.027675565639384645,0.042440227117921885,0.018226022905048316
machine-1-3,60,0.1917649533920626,0.7563311344276392,0.26529005682308276,0.6363125004312399,0.27563485253256115,0.33760348147316205,0.7807022953101865,0.8231005125494603,0.17293746679369074,0.01566447590229972,0.04800266449912373,0.033775448884855945,0.000431403773867274,0.005386001459605462,0.005701115721396142,0.00345924099030321,0.04068370393220438,0.016003683937872326
machine-1-3,65,0.19082837710527922,0.7577735978190856,0.26848352766259276,0.6379980633850502,0.2771198992859228,0.34367144118845355,0.793136772093141,0.8228175105904392,0.17031144125865794,0.023681907175401692,0.06151840110855439,0.039096005363061875,0.002949269343671185,0.0018058000770839518,0.01682455657748565,0.02666568853346448,0.05579910424791134,0.025102091162007106
machine-1-3,70,0.19207725362998257,0.7556264585945733,0.277262061367135,0.6288972414797488,0.2769175067110624,0.3342759571094001,0.7800602968607318,0.8216107787672676,0.17233221801478998,0.02603241471108226,0.0628226642801204,0.04330154087411453,0.015263556841577817,0.001487488382068691,0.010911150009006287,0.0038138818749783067,0.05785054746895795,0.028815726265033044
machine-1-3,75,0.1882574569015136,0.751608904819018,0.26552136361063317,0.6286119622786905,0.2753712343548759,0.3306806559243838,0.7932151539540123,0.8163025182702773,0.16730959408535132,0.026227178196890934,0.0634926988924518,0.04037498868956443,0.015270702986814502,0.0039012240072381146,0.009299187033237762,0.022745388380115528,0.058735504392657366,0.027621222134718737
machine-1-3,80,0.1885465313556814,0.7566624656931493,0.2647660954257779,0.6367439475317805,0.2767941784909066,0.3403193183655533,0.7820923440450548,0.8189431650734291,0.16692947601164043,0.022444639049082782,0.04616635591131957,0.03940922678799825,0.00014394573245885925,0.0030742487473276706,0.004699477738437062,0.0009785334073949615,0.0447551795586266,0.025735639722966056
machine-1-4,5,0.16670496776267274,0.7813573792806645,0.25552269740303774,0.18659246079873915,0.2857142857142854,0.29139016584594496,0.6687487350302613,0.8572136194578339,0.16532141938745387,0.007202755957168791,0.016140815286020228,0.015428252019613247,0.018492364963174097,0.0,0.024956131043967766,2.8146066830055594e-06,0.010571003501660108,0.008862896117886933
machine-1-4,10,0.17396309030863616,0.7750352163542906,0.29419527919202315,0.17731760007033495,0.2857142857142854,0.27059751628021805,0.668747979888462,0.8525380142612531,0.17415923081284937,0.003385882631864719,0.013758792059420696,0.01133303345870311,5.73564936343085e-05,0.0,0.016629168087486094,2.4238734735465925e-06,0.01356299447181204,0.0038221966424235
machine-1-4,15,0.17565611074464846,0.7797085572794267,0.3014267126073854,0.2423706347927062,0.2857142857142854,0.28897583160340473,0.6687486130656,0.8533822655649336,0.17652875535339713,0.009607300911245328,0.03602342525470416,0.014721291692365203,0.13020167483044706,0.0,0.06635081794774432,1.1241533060705968e-06,0.029612838365211277,0.012442900335720899
machine-1-4,20,0.17734440185232542,0.7859990473979942,0.2968672427919631,0.18345670746072484,0.2857142857142854,0.29243965788031995,0.6687476475805302,0.8628081390736935,0.1790537108118651,0.0031029303613230594,0.01856712145827234,0.006814893590056801,0.012220858287145508,0.0,0.027055115112717774,2.090776697066829e-06,0.01130814403882312,0.0038524597402906035
machine-1-4,25,0.17352336948081368,0.7731028350789644,0.29204207608106136,0.17731760007033495,0.2857142857142854,0.27079872864690335,0.6687473543782958,0.8514825742481952,0.1734755665695967,0.006670333795727779,0.021713633701401103,0.02019988129920549,5.7356493634306186e-05,0.0,0.01676760276953988,1.9729570057477795e-06,0.015777258887741674,0.00963697648210461
machine-1-4,30,0.17652847346014044,0.7673833017209699,0.3053656234099352,0.1772889218235178,0.2857142857142854,0.262282932236475,0.6687455606658663,0.8479573572739804,0.17793948061234088,0.005780100538657049,0.025432171574767706,0.004186994291681976,6.622957407908615e-05,0.0,0.01920170934341924,2.0524841855044987e-06,0.022240699087829486,0.00791595158745134
machine-1-4,35,0.17765422652032886,0.7829882115501784,0.2959814582579313,0.17731760007033495,0.2857142857142854,0.270597516280218,0.6687496494861889,0.859890091461488,0.17891695669880758,0.005848026410894715,0.017786108764973652,0.013757098214296225,5.7356493634306186e-05,0.0,0.01662916808748608,1.4635693234648168e-06,0.014062899051780894,0.00863209078102142
machine-1-4,40,0.18061914886872507,0.7914678578422839,0.3046474314708516,0.2354076670598957,0.2857142857142854,0.2908688368917275,0.668749506581061,0.8642941482422379,0.18210176644793494,0.007433817775672958,0.03158940072848666,0.0029153367840102765,0.11619926539319131,0.0,0.048679515736694816,1.5527888644947926e-06,0.02271015938943947,0.00911826319769306
machine-1-4,45,0.18116915715868717,0.7971687063592229,0.30137812387471097,0.2354076670598957,0.2857142857142854,0.2893481079198114,0.668746685431838,0.8689829654519912,0.18260443517955718,0.005249983630308664,0.027074036574152367,0.007712558901152828,0.11619926539319131,0.0,0.04581059155668953,2.2914875893872827e-06,0.016096437215839317,0.006095618166453956
machine-1-4,50,0.17842570239515754,0.7913710487567818,0.2913633747847334,0.23066818960593946,0.2857142857142854,0.28687452041429523,0.6687485234935101,0.8650714465567272,0.1794007171121312,0.003687236518353066,0.01478285744734505,0.024467177303796755,0.10664382257757471,0.0,0.015392950476958727,8.386030110676209e-07,0.007373324299078159,0.0032598526624844078
machine-1-4,55,0.17817290103431216,0.7819934420967882,0.29228559602697674,0.2306395113591223,0.2857142857142854,0.281976201469505,0.6687476089199805,0.8597682237756572,0.1783680104574294,0.001969459892238397,0.017580288644610982,0.011438087658055809,0.106662955116628,0.0,0.03184652239455547,2.446906332930235e-06,0.009945005251129695,0.002217566318979619
machine-1-4,60,0.1761340128538026,0.7884217754180327,0.28432566610561866,0.23786044720445132,0.2857142857142854,0.2888065412777935,0.6687496617923181,0.8593540382276226,0.17481545972019757,0.011431312359301761,0.03399645875020472,0.033461210887978834,0.12110482517261215,0.0,0.044794398979370875,5.068068833923758e-06,0.024261013653205054,0.015346587025383482
machine-1-4,65,0.174102192939011,0.7885799505686599,0.27360017287547556,0.1773462783171521,0.2857142857142854,0.2791133126906464,0.6687491542388807,0.8589979092699259,0.17331861210935476,0.01770767743865148,0.03965442014830499,0.05110406068930529,0.0,0.0,0.0004024247333706034,3.935270984172798e-06,0.03062830392914967,0.022904885478215613
machine-1-4,70,0.17413386641453102,0.7780907658654171,0.2793797006565695,0.1772889218235178,0.2857142857142854,0.26243896557107727,0.6687479155062761,0.854051848650914,0.17340094803385014,0.01182023117385304,0.028979510355232718,0.03541836860848618,6.622957407908214e-05,0.0,0.01902324407629373,2.2470097185245727e-06,0.02204256035927719,0.015601664147117385
machine-1-4,75,0.1730163397237567,0.7765957065816579,0.2761087567663929,0.17731760007033495,0.2857142857142854,0.270597516280218,0.6687491677902332,0.850385014325344,0.17197602487878857,0.016909320457076726,0.041476888617246,0.048062344280887355,5.7356493634306186e-05,0.0,0.01662916808748608,3.932993683067751e-06,0.033437389923801936,0.02227685563222343
machine-1-4,80,0.16881222490356732,0.7666559680273886,0.26885035091721265,0.17731760007033495,0.2857142857142854,0.2709547619815056,0.6687496396261244,0.8425277168314433,0.16654731163516936,0.019415184958889633,0.04085057575712455,0.04777138055213016,5.7356493634306186e-05,0.0,0.01645561751557618,3.1965411349221395e-06,0.038135924384569794,0.025613349595832943
machine-1-5,5,0.528449193740398,0.914720409374073,0.551722331839745,0.75,0.7272727272727267,0.5205667014235028,0.9037826285323656,0.961360324745807,0.38439872605334036,0.001215183106338881,0.0035093380091365213,0.001517822291629935,0.0,0.0,0.004073553472011349,0.00024606043269592465,0.0020930677530344296,0.0012453250738589557
machine-1-5,10,0.5327686080349564,0.9228155591812518,0.55096342069393,0.75,0.7272727272727267,0.5205667014235028,0.9038052515347472,0.9663966903632533,0.3915355364222154,0.006656409836013286,0.00917590125764622,0.0017526302173090993,0.0,0.0,0.004073553472011349,0.00017055705280034686,0.005486189792805634,0.007222948987106534
machine-1-5,15,0.5365190050177058,0.9286542780861973,0.5502128037496434,0.75,0.7272727272727267,0.519047165647738,0.9036406679069506,0.9704903269117404,0.3990506374127265,0.004593295346236627,0.005708871995345877,0.002891981595410639,0.0,0.0,0.002318944693649124,0.0005859858409060868,0.003149683776648684,0.0069212827156696355
machine-1-5,20,0.5377011882009266,0.9292291392973682,0.5494703457738688,0.75,0.7272727272727267,0.5233347343260565,0.9018674820253025,0.9707028154892408,0.39885576772286396,0.0063024686070656845,0.0035189316202200913,0.004246417698594328,0.0,0.0,0.0015195357757648575,0.004880880778667959,0.0018973331208687807,0.008602461021724878
machine-1-5,25,0.536765741703696,0.9298395982540153,0.5502128037496434,0.75,0.7272727272727267,0.520811066042956,0.9016183176738062,0.9703235979747373,0.39850199229879163,0.004687564906474655,0.0058755535295184225,0.0028919815954106098,0.0,0.0,0.002894224887770221,0.004402513181557266,0.0029463403024842768,0.00731535715908628
machine-1-5,30,0.5361913557156686,0.9293336017290333,0.55096342069393,0.75,0.7272727272727267,0.519047165647738,0.9019173264181229,0.9700591524555797,0.3966686469991867,0.004180754857046197,0.005276920945855286,0.0017526302173091369,0.0,0.0,0.0023189446936491454,0.00516533404102256,0.00265245693640443,0.006831755395340418
machine-1-5,35,0.5364124757723305,0.9284367716235116,0.5494455984023,0.75,0.7272727272727267,0.5233347343260565,0.9015171292939717,0.9699374297746886,0.39675599535165573,0.004719887248594019,0.0014127351319522792,0.0,0.0,0.0,0.0015195357757648575,0.004767883347811569,0.0018118159358824653,0.005850284654277185
machine-1-5,40,0.5368577555173866,0.9277126329618173,0.5494455984023,0.75,0.7272727272727267,0.5240945022139389,0.9014721163155266,0.9696050191663985,0.3968166876201026,0.004257889549859642,0.0017171499531478493,0.0,0.0,0.0,0.0,0.004873995092356132,0.0013081846335113814,0.005035163299013705
machine-1-5,45,0.5352992660017248,0.925872144764165,0.550204509548115,0.75,0.7272727272727267,0.5223306018187208,0.9039742471804303,0.9684190209806237,0.3954865475372323,0.002365317618388314,0.0017670892210336075,0.0015178222916299383,0.0,0.0,0.003527800790436146,0.0004419408121804543,0.0011522939331924833,0.0034606360562387884
machine-1-5,50,0.536737348517278,0.9249046488960461,0.550204509548115,0.75,0.7272727272727267,0.5223306018187208,0.9039478575039901,0.96825414271315,0.3959615009875239,0.003088876997928463,0.0022102353699405253,0.0015178222916299752,0.0,0.0,0.003527800790436146,0.0003923575345073552,0.0017531922057164545,0.0037574154034169032
machine-1-5,55,0.534882349800518,0.9248270966648302,0.5494538926038285,0.75,0.7272727272727267,0.5223306018187208,0.9038388159861394,0.9678751320588008,0.3939808885117505,0.00245549523090497,0.001674578031963129,0.0024650676538086,0.0,0.0,0.003527800790436146,0.0003170692173137438,0.0015047892788198304,0.002750018287696673
machine-1-5,60,0.5346966486515512,0.9236436835190914,0.55096342069393,0.75,0.7272727272727267,0.5240945022139389,0.9040126855838748,0.9673319061507806,0.393901236753482,0.001991920031634675,0.002389550239097324,0.0017526302173091475,0.0,0.0,0.0,0.0005297780978814097,0.0018940221777613859,0.0030301086748210915
machine-1-5,65,0.534184785744958,0.9236003517396278,0.550204509548115,0.75,0.7272727272727267,0.5240945022139389,0.9040126855838748,0.9672168792360096,0.3931339290906322,0.0015272009483073591,0.002027119996088592,0.0015178222916299752,0.0,0.0,0.0,0.0005297780978814097,0.0014996390123212455,0.002876353391602114
machine-1-5,70,0.5340167753179859,0.9231611009874137,0.5494455984023,0.75,0.7272727272727267,0.5240945022139389,0.9040421014508813,0.9671464354417111,0.3936334876503353,0.0012575021791016749,0.0021613307818357376,0.0,0.0,0.0,0.0,0.0005211699034643964,0.0013619803692224784,0.003049339599039216
machine-1-5,75,0.5338659012339627,0.9225190702207908,0.550204509548115,0.75,0.7272727272727267,0.5240945022139389,0.9039809350951027,0.9666465415628235,0.3932101923828316,0.001052490647213484,0.002396680041157405,0.0015178222916299752,0.0,0.0,0.0,0.0005401479540224639,0.0016621252347619984,0.0019902367180566834
machine-1-5,80,0.5333753034006923,0.9224113234733229,0.550204509548115,0.75,0.7272727272727267,0.5240945022139389,0.9040117902146749,0.9664691674566854,0.39258294583065556,0.0012211810714795725,0.0029145743583938277,0.0015178222916299752,0.0,0.0,0.0,0.0005241142683380054,0.0019351013843083747,0.002906901800554005
machine-1-6,5,0.864624140471651,0.9194708740429697,0.8507551686538362,0.9967681210764066,0.9706520602227868,0.6841180052305307,0.9298748381779972,0.8960636106358248,0.8426740122418106,0.002241507109838481,0.0020694838431808177,0.0031015970606842976,0.00010959571423452833,0.0037864786616167148,0.003284442433123881,0.0012011531973900491,0.0020150554544410386,0.002294175832566554
machine-1-6,10,0.8640392345651429,0.9218033348089698,0.8457447045305773,0.9961267923367298,0.9728897640368767,0.6804076370311458,0.9214793053421673,0.8983186806952134,0.8419994199153304,0.002976761418176733,0.00432450859490791,0.002637563795202004,0.0005227805978052918,0.0022716190587494254,0.008226131927316551,0.006734015278429599,0.004209890751799085,0.00316783201040284
machine-1-6,15,0.8633863160889304,0.9203018293842231,0.8451811993280227,0.9959575066047893,0.959849991549488,0.6618729271286926,0.9099493686315065,0.8965666037955151,0.8403030917749774,0.0032594174054363092,0.0028861732765302537,0.005111807038548932,0.0004422135890505268,0.008211076124918929,0.019174911440601412,0.012790045321923947,0.002379800994307853,0.0026753346040158613
machine-1-6,20,0.8625382772077284,0.9191815176900303,0.8451101860990575,0.9958560611117321,0.9599476789172542,0.6560801809249439,0.9093080119303132,0.8955506682457127,0.8391122353864879,0.004679373087586227,0.0034023385091124245,0.006130714304246965,0.0004858036722155917,0.009926436282323696,0.009613926226549671,0.012842106198333899,0.002885421613045069,0.003494548583060427
machine-1-6,25,0.8621542944294551,0.9188112092771304,0.843751976659644,0.9959223019676469,0.9570174191065663,0.653913322968681,0.9087754168858444,0.8949982530419041,0.8385176076593125,0.0039000033252913893,0.002851099825393995,0.005228123285472474,0.00046077785870099843,0.00914151593504382,0.01934229168059008,0.010876305024175584,0.002762595591598291,0.0036674521995072947
machine-1-6,30,0.8641022497835599,0.920197351264802,0.8466805686127994,0.9959222932528919,0.9570179312683651,0.6537601463852175,0.9036547147942533,0.8964174291721336,0.840194506303076,0.005208930773341028,0.0030846767271694377,0.009347870753402827,0.0005560694660233797,0.004477286592248143,0.02399119021303357,0.018171314425242432,0.0032031490729883495,0.005577002995603973
machine-1-6,35,0.8631811377931207,0.9193945046527923,0.8453513914851417,0.9959584661426558,0.9595698684758542,0.6582667274447256,0.9100649943133365,0.8957841279750604,0.8393646052818851,0.005607694285186774,0.00371497727658274,0.008417034682010638,0.0005278341114734503,0.009629294619851599,0.03195495234557548,0.016240316315191496,0.0036643158743722855,0.0062544724677536705
machine-1-6,40,0.8635520046099193,0.9197444450817984,0.8459672338146389,0.9958891748172811,0.9566756364642472,0.650159124633702,0.9061842576710873,0.8961525870070486,0.8397570945046268,0.00627285152776445,0.004412897917143578,0.00953216966873173,0.0005254472787815364,0.01094509555512845,0.03081597843967866,0.015924691934484096,0.0043710461501194975,0.006927308583668831
machine-1-6,45,0.8635522924689499,0.9197603384220109,0.8457742555032036,0.9960901524522027,0.9560341092596965,0.6504233989190968,0.907936799153484,0.8960449055721101,0.8397938165136608,0.006813179560983594,0.0046384077534405346,0.01050383450421585,0.0005625785779507674,0.005702450168780748,0.02944394255008635,0.01653365570315604,0.004625082149921237,0.007347891241630232
machine-1-6,50,0.8631993181990222,0.9191985571196655,0.8460034798503013,0.9960556321698326,0.9550379697897682,0.6498364192638146,0.9072677514883057,0.8955820301343248,0.8396763299859913,0.006963649201454191,0.005070557416026578,0.010170563006218698,0.0006120871402081848,0.007410908603401164,0.032085599134171236,0.01723812266458354,0.004972254813145025,0.007464259530728618
machine-1-6,55,0.8621222835812549,0.9184987842877548,0.8439984793822054,0.9958206693243306,0.9541333150699539,0.6485637978075612,0.9020826975143399,0.8950426028113904,0.8384347209075914,0.0073747243111886825,0.005136670832467337,0.010159025617861911,0.0006920710885762888,0.013249284582705181,0.03534236824012644,0.01908807832711196,0.005117629750450381,0.008425845394929507
machine-1-6,60,0.8639412463255423,0.9197619368707346,0.8471660958104648,0.9960246650212508,0.9620819339733446,0.6599334368344559,0.9090782431250273,0.8962635169921508,0.8407198271118007,0.005998125409328372,0.004526266739635528,0.007760882073229519,0.0005674414440833457,0.0077442368520213405,0.02814449203950006,0.01563001968673119,0.004556592363755949,0.006823676625113789
machine-1-6,65,0.8634268564646678,0.9194288265707913,0.8462423710408815,0.9961595535634419,0.9591808525562002,0.6555199901529236,0.9104389152837828,0.8958732633986465,0.8401650398999034,0.0058279886322645455,0.004570264721599052,0.006715831959763048,0.0005686154589180482,0.01019392919778408,0.03100577300307735,0.017126032135350796,0.004705140748041973,0.006454942865105989
machine-1-6,70,0.8633033855176262,0.9193066709925719,0.845550206126435,0.9960245569232518,0.9562401105989954,0.652258099601138,0.9072905321177993,0.8958774431512604,0.8398594404739629,0.005535697352119803,0.004357935037093978,0.0060582717966206415,0.0005684888143954178,0.0063404004754354,0.03129782923007836,0.01640210817769888,0.004424016543104263,0.006104377645363816
machine-1-6,75,0.862716013276549,0.9190504229518953,0.8447576636445332,0.9960243056192823,0.9603363195908804,0.653877957767512,0.9116498366917014,0.895715124201344,0.839699308270726,0.005770857373377183,0.004262870507650461,0.007973852571669606,0.0007563377238865417,0.004393161422086414,0.03392502877203976,0.015156707055661528,0.004243193585772402,0.006254456591739236
machine-1-6,80,0.8635323277313999,0.9195737250192341,0.8459738063795583,0.9959574354128142,0.9621217608417945,0.656857128853736,0.9101651516737482,0.8962235130309197,0.8404811953859769,0.005480890047017917,0.004551053670647483,0.006538592831116133,0.0007063301142314663,0.005100362425265488,0.03491298739680963,0.016258055517863048,0.004537977805871565,0.0059748403487161535
machine-1-7,5,0.6245901648134835,0.7873076108319481,0.7144938752525949,0.9983847326454034,0.9618892912003689,0.5782639182185746,0.9401749007693272,0.8043061398589078,0.6333961889836273,0.01078742558318764,0.0234007032754073,0.0016326199519967823,0.0003120439858244154,0.014160737446664913,0.011736525817460675,0.0034136129380196553,0.022810279063709703,0.011735757485505247
machine-1-7,10,0.6387669682958776,0.8116656313132401,0.7169219128457036,0.9983327036356786,0.9520471979274978,0.5808474692613614,0.9393076109072473,0.8282775610285529,0.6493485137206128,0.003073917641969558,0.008638225814490487,0.002247874483827869,0.0002941978944014752,0.010791869308770909,0.014358936363471145,0.0021365411234789836,0.00872646242518412,0.0018247428424061887
machine-1-7,15,0.636699100204499,0.8088681987416318,0.7132866306366162,0.9984887256285908,0.9501433217929196,0.5750590899311215,0.9388216487805024,0.8254623426362586,0.6472993981152078,0.012338522506081655,0.049205042377098426,0.004778371293706936,0.0001040580194495803,0.014064375099681321,0.013817491931938507,0.002619866542396581,0.04769107292161762,0.012871470120230455
machine-1-7,20,0.5983898950947194,0.8176687134769816,0.6814636341616732,0.9979178563384952,0.9384665821847716,0.5513022781968406,0.9359186474852593,0.8340398987317394,0.6085407230050421,0.08399564041588725,0.02220803236680582,0.06858850386926604,0.0012573942222642682,0.013138004202707816,0.02791189766170054,0.006947473144240978,0.020962110963263364,0.08421802793801071
machine-1-7,25,0.5738697868870964,0.8070412006678495,0.6595564928876112,0.9983327036356786,0.940552488093709,0.5464462127413687,0.946672246783579,0.8250541448776743,0.5823796885393939,0.06439606001392527,0.012460102320751369,0.05647848818877783,0.0002941978944014752,0.0070407638649898725,0.03371287890636983,0.015759762293717366,0.011835585648714725,0.06621858482680684
machine-1-7,30,0.6003167981248116,0.8160382619812738,0.6936636910158271,0.9973961579998352,0.9277968346719616,0.5609927394907109,0.9330684085583588,0.8343286084676946,0.6114539590853363,0.05064326387600305,0.01092449599005827,0.024497664498763207,0.002021305104157523,0.02826542370180715,0.012234212687356838,0.008581044817475524,0.009566827465716346,0.05163198980497842
machine-1-7,35,0.6151340495352629,0.8000434446898954,0.701764459580765,0.9971864102506696,0.9475336657615124,0.5688761186612485,0.93387800671457,0.8178154547881697,0.6271426313810122,0.02630691655504177,0.034178251704322496,0.021846780522753483,0.0019258609158579365,0.006365863046226891,0.02592612749664979,0.006394353648691613,0.032258217014890594,0.02569619291658395
machine-1-7,40,0.6357547224508895,0.8185320273352892,0.7085951178195482,0.9976035369690119,0.9374090054506077,0.5632409196463657,0.9369165435877388,0.8374405982986215,0.6478842106412765,0.004176843156900461,0.01108649585744853,0.0065712769355597105,0.0017384617583542069,0.018687301352216083,0.020705190012721968,0.014512628265273227,0.011540699131294893,0.005067137665706331
machine-1-7,45,0.6335999874707212,0.8235595578121897,0.7091380249712194,0.9982270354295191,0.9278778176697298,0.5848824961051019,0.9426009183650557,0.8413994958814213,0.6462164363501635,0.004182268439287193,0.016017902008137918,0.014588508047302887,0.00036344216986875454,0.03224511955598486,0.036222055713849025,0.015694663640936145,0.016553168228994105,0.008458427813902172
machine-1-7,50,0.6324793187533979,0.8203566406520857,0.708754582732961,0.9980708620861642,0.9425132399481764,0.5838067317318927,0.9358460053661469,0.8390499296998974,0.6450355056400813,0.009173581276500973,0.03127691000602478,0.004625189968328901,0.0005504826480493464,0.02233500408394343,0.031120371287056386,0.005450120318193264,0.03132828609535657,0.011439968353751112
machine-1-7,55,0.6275916971230442,0.8218898263818565,0.7036668909953891,0.998228058796004,0.9392251111071079,0.5589023892250988,0.9412466344228843,0.8405988276363301,0.6402475899431666,0.02321826323286343,0.02482936936402112,0.01530400212393246,0.00036107162656509806,0.019036464325064256,0.012996761424896192,0.009024937180298773,0.02602287428958692,0.019901855625189778
machine-1-7,60,0.628805551451437,0.8154402829428469,0.706357776776904,0.9982807396351232,0.9448954576168274,0.5596559379587324,0.9416141414278858,0.8341758445087868,0.6409319381156079,0.013780945854483884,0.022121591481844515,0.012085685015505093,0.0003937054117679538,0.011316215247032496,0.018584099883226478,0.006257840798999157,0.023183596621004544,0.011597471177682441
machine-1-7,65,0.6439535782794887,0.8239128250369907,0.7139402388059247,0.9983327036356786,0.9448782843238788,0.5730423835809546,0.9401950148287472,0.8422409806708261,0.6564998174699992,0.01254117079871733,0.020383414694762084,0.0015718826405910625,0.0002941978944014752,0.009381283274599663,0.016880299915384107,0.000905663040665133,0.02147102653971855,0.015611232200204479
machine-1-7,70,0.6446498112333081,0.8221673592092361,0.713858821517342,0.9984887256285908,0.9474519362483819,0.568903074433444,0.9419623105344195,0.8405195816310584,0.6568345951859527,0.016268617483134105,0.021530413755555793,0.003131230971185626,0.00010405801944956179,0.0070036335272072895,0.011101363750854522,0.004006780202038893,0.02282283902322171,0.019340975721751415
machine-1-7,75,0.6442091993701329,0.8238142077455339,0.7126434813429344,0.9983847326454034,0.9491276434201185,0.5718947822886274,0.9498691372353397,0.8423293572775818,0.6557463447440826,0.011549703639755906,0.016990913674530643,0.0016790311523773875,0.0003120439858243969,0.007941709050821418,0.014852569591901761,0.012020476943632369,0.01831368669439103,0.013922789552577558
machine-1-7,80,0.6495050105288982,0.8332865457397369,0.7136167571270751,0.9984887256285908,0.9481276804889323,0.5685067594397883,0.9457487943609406,0.8507355325551189,0.6608112099945943,0.01971166974342381,0.02642383840593878,0.0010964655130244457,0.00010405801944956179,0.007735876820892237,0.014612308935107645,0.008907504756651351,0.02599436373303319,0.021249654948769486
machine-1-8,5,0.22373094906683513,0.550452641842726,0.2765474825989963,0.8859727884527275,0.5222530792956607,0.31583423018795004,0.8896905286067984,0.5600482404419237,0.138264840478979,0.006091039607994116,0.012655551486555679,0.010576503544468362,0.05145638650015808,0.08164466257190323,0.016475259682597974,0.006367235207597394,0.012634244720324327,0.012754427470718747
machine-1-8,10,0.2300483848291326,0.5860745421918938,0.2714721221377209,0.8705641069264124,0.5149996180635332,0.3733385882729723,0.8966034956472295,0.5946895822988318,0.1475170991085863,0.005802189585575388,0.019522968541498112,0.0033716737944566133,0.010807222183862455,0.01969810352597928,0.03736089352584621,0.006380087891880009,0.01904115277425347,0.005692630454717775
machine-1-8,15,0.23293367659438463,0.5599797602522245,0.2755701651908339,0.9010151263498073,0.5464529258482693,0.3753260862021887,0.9031792181305729,0.5696475282239727,0.15548690876007107,0.009295275689108347,0.007818577002136206,0.0050146451955888766,0.027722048772400337,0.0189436986146624,0.025448708619788072,0.008586420331309932,0.007213870791097487,0.010748912133017919
machine-1-8,20,0.2325931190368749,0.5567829865272427,0.2788254340675494,0.9050346132524447,0.5585287450560532,0.3839106965024651,0.9041610263529185,0.5671875360250419,0.15615369844344495,0.00977797999670352,0.011010691622545851,0.005477196775147494,0.026416920041232694,0.032872581135746246,0.023982013135354318,0.011449789022804118,0.010879787256415613,0.010582591343753018
machine-1-8,25,0.23432551935232995,0.5577443902668799,0.28411888955334696,0.9280753272024999,0.5815675838293977,0.3836944348948368,0.9083574617040239,0.5685248575096703,0.15906985963976195,0.007672161155510124,0.004317081899913154,0.005703676117487517,0.026325048569864964,0.0605350905228692,0.022835283344541494,0.007634083059878859,0.00456547977221016,0.009663836065126363
machine-1-8,30,0.23666408850848952,0.5563327999100913,0.28522626797395145,0.9424772251594737,0.601179918540895,0.3959576067255578,0.9081942470234673,0.5675142105838626,0.16323246132947766,0.0058015024601008125,0.008212588881664236,0.005597776659327987,0.010751442331080654,0.05022719556919597,0.02808216704964454,0.009137203783621647,0.007733172606852612,0.006978790879918722
machine-1-8,35,0.23790232731934668,0.5580538801681856,0.2852606169457233,0.9459913452096521,0.6111944825309454,0.3996189157257239,0.9117505004097823,0.5691709477069183,0.1638908839748453,0.004462649047617578,0.007300251971557871,0.003994770295931714,0.012453366387571172,0.04882499350849531,0.02422300226413063,0.0027922551321217675,0.007229920315380646,0.00838714091392364
machine-1-8,40,0.24011554272473745,0.5543643392404898,0.28441147510881964,0.9453191143364019,0.6127271030753663,0.411118933727408,0.9134849241787754,0.565857081922635,0.16794398472152103,0.006990766188736424,0.008642662400038494,0.005033321094998217,0.01307438197341664,0.043643077816434055,0.03189398446124093,0.013055963003523761,0.008566750358392211,0.009430177282713881
machine-1-8,45,0.24090323134242023,0.5518203654073065,0.2846581177804663,0.9435541468735947,0.6106359639490895,0.4319897436782125,0.9076889428951701,0.5634154412921291,0.1704002042587771,0.005624802235646201,0.008638725088607527,0.005218759599805554,0.010751330374372613,0.04022191701643197,0.029207999106255,0.011869414964223203,0.008883319535496679,0.007154489999217734
machine-1-8,50,0.24352863513283246,0.5487147980246838,0.2881904976269769,0.9432863810783135,0.6108910529916132,0.44631607633275244,0.9067640379246147,0.5606382928083,0.17466865451853394,0.007551701786919402,0.007694328900482289,0.008307525930832432,0.009148951083821693,0.03802335158274939,0.06139310220086069,0.004381013405799213,0.0077618097553424515,0.008752618796567501
machine-1-8,55,0.24477060348969484,0.5447769406128665,0.29181303484326004,0.9443874659036658,0.6151898594081855,0.46244712104557595,0.9070056032102781,0.55656241434969,0.17606414442175425,0.00783500174357006,0.005984992638278027,0.009003450040350804,0.009316220103104497,0.04148531659492449,0.06494847904111352,0.014096133252866079,0.005982009456883375,0.009463071604310045
machine-1-8,60,0.24479024066188015,0.5414440433512234,0.2915416743326183,0.946269539207913,0.6222103700866183,0.4716033284137499,0.9132797969078283,0.5534506481361957,0.17746762999712787,0.006839788317507534,0.003445687530035451,0.007970159142414732,0.008548001310692771,0.03607706009887292,0.07083241321216921,0.01009317387408315,0.0035278691512458963,0.007453459309295224
machine-1-8,65,0.24651931726083537,0.5401476399451424,0.29364569326801065,0.9451432604202278,0.630576941982582,0.47592264382239946,0.9109307006306486,0.5522663218355206,0.17986811488522064,0.007226250282285047,0.00803585558503068,0.00818057291478505,0.008103178075941103,0.03926039693472381,0.06596307480171548,0.00743426051392371,0.00822610677951191,0.007423225202400701
machine-1-8,70,0.24605527567444224,0.5413669781363735,0.2926704381493273,0.9468464183919238,0.6297896478499783,0.47427542619145274,0.9104800519088898,0.5536688942054503,0.1786937919216947,0.006639407196684547,0.011782162529763624,0.008822721147864062,0.009991120254723448,0.03153575447509656,0.06605045120584424,0.007537847149870405,0.011751313316636121,0.006372238284638019
machine-1-8,75,0.2465214923204794,0.5447680943693818,0.29433841832328017,0.9494069633964735,0.6349878859857168,0.4873693187096345,0.9104237287196763,0.5569489729196138,0.1806013763273326,0.0063573402377083916,0.016599751238452636,0.0033496647149783816,0.008697036782275921,0.03341089261876873,0.06848901491229485,0.004438764284117247,0.01636902302556194,0.004419543326047183
machine-1-8,80,0.24761869879358717,0.5384083955909751,0.2962116202537946,0.9472228126165922,0.6362141785587729,0.47950440592601734,0.9125720897815197,0.5507794401994963,0.18194981261442045,0.005956624444337366,0.008262661808461472,0.0031906313146953164,0.01020643458266389,0.04288437153190728,0.06323855536674546,0.007757126936224442,0.008302411263031622,0.004809914587811519
machine-2-1,5,0.1818530795480505,0.6812592554631195,0.24361525852686344,0.9678597852769195,0.6861047944624554,0.3142755197456827,0.8934087814078295,0.7213534174489,0.1863844252789554,0.005351081511814099,0.010158218468589613,0.005639384490742745,0.0017092961281915786,0.0025998204699127724,0.0029992523341767097,0.013103030973894779,0.009301038618121482,0.005146046297129191
machine-2-1,10,0.1746513711577918,0.6745756295423184,0.23171828231062777,0.9697995826981489,0.6850749184991026,0.3071828485230693,0.897719864462998,0.7134018126774373,0.1787771524715991,0.0012963638992142357,0.0044254127287745556,0.004354228590428643,0.0005288304733662071,0.002579785396389107,0.003507607402366029,0.010956190083428055,0.003648363175194908,0.0014836955602250796
machine-2-1,15,0.18050944499865407,0.6831585163547189,0.24205936557226937,0.9661958928962255,0.6861037101476574,0.30828223280616485,0.8987997550938321,0.722689022720272,0.18678375196043567,0.018771574438301495,0.02380348477303824,0.026181496301147078,0.005809968823702168,0.004228609215447271,0.00854399945520442,0.015478611054359138,0.02561850298092752,0.02246982307666947
machine-2-1,20,0.24117081095886844,0.7236720201726864,0.31496808216547617,0.9644717481348932,0.7151110250660248,0.319106227591221,0.8941391958448406,0.7638574434640549,0.25119698766487025,0.06119209920222619,0.037072733718160666,0.08401085329278811,0.012802993121366815,0.007200846971119035,0.008393439189925715,0.013023403890876422,0.03887282199162584,0.06483893801617613
machine-2-1,25,0.23804668747230295,0.7291772389157466,0.30599332717685157,0.9742841595141786,0.7421884156892424,0.33132032923277543,0.9107634157988921,0.769894520846568,0.2503885362926057,0.040592984641938244,0.019904389551350644,0.05683101969422844,0.004840317215906562,0.022814721712268997,0.011943816896867677,0.005230445710501964,0.01931955890415676,0.04135797415979298
machine-2-1,30,0.2274223220331967,0.7222298002661094,0.28993734160930584,0.9766601042566925,0.7459176268833063,0.3321646842407697,0.9112236410558203,0.7629489798825948,0.23711008400463457,0.034949342258112505,0.02670734394348529,0.04614203970662103,0.0034508857712404572,0.014278735443910177,0.015264733943080417,0.008323000414584242,0.02721337287850506,0.03650420813670617
machine-2-1,35,0.21373309789914446,0.7156606896447003,0.2761692632083873,0.9726841469180824,0.735492395661932,0.3272607810722225,0.9086442272691917,0.7547055309475238,0.22144697586741718,0.02991728870029055,0.026094378458710186,0.04021725115047913,0.004422955802896022,0.009484190979794985,0.012122175632595716,0.003477286037044884,0.02620652570620469,0.031035959288824022
machine-2-1,40,0.20756170743867572,0.7128550814177064,0.26439290018199557,0.9737754760220091,0.731589323696149,0.323711337759834,0.9093020871103091,0.7512628246420514,0.2148770833434772,0.023051846700640505,0.023985525186791326,0.028287439366389118,0.003942914820250055,0.013185420013670245,0.013944966322450335,0.006731816236745736,0.02414621947904334,0.02306528190850241
machine-2-1,45,0.19768643601505204,0.7056432036761817,0.25195468569742246,0.9733600869062047,0.7293375637615349,0.3258574621687663,0.9056113491620533,0.7430819857195522,0.20307949270497777,0.013456480881121346,0.022499445870176157,0.018239089894128303,0.004299087737991392,0.018732916497959617,0.012177419194108637,0.0011561285460077557,0.022570182251252444,0.013686481443981437
machine-2-1,50,0.19854444118034495,0.7047476753389478,0.2509142953266546,0.9727862563765616,0.7345661973124409,0.3250727626501711,0.9100614518197543,0.7420107233074148,0.20463619124460103,0.01572332257728204,0.021650158890956932,0.0196855707629888,0.00457199962571302,0.017958344871005158,0.012195429193107784,0.004646226550465479,0.021424513196370412,0.01595493567455478
machine-2-1,55,0.19905552744443727,0.7024179654209634,0.25296616933025745,0.9737098900483407,0.7362226644289863,0.3271463850242734,0.9109824456953137,0.7399214014354507,0.20503239038658921,0.017711064288831534,0.02455620350851549,0.020785479085570057,0.004749688727502487,0.01746292987877117,0.013345969944284452,0.004980669130037134,0.02432888291744532,0.019198680933078725
machine-2-1,60,0.19653660988136065,0.7015383239283972,0.2502962423412359,0.9738126909782937,0.7353352471044283,0.32430326276755445,0.9104578340743568,0.7384249303838496,0.20217827623965418,0.013769028037681612,0.019979454762841426,0.016605978634874674,0.00495214865524543,0.019404114726734898,0.014079555545004905,0.007111251575465367,0.01999290972063378,0.013502673531926378
machine-2-1,65,0.1929636119286713,0.7002471002237824,0.24625787582364572,0.9742864448367226,0.7339866242880125,0.3245220572117477,0.9105453693571204,0.7369360412532142,0.19875335468958238,0.011906056386573402,0.0179234579405396,0.015461568758271925,0.004111013660250668,0.014888677324429788,0.012784971937351638,0.00795644877834623,0.017908539455162856,0.011913965792620882
machine-2-1,70,0.1941557630686369,0.6987504484190027,0.2436011463690439,0.9715437191072354,0.7357879522843573,0.32182141207222836,0.9077902553701231,0.7351841296796088,0.19942896683951933,0.011188873943489065,0.021118381524330675,0.014872479976801505,0.0006170490435740108,0.025586358633044773,0.011108860763626244,0.005515647514503415,0.020876018837589234,0.011379906396593588
machine-2-1,75,0.19155393457666603,0.697120794114465,0.2420470287296711,0.9745948500208326,0.7400813792572435,0.3255319819685647,0.9120221587560695,0.7335718098428394,0.19631016732069684,0.009120232967221977,0.018175439491654843,0.012333556171069179,0.004714641721162078,0.025914313293705686,0.014297704545822252,0.004239080446174,0.018182889362533188,0.009107001029054177
machine-2-1,80,0.19146632876206698,0.6961066079403854,0.24381546070333907,0.9737094552371012,0.7376181461748601,0.3241974336644904,0.9105459615119342,0.732744663588333,0.19683068418786415,0.011019070107211806,0.01683532082571786,0.014684687105201627,0.00469029955140971,0.022962434336072864,0.012166193414304957,0.0031613578528746048,0.016727649825518647,0.010509073810284575
machine-2-2,5,0.15192255886555403,0.5702741381666162,0.2419214739193021,0.9828522018368653,0.6045340050377828,0.4985396302250939,0.9070467089525858,0.5815501405624386,0.15415262465894874,0.00390996645047084,0.017369614648354372,0.005473949580723025,0.00016339353321520673,0.0,0.0018925525745532492,0.00011394492376868857,0.01711987102309852,0.003929207494647218
machine-2-2,10,0.16072452155587982,0.6083370286404053,0.2615494377437647,0.9828522462863285,0.6091487684350179,0.4994766214451398,0.9069379565588203,0.6191008208528012,0.16334577617799212,0.006716434006054936,0.022855123835974163,0.011525906914703623,0.0002914438923850287,0.003076508931490045,0.0021403186913454735,0.0003496474597715443,0.02231188544004798,0.007101967553428347
machine-2-2,15,0.17098512145281497,0.6385271656219961,0.27257459094367054,0.9827668736943775,0.6016380247477494,0.4984681656962322,0.9068905616716686,0.6487051087045057,0.1737989306262469,0.008302982040147578,0.023654804324540785,0.010047001327060089,0.00016338837477690606,0.010310380325522225,0.0018770124952365783,0.00013268835674049026,0.023199543002140475,0.008601411518071048
machine-2-2,20,0.16797868939988855,0.6289067665521861,0.267338634357678,0.9827669033350703,0.6016380247477494,0.49758019948211685,0.906698571814816,0.6394051470813071,0.17076067362576697,0.006627336602718073,0.016861873454011137,0.006508368307870842,0.00025602889236298054,0.010310380325522225,0.0030586617032586695,0.00027853478960280083,0.01666430498856671,0.006896733504824599
machine-2-2,25,0.17059771261458284,0.6366776575926972,0.27257643662159375,0.9832372400688358,0.6000997702820045,0.4956837324435977,0.9066974027308676,0.6471007407197302,0.17344330035958608,0.007282692503392307,0.01970323741304761,0.009604431403183627,0.0010859341991762308,0.008868469511556672,0.0021850039722499954,0.00023178983796565448,0.019327862191305868,0.007360190261248097
machine-2-2,30,0.1724387115547039,0.6408033354445506,0.2742340780756406,0.9827242022148905,0.6000997702820045,0.48942335895579103,0.9017718584506467,0.6512203305237731,0.17536779540809416,0.003486510173584749,0.009418673817926843,0.005667121828378457,9.851134346513192e-05,0.008868469511556672,0.012174146139785548,0.009608717876683983,0.009193148913675033,0.003650478732574762
machine-2-2,35,0.17183536172075434,0.6396245905913407,0.2742358439585892,0.9827668736943775,0.6000997702820045,0.49661023430634454,0.9068505326390334,0.6500941255935087,0.1746871892289128,0.003002075008365226,0.007087730511529986,0.003913672468974713,0.00016338837477690766,0.008868469511556672,0.0035892952480276116,0.00025258810020283967,0.006927773000817723,0.0030918190095938504
machine-2-2,40,0.17085460176373757,0.6356878277862745,0.27376652005093066,0.9827242022148905,0.5956655355262261,0.49378611738281447,0.9014931780373543,0.6463669633992521,0.17370261663565997,0.0017343091205542533,0.0019480349372798247,0.0008140147313733663,9.851134346516396e-05,0.010240426519594482,0.010201149264887585,0.010943049806846192,0.0018324796936268247,0.0017879008437786065
machine-2-2,45,0.16973360121633013,0.6326086151201354,0.271749025856368,0.9827668588778915,0.5956655355262261,0.48582429257751375,0.8954064783694629,0.6434009440753877,0.17256509898943184,0.0023199901106450687,0.004465033563471912,0.0032694338737138968,8.531332600176615e-05,0.010240426519594482,0.01362965647307524,0.013483447718640186,0.004506323616762803,0.002398119631085345
machine-2-2,50,0.17079312929539647,0.6337428479033101,0.2736378317939755,0.982894873324073,0.5972037899919711,0.4850659519180234,0.8970816341665335,0.6446717001499978,0.17368920231769985,0.003191292018483201,0.005233238602656236,0.00431257025445623,0.00017071556636120822,0.012276392387696268,0.014445360861523423,0.011224410009346101,0.005279496386784126,0.003322669672081328
machine-2-2,55,0.17127283648556885,0.6367593561316589,0.27506073340723847,0.9834080747554138,0.5991136010871323,0.4850786787552227,0.8971562097946688,0.6475074663791466,0.1741448715693174,0.002143578804151819,0.004773128799602252,0.0037779951673317692,0.0010863117926912754,0.010597153011877336,0.014430680141323244,0.01141390677432623,0.004634506521705537,0.002168488893749372
machine-2-2,60,0.1708034957965761,0.6356063534788224,0.274390743749032,0.983365418092413,0.5975753466213873,0.4849184434297319,0.8970054430155815,0.6464338088441334,0.1737074876827132,0.002954695480110233,0.007781851416129875,0.00577019669875825,0.0011204634953446873,0.008619178908648849,0.01258980430250449,0.011334922453265246,0.00763485181265499,0.0030623929279693695
machine-2-2,65,0.17112461366291398,0.6358017627778199,0.2743711976687853,0.9834934325385944,0.6025628605070568,0.4850786787552227,0.8971562097946688,0.6467010029212982,0.17403240602238965,0.0021045747848268425,0.005639215220744869,0.004798149787286213,0.0010358439144619192,0.0022760816508526445,0.014430680141323244,0.01141390677432623,0.005549794484496618,0.002251515474927238
machine-2-2,70,0.17084905480133541,0.6319463452413183,0.2730550714376654,0.9829802162830468,0.5991141980166415,0.485864581508355,0.8972770728320414,0.6430176560331565,0.17379114123001044,0.0033655140476201366,0.006231327758252381,0.0016556023573337671,0.000139388677296154,0.00841909370356126,0.013581079535539843,0.011226927908333927,0.006175410372581783,0.0035526847795982527
machine-2-2,75,0.17051197372543087,0.6331338182002675,0.27209452946754215,0.9829375744442527,0.5991141980166415,0.485864581508355,0.8972770728320414,0.6441297233917396,0.17339135428738983,0.0031109555495242116,0.007269918373908213,0.004700630433447932,0.00025603877326089693,0.00841909370356126,0.013581079535539843,0.011226927908333927,0.0070327088191832225,0.003246471601376995
machine-2-2,80,0.17208663813017908,0.6376137649140609,0.27443514925777074,0.982894888140559,0.6025628605070568,0.4849184470346858,0.8970464108800134,0.6483176998731318,0.17492504267284723,0.0023420576322648375,0.0036702356294883434,0.0031565639653799624,0.0002203545871667763,0.0022760816508526445,0.012588812290640737,0.01096064937171595,0.003499132044448048,0.0024266573320506583
machine-2-3,5,0.5244027935422824,0.9303164130737005,0.5045744907565741,0.988302005670482,0.9328594668539943,0.4783799588783396,0.9669671547461824,0.9479415045427346,0.46668218681710927,0.018363661629269917,0.002409670857093348,0.01820213727569155,0.0009240785466764859,0.005690095019780461,0.016506676561323406,0.002495475314466968,0.0024639766748587428,0.015473249254146506
machine-2-3,10,0.48996072791187445,0.9261132368906746,0.4858374400568112,0.9887640449438202,0.93522909674595,0.47128332412877216,0.9681529673934653,0.9431061444668554,0.43081896954366605,0.006425106686882726,0.009214772442491663,0.006059949202811173,0.0,0.0001895575814499895,0.002156410021548365,3.745292530800034e-05,0.008505837682356372,0.007843570772340628
machine-2-3,15,0.5004813002764377,0.9322869384788615,0.4852088267706414,0.988302005670482,0.9322278268926689,0.47077187333792736,0.9667380333466917,0.9489507608207604,0.44694473221418585,0.012120610131052716,0.012065990266376746,0.006933478855407258,0.0009240785466764829,0.006108048296573403,0.0019239965594501885,0.0028069266068285427,0.011049851074920512,0.010988656763925886
machine-2-3,20,0.5147916113105542,0.9341069690653155,0.4907369538063788,0.988302005670482,0.9329031448302699,0.4691774330524875,0.9667998554250373,0.9505209722055656,0.45867801649988127,0.02771574790167376,0.008236371638715398,0.017796861056496915,0.0009240785466764767,0.004975706243340342,0.001303290889785218,0.0027734181097239827,0.007667741210457082,0.024703618488151124
machine-2-3,25,0.5124850742383953,0.9347032318395112,0.4878130997715703,0.988302005670482,0.9326060785818961,0.46904144579775225,0.9669402486572128,0.9510734709053423,0.4585993571084733,0.0169123117818136,0.004817651899195733,0.012105151691380517,0.0009240785466764767,0.005138926448470377,0.002058990857208201,0.0024673975537002567,0.004530814094231508,0.01833899541304747
machine-2-3,30,0.5121843597852802,0.9360654263024769,0.4821433679428765,0.9887640449438202,0.9358370713461224,0.4719353855599191,0.9682093510249943,0.9524296858845889,0.45798590995503957,0.006654600202391252,0.0027009881479023697,0.0034301781732986748,0.0,0.0005124710166900067,0.0024483062598050233,3.9480081016624414e-05,0.0019357997333899102,0.011236700580917348
machine-2-3,35,0.5212066237237047,0.9361690577253822,0.4935349490761254,0.9887640449438202,0.9355178379767719,0.4750981773459275,0.9681951526703267,0.9530306494783607,0.46875943292379,0.013862622906182842,0.004187576409839896,0.0206091884497017,0.0,0.0007041439666280303,0.01247307217804745,3.8686250011012607e-05,0.002708475426179201,0.019236204963518546
machine-2-3,40,0.5172601274991814,0.9328745471062676,0.4940223615122199,0.9887640449438202,0.9355178379767719,0.4767494611398066,0.9682250342713462,0.949737015086291,0.46390037402623474,0.019227149123819683,0.004748183206789549,0.014483884573697686,0.0,0.0007041439666280379,0.0076946468122503385,5.425009021567795e-05,0.005145184442045584,0.023374914880258373
machine-2-3,45,0.5110512883951538,0.9330120210068695,0.48772946314933346,0.9887640449438202,0.9352940735955266,0.4751687891982263,0.9681906036023298,0.949654016158074,0.45960629992625723,0.015250997385950883,0.007360666232425825,0.013054171709137337,0.0,0.000545410775713843,0.00826709603568325,4.370117312023438e-05,0.007078678276552841,0.018060626675282073
machine-2-3,50,0.4995469239340222,0.9294203912976441,0.4875156879300461,0.9887640449438202,0.9350463823829802,0.4763463450649981,0.9681647529079582,0.9463054454941533,0.44729135392970504,0.011208508906990598,0.004805879420755333,0.013540785353570908,0.0,0.000552925876263961,0.009067382523213442,7.682511851597379e-05,0.004917937737505653,0.01760826375013345
machine-2-3,55,0.4985436838035362,0.9298145916536867,0.4817133771772425,0.9887640449438202,0.9350417546798062,0.4784111459462555,0.9681518782527274,0.9468307405005221,0.44776786741078817,0.009979456939840559,0.005608980279241771,0.004772698092493202,0.0,0.0006176565215266078,0.005509084594958428,7.880966038100485e-05,0.005906422289987529,0.013167611358908152
machine-2-3,60,0.49136530146368956,0.9286605730887157,0.47968312271337565,0.9887640449438202,0.9351334936428162,0.48116576999549054,0.968171374214322,0.944810827434913,0.4378697023426205,0.012834077630179078,0.007206035622251827,0.010040744966205727,0.0,0.0004962004584217217,0.00583421452113812,4.9594833543320385e-05,0.006969606073945047,0.013936194824657992
machine-2-3,65,0.49936314346276345,0.9292476259452273,0.4841771989689018,0.9887640449438202,0.9348868902743969,0.477627326275948,0.9681337207164813,0.9459948450661967,0.44727263764741026,0.006908285258508652,0.004314568819360727,0.007758994643625305,0.0,0.00033757876837918943,0.006075753702942354,1.0516354337692441e-05,0.004336408973038166,0.009129511446960198
machine-2-3,70,0.48886382975093023,0.9261896355397384,0.47636971961977453,0.9887640449438202,0.9349735988180786,0.47834733263995327,0.9681376895712921,0.9430579902635942,0.43707058806846233,0.014037988075871475,0.008599592096254305,0.00953825074793684,0.0,0.00032404468807764434,0.007776400831827943,1.0860498664985558e-05,0.008728705855750403,0.01833102226838029
machine-2-3,75,0.48881207635493573,0.925658417809186,0.4808117811571888,0.9887640449438202,0.9348667204737703,0.478014273342993,0.9681638372025361,0.9426053691942389,0.4355605194656169,0.015199484924460693,0.004562174448383921,0.010307100477290072,0.0,0.0006818146015918327,0.008299449462481345,0.0001046727966389762,0.005413855823026604,0.019732549418113
machine-2-3,80,0.48849040633896906,0.9246136280739887,0.48193425010493696,0.9887640449438202,0.934804809433889,0.47553655511278903,0.9681324313941232,0.9418297969614106,0.435780887646026,0.01623068366352805,0.008591948222779838,0.006924582539836695,0.0,0.00017341708736356987,0.0056642786778221465,7.937709621597122e-06,0.008451426081849343,0.018551097126381692
machine-2-4,5,0.3512335405295596,0.6987258836819094,0.35822139055237423,0.9526933664737134,0.8857584030464217,0.4485763374492831,0.8630691958668398,0.7018851360225206,0.3259664070627948,0.040214301389939325,0.037958169716218,0.024526956028623002,0.0368512261539304,0.06696535806309245,0.05782619859336914,0.047046176551021196,0.03846674355528865,0.05174247895866911
machine-2-4,10,0.32287599988855586,0.689776799038478,0.3509875635278196,0.9776447222690308,0.9267414063629882,0.480709639612781,0.8700105277383186,0.6922994324067107,0.3024120677930215,0.024586921615496242,0.048182889696888144,0.0059587158054200205,0.016714351511810076,0.039453518850637644,0.02118390754055619,0.038514110808386584,0.04861172900200874,0.03081798471289392
machine-2-4,15,0.3447513283403129,0.717708014604335,0.35748123455812075,0.9866502499887244,0.9577535626902879,0.49308382368218084,0.9021444265328054,0.7207231662093647,0.3308098794058478,0.04704463740381845,0.06532467975371026,0.009507908859249807,0.003101712671707421,0.013395241020399499,0.024339953388658603,0.019596311952771433,0.06546337878795998,0.04964861881396487
machine-2-4,20,0.3476695367792897,0.7180336719588971,0.3590160551961575,0.9873627743309386,0.9500934762293884,0.5026239519214981,0.8976792509007105,0.7210837502334712,0.334349528448871,0.03320056877091367,0.04497214042406146,0.009283961284891484,0.0032571945693040576,0.03544579694096397,0.02627576757721683,0.03369124602200652,0.04495818197924794,0.03833292233595441
machine-2-4,25,0.34065448934824705,0.7046306756762998,0.35846557896908443,0.9876546943577076,0.9564728944075589,0.5026451669448911,0.9029846977647988,0.7077001219635448,0.328660395526084,0.03429918461963496,0.04873330909514489,0.007443945796613348,0.0016161026472359845,0.016620153926602155,0.024337933506459537,0.019831512245440507,0.04855083727982973,0.036763236063051395
machine-2-4,30,0.34736835854809467,0.7194869285176754,0.35933039224966606,0.9875802992717473,0.9580415785932813,0.5025645271743353,0.90261847235646,0.7224632398100086,0.3352052071089355,0.026187470974372528,0.02090384837172247,0.007605273420539021,0.00164315676171288,0.013982283567512247,0.02319638639435437,0.01605276539472792,0.02153904904309433,0.029438682053877546
machine-2-4,35,0.35636005158288137,0.7275028867516959,0.36245069891523496,0.9884036046125456,0.9652365507046974,0.5127265891709372,0.9098907099594773,0.730526264997182,0.344402682614399,0.035680078521594626,0.03575508656791215,0.00839611306526953,0.0007197755238073218,0.0031329240621427086,0.005538754923078838,0.0031849125133633165,0.03610824738383519,0.0381865308973782
machine-2-4,40,0.37108814758791137,0.737124175215719,0.3712900444657062,0.9886972477810974,0.9665262903803822,0.5140062205712903,0.9133636435331589,0.7404082158429001,0.36006135258268973,0.03976228707195224,0.029078549305337122,0.01612193116334496,0.00024011540034242853,0.001021531551316118,0.003452400967115917,0.0024605677872641583,0.02951519334936142,0.0417593840621923
machine-2-4,45,0.3689311617694512,0.7346696676998812,0.3695145225201636,0.9885504262552571,0.9658792062650183,0.5139779348055602,0.9107420316466996,0.7377914571268471,0.3577836633704369,0.036711512403962455,0.02872722835136216,0.012045137707578096,0.0005628162767172859,0.0024506218710718696,0.0058349294535093845,0.005256559251603751,0.02937046147937566,0.03943105721729738
machine-2-4,50,0.36576517289841143,0.7286900991303793,0.36896170497305436,0.9887707896736921,0.9668322820412838,0.514748232463719,0.912755769276933,0.7318660743545695,0.3554144071679974,0.03312184009878525,0.02169630653994924,0.012511656728463985,0.0002815678749924381,0.0012405023792009988,0.002866064374007336,0.003016763424699444,0.02211297618125712,0.036149759076567436
machine-2-4,55,0.365562640184808,0.7304836696551879,0.3696901727413492,0.9886972477810974,0.9665120400474383,0.5151915830255067,0.9127506887467456,0.7338004572861805,0.35552031129710665,0.03486022994597191,0.02846643500063952,0.014461522417471194,0.00024011540034242853,0.0010567744703631988,0.003241302886933241,0.002027957120708894,0.028512857729424367,0.03741048843334547
machine-2-4,60,0.37486823017530735,0.7464886021167705,0.37073570468372585,0.9891137496002842,0.9674737349290516,0.5162862383545452,0.9144157769243347,0.7498471627156427,0.36497399229706495,0.024431460493313257,0.017453879830425272,0.012081811812261402,0.0004621625428280185,0.0006854871492201641,0.000709129883596633,0.0027961094387930164,0.017302711301382466,0.027214987524337226
machine-2-4,65,0.37376916431276735,0.742840914863607,0.37185816285333595,0.989548242599022,0.9674836960268653,0.5163117160558425,0.914880126275082,0.7462116085725903,0.36422837293736854,0.027119020403181558,0.024406820672120137,0.01528606150552149,0.0013171737039163682,0.0006776727067858734,0.000767803991358275,0.003333104361618538,0.024578108415561566,0.02958243737190965
machine-2-4,70,0.3733378811281295,0.7474982939663977,0.3702570761764512,0.9892562895403816,0.9665164126158005,0.5147015956938867,0.9126112068933389,0.7507548490558296,0.36403540576322857,0.025558058190097568,0.020821525489005285,0.012211328298535063,0.001192638940259677,0.0018147185413729381,0.00284620152061837,0.004816861099265924,0.02098338459283925,0.02684057824911833
machine-2-4,75,0.37317343614877135,0.7465909701741078,0.368082972071217,0.9891114586398624,0.966525241654093,0.5147011125237966,0.9119443025615539,0.7498409628630487,0.36341599379026185,0.020656412157534013,0.035358436432329006,0.007691138463668866,0.0009266668185150828,0.0017927738392058432,0.0027878698256552253,0.004453383609495641,0.03529611606763549,0.020556347408062083
machine-2-4,80,0.3726087875316573,0.7437426438376423,0.370898192573016,0.9894738538746946,0.9668347510393476,0.5143610719179665,0.9130031952046289,0.7469926936591935,0.363579472526757,0.022829295846402482,0.03005852332029293,0.0116843313639674,0.0016076432152186666,0.0019029344629273458,0.0025167793130934325,0.005497370909762721,0.030154884092814183,0.023556329993021208
machine-2-5,5,0.3499694010805491,0.8358402184662411,0.38927484230752907,0.9718254989067092,0.8918246425550281,0.5817868346925603,0.9557728561697143,0.8503569934441666,0.3399618124408688,0.007413949900289194,0.009324475353359219,0.007056720837306707,0.0002547713983240212,0.0019425031574335854,0.0014345885666311989,0.0014655018133063278,0.008626539941335498,0.0074576844745261614
machine-2-5,10,0.34820093457740314,0.8396822743414546,0.3859169552113105,0.9719530180639112,0.8954645120073726,0.5815630366152936,0.9551778813802418,0.8539514816795474,0.3367604982480697,0.026535091027739453,0.009503288773374863,0.049117535618578866,0.0005092758805680294,0.007351347123250612,0.001703475103461633,0.0007298041945595466,0.009122020067755011,0.029847669161641697
machine-2-5,15,0.3296054632609421,0.8243323631214601,0.36505370985097435,0.9719528846058711,0.8927732618394096,0.5806540327952117,0.95477782194685,0.8387544570809906,0.31738416137186864,0.014077386021449983,0.041105261826849204,0.02706840568515913,0.00029418467080839984,0.0022678379866841996,0.0010104647058318487,0.0011993986962257398,0.039973046262086316,0.015584255090949148
machine-2-5,20,0.34785250288779224,0.8460659725343882,0.3835531527799802,0.9722076560041952,0.8947368421052626,0.5812489002838812,0.95579843893638,0.8612107536925534,0.3384097977145208,0.01632622486284915,0.0017166338377628673,0.02654293316010258,0.0,0.0,0.004749554393982074,0.0014263359554482164,0.0017240050610689821,0.017471168182513513
machine-2-5,25,0.35941404091841983,0.8602230513350715,0.39691296707553503,0.9720802703050332,0.8961738545973875,0.5812093460083374,0.9556368530709103,0.8747384225192925,0.34987671770472706,0.03213947458788093,0.020663873791734053,0.030607080612974853,0.0002547713983240274,0.005582012286100604,0.0050265190206238465,0.001585082490178203,0.019250066456338706,0.033579597993708056
machine-2-5,30,0.364668175873389,0.8554754562617999,0.40879469891750664,0.9721238547441274,0.9047984522574495,0.5820774387735586,0.9551219980149939,0.870019684579146,0.35567697803606935,0.03517259454998827,0.01952965724703873,0.036044893270588525,0.0002867868450663806,0.009887381562753077,0.0005692683847521548,0.0006996806081641733,0.018429820542462665,0.03788729286791748
machine-2-5,35,0.3727135069468601,0.8574077418412298,0.41523187542163575,0.9721020625245803,0.9030410960363136,0.5830347584673532,0.9552791018166779,0.8720320212561105,0.3638468128322186,0.03266193567506112,0.022504940400006657,0.028686532712807095,0.00027241655798417144,0.009262851889074468,0.0022566989961546645,0.0016892433921663528,0.021572165182016715,0.035985690977641094
machine-2-5,40,0.37637878162744465,0.8558181133686955,0.4212536180490981,0.9721455106913273,0.9101386703253154,0.5835767431530632,0.9553819168376748,0.8707782259917852,0.3682028550807699,0.033069574343143296,0.024639258731406977,0.026958744660030457,0.0003065876744605505,0.014642960406157464,0.0034631195295485606,0.0017408781297722556,0.02368681894681009,0.035551185318930305
machine-2-5,45,0.38269963269732565,0.8563539287961881,0.4317500828511013,0.9725043479532537,0.9123482077986508,0.58606912536583,0.9557533634239253,0.8713142887297245,0.37464392460690876,0.029562397077473223,0.024253650137143812,0.023182283628231524,0.000963500395882154,0.02078495080311755,0.0034237298867554004,0.0016545829441374353,0.023190855208758743,0.031104826374087388
machine-2-5,50,0.384515006456048,0.8545254933471186,0.4333132571364053,0.9725261401728008,0.9088867773594398,0.5855600306751367,0.9551555077717894,0.8694922161199186,0.37647155689651585,0.030384996836486235,0.03145944630647413,0.020686119494971577,0.0009555056671478157,0.021464293243117733,0.0035498383633447692,0.0017192540337570108,0.030113786858947084,0.03198133301430977
machine-2-5,55,0.394620778038799,0.8579581216847973,0.4439721933124697,0.9726535258719629,0.9142308959243938,0.5852983654243098,0.9549980715251087,0.8732890944451648,0.3874978064685802,0.027140548898116287,0.03230060708032389,0.01531131619949449,0.0008346393003199934,0.017866371889551414,0.0006335319341455685,0.0015648004620161088,0.03073504972583632,0.027673992589445622
machine-2-5,60,0.3912869343994556,0.8571095196889329,0.443802614414129,0.9726535258719629,0.9133046962148612,0.5866859014882182,0.9547533732340763,0.8718578593077291,0.3838418232086481,0.028697262792638692,0.03272014294794033,0.01930014427909003,0.0008346393003199934,0.01808751351505348,0.0009423222277065473,0.001825834619325583,0.031176332548309416,0.0295152734088041
machine-2-5,65,0.3958927072830363,0.8561625741706375,0.4464821704822213,0.9726535258719629,0.915217327863533,0.5853092701223899,0.9542249417267231,0.8714259760471492,0.38841422771215284,0.023401965881244116,0.032668514909797094,0.012246501870754429,0.0008346393003199934,0.018265493798582548,0.0027609696237178858,0.00043196685686089354,0.031157186349300873,0.024763778271146827
machine-2-5,70,0.3975635198578365,0.857855294210195,0.45189097956852775,0.9726535258719629,0.914180295086294,0.5835425103182583,0.9542552154033466,0.8731222448817685,0.3900921175152472,0.024826085819656705,0.035627970854473535,0.010071202570229873,0.0008346393003199934,0.017875818249806077,0.00153601630799784,0.0005420646161426552,0.03375910426899987,0.026012858899119518
machine-2-5,75,0.3985614661311901,0.8558887215679223,0.45176323760053105,0.9726535258719629,0.9142004106585613,0.5853992034962223,0.9547463086268011,0.8709670594702272,0.3906802222408651,0.030262400734963037,0.04360223903587152,0.012855825527980534,0.0008346393003199934,0.017870116758143907,0.002796450678523718,0.0016852344143466207,0.04157127749032013,0.030830905746333664
machine-2-5,80,0.39227952795780063,0.8494131585453565,0.4459480413986036,0.9730558113006362,0.9207694023732883,0.5846302178270817,0.9543921011605581,0.8647388500311235,0.3845513802935392,0.022264600407649264,0.03867511611257643,0.00676529091530226,0.0009793653774296364,0.02116390335479641,0.001217010270202445,0.0003683479831085487,0.03686949875654445,0.02317310409498622
machine-2-6,5,0.3755732952055314,0.7948947551701845,0.4873972368932514,0.9561857327892798,0.8908404270155612,0.4451176772049129,0.8903870090986221,0.8514059789618503,0.3364693587778172,0.0009000800050769498,0.015608498491172877,0.001416853624904777,0.0010909476716841097,0.002785767020280942,0.012060735251640399,0.017496835779663746,0.009313264623296976,0.0010436972187796954
machine-2-6,10,0.3647723759067114,0.7953021800417214,0.4714285643341491,0.9366026636744271,0.8302752009273284,0.4196687890704903,0.8668621715602634,0.8482866723251787,0.3147079150667963,0.014880372325920444,0.04113275720079677,0.011934858234761625,0.008364396896185174,0.029095279738417162,0.008519100999010987,0.018529384572055614,0.02894084210667133,0.02936568893067742
machine-2-6,15,0.36774839763005895,0.7996375309911159,0.4768572640216328,0.9377289377289376,0.8302370595911261,0.4311707697299232,0.8581504622062097,0.8524581034131707,0.3278717365439547,0.012279060872298042,0.03533240077987638,0.007345598273937273,0.0,0.005737277076990008,0.0,0.005374890488471396,0.028354076120335775,0.01854170913365066
machine-2-6,20,0.3710209566131636,0.7999893051491906,0.48132702349183376,0.9417033620362989,0.8417999659971336,0.4312895932851151,0.8604264601207673,0.8534825474329198,0.33294410377705064,0.008912239562948355,0.035905299391223874,0.003780162486331249,0.007948848614722602,0.028863089889004944,0.00023764711038384997,0.004477591133278706,0.02376145630126341,0.012405360869517174
machine-2-6,25,0.37127360166147627,0.808758551715175,0.4815699219514765,0.9408559450028643,0.8440067906701699,0.4311707697299232,0.8577923368063625,0.8600930040328549,0.33190796188193983,0.0054087403047880945,0.0218752450490675,0.0029123062306677942,0.006254014547853404,0.0230343641277034,0.0,0.005882248568283027,0.013290748839535717,0.007291581724604371
machine-2-6,30,0.37138794951718634,0.8130335970355165,0.4811596933865492,0.9417033620362989,0.8455219497525304,0.4311707697299232,0.8661813367477158,0.8630224126790733,0.33214025868923713,0.005754396189877655,0.021022535873430788,0.002090173233482886,0.007948848614722602,0.02712427307406987,0.0,0.020934678653176015,0.012806092738619719,0.005932689591014027
machine-2-6,35,0.3725703442102809,0.8242834866504934,0.4807036338224494,0.9419871794871795,0.8460996561565004,0.4311707697299232,0.8671351966580426,0.8712054730619865,0.33269207418934593,0.007086236337434169,0.018205610047905166,0.002372451806975682,0.008516483516483594,0.02854509030915055,0.0,0.02051466258865922,0.012187517264058095,0.008123120372145935
machine-2-6,40,0.3725380356982623,0.8212116172530541,0.4797060810347903,0.9419871794871795,0.8462437805858853,0.4311707697299232,0.868871763875025,0.8684360832815774,0.3297215156289299,0.007062702178646805,0.027994106389288082,0.0022972583008521955,0.008516483516483594,0.028519043210751025,0.0,0.019385212722509704,0.01906234749764306,0.009817262265002178
machine-2-6,45,0.37201973223163687,0.8245795996814247,0.47965973838176557,0.9419871794871795,0.8460996561565004,0.4311707697299232,0.8767267646895087,0.8702225050824677,0.3297362772505207,0.00601180271909608,0.021953829180379598,0.0026549943554057356,0.008516483516483594,0.02854509030915055,0.0,0.02053285054515881,0.014002801167537732,0.008071467164432909
machine-2-6,50,0.37302350531521555,0.8235030749518472,0.47985844715538023,0.938074220861106,0.8373483705312795,0.4311707697299232,0.8767629852687437,0.8698052611416777,0.33139830190161856,0.006782979809473014,0.027297822765984307,0.0021337922583064602,0.0006905662643367814,0.012313096525687666,0.0,0.020461342978916226,0.01733248895950219,0.01011058507822568
machine-2-6,55,0.37276778112594666,0.8223190185480163,0.4793928432202378,0.9377996272733115,0.8360925065612037,0.4311707697299232,0.8689709127209191,0.869126400278783,0.33036815946781695,0.007282281082198098,0.027248746367387843,0.0029015253337691393,0.0001413790887476205,0.010960499814128069,0.0,0.01593754793865407,0.018732337660990445,0.010327712050342065
machine-2-6,60,0.3728041626993573,0.8252134179868438,0.47911092462864446,0.9383494582791182,0.8365919024441543,0.43095937537362544,0.8785223577261112,0.8711470901972085,0.3336283517589772,0.007719628809163931,0.026203730753391,0.0033107181659939285,0.0012410411003612144,0.013115647857949837,0.00042278871259548523,0.019097853186011052,0.017873451467897993,0.01099290932471613
machine-2-6,65,0.3728682582836042,0.8271328573308985,0.4788230341157438,0.9417033620362989,0.8438987319130209,0.43095937537362544,0.8684493711424282,0.8724302026736117,0.33069627289657116,0.007884402091847651,0.023530197491158825,0.0034642745338589005,0.007948848614722602,0.027348906137915924,0.0004227887125954899,0.016071478610286013,0.017218767731093834,0.011057654534753224
machine-2-6,70,0.3730203939320442,0.824204936251608,0.4799472087307127,0.9417033620362989,0.84419948379272,0.43095937537362544,0.8794644071089607,0.8703598615616885,0.3348157357632632,0.008507544648798885,0.02403835545292114,0.0044842773657335026,0.007948848614722602,0.027112120565244847,0.0004227887125954899,0.019688157498026253,0.018393303284896342,0.01278946065689624
machine-2-6,75,0.3734638476738037,0.8264239772098665,0.4799472087307127,0.9417033620362989,0.8445208191150781,0.43095937537362544,0.870212321721958,0.8714250347503679,0.3318896746496999,0.00843346384087809,0.022851560971551617,0.0044842773657335026,0.007948848614722602,0.02715029423636827,0.0004227887125954899,0.016878352527468745,0.018024177401427914,0.012382767046004885
machine-2-6,80,0.37404068383623046,0.8272586233613031,0.4805472223359366,0.9417033620362989,0.8457761639606147,0.43095937537362544,0.8900986546524032,0.872344426011799,0.33585962423682053,0.008364519574413308,0.022805759197884367,0.0039048587729102503,0.007948848614722602,0.026920680390117357,0.0004227887125954899,0.01736490801538205,0.017396105914279564,0.012365200516740104
machine-2-7,5,0.8094983867414407,0.9316858245247377,0.8222150900026689,0.9455282303268507,0.9133789582106508,0.5485340826763603,0.9654792079559298,0.9209403193403258,0.7148705184190982,0.0030109413182425357,0.003886288877106373,0.0018878958334340914,0.0005393577156703123,0.0006635750410475287,0.005815820452316509,0.00013601460505592434,0.0053154602980239095,0.004827477774009995
machine-2-7,10,0.8128453146954253,0.9361010461076777,0.8247920639682094,0.9464345404700203,0.9147308689045948,0.5540203459631764,0.9654880919048278,0.9307113447502908,0.7147738196276057,0.004669467947256563,0.004463678645087945,0.0013528887838153716,0.001037774863399783,0.001352516063355697,0.005598896359744814,8.657771646994744e-05,0.009486772304190583,0.016244637959546032
machine-2-7,15,0.8054679444889157,0.9399638175149609,0.8223112247357405,0.9430363694188524,0.8976735853973885,0.544464781972351,0.9488815185008468,0.9314189943432896,0.7006341774318935,0.006066490520920978,0.00512231230454118,0.0019838611683716052,0.0048361558847308675,0.030945932779623854,0.017419270149637227,0.03328435322743148,0.006206779701726501,0.03071931449606984
machine-2-7,20,0.8101601482202107,0.9400879468320488,0.824104175542605,0.9456219952553903,0.9133904207471264,0.5464609833371539,0.9653999245739475,0.9369243155518303,0.7182441754671206,0.0017332562697107282,0.004954461890843421,0.0035650768449281265,0.0010838074444187564,0.0014991770509680865,0.007621336238130123,0.00012141573448544533,0.005594346718527197,0.00875652962807468
machine-2-7,25,0.8149556376547833,0.9396924359953378,0.8265210607269536,0.9469570339369604,0.914466902533805,0.5547735676884836,0.9654226139905135,0.9371757020394693,0.7308467194165698,0.0045124443908264086,0.003091744916076961,0.0027637285466977843,0.0010052480643683106,0.0007050079718468619,0.004089765745198712,6.548409024202478e-05,0.0023680122059421527,0.00853437616628559
machine-2-7,30,0.8171251060244852,0.940829721268108,0.8275258516631976,0.9521388178788548,0.9146427703914709,0.5533393525074033,0.9657931716900137,0.9380055753653338,0.7382153087877238,0.004760392119965789,0.0008530747482770824,0.0031099953264571126,0.010995284040515299,0.0007763720812764156,0.0036064976445020352,0.0006773947210679645,0.0012065770964351985,0.015085242623672411
machine-2-7,35,0.8191226578810388,0.9414057838387648,0.8278350944294387,0.9530013722327477,0.9143168236466571,0.5514358675590212,0.9678187792184468,0.9382167012027448,0.7407418652992817,0.004331246176764289,0.0015868282072496324,0.0035535905204676136,0.012040383514064617,0.0010698609515572641,0.0070181411275634835,0.003914378498074103,0.001607428192283719,0.013768721298655442
machine-2-7,40,0.8214015154770649,0.9429419936332842,0.8286879853617827,0.9572044304932158,0.9150579759658704,0.5526646582178509,0.9684766425637592,0.93729339802477,0.7429374802182709,0.004309097443729067,0.0019289495197935445,0.003466793426498829,0.009317366806497475,0.0008683249262867553,0.003413584215812062,0.0034220891338388776,0.0022568367038129245,0.010091636585202615
machine-2-7,45,0.8228861192504906,0.9443711554177371,0.8282070817871465,0.955279227468611,0.9152786440610907,0.551818673513952,0.9664590432846271,0.939898097728909,0.7468296672352047,0.0034707192957032945,0.0026674840540377716,0.0026947635925556315,0.005602989347501209,0.001176435709613684,0.007136722445633634,0.0007007207332196309,0.0016175733288431523,0.007712571775461904
machine-2-7,50,0.8228948004265404,0.9426043608602589,0.8285804170684916,0.9535900409533123,0.9152324588260209,0.5520716799682989,0.966767968835888,0.9377508323854333,0.7433546903448113,0.003106376877848702,0.003030253313495777,0.00347995165060937,0.0060923531339338866,0.0013802319924556962,0.006692330256593842,8.538929620546924e-05,0.004989880418261543,0.006272690001283832
machine-2-7,55,0.8247734450527197,0.9441488021443609,0.8286505156186879,0.9561001194788612,0.9164988611368389,0.5617600670076299,0.9668239674615021,0.9391085317550307,0.7479357012478718,0.004377261381264534,0.004435857868122088,0.0035330544017577433,0.008775126699377068,0.0007516251647545692,0.004792315282370473,1.8187257642474206e-05,0.0056978509332284225,0.005492174922841827
machine-2-7,60,0.8248656114216617,0.9451824015647817,0.8278535317080785,0.9541552641567013,0.9158835532170109,0.5576754800057682,0.9667753514781858,0.9401414910161154,0.7469931853105305,0.0029594483177162846,0.00452851544958983,0.0037450156026138815,0.006222768686517678,0.001295698160152615,0.006861416877732125,9.538617985080273e-05,0.005281418454940796,0.007877781074097295
machine-2-7,65,0.825185674252295,0.9462733637756748,0.8277284561272427,0.9549850310440582,0.9162115991761133,0.5597019286659349,0.9702282989841633,0.9404802185650446,0.7494778101546034,0.0023438999207133757,0.004351872949839613,0.002516632326437986,0.004800234241720886,0.000859017371279297,0.004294964387362073,0.003929853891058242,0.004943227337572726,0.009778792704836321
machine-2-7,70,0.8256751442605671,0.9464899588708922,0.8274258912289685,0.9549722633559474,0.9162115991761133,0.5597019286659349,0.9685266990751189,0.9415308375212392,0.7491648534487321,0.0029766049884903823,0.006078976544163498,0.002551662995993391,0.004429363551221746,0.000859017371279297,0.004294964387362073,0.003409247773239269,0.005706684940128655,0.009046616238184908
machine-2-7,75,0.8265945459646773,0.94534989112277,0.8277305174301796,0.9572438955075042,0.9168668741387381,0.5638786665273846,0.9685266515157146,0.9395510726189541,0.7516031193191665,0.0034055481924181977,0.005267951597314645,0.002140765577587664,0.00446249273417661,0.0008593239720580496,0.004293510207467501,0.003397435432149798,0.005228049695851248,0.007683914691936494
machine-2-7,80,0.8277421349924967,0.9464241842452124,0.827531354030933,0.9596019038371806,0.9164988611368389,0.5617600670076299,0.9668239674615021,0.9411195261180074,0.7558354881243107,0.0035039984815283336,0.006436348759851724,0.0019225623764842418,0.004229466191386337,0.0007516251647545692,0.004792315282370473,1.8187257642474206e-05,0.006704637226524132,0.009211997029922384
machine-2-8,5,0.9684226676821875,0.990298742640505,0.9685975950075851,1.0,0.9999999999999996,0.601621308627678,0.9999828294385208,0.9990900158676967,0.9514379754931774,3.720591783229516e-05,0.00020817826957182994,9.827014235432185e-05,0.0,0.0,0.0,0.0,6.899971800827425e-06,0.0010243447958519472
machine-2-8,10,0.9686055681502757,0.9897382108855728,0.9717818343237332,1.0,0.9999999999999996,0.6070560910997577,0.9999828294385208,0.9990691050707631,0.9572550404831265,1.2885189689651388e-05,0.00141340791435051,0.0,0.0,0.0,0.006303493240571647,0.0,9.168883598857568e-05,0.0022287346297607067
machine-2-8,15,0.96856322868457,0.9901667092041755,0.97092899066527,1.0,0.9999999999999996,0.6049659368258883,0.9999832554326846,0.9990882795664766,0.9527539082943062,0.0001931522572539032,0.0005758386449387687,0.0015892372167438655,0.0,0.0,0.004596206515585609,4.918956902815735e-07,3.4868738188694794e-05,0.002595466246588196
machine-2-8,20,0.9685387331135431,0.9901655874808285,0.9702189172107931,1.0,0.9999999999999996,0.6096332460109549,0.9999832554326846,0.9990690607081911,0.9489357581994218,0.0001483826718901191,0.00024860906340603683,0.0017034834128641318,0.0,0.0,0.004262919742795813,4.918956902815735e-07,3.806605553087514e-05,0.006126119295002332
machine-2-8,25,0.9685152751652959,0.9900489942364534,0.9695042087467708,1.0,0.9999999999999996,0.6067328453530032,0.9999830424356027,0.9990690668310731,0.9499950903739738,7.935812931206234e-05,0.00026717292330912125,0.001518417051308285,0.0,0.0,0.005047320350932284,4.259941637620014e-07,2.8392893161322132e-05,0.00516733045828154
machine-2-8,30,0.9685545888267735,0.9902239830786053,0.9702634172724249,1.0,0.9999999999999996,0.6045615473836176,0.9999830424356027,0.9990833655436013,0.9501437611359338,8.069110196580234e-05,0.00046137494900039104,0.0017533169866298963,0.0,0.0,0.004862269197084543,4.259941637620014e-07,3.509963229192929e-05,0.003570138123605291
machine-2-8,35,0.9685229349182667,0.9901500813051476,0.9710226257980791,1.0,0.9999999999999996,0.608864305224401,0.9999830424356027,0.9990849681453131,0.9513553661527776,0.0001013003800697566,0.0005008000284460096,0.0015184170513082942,0.0,0.0,0.00487734814837782,4.259941637990088e-07,3.446368620120033e-05,0.0032434429018027224
machine-2-8,40,0.968515819110574,0.9902007568069471,0.9702142822012478,1.0,0.9999999999999996,0.6063284559107324,0.9999828294385208,0.999087235328977,0.950995708249829,0.00011991059003967091,0.00031244887866686903,0.0018118308115081612,0.0,0.0,0.005467849170024486,0.0,2.476062438299186e-05,0.002768992624578728
machine-2-8,45,0.9685039328048562,0.9899999683278115,0.9702142822012478,1.0,0.9999999999999996,0.6063284559107324,0.9999828294385208,0.9990705228837335,0.9498903803332702,0.00011169710988659689,0.00022094272157731693,0.0018118308115081612,0.0,0.0,0.005467849170024486,0.0,2.1207624984130945e-05,0.004883019056699109
machine-2-8,50,0.9684748757414592,0.9901405796485602,0.9694550736755936,1.0,0.9999999999999996,0.601621308627678,0.9999828294385208,0.9990820794229518,0.9503933287688109,0.00010580579610712144,0.0002953668232763455,0.0015539382449459116,0.0,0.0,0.0,0.0,1.4462894215034378e-05,0.002923185977057388
machine-2-8,55,0.9684774181196001,0.9900449032454227,0.9702142822012478,1.0,0.9999999999999996,0.6041571579413467,0.9999828294385208,0.999078085098728,0.9508586966427487,0.00018482251653164405,0.0003431535436934838,0.0018118308115081612,0.0,0.0,0.005071698627337426,0.0,1.4595181773791059e-05,0.003145741460058165
machine-2-8,60,0.968497730640062,0.9900999666650215,0.9702142822012478,1.0,0.9999999999999996,0.6041571579413467,0.9999828294385208,0.9990817306254637,0.9505192375883778,0.00016782155608401154,0.0004288821931428246,0.0018118308115081612,0.0,0.0,0.005071698627337426,0.0,2.2541881376890284e-05,0.002860428220764991
machine-2-8,65,0.9684497347031037,0.9900990758847164,0.9701651471300706,1.0,0.9999999999999996,0.6041571579413467,0.9999828294385208,0.9990783305999094,0.9495705670679675,0.00016521852970518276,0.00043261533598845355,0.0018667895729130356,0.0,0.0,0.005071698627337426,0.0,2.7186498801775573e-05,0.003263233338945559
machine-2-8,70,0.9684190788177904,0.9902433163104117,0.9701651471300706,1.0,0.9999999999999996,0.6041571579413467,0.9999828294385208,0.9990893787190005,0.950768221563257,0.0001631934290111749,0.0003806364346705112,0.0018667895729130356,0.0,0.0,0.005071698627337426,0.0,2.488733456202497e-05,0.0016749928429948728
machine-2-8,75,0.9683791159012389,0.9902255007043104,0.9686514603745936,1.0,0.9999999999999996,0.6020256980699488,0.9999830424356027,0.9990853794100256,0.9500233633684734,0.0001898598410260752,0.0003160184792735723,0.002474699787227926,0.0,0.0,0.0008087788845415795,4.2599416378667304e-07,1.860513712753369e-05,0.0025105101612045377
machine-2-8,80,0.9684057846321092,0.9902227293878056,0.969459803971425,1.0,0.9999999999999996,0.6020256980699488,0.9999830424356027,0.9990828426386991,0.9496206134928947,0.0001255963491530083,0.00032369700844196193,0.0029181827450058912,0.0,0.0,0.0008087788845415795,4.2599416378667304e-07,2.259301150560559e-05,0.0024137358260306547
machine-2-9,5,0.8393615988683734,0.9649354572661197,0.8035875151125222,0.9567519858781994,0.7372721558768065,0.2188753252495867,0.8418287930190756,0.9883447099835263,0.8922604667741493,0.0042672646700291665,0.0011017951703934479,0.00921351136369896,0.0,0.0,0.0,0.0,0.000895563480559717,0.00600344121347151
machine-2-9,10,0.8211959854836439,0.9593427435607864,0.7870866846093713,0.9567519858781994,0.7372400350833965,0.218868787696509,0.8418155828954662,0.9838880598529096,0.8723565965731672,0.0035344142467274723,0.0009240645667032582,0.0038215117664251314,0.0,2.6259653099608324e-05,1.362527542943627e-05,1.855354462179382e-05,0.0006541488650787664,0.004657842611356147
machine-2-9,15,0.820147454240221,0.9574831662801839,0.7898535583542383,0.9567519858781994,0.7372560752146167,0.2188685819011112,0.8418186160495932,0.983046020752115,0.8715145011765487,0.006946400935615859,0.002966615899844669,0.0061094213566630995,0.0,3.216132437955685e-05,1.3486696951001595e-05,2.0353938964872637e-05,0.001906570246955496,0.007797025623693506
machine-2-9,20,0.82835794528404,0.959180007562677,0.8002959641914658,0.9567519858781994,0.7372721558768065,0.2188753252495867,0.8418287930190756,0.9852434619022927,0.8825464110464951,0.0053000139991204,0.0029940635513957007,0.005506983842695425,0.0,0.0,0.0,0.0,0.001458095260101268,0.00568071368265655
machine-2-9,25,0.8311675022271432,0.9603550336505304,0.8032937763212146,0.9567519858781994,0.7372561157455864,0.2188685812131822,0.8418186161553194,0.9861045537534621,0.8858680692195162,0.0026883316844819242,0.0022131392483740768,0.004177441640707393,0.0,1.8521548155655897e-05,1.3763834310038707e-05,1.6558330449250357e-05,0.0008458817402571064,0.0031569364983903836
machine-2-9,30,0.8307013204016171,0.9597130964934585,0.8048497468659238,0.9567519858781994,0.7372641358111964,0.21886847831548328,0.8418201327323829,0.9861060878728298,0.8866428904377615,0.0032010521654496447,0.0029783652876609686,0.003557942181685131,0.0,1.604013122015006e-05,1.3693868206794846e-05,1.7320573385656538e-05,0.0010832355546701294,0.003149512483400164
machine-2-9,35,0.8297479424293704,0.9600745192109537,0.8040750469780281,0.9567519858781994,0.7372320150177865,0.218788224238386,0.8417824148025688,0.9862749748039985,0.8867250663169017,0.005605821902873603,0.00391657287964688,0.003322519141770259,0.0,1.612119315938829e-05,9.295410533292399e-05,4.4500751529588714e-05,0.0016987994005227775,0.005430134701244201
machine-2-9,40,0.8286764423388113,0.9587020111901409,0.8031467501122903,0.9567519858781994,0.7372320150177865,0.21880372726289485,0.8417738013282757,0.9858459677603352,0.8858937930682744,0.001853947957388114,0.003124765627038887,0.0017378350056110798,0.0,1.6121193159351283e-05,8.86969439618808e-05,3.6767992986010335e-05,0.0009344299635162248,0.002100266568676627
machine-2-9,45,0.8301782540210308,0.9591870275572703,0.8058180058015963,0.9567519858781994,0.7372320150177865,0.21880372726289485,0.8417738013282757,0.9861917401160512,0.8880347993357632,0.0011538525298958365,0.0019313788391414665,0.0019456023575746561,0.0,1.6121193159345114e-05,8.869694396188081e-05,3.676799298601186e-05,0.0004188975462384983,0.0010501724816765962
machine-2-9,50,0.8290328899139247,0.9584934774553813,0.8053501626168067,0.9567519858781994,0.7372320150177865,0.21875941787751957,0.841754967852719,0.9861121109776096,0.8875020221187448,0.0012646876330116795,0.001875825604258975,0.0027784418528699613,0.0,1.6121193159345114e-05,0.00010221382319991136,4.531351093159581e-05,0.0003009180279647252,0.0009537686115330462
machine-2-9,55,0.8281036518930802,0.9586109547002418,0.8051988744817379,0.9567519858781994,0.7372320150177865,0.21875941787751957,0.841754967852719,0.9858227179593806,0.8863735278646366,0.002676299268806539,0.0010751138484747691,0.0014580729594762924,0.0,1.6121193159366703e-05,0.00010221382319991537,4.531351093157981e-05,0.00031806399453565353,0.0022897231579417903
machine-2-9,60,0.8277962511477609,0.9579440948450149,0.8054890156792276,0.9567519858781994,0.7372158529856324,0.21875267796247613,0.8417447932885734,0.9857295380340242,0.8863011795467087,0.0018376183547576387,0.0012347186084565767,0.002265752883659569,0.0,3.0940852380063334e-05,0.00011056322999579765,5.872195460116239e-05,0.0004708467294654698,0.0021894616494354804
machine-2-9,65,0.8294509065575345,0.9586125848608229,0.8063654971559665,0.9567519858781994,0.7372239544212067,0.21870825540286537,0.8417274758301458,0.9861332031369164,0.8881414182213194,0.004635386042154966,0.002807543437758511,0.0029317648823773894,0.0,1.861515042043664e-05,9.402679367809438e-05,4.6945695128068325e-05,0.0014839512319399064,0.005006750793046688
machine-2-9,70,0.8300560540516682,0.9586300542640034,0.8076087667796401,0.9567519858781994,0.7372077923890528,0.21870151103729105,0.841717300880318,0.9861360524414169,0.8885837360186937,0.005429938983007688,0.0040436564294683884,0.004379481013392284,0.0,2.639253011796469e-05,9.872879678947032e-05,5.048014590503777e-05,0.0018909571994006212,0.005517217756681387
machine-2-9,75,0.8315478760050223,0.9597218444054262,0.8091378790812922,0.9567519858781994,0.737215893824627,0.2187014067641173,0.8417188176688118,0.9866969870918766,0.8903089514617777,0.003427834369136301,0.003027864278700987,0.003896793543101012,0.0,1.6121193159348197e-05,9.856396236832599e-05,5.19969743261801e-05,0.0013321229323419721,0.003877256700349276
machine-2-9,80,0.8295946979465978,0.9588587258981949,0.8078026327573599,0.9567519858781994,0.7372158529856324,0.21870140745166314,0.8417188175631076,0.9861630752754027,0.8882132768609623,0.004653960280234472,0.0028538967902343878,0.004624989176324962,0.0,3.094085238004242e-05,9.852338118315982e-05,5.332665835332027e-05,0.0013171618704388632,0.004884004215780518
machine-3-1,5,0.43483858052263014,0.8504314648287273,0.46673924713449977,0.6417582417582418,0.6642335766423353,0.2669833510123138,0.6667670927727862,0.9057213100966324,0.33657834170876877,0.004822061922738769,0.005126027668380505,0.0008814021836208372,0.0,0.0,0.0,1.2512823663879402e-05,0.0038680156201102264,0.011160603077750892
machine-3-1,10,0.43786906451031316,0.8531209634356764,0.4678684287208826,0.6417582417582418,0.6642335766423353,0.2669833510123138,0.6667645451588199,0.9095024284754784,0.34584874103255103,0.00873146401342163,0.00788998985084157,0.0017255956465255533,0.0,0.0,0.0,2.1145171091208565e-05,0.005706444250245641,0.0214769466914694
machine-3-1,15,0.43609092654913656,0.851492925388391,0.46836874150390945,0.6417582417582418,0.6642335766423353,0.2669833510123138,0.6667653586723288,0.9077314556031053,0.3455254125463705,0.01918782863648215,0.02062952238001714,0.0029361165068562908,0.0,0.0,0.0,2.1237786521487754e-05,0.010584029294263752,0.032412503886265494
machine-3-1,20,0.436390544605846,0.8512435535081132,0.4685333250468592,0.6417582417582418,0.6642335766423353,0.2669833510123138,0.6667564658995668,0.9069796783736073,0.3456199670508465,0.02011479222099137,0.020250375821884582,0.0019331056774373537,0.0,0.0,0.0,1.8961751109140373e-05,0.01203978679025627,0.03432824317978475
machine-3-1,25,0.43243249953247936,0.8472725636939251,0.46825471277269826,0.6417582417582418,0.6642335766423353,0.2669833510123138,0.6667657946797705,0.9047881894466389,0.3405863303851795,0.015596624268142716,0.018271797280201094,0.0016604603442431766,0.0,0.0,0.0,2.1720939689198357e-05,0.00992585720860423,0.02856448380183111
machine-3-1,30,0.42994684453474646,0.8443293463574091,0.4672953844346041,0.6417582417582418,0.6642335766423353,0.2669833510123138,0.6667694248001473,0.9032914435390189,0.33428166671405735,0.014247210746614022,0.015873262813991457,0.0013678544233405923,0.0,0.0,0.0,2.0937786961922477e-05,0.008376361900285685,0.02571146481006272
machine-3-1,35,0.43148938932983083,0.8449731090176075,0.46886573980415186,0.6417582417582418,0.6642335766423353,0.2669833510123138,0.6667706120481562,0.9040377812042469,0.3330705589176107,0.014208685496993974,0.01618772268269846,0.002054824059969041,0.0,0.0,0.0,1.829398103531516e-05,0.008836107114700639,0.02343700815835288
machine-3-1,40,0.4308897487304172,0.8439294362227985,0.46812264388890595,0.6417582417582418,0.6642335766423353,0.2669833510123138,0.6667777700348031,0.9033189838352101,0.33189210546491366,0.01296178654003793,0.014146535716011826,0.0013800721813472016,0.0,0.0,0.0,1.4276982854780381e-05,0.007804346585601053,0.022573162335526132
machine-3-1,45,0.4320780212337606,0.8447245378727252,0.4676688735041126,0.6417582417582418,0.6642335766423353,0.2669833510123138,0.6667916263627475,0.9039435440477358,0.33331057988524854,0.01411614971874142,0.01320195684617294,0.0014975711368495413,0.0,0.0,0.0,1.0417531994821517e-05,0.007398333893603256,0.023247893342232186
machine-3-1,50,0.4307581567339545,0.8427628648436438,0.4681158773839662,0.6417582417582418,0.6642335766423353,0.2669833510123138,0.6667861383483727,0.9028048919060918,0.3275399562641884,0.012284956619726306,0.011501558995448215,0.0015969941453149027,0.0,0.0,0.0,2.4596442844785718e-06,0.0059992764227133144,0.020323290454581137
machine-3-1,55,0.43199119311752154,0.8451328128324482,0.46803304160233666,0.6417582417582418,0.6642335766423353,0.2669833510123138,0.666785753039881,0.9043320103250208,0.32991595461320455,0.011361149751743562,0.012283783811235922,0.001089228053229625,0.0,0.0,0.0,2.811997447968283e-06,0.005714151801472745,0.0188909489459704
machine-3-1,60,0.43222769051983895,0.8452083536376952,0.46738385629441787,0.6417582417582418,0.6642335766423353,0.2669833510123138,0.6667861383483727,0.9044611533953627,0.329898998346667,0.010925740716907401,0.01291565118317684,0.0003991812307757286,0.0,0.0,0.0,2.4596442844785718e-06,0.006065940455676287,0.020753897692360447
machine-3-1,65,0.43322030148633905,0.8454723389389387,0.4679498092265211,0.6417582417582418,0.6642335766423353,0.2669833510123138,0.6667885211574139,0.9048191147844284,0.3305800885944606,0.011674105017261367,0.011968878241903349,0.0012508427720353417,0.0,0.0,0.0,4.5767326985842846e-06,0.005326907870243167,0.021547252904532244
machine-3-1,70,0.4331871668116487,0.844990353426301,0.4674614769067422,0.6417582417582418,0.6642335766423353,0.2669833510123138,0.6667859862530219,0.9044353426423337,0.3304734367406613,0.012300130629003238,0.010561699067024569,0.00044772663305176684,0.0,0.0,0.0,2.577049204621948e-06,0.004742207151392467,0.021349942163241913
machine-3-1,75,0.4336360052742009,0.8465113789075316,0.4674614769067422,0.6417582417582418,0.6642335766423353,0.2669833510123138,0.6667849085262305,0.9049470182290267,0.32912631032149464,0.013905326271685493,0.011544132947671936,0.00044772663305176684,0.0,0.0,0.0,0.0,0.004341081216229716,0.021725667939727637
machine-3-1,80,0.4330419132107554,0.8453091748032822,0.4674614769067422,0.6417582417582418,0.6642335766423353,0.2669833510123138,0.6667849085262305,0.9046140766859716,0.32922450423187277,0.014204689989782875,0.01031785063703212,0.00044772663305176684,0.0,0.0,0.0,0.0,0.003837297546467547,0.022667567077764
machine-3-10,5,0.7827014555781515,0.8790049520822782,0.8649579377817764,0.9574761656507303,0.95135468747876,0.5208610220223878,0.9399406885045852,0.8731430930405522,0.7507092256925867,0.008741092812663732,0.0025821246092149496,0.009775225467553342,0.0008064692005638695,0.002295094951973218,0.022660531566118136,0.00667347335147288,0.012618440856312595,0.020087568257605617
machine-3-10,10,0.7878679478336253,0.892687869877223,0.8589673242334767,0.9579481193409428,0.9495442124997859,0.5119397967430724,0.9467704022033784,0.90110109841567,0.7730312699354257,0.006662963022562831,0.006174802016483712,0.014178626723429658,0.00045250990431893985,0.002169356766270036,0.044027277700230585,0.0033705997005117226,0.005581585224421151,0.01526351220850768
machine-3-10,15,0.752303962224297,0.8878001890558007,0.7989665750861145,0.9566512913068743,0.9461181831617249,0.5139447469030821,0.9462677680020778,0.8964794109006957,0.735549991516778,0.04428078965107367,0.008969474823268264,0.0509106348622555,0.0011547184846128237,0.003630830404748101,0.057333877385849066,0.0035743956748628494,0.01277777089985113,0.04928418841492454
machine-3-10,20,0.7430004639361552,0.8879645549064533,0.7718585356246856,0.9555959971970585,0.9436046811766151,0.49758205535568206,0.9460613929102233,0.8931834889142689,0.7138860541012888,0.04968197256763436,0.008794776208601097,0.052123280038053,0.0024998882655741248,0.007131281967678311,0.06553075404588388,0.004067321066352852,0.011469493003308354,0.046232603925844065
machine-3-10,25,0.7410023729419359,0.8875022472738316,0.7751091205437088,0.9564172859129151,0.9446660570423967,0.5020730047901563,0.9467159652169885,0.8919508877659371,0.7104986692932956,0.06541904155933029,0.009735672429882165,0.07923962673606168,0.0018242787114029321,0.006459267397997519,0.060959793753059856,0.00483957336724636,0.011975263785069596,0.06246057133507868
machine-3-10,30,0.7542038892859924,0.8891938996594186,0.7913812217028218,0.9566545338394216,0.9459066776706582,0.4897052272450093,0.9470929816605337,0.8943775909381295,0.7239466542853844,0.04233971727146689,0.00698663383974701,0.06198633942192862,0.002336616737080895,0.003627983317959732,0.06450083280475787,0.003370994839941127,0.008932120708155829,0.03865184669563785
machine-3-10,35,0.7507840783948978,0.8876689600779109,0.7912273182977682,0.9567706705144812,0.9456050096117262,0.48598859203312045,0.9464842452971091,0.8921102157692623,0.7207155127051443,0.04609806063663966,0.004674907495290511,0.06144179889071367,0.0018188139028563876,0.005128949194406927,0.05480063638741479,0.005051631555037126,0.006459751908132763,0.04362411242151791
machine-3-10,40,0.7344985866327117,0.8856649624725839,0.7632853579816187,0.9561836201984746,0.9442072522582409,0.480591926253119,0.9454646047684898,0.8900465916500266,0.7040007134339941,0.051725397551882046,0.004991208557788858,0.0712310054812019,0.002366313334250839,0.005163648486106461,0.051590464896630904,0.004611798339061532,0.006159842766312694,0.048625817174315966
machine-3-10,45,0.7183740906884286,0.8822931340399636,0.751409993926916,0.9560650499068706,0.9441070601830059,0.48244346892924217,0.9448184750811174,0.8852564058067622,0.687023910535128,0.041335909392557255,0.0046683174767299775,0.04132840527288429,0.002113369875761267,0.003870145071366276,0.054420733424504764,0.0029959945977524015,0.006536166548023729,0.03684751285911149
machine-3-10,50,0.7173111597787358,0.884411873934615,0.7528499711813601,0.9563014923333076,0.9444731650483309,0.4902517427685174,0.9441193924727984,0.8881779714370269,0.6877239735333958,0.03920036436654052,0.004289003673600479,0.057998391759278,0.002408669078748386,0.004393009171120256,0.062221019597463394,0.003222349301547058,0.004306849278743762,0.03397274645725779
machine-3-10,55,0.7200838782236755,0.8856314036756097,0.7706419757670289,0.9575947357706287,0.9473990959301045,0.4958178716255532,0.9463248548428165,0.8917508862887867,0.693966925831197,0.027703935550283436,0.0013043579254617501,0.020658295386538645,0.0011562371031319854,0.0017204564648295266,0.06117865249263174,0.0009143781404591268,0.002902992726638292,0.023725040963206715
machine-3-10,60,0.7165242528837364,0.8843280850602586,0.7650164541630684,0.9572404212093585,0.9461742860193074,0.49490448310226054,0.9456642743575695,0.89001704920115,0.689629591980867,0.031014428346632376,0.00262112786794778,0.0211886539738347,0.0009730716783595903,0.0039325038180373,0.056442319847458525,0.002310283635351767,0.0025196232667028303,0.02805444452178948
machine-3-10,65,0.7178387291283046,0.8825328080883209,0.7700635036736192,0.9568861066480883,0.9453315589871251,0.49183602514852565,0.9460951197504992,0.889072848932965,0.6947870757976166,0.03497441942989245,0.002318313394842552,0.029486451288280313,0.00047125639332579183,0.0043274224361641266,0.05561791309165174,0.0026871985397194276,0.0033343664406948557,0.03973305801780474
machine-3-10,70,0.7036981727842989,0.8824879522705831,0.7437540568937819,0.9573584095889005,0.9463638246722548,0.49092155389207986,0.9461641178970899,0.886713251611328,0.675098097065572,0.028732933403082448,0.00214196031791022,0.02408019517915129,0.0009824513001484374,0.0032083575308116,0.05231333002253417,0.0027736900591007704,0.0022772560918765104,0.023686479919295286
machine-3-10,75,0.717782249327518,0.8871341236733279,0.7575282075730728,0.9572404212093585,0.9459623764309868,0.4830256708249244,0.9466712865993745,0.8929974366588013,0.6905509333035815,0.041771449839799205,0.004123172527583997,0.03510463871122785,0.0009730716783595903,0.003951732806138378,0.04242854080335224,0.0032780057006566036,0.0035574459720122756,0.03876344572956327
machine-3-10,80,0.7181509305054666,0.8862897689412221,0.7621697826671736,0.9575948525324909,0.9470447310121859,0.49121914896104013,0.9458947787202472,0.8926426563108733,0.6927854835713719,0.043004942254652574,0.0027711049500229934,0.041799307493114925,0.0012191825262103996,0.002409721949061898,0.045782640176732975,0.0023024556073026003,0.002976758804953352,0.041347106138816765
machine-3-11,5,0.21744206780369013,0.9008254692312574,0.3399491491550246,1.0,0.9999999999999996,0.4007692307692308,0.9942602593169032,0.9423319314469549,0.2608496009341171,0.0020641889862427426,0.0009493601441910264,0.010449472656104023,0.0,0.0,0.0,0.0,0.0008464235121352744,0.00342786470678829
machine-3-11,10,0.2012018850092397,0.8994727186924175,0.3126968782704459,1.0,0.9999999999999996,0.4007692307692308,0.9942602593169032,0.9397919570469455,0.20888448467770213,0.015590051673544358,0.0012630417468632402,0.01656031831327525,0.0,0.0,0.0,0.0,0.002633469911518392,0.048298844988706464
machine-3-11,15,0.19715662123417338,0.8987188835244225,0.3038190076021676,1.0,0.9999999999999996,0.4007692307692308,0.9942602593169032,0.9393629191768522,0.20345677125832592,0.016787261879589444,0.006614111450687532,0.009826689063268878,0.0,0.0,0.0,0.0,0.005411121860478693,0.03448433017083876
machine-3-11,20,0.19695398202031533,0.900375291048007,0.3000706470878543,1.0,0.9999999999999996,0.4007692307692308,0.9942602593169032,0.9399857934911409,0.19128920808106506,0.012472484889433763,0.004853372446568887,0.006976414990703978,0.0,0.0,0.0,0.0,0.00526641464768953,0.028887832363931817
machine-3-11,25,0.2159433444346424,0.9068589870412505,0.3308840823347628,1.0,0.9999999999999996,0.4007692307692308,0.9942602593169032,0.9465288929543756,0.22927869643869755,0.013395363259080502,0.007465056677006856,0.05185380438274415,0.0,0.0,0.0,0.0,0.005771773305582168,0.022964189669892415
machine-3-11,30,0.22324318808160426,0.9075053910582536,0.3343616048442973,1.0,0.9999999999999996,0.4007692307692308,0.9942602593169032,0.9472129896256429,0.24470499521439895,0.01482134167753301,0.007674428337243901,0.045258409295334825,0.0,0.0,0.0,0.0,0.005611406194853265,0.023498136897510142
machine-3-11,35,0.22709947142037615,0.9062894113659321,0.33614008920371574,1.0,0.9999999999999996,0.4007692307692308,0.9942602593169032,0.9465148175851107,0.25066609584968697,0.015930242008077272,0.0054002246218808475,0.04267232698173002,0.0,0.0,0.0,0.0,0.004290113935064845,0.025245347915368876
machine-3-11,40,0.22765047228133348,0.9058451941933285,0.3335977646012084,1.0,0.9999999999999996,0.4007692307692308,0.9942602593169032,0.9464538325293418,0.25290225956447326,0.013485099773263114,0.004079454514016032,0.035319152835122124,0.0,0.0,0.0,0.0,0.0034007041569874565,0.018912904686491337
machine-3-11,45,0.2257331865724235,0.9049369710655645,0.33215960130131833,1.0,0.9999999999999996,0.4007692307692308,0.9942602593169032,0.9458447885513165,0.25268723513359753,0.009877434576301074,0.0024636320778255224,0.02232463165470194,0.0,0.0,0.0,0.0,0.002232819178531525,0.013366726715488731
machine-3-11,50,0.22382138245215727,0.9048829452515963,0.3269246150794106,1.0,0.9999999999999996,0.4007692307692308,0.9942602593169032,0.9456791203664006,0.24866705028592645,0.004424467683714521,0.0018789624672580398,0.014239992334744317,0.0,0.0,0.0,0.0,0.001628278348776402,0.005397521721982646
machine-3-11,55,0.22125875837717188,0.9048481099031311,0.3199880118215896,1.0,0.9999999999999996,0.4007692307692308,0.9942602593169032,0.9455241144628332,0.24166074465978968,0.00492548429393945,0.0013294814005985949,0.016047132471215617,0.0,0.0,0.0,0.0,0.0013531666076824576,0.016220928920467177
machine-3-11,60,0.2230718854467379,0.90530905779335,0.32266095936832156,1.0,0.9999999999999996,0.4007692307692308,0.9942602593169032,0.9460278755417559,0.24493297455115073,0.003885533152510281,0.0014976932249573434,0.01800656589425538,0.0,0.0,0.0,0.0,0.001254626662170133,0.010102846423611003
machine-3-11,65,0.22449365026190526,0.9059438057077497,0.3240693720520423,1.0,0.9999999999999996,0.4007692307692308,0.9942602593169032,0.9465114911080805,0.2459505738745688,0.0033533733561018843,0.001247993373175319,0.015534553562914095,0.0,0.0,0.0,0.0,0.0009935385814163788,0.01201117014990446
machine-3-11,70,0.2219386653430822,0.9062791070166722,0.3217660416928047,1.0,0.9999999999999996,0.4007692307692308,0.9942602593169032,0.94678750796574,0.24504727592421804,0.0065374876366493485,0.0011914495877654251,0.01540402505512517,0.0,0.0,0.0,0.0,0.0011386924224716832,0.02099576780312309
machine-3-11,75,0.2250154009302049,0.9066627612074978,0.3230394329424718,1.0,0.9999999999999996,0.4007692307692308,0.9942602593169032,0.9472426536190935,0.25096975749249173,0.00575868611948381,0.002374347415506187,0.016520551555942762,0.0,0.0,0.0,0.0,0.0020183861824555386,0.007506301504748198
machine-3-11,80,0.22379537377043496,0.9059858208608602,0.3221396151732078,1.0,0.9999999999999996,0.4007692307692308,0.9942602593169032,0.9467177684385331,0.24920556234152624,0.008458196093600406,0.0026145136440653798,0.019893322599701672,0.0,0.0,0.0,0.0,0.0024115830391909254,0.009621308035250515
machine-3-2,5,0.07021666920389723,0.6200572758597767,0.13284721344224176,0.9793311658259364,0.7416044776119397,0.35228003514675127,0.7868299880207159,0.586899806795953,0.06301655904387048,0.001794300673582683,0.010878049427325108,0.0021539750855339543,0.0006709195220790749,0.01679104477611943,0.004376609464084449,0.009803995266613148,0.013333593132197145,0.0018997150431881928
machine-3-2,10,0.06981900143979092,0.612651878396272,0.11989278472537425,0.9802576910129229,0.696537845623211,0.3497233939551825,0.7770382961569179,0.5888303119107888,0.06343170756849009,0.0021500316256437995,0.012182023955186149,0.005295372796091181,0.001373909405095779,0.043562025854416576,0.004335974048585822,0.018959527079058083,0.011919848709024343,0.0016245277069612608
machine-3-2,15,0.06456923774567594,0.5781026461900369,0.1222897189206172,0.9793910019604473,0.6680494427645474,0.3335268054720444,0.779692802331986,0.552494748550145,0.058275287577343175,0.013062027005857575,0.06559050108263434,0.024209071845633666,0.0011679013736243646,0.035506277008886325,0.008554861696257653,0.008455274180505543,0.054048697507576564,0.011406714483136793
machine-3-2,20,0.05748467498093478,0.5137310796424208,0.10770788960767169,0.9794714028658575,0.697654705922442,0.34216159174920513,0.7861559208001634,0.49837244641165734,0.051105796869435303,0.0099004864524459,0.0807365992804419,0.020634768358131463,0.0009676078184368506,0.04344344020779473,0.010578068678879586,0.011812523264947118,0.07045324657881259,0.00938237996882782
machine-3-2,25,0.054592868764213875,0.4870804722685744,0.09643883073072122,0.9800031423077219,0.7017197465728485,0.3446151927733085,0.7848248524952777,0.47358465379511017,0.04830552163081725,0.005521566639657068,0.055095813156594106,0.010202125640915804,0.0010577837030973625,0.040218366629892,0.008942007518013247,0.005714806049155306,0.049552575441434064,0.005548643340436514
machine-3-2,30,0.0545863160303622,0.47986932643796515,0.0945488099816799,0.9800031423077219,0.7087647563575843,0.3457733399905236,0.7884685411112635,0.4684115169667625,0.04806004595123135,0.005665631036981068,0.05942445638627442,0.006409974026545726,0.0010577837030973625,0.031399781097572944,0.006977395290528856,0.0034999048872683867,0.05467440161566239,0.005752702311897842
machine-3-2,35,0.05754404396081495,0.5034142483071167,0.09967381034898272,0.9802268618368923,0.7255330490405112,0.35004447823498097,0.7859844913129271,0.4890431890060909,0.05076523942505635,0.008866518809890716,0.07138582665591267,0.01699491170874055,0.0008477353376140661,0.030907836346699438,0.005108818177827298,0.003826360095682392,0.06276910824834347,0.008751995054948858
machine-3-2,40,0.06067200083691575,0.511468457104141,0.10329986822826855,0.9803386703606234,0.7171375266524515,0.34622923332276095,0.7839006487368524,0.49398187815583,0.0535515550808412,0.015517499081500512,0.10123547029076639,0.025986122399191104,0.000633641892447109,0.02625768408511095,0.006335306264819829,0.004541714454703514,0.09131227813671534,0.014816840611815372
machine-3-2,45,0.059791927719645144,0.5225624746349478,0.10260046650366775,0.9802268618368923,0.7171375266524515,0.34785617350293874,0.7885513899604366,0.5042660174253643,0.05294720275365587,0.010567778969413343,0.07772460155529806,0.019834188018895256,0.0008477353376140661,0.02625768408511095,0.004409011294050537,0.010881059388556227,0.07085829283993346,0.01014979735836143
machine-3-2,50,0.05994556660294398,0.5278430118620109,0.10241804656223549,0.9805627992581558,0.7171375266524515,0.3494995451134313,0.7916540771875782,0.5096103711011355,0.05313577512445468,0.009483718686006198,0.07035355588037862,0.017231903029177945,0.0005789624734629959,0.02625768408511095,0.004567195526319732,0.006500389802432692,0.06170783526542108,0.009233934482831482
machine-3-2,55,0.05985033583997465,0.5233234910775902,0.1020378473882306,0.9807871329796786,0.7201398311472933,0.35119016890365196,0.7950955142200862,0.5029055079639169,0.052944712251724875,0.009904069197914332,0.07439887076515599,0.018704567657451106,0.0006342216199775099,0.02038861108449328,0.003791907578787188,0.011924117843672128,0.06514301330608305,0.009395081837229199
machine-3-2,60,0.0607675386491098,0.5281185214936939,0.1016765379121565,0.9805627992581558,0.7171375266524515,0.3494995451134313,0.7881194496093323,0.5099490574361681,0.053809541996806674,0.010268396036634514,0.07811584170887513,0.018276613731203668,0.0005789624734629959,0.02625768408511095,0.004567195526319732,0.010002232883440501,0.06929405958126128,0.009847831626712386
machine-3-2,65,0.061692248756408594,0.5308451211164396,0.1061218602617145,0.980674914807453,0.7087420042643917,0.34731124038138905,0.7881194496093323,0.5127847677421196,0.054624009188997555,0.012830116269655516,0.09654121532964047,0.023259445760017095,0.0005642484936168879,0.015351812366737706,0.003319440683284643,0.010002232883440501,0.08604033296302951,0.012268680680401557
machine-3-2,70,0.06635500722056084,0.5514112301528761,0.11255909692790672,0.9804507861910792,0.7064052034201282,0.34527565904870205,0.7859590201455424,0.5283828496149023,0.0589726495388097,0.018179178792894737,0.10462218330485218,0.030412725169558685,0.0006726252209913038,0.014480625845836238,0.006105990064322945,0.011399770754945105,0.09454185750198053,0.017037435444882645
machine-3-2,75,0.0597700619688689,0.5195416453981183,0.10112612713089265,0.9803385680188537,0.7087420042643917,0.3456678687708965,0.7865264797676431,0.5005017794043044,0.05287763293734265,0.008886659014852614,0.07524463669114638,0.01643552367374005,0.0005176028679860653,0.015351812366737706,9.450435945620543e-05,0.010443653991882724,0.0696182094756471,0.008738956724270119
machine-3-2,80,0.05983443320924387,0.5238554010867271,0.10071345671969889,0.9801145417442496,0.7087420042643917,0.3456678687708965,0.787566664994672,0.5055853281790341,0.053052287487865675,0.008221998502155827,0.07050960513986824,0.013005959211166124,0.0005784332570647296,0.015351812366737706,9.450435945620543e-05,0.009429597620267797,0.06418404022507723,0.008063495243495856
machine-3-3,5,0.19459004045231867,0.7897577313603725,0.2862655465839846,0.9509001636661212,0.7822222222222217,0.4766647279880054,0.8761928272472564,0.7959141766454035,0.18097676300402835,0.006211885910046638,0.014726654523416375,0.007512515135636654,0.0,0.0,0.0,0.0034200588349360904,0.014601858061568267,0.007003138358361393
machine-3-3,10,0.16399588847854668,0.7629788327200535,0.27042152413353654,0.9476407399823995,0.7753206962327128,0.47347018253304585,0.8833194781252396,0.7696376528940732,0.1491043621477727,0.005266378978450949,0.0076925198835244785,0.015984981251921025,0.006518847367443403,0.017020144034170903,0.007436708792189651,0.00831701908162846,0.007941926670581105,0.005041741363949298
machine-3-3,15,0.17410021140391632,0.7718392182904861,0.28738259692167056,0.9509001636661212,0.7822222222222217,0.4766647279880054,0.8893330253872977,0.7783907743207286,0.16092215104965754,0.005366670073536528,0.006260747854755004,0.00952025582862581,0.0,0.0,0.0,0.006127431485680228,0.0063075036251714674,0.0063937540747206955
machine-3-3,20,0.1738069124740764,0.7623898178575309,0.2868316425114137,0.9509001636661212,0.7822222222222217,0.4766647279880054,0.8894662762600591,0.7690171101857151,0.16115368785557965,0.006900409103822227,0.008095592963062158,0.016204513451470524,0.0,0.0,0.0,0.007847540319667851,0.007961679354107342,0.00748671971274607
machine-3-3,25,0.17012595794163338,0.7663418177087851,0.27637937066341545,0.9509001636661212,0.7822222222222217,0.4766647279880054,0.8840213512110782,0.7728106904222851,0.15705963346153892,0.011575236745728636,0.009922241001565954,0.02459347042565376,0.0,0.0,0.0,0.008206583104941349,0.00978462953411451,0.011548208046126522
machine-3-3,30,0.1654025834924044,0.7640743591984842,0.2656220758888884,0.9509001636661212,0.7822222222222217,0.4766647279880054,0.8832432905713901,0.7704263207450152,0.15215970650303046,0.013772742436131963,0.012045468287232916,0.026932240309733586,0.0,0.0,0.0,0.004466907681032851,0.011942528936196474,0.014264803827529832
machine-3-3,35,0.15801006128949796,0.7579234505718762,0.2548202530248042,0.9509001636661212,0.7822222222222217,0.4766647279880054,0.8840163684271539,0.764146064050999,0.1442779954960008,0.013156233372237038,0.012830276386055417,0.0242132175380523,0.0,0.0,0.0,0.0054393001038990875,0.01268978803567255,0.013846334358647905
machine-3-3,40,0.15178027389693047,0.7529842161855383,0.2435582079738719,0.9509001636661212,0.7822222222222217,0.4766647279880054,0.8815559242194294,0.7591983539779432,0.1363696269953038,0.012905814607443665,0.020407117552773038,0.024645864618255686,0.0,0.0,0.0,0.008711637405457011,0.020225645766264427,0.013546506610365942
machine-3-3,45,0.14714027291493306,0.7474347922468767,0.23149890215866892,0.9509001636661212,0.7822222222222217,0.4766647279880054,0.8814116233591471,0.7537542562181492,0.1317656022411861,0.011382138173331833,0.018438071222813966,0.02043975386017078,0.0,0.0,0.0,0.008371937097469419,0.01807022214967506,0.011812126305051927
machine-3-3,50,0.1424863089398723,0.743625706543396,0.22422652124773873,0.9509001636661212,0.7822222222222217,0.4766647279880054,0.8758174255225368,0.7499273535581447,0.12712880462150664,0.012117637965631062,0.02422622608030608,0.01841131726988087,0.0,0.0,0.0,0.0046439977443686236,0.023964809259748615,0.011970231196243686
machine-3-3,55,0.14033127409181073,0.7445462352310612,0.21840275219924093,0.9509001636661212,0.7822222222222217,0.4766647279880054,0.8767202784896533,0.7508403510112446,0.12494113852261438,0.013317342157543753,0.025531966880869797,0.019230979987275146,0.0,0.0,0.0,0.003246553908598029,0.025296019019565377,0.013951527363430844
machine-3-3,60,0.13616312065576172,0.7378512425640733,0.21215354920353147,0.9509001636661212,0.7822222222222217,0.4766647279880054,0.877508565267503,0.7442116080252161,0.12040703964765981,0.012320952800861238,0.024036550208689725,0.021415356253871826,0.0,0.0,0.0,0.0031054069315784296,0.023680020221035398,0.012009958216084112
machine-3-3,65,0.13434179959863257,0.7360663594366974,0.20805157447180228,0.9509001636661212,0.7809831029185863,0.4766647279880054,0.876928830267602,0.7424655631549025,0.11811876535531247,0.010635591516098705,0.023792102176646034,0.01808611797733871,0.0,0.0024782386072709156,0.0,0.00310237408669133,0.02335929758690843,0.010926375010174448
machine-3-3,70,0.13283288086455527,0.7348063581907439,0.20465750464767024,0.9509001636661212,0.7797439836149508,0.47625453385285244,0.8769372294865002,0.7411548838279177,0.11704013966873504,0.010267982360506507,0.02172428305817946,0.01361066260894595,0.0,0.00286162345404798,0.0008203882703060144,0.00279045252726685,0.021080849918813104,0.010233945821161345
machine-3-3,75,0.13235393073671184,0.7322035522844857,0.20278433713212063,0.9509001636661212,0.7797439836149508,0.47704461729172937,0.8771919940074941,0.7385157239968257,0.11618166489742095,0.00917059905329766,0.019775806897582727,0.011265644628892622,0.0,0.00286162345404798,0.0007597786074479463,0.004045441682726938,0.01924084352986163,0.00920619318600397
machine-3-3,80,0.13150509682528835,0.7291883073311459,0.19915795265906588,0.9509001636661212,0.7797439836149508,0.47704461729172937,0.8800388495817794,0.7356731828130683,0.1156629291348536,0.007958601116266215,0.015873465960965356,0.011551210393696498,0.0,0.00286162345404798,0.0007597786074479463,0.005589246407979861,0.015347739540957962,0.00827863434577771
machine-3-4,5,0.8902196479496256,0.9602994664698308,0.8809808894503933,0.995166681858604,0.99383268457564,0.4859329950942836,0.9822290942753781,0.9743454388861996,0.8929021734998709,0.001539943121776583,0.002975584520377053,0.0002779323585205858,0.0025738629581537214,0.003252762338849308,0.003641184358266057,2.2185155391879426e-05,0.002052812676199757,0.001686481394410972
machine-3-4,10,0.8995337618773698,0.9638419643609548,0.8843575736020438,0.9959314495853825,0.9947654800649328,0.49312228731949453,0.9887532113794971,0.9777903727408795,0.901580473479971,0.024842861135793037,0.013852661877297966,0.009506641289373311,0.00344112197433238,0.0043574187149885675,0.009389271050442972,0.008076558256956317,0.011503811691280353,0.026781276977395383
machine-3-4,15,0.89712669272646,0.9643432972282591,0.8829720043366187,0.9946562250761581,0.9931853223334549,0.4995600940709532,0.9822821787125973,0.9784639144138676,0.8997858137705252,0.009319079806480755,0.007968067285775208,0.0025902154568002195,0.0012065722297436713,0.001529076269153467,0.008842784534725827,5.003204712534925e-05,0.0062800620444739,0.00959729273749143
machine-3-4,20,0.8924316750014962,0.9590558845698094,0.8813889729522605,0.995670146256216,0.9944559367240938,0.4990753104140161,0.9856431244855657,0.9742566599805018,0.8948106370675424,0.005026711713495947,0.00467851653490711,0.0030700407080992897,0.0013415363938501107,0.0017150942633059544,0.00423436883003649,0.006837907748125925,0.0036589459639082295,0.005988761429741
machine-3-4,25,0.8899542965659818,0.9574654467401573,0.8811976300727953,0.9952893767517835,0.9939494302800618,0.502017932882459,0.9856162578506231,0.9730765423923486,0.8915307276202584,0.004171625631524012,0.00446479579288967,0.00298293262696322,0.001123806049840969,0.0014486722427189,0.0086343104932529,0.006833969885508251,0.003404324999177568,0.006609300654112967
machine-3-4,30,0.8897799365105372,0.957401765652968,0.8807261618896478,0.9960518228621876,0.9949184349658741,0.506490061472334,0.9889919355046984,0.9729239757519939,0.8911673713069834,0.005496048164933764,0.005691289627201441,0.0037449628415799855,0.0017765725610161933,0.0022826756239297526,0.006736848343884136,0.007892444456750346,0.004752695825121906,0.009379228876619352
machine-3-4,35,0.8908888620179125,0.9592721432649634,0.8813426762268932,0.9960498824645752,0.9949324941559748,0.49891701575823727,0.9890411655125633,0.9748169034449632,0.8925630772338905,0.006184830993261455,0.007533880909505914,0.0037401072351917752,0.0007617110438801213,0.0009907885109612284,0.007590195848336362,0.007820305196289202,0.006575703084845712,0.010235994809207387
machine-3-4,40,0.8899144624517623,0.9578993900367453,0.8817537214227591,0.9964315590705468,0.995407662522979,0.507962463190985,0.9890929202699661,0.9731535673434026,0.890924756957064,0.0061697229846878554,0.007024942637987632,0.0037016615886731347,0.00124506897149408,0.001605915037451884,0.011172926396318008,0.007881431958759217,0.005641160665752111,0.01000711121380922
machine-3-4,45,0.889762389770151,0.9583408404762783,0.8819982151382832,0.9966862701168981,0.9957335845882742,0.5116068030808759,0.9890973482704088,0.973457817436997,0.8925948083982249,0.005089336817449955,0.005641468808579881,0.002252482778444621,0.0015255843937938198,0.0019650776327535075,0.015107183858842153,0.007886534649681472,0.00454940049799755,0.007037993502098498
machine-3-4,50,0.8888523911042121,0.9574466788827947,0.881662786728387,0.9965590446478438,0.9955666276099604,0.5096932955121499,0.989050359608771,0.9727398650461944,0.8906874114386585,0.005051943268257359,0.005581308587129083,0.0030452582086172857,0.0014607641711815277,0.0018846213847064242,0.013508822500045366,0.007832937652439016,0.0046734531854142084,0.00948397061211213
machine-3-4,55,0.8883259172830699,0.9570836645606537,0.8817678845563874,0.9966858814445877,0.995726480798207,0.5112529370985528,0.9890533887927224,0.9724731973147417,0.8897506794825347,0.00519733611212025,0.006127992361179012,0.0024210553497756504,0.001345842314050214,0.001737217310372143,0.010983040242449857,0.007826392310887942,0.0051460408725379735,0.00896825954302956
machine-3-4,60,0.8881072262672973,0.9566414870779977,0.8814731773254995,0.9964310404437224,0.9953906120267142,0.5056759618964825,0.9890414934701894,0.972129976041617,0.890187955265068,0.004824282081459922,0.004980578073675986,0.002389977007729771,0.0009277034666760744,0.0012008598406197842,0.010069697484129345,0.007812742177383153,0.004250262008381283,0.00671454511601247
machine-3-4,65,0.8877345801741248,0.9563660335462432,0.8822068316832463,0.9973217508672981,0.9965392084209378,0.5071293956444842,0.9890340525326434,0.9720151293400471,0.891086128013957,0.003438694810267182,0.003247740770460279,0.0019954430862711213,0.001338621774156354,0.0017402665493271568,0.01058211007255507,0.007883206912458312,0.0028786801577444995,0.005162792857852629
machine-3-4,70,0.8878980018372479,0.9565091821375807,0.8818301443997876,0.9973224006418991,0.9965357287443907,0.5145209105521551,0.9890750987715955,0.9721627868679494,0.8909051874710491,0.003719499188517232,0.003860501484041776,0.0012806465039729882,0.0016298118393322715,0.002114199548876201,0.015349779264732848,0.007843128570127056,0.003323666646853386,0.005817812177822217
machine-3-4,75,0.8880188242331561,0.9568514672767245,0.8817577930330001,0.9970672991339542,0.9962039531415339,0.5123281292106119,0.9890666822311632,0.9723494166104701,0.8909651301359247,0.0038645825452943857,0.0038392058248800983,0.0014511510879228282,0.001338160936652877,0.0017427691532578655,0.012978798555415717,0.007932214315110288,0.0033942389795799926,0.005860416728737235
machine-3-4,80,0.8874413989710708,0.9561234491268427,0.8822353431691996,0.9971949140705543,0.9963700560397654,0.512482934390329,0.9888576255122503,0.9718237414155603,0.8905205721709217,0.003849017608441241,0.00392502457571031,0.0015209688312682373,0.0015262764250605885,0.0019833883790308666,0.014608414066154837,0.008196016430280827,0.0034575381260140794,0.005790592629635229
machine-3-5,5,0.25251545191161895,0.7410601090778128,0.3416792854356202,0.7625954439326055,0.7004431909750195,0.3360858469727758,0.7416355490265643,0.5930247239825963,0.12857543646340497,0.00036430391553408,0.0015855829051876385,0.00028641075116314575,0.0005532067057907967,0.0036261079774376295,0.005689243355676554,0.00028466525035963415,0.012916209309408068,0.0012326226252720055
machine-3-5,10,0.253054924780725,0.7471019644988379,0.34231317075830914,0.7631486506383963,0.7038303693570447,0.3318306834068369,0.7445836766931478,0.6099301616381375,0.13046688663818762,0.0019329885728402792,0.002474819592380789,0.0020769861008622225,0.0005532067057907967,0.004103967168262687,0.004495789009864514,0.0027296569681210118,0.010653713887979322,0.0011451618778491317
machine-3-5,15,0.2554864995833254,0.7493459711946717,0.34254013593031907,0.7631486506383963,0.7036856236270437,0.33509296124378757,0.7466530897149161,0.6189028134792556,0.1312853387213852,0.0007562907571480216,0.004296391722868027,0.0014458930490643014,0.0005532067057907967,0.004393458628264633,0.006858802835374657,0.005156760497376491,0.018857601884653366,0.002463446074498329
machine-3-5,20,0.2544213962787695,0.7472990336382473,0.34162194719780536,0.7634252539912917,0.705882352941176,0.3373240963315826,0.7457474559366025,0.6141139655080516,0.13029468624281876,0.00127746215977569,0.004600326091548098,0.001349489555647669,0.0,0.0,0.004173440393010113,0.004645345123751955,0.013170691888521015,0.0011271667789935205
machine-3-5,25,0.2523006206020632,0.7429912705651407,0.33696548843442514,0.7628720472855008,0.7016801794031391,0.33508459158269505,0.7439097890178832,0.6202862316550964,0.12916332836131197,0.005934344112634155,0.007441821632766052,0.006217430672596081,0.0006387880810116077,0.00488616254776117,0.005759060324411997,0.003889759864141205,0.026367185282109875,0.003320552304526521
machine-3-5,30,0.25416604344288646,0.745577747819332,0.33909703348187115,0.7628720472855008,0.702147525676937,0.3350750394182851,0.7468386227373687,0.6164567734457922,0.12997187695776916,0.002243911263651803,0.00487501063774681,0.0023334200649367622,0.0006387880810116451,0.004312607052770298,0.005757665259514492,0.0052345870045696985,0.02697301294768712,0.0020346366709984376
machine-3-5,35,0.2539458900290909,0.7454301762299517,0.33905393426265545,0.7628720472855008,0.702147525676937,0.3358847928675833,0.7475422298768933,0.6175691959733436,0.13004183316242618,0.001124646111285515,0.003593275737645044,0.0016158760115600494,0.0006387880810116451,0.004312607052770298,0.006091351566061549,0.004114517920579799,0.02212258843904238,0.0016172535208084189
machine-3-5,40,0.25335367219050814,0.7469144592500537,0.3396656906540354,0.7628720472855008,0.702147525676937,0.3358895801135209,0.746850987386745,0.6216693471977752,0.13038266790922992,0.001425511011845789,0.004231227273687023,0.0021379259856331135,0.0006387880810116451,0.004312607052770298,0.006081777074186498,0.003072739361220487,0.02289924320967067,0.0019116753733283945
machine-3-5,45,0.2534788392381516,0.7467409844054581,0.3389279723466038,0.7631486506383963,0.7040149393090565,0.3367151120758976,0.7474769820839582,0.6178257006590337,0.12971163145647774,0.0014175921372749747,0.004999936231297539,0.0014854881133488618,0.0005532067057908306,0.003734827264239006,0.006812363242476465,0.002958163740137914,0.027234918781317875,0.002480916272668991
machine-3-5,50,0.2530287194249371,0.748776036493586,0.33927922960731194,0.7634252539912917,0.705882352941176,0.3367151120758976,0.7490251753410699,0.6196829466577333,0.13002680839050007,0.001620326868839038,0.004058536761452235,0.0019300275391104754,0.0,0.0,0.006812363242476465,0.005268852856904022,0.01862780888139239,0.0020399909197484243
machine-3-5,55,0.25273685764297393,0.7487362037723416,0.3388748649402151,0.7631486506383963,0.7039572192513364,0.3367151120758976,0.7496844123959255,0.6235670504865835,0.13040279761198273,0.0012329703626840025,0.0046821030987309045,0.0010530949021360129,0.0005532067057907967,0.0038502673796791307,0.006812363242476465,0.005012315099574919,0.01828495414498596,0.0016064606013679874
machine-3-5,60,0.25268784256225635,0.7496916843914075,0.33990110632351267,0.7634252539912917,0.705882352941176,0.33773691089752933,0.7500336559341578,0.6242216816892935,0.13024248834612892,0.001261098564260195,0.003427603692547352,0.0008953102072543645,0.0,0.0,0.006966102115952259,0.003793844937502166,0.015942286500462633,0.0014589030524936578
machine-3-5,65,0.2523947276662758,0.7501472056885516,0.3402268711327486,0.7634252539912917,0.705882352941176,0.336920543227631,0.7502367699068504,0.622670572279531,0.13000364210053628,0.0013088750909512545,0.004321091014421907,0.0011601280110742794,0.0,0.0,0.006440968985655574,0.005227229509931859,0.017945118719559203,0.0017102255187614224
machine-3-5,70,0.2522477186601213,0.7491713103267005,0.3406430429621264,0.7634252539912917,0.705882352941176,0.3373532860839319,0.7482669429728026,0.6212173441471818,0.12994695798215172,0.0017729391188065237,0.0033804207458863413,0.001634597575636984,0.0,0.0,0.005577413458773461,0.002424720525824265,0.014540980269502145,0.0016927800202955025
machine-3-5,75,0.25186091980382047,0.7478162660027359,0.3397019435394292,0.7631486506383963,0.7039572192513364,0.3390135143011638,0.7479617426302425,0.6206178248715255,0.12976739831150175,0.001296587363741196,0.0034152533696327828,0.0005729993796160414,0.0005532067057907967,0.0038502673796791307,0.006462625614124223,0.0025620703635701003,0.01555430598399386,0.0014669614195974132
machine-3-5,80,0.2518915425606997,0.7498416280275392,0.3394386352695945,0.7631486506383963,0.7039572192513364,0.3385716071523845,0.7502741453385531,0.6222197262851964,0.12949661509770077,0.0015196353971569983,0.003867409044354145,0.001510278733573327,0.0005532067057907967,0.0038502673796791307,0.00734643713228119,0.003965019818264881,0.014903771665508232,0.0013670398160005154
machine-3-6,5,0.4738658298371374,0.8572732164741644,0.48173718864853143,0.9981192529819533,0.9770551343891996,0.5280298376305488,0.992890354357709,0.9192820042826424,0.5460069293460752,0.014454372173742881,0.01745746186706641,0.013165835154061138,0.00041701243074238986,0.0025770672488134258,0.004847602525447863,0.0001636742471357602,0.010027229992863115,0.01253292396853637
machine-3-6,10,0.43914936976786234,0.8470610935967001,0.4638729803123862,0.9975979438776633,0.9725733917298964,0.5251754435536551,0.9926736016133593,0.9007973072329816,0.5105249325099277,0.03494130025122648,0.021317941331517452,0.017830569685969907,0.00020841908364728026,0.0025291079057465273,0.0009359294190534275,0.00021146939932655283,0.027466146209071642,0.04134744476354883
machine-3-6,15,0.4730736788294284,0.8698836646809969,0.48278615573131545,0.9979105725031342,0.9748028665238435,0.5242441082614018,0.9926728765961124,0.9205272529964366,0.5472676235625721,0.021502626315998394,0.016225394003086226,0.009568966382231927,0.0,0.0005275059117737695,0.0018551688861463385,0.00021649145445967963,0.016932077406532072,0.02542545357047763
machine-3-6,20,0.48723173137555686,0.8831913521877941,0.4880558230550873,0.9978063629613105,0.9734592329245642,0.523780552385427,0.9920777933730494,0.9317776903385135,0.5624496109020904,0.024058126813250348,0.017155990557709354,0.011427112912996506,0.00020841908364728335,0.002344264456097536,0.0015723843658991196,0.0009326040931187479,0.015807383315922765,0.028403810184419443
machine-3-6,25,0.4987999119151413,0.8967826649750101,0.4936439466000848,0.997702153419487,0.9719678283256045,0.5242308273495607,0.9925275519259829,0.942069399003483,0.575382402641174,0.01942285530216205,0.010152248538859295,0.011458511505487,0.00024066162809599273,0.00248215642823976,0.0006140586122274711,3.4989988402888486e-05,0.008593983325056308,0.023418993098680577
machine-3-6,30,0.5005599492015904,0.9002826614147169,0.49280563979682535,0.9978063629613105,0.9730021295065506,0.5249161830122862,0.9925374870194739,0.9449972888453426,0.5764480597587451,0.011015711478206234,0.007625164963194311,0.010831389511904007,0.00020841908364724017,0.0020055009416808114,0.0008880799741801726,3.4170176306551945e-05,0.0014429881376844735,0.013288166327177726
machine-3-6,35,0.5014156754199468,0.9014029099523949,0.49329904579871253,0.997702153419487,0.9716790360015107,0.525031916140786,0.9920635380453685,0.9463098722434913,0.5780290487670927,0.009306526050132283,0.011959696244585753,0.009581204245942774,0.00024066162809599273,0.0025032937117487604,0.0008069235854373338,0.0009094884786139459,0.004267367076508239,0.011543782888010041
machine-3-6,40,0.5013727179288194,0.9008692995978207,0.49386205176448394,0.997702153419487,0.9718875396347979,0.5251050340667802,0.992635197866337,0.9463047823574207,0.578940311444502,0.010183565895846333,0.0069082992153181744,0.01097594110265952,0.00024066162809599273,0.002601675258751828,0.0007085565324198381,0.00023515673382833578,0.002130697341969505,0.014182150986570372
machine-3-6,45,0.5015621583720324,0.9002770242838165,0.4936752262652213,0.9978063629613105,0.9730332663262893,0.5253109832231947,0.9920854449441722,0.9462362569062421,0.5785864321316053,0.01002889435707238,0.010998359459810522,0.012615211323614655,0.00020841908364728335,0.002666282361904671,0.0008869861930507508,0.0009220149645017463,0.004791719629404496,0.013818872736777559
machine-3-6,50,0.5009953392095219,0.8995538092976723,0.49367319057798253,0.9978063629613105,0.9732436701375353,0.5258928310487595,0.9925551232600943,0.945705324914051,0.5779733720937931,0.00946710160006162,0.010002671931443744,0.012025209814842458,0.00020841908364728335,0.0025911006162446445,0.0008042653435726817,2.5679806290438464e-05,0.0038440950398565756,0.013883568348362296
machine-3-6,55,0.5012771988807049,0.9007728369529953,0.49305852985763204,0.9978063629613105,0.9731732742748154,0.5252871796546982,0.9925562595648432,0.9457632228955339,0.5780741376174056,0.007966863618322847,0.008736206440999645,0.010163520244438218,0.00020841908364728335,0.002579643240921866,0.0007773289588708409,2.8466217327467052e-05,0.003011117877644084,0.0111160559727631
machine-3-6,60,0.5027938466066151,0.9011834308092924,0.4955484753357472,0.997702153419487,0.9721088195672087,0.5253165088901136,0.9925423194339993,0.9463940672594465,0.5799778716517365,0.008507946130130072,0.006738927237292137,0.011413780163180986,0.00024066162809599273,0.0024723141727688498,0.0008598386837918462,2.5972663454916085e-05,0.002109932244642443,0.012562067148585562
machine-3-6,65,0.5010272342725467,0.8999362669479846,0.49307792723791205,0.997702153419487,0.9719664371731946,0.5255667364293616,0.9925398939469505,0.9454673708925793,0.5781402732232956,0.01346084919073754,0.007039745594155126,0.014869820849257205,0.00024066162809599273,0.0024902363512624573,0.001175666881481674,2.5554901674846176e-05,0.004714943642458752,0.01756453847590585
machine-3-6,70,0.5044490396521529,0.9035971270198806,0.49440607350155064,0.997702153419487,0.9719711382545392,0.5254675309139223,0.9926561515203275,0.9475187113591443,0.5823593622696611,0.008233063511415848,0.009120382378536629,0.012004315036352778,0.00024066162809599273,0.002616371057172323,0.0011635206650845184,0.00022758868834040044,0.004521781414552672,0.012586699156044764
machine-3-6,75,0.5041482281473791,0.9012106084748002,0.4957370438395023,0.9977004924404266,0.9719890121237131,0.5234200886405176,0.9919216399643638,0.9462457578228698,0.58184512851763,0.008645152834332403,0.007323259199759571,0.01085591968092918,0.0005409831354048342,0.005956145148091461,0.002917682400168569,0.0016044959674220386,0.004222541514564939,0.013134572439042947
machine-3-6,80,0.5032590544075964,0.900158617908786,0.4957854386296129,0.997702153419487,0.9718921797474521,0.523312050972976,0.9920723134757812,0.9456952793900522,0.5804041008608323,0.010453933742453736,0.009785256174877938,0.010408927114923501,0.00024066162809599273,0.0025600604451728784,0.002851719051980687,0.0009321076197914672,0.004804963360798786,0.013585713437810244
machine-3-7,5,0.24035336553733475,0.6928389600502474,0.32801729583827044,0.9257425742574258,0.5714285714285711,0.1818704843705632,0.6670842038421084,0.7346267469110676,0.20488965330673592,0.004603113188222028,0.0034417850150724747,0.0010197102506974754,0.0,0.0,0.0,6.747030497432637e-06,0.0025121841333972496,0.006233322069512842
machine-3-7,10,0.2425384883241662,0.689104340735977,0.321962661638577,0.9257425742574258,0.5714285714285711,0.1818704843705632,0.6670914453568118,0.7290499244669276,0.17318699427609438,0.04150750283773337,0.01830627697044655,0.041974792332140805,0.0,0.0,0.0,7.881174741178307e-06,0.016253886729193014,0.036522103962388114
machine-3-7,15,0.26349310258400854,0.6875288609511983,0.34856346130758475,0.9257425742574258,0.5714285714285711,0.1818704843705632,0.6670958393228177,0.7280079459434721,0.1958302753451904,0.07141904341460054,0.022712639168272677,0.05725436022443167,0.0,0.0,0.0,9.534424860861157e-06,0.0203966846004833,0.05757437412632831
machine-3-7,20,0.2528490778952731,0.6941040419354512,0.3376426035346827,0.9257425742574258,0.5714285714285711,0.1818704843705632,0.6670836924223218,0.7329680150534867,0.18923895917188288,0.04305712694218657,0.022342498381816817,0.026001490923198426,0.0,0.0,0.0,2.9608105492215962e-06,0.01978282247260278,0.03160796759489371
machine-3-7,25,0.2502084094712812,0.6899590916398792,0.3388472629506424,0.9257425742574258,0.5714285714285711,0.1818704843705632,0.6670893856247546,0.7290923812847089,0.1846792808887694,0.0325512863657478,0.013750923018346807,0.02748486325348117,0.0,0.0,0.0,1.273196176451514e-05,0.012867961827152441,0.020410311875377084
machine-3-7,30,0.24862655255150878,0.6913716884504344,0.33551686359289795,0.9257425742574258,0.5714285714285711,0.1818704843705632,0.6670846271767353,0.7318706897574789,0.19079219503201592,0.02366119288250485,0.015475920750620636,0.017861736422471585,0.0,0.0,0.0,7.477888830082897e-06,0.015071821129502712,0.016164612502285444
machine-3-7,35,0.25272129245767816,0.6946643744494815,0.3406834706500345,0.9257425742574258,0.5714285714285711,0.1818704843705632,0.6670918926741521,0.734238185579995,0.20135813993145604,0.02991315629224246,0.02092290878062372,0.027351819564162716,0.0,0.0,0.0,1.328982255817528e-05,0.019520332008016922,0.015137947824832148
machine-3-7,40,0.24831835569322847,0.6956151960408645,0.33829194001032575,0.9257425742574258,0.5714285714285711,0.1818704843705632,0.6670858254411772,0.7344072826520854,0.19406416927982448,0.02604084165845206,0.0210269331518181,0.022096189788429383,0.0,0.0,0.0,9.385127205664497e-06,0.019738170811762205,0.014523834641017941
machine-3-7,45,0.25310998389135586,0.6978118894563607,0.344674744607912,0.9257425742574258,0.5714285714285711,0.1818704843705632,0.667089737752252,0.7364312853570463,0.2048603129150773,0.03393167661480727,0.015639145230274126,0.03323356473719387,0.0,0.0,0.0,1.3902368773577805e-05,0.014830032283053653,0.015265006529589904
machine-3-7,50,0.25122105094524866,0.697008256677886,0.34080912655341455,0.9257425742574258,0.5714285714285711,0.1818704843705632,0.667085592895349,0.7356398430798098,0.2091859988554851,0.03098162963275204,0.022284914415455007,0.02470410258878288,0.0,0.0,0.0,1.2575047770268998e-05,0.020099044265575836,0.009513402371833745
machine-3-7,55,0.2517326227539971,0.6991091851363166,0.34400017306643316,0.9257425742574258,0.5714285714285711,0.1818704843705632,0.6670836392954371,0.7380307178221847,0.2048824535745385,0.03153095677657936,0.018218333905732492,0.030278290705049428,0.0,0.0,0.0,3.6758673213306226e-06,0.017604780629397316,0.007090123382037528
machine-3-7,60,0.25168371395449696,0.6975261640012953,0.3423310806386929,0.9257425742574258,0.5714285714285711,0.1818704843705632,0.6670863608326314,0.7370009349522332,0.20982198396358376,0.03164225121594517,0.018309348983834274,0.027745882535556148,0.0,0.0,0.0,4.751732126033233e-06,0.017573391974982866,0.010228532914213826
machine-3-7,65,0.2523985745070562,0.693401442868198,0.34232490610289396,0.9257425742574258,0.5714285714285711,0.1818704843705632,0.6670884312338713,0.7338386890188684,0.21299114496961027,0.03175238770241167,0.020436052664854626,0.02732910401493864,0.0,0.0,0.0,1.415422793261552e-05,0.018484611742218635,0.014421377908847172
machine-3-7,70,0.2596735061575654,0.6981882537885298,0.34690407428738296,0.9257425742574258,0.5714285714285711,0.1818704843705632,0.6670858883586124,0.7380186038224694,0.21093288388608905,0.035146396634259315,0.014363187488738301,0.03728905916433588,0.0,0.0,0.0,5.126836782704745e-06,0.01398306629229211,0.019711433196961035
machine-3-7,75,0.2518032191005361,0.6972728663522725,0.33965504478607333,0.9257425742574258,0.5714285714285711,0.1818704843705632,0.667085181404389,0.7372588630385721,0.20735137661145045,0.03180239408133468,0.02407087949657837,0.023625386716389273,0.0,0.0,0.0,4.858012520036988e-06,0.020776506303604652,0.020071582659575014
machine-3-7,80,0.2526728675246021,0.7017859466408298,0.3428572018702869,0.9257425742574258,0.5714285714285711,0.1818704843705632,0.6670869623008873,0.7412376117339936,0.21355172656390423,0.03306531581631661,0.020461153443502106,0.028398781962127397,0.0,0.0,0.0,1.1187069897846091e-05,0.018243777037244238,0.015518378997984734
machine-3-8,5,0.40962410043615105,0.8819232391729854,0.3970272754617361,0.9982709066953301,0.9877781572909297,0.4375415256149012,0.9624738794883728,0.9103050093743461,0.43019218690845706,0.029873295400032623,0.00630662922655832,0.01658905957680728,0.0005448581315540422,0.004740476006852432,0.0271429902879424,0.00671000173232626,0.004576798255404181,0.029694573575656604
machine-3-8,10,0.4047383008830624,0.8882610193201479,0.3940577649677335,0.9985433357611072,0.9888937425356152,0.44561686357677677,0.9644468076504727,0.9155672523918216,0.42526152247604104,0.0022535669245775255,0.009681995418927619,0.006844701140807353,0.0,0.0006357845357552207,0.013463471060329267,0.0010841779448878416,0.0063606749959392896,0.0021607402270930835
machine-3-8,15,0.42631405958096047,0.9054509800325692,0.4012650715481593,0.9985433357611072,0.9889146442111775,0.43232857039123923,0.9642820575094152,0.9268397780095182,0.4470745010363938,0.006866172586603806,0.004761128951875315,0.005020553238842921,0.0,0.0007286946285770599,0.0030519527006528835,0.0015214837723641981,0.0038407867417468125,0.006591546913618969
machine-3-8,20,0.4145118005450962,0.9053015020552997,0.3916161000741968,0.9984524599569788,0.9882542011120469,0.44193830331989575,0.96252799877768,0.925545375030749,0.43492000076562454,0.02191980967165313,0.009781416266162074,0.009462143443187009,0.00018175160825662567,0.0019998797976635767,0.01397591418718784,0.004089780740432928,0.006766585509029352,0.019849210358696804
machine-3-8,25,0.41081083048482864,0.9054989396496707,0.3891084258730334,0.9983615841528506,0.9875709493326019,0.44077892132719865,0.9610337129247128,0.9249477335332867,0.4305063068943184,0.021767118919254032,0.008218289537291437,0.011012345597160727,0.00020986867990521336,0.0022001839108657705,0.013939970625277895,0.00436463550017945,0.00607411049129762,0.01889744591779096
machine-3-8,30,0.40425962648049657,0.9005197483775481,0.3878795354871773,0.9985433357611072,0.9888006398186033,0.42941975696171647,0.9651352771925309,0.9227602171345239,0.4250486875726175,0.02002064413508458,0.0063598777914747094,0.02054502677944677,0.0,0.0006292516072861583,0.005608070143170482,0.0005218359725666808,0.00515722924750771,0.01874605628266909
machine-3-8,35,0.40288655919041005,0.8984902287176888,0.3882276451484649,0.9985433357611072,0.9887563872142593,0.4417002159084372,0.9649666955369792,0.92148047473669,0.42345968996879957,0.010797178767484834,0.0043712567972365715,0.010731806414556955,0.0,0.0003394697212060973,0.010542350439055222,0.00022749028466491152,0.002836900211073542,0.00988790201854609
machine-3-8,40,0.3933244535499516,0.8976392483274163,0.3764811463370825,0.9984524599569788,0.9880129591771448,0.4440382404618299,0.9633054285049146,0.9193067379917296,0.41406509516174406,0.02239999667216416,0.01025715184020231,0.020912256764639967,0.00018175160825662567,0.0013742597674011796,0.014640049205177344,0.003431734991634079,0.008287527900925715,0.022155088452841483
machine-3-8,45,0.3940211514328176,0.8929391691468326,0.3812519267097644,0.9982709066953301,0.9867568510174112,0.4437903975670138,0.9617876468503624,0.917222172433656,0.41517932379430983,0.021006680507612483,0.01179015691566741,0.02227420729848336,0.0005448581315540238,0.0038872965019677657,0.01115732499697144,0.006246927686630916,0.007586483279590523,0.01980047671922466
machine-3-8,50,0.39502512033513676,0.8948191007155029,0.38284032863881623,0.9982707744883178,0.9867663912629305,0.43147870147328127,0.9603792550759167,0.9184422301086907,0.4163347044450707,0.022557804328338225,0.011765322565406135,0.02228733828338114,0.00034791270508505157,0.002470639075285387,0.012523185773207234,0.005602700315519323,0.008941898295380378,0.022420905873812378
machine-3-8,55,0.3939941631701949,0.8958342642964705,0.384267958725078,0.9982707744883178,0.9866462771427238,0.43374040922305274,0.960356406198757,0.9186707899037533,0.41477623284293075,0.014889168189339953,0.006791288485448857,0.01453390003948459,0.00034791270508505157,0.002402037832710903,0.010240979490504431,0.005587204473752346,0.004488083514257473,0.013856839637931547
machine-3-8,60,0.3912703479748829,0.8947805641804785,0.38024913743056166,0.9982707744883178,0.9866040119449133,0.4234670435696565,0.9602236248398741,0.9178608371999377,0.4112028817903391,0.015074964992673258,0.0035374063452782083,0.0144858260983401,0.00034791270508505157,0.0024250576807417937,0.011438583805312827,0.005444344192809371,0.0023967665186507346,0.01455903819318147
machine-3-8,65,0.3893957924688919,0.8950333990866924,0.3774723636777496,0.9981798986841894,0.9858188935955898,0.42562435747273636,0.9577112775552935,0.917679868276092,0.40952719885107075,0.017083956196336417,0.005773233784750294,0.017655026316804375,0.00029669113776146453,0.0017475275351389638,0.010981720478522396,0.0034322223603408296,0.004728735889399592,0.01612457697645447
machine-3-8,70,0.3932599583252361,0.8991894053912415,0.3818632720920929,0.9981798986841894,0.9858356516972588,0.4276295099580431,0.9577978110838203,0.9202959537280571,0.41314938505731164,0.014846988763485076,0.0017219553427915038,0.01794922259265565,0.00029669113776149093,0.002110307179745181,0.016464279875420477,0.005071283123328007,0.0017404043284769183,0.01492091478797855
machine-3-8,75,0.3929274820490958,0.8971429148406442,0.3825669549252297,0.9982707744883178,0.9865800228944327,0.4322363253864071,0.9602090963842687,0.9187810796693153,0.41300282259919074,0.010284923089187263,0.0032780645332553472,0.011183461198133206,0.00034791270508505157,0.0023320557293652266,0.010259616062370034,0.005427393191338165,0.0022731225816179784,0.009625323724210131
machine-3-8,80,0.387031829792872,0.8949236922550594,0.37735384359000546,0.9980892212266691,0.9852739270862914,0.4232898185693513,0.9586405494238399,0.9169939989837006,0.40690150879859033,0.014581082212345524,0.0032114826228725538,0.01277613643774982,0.0005449022067894547,0.003832935306074482,0.01122819398270718,0.007002056971986959,0.002759429717795438,0.014637853763104409
machine-3-9,5,0.40855238404181504,0.8476645699850434,0.46824110805334646,0.6553641931565094,0.6771084337349392,0.2825401024051996,0.6925655057214533,0.9103784167632428,0.32203542885030684,0.008370119958723199,0.0038466508841627617,0.0006733392428775877,0.010060234865357343,0.020883534136546155,0.0,0.05161094659599292,0.002556753909551352,0.010779621390947194
machine-3-9,10,0.41215827415120815,0.8393438768192865,0.46794954360849794,0.6566436865638654,0.6799999999999995,0.2825401024051996,0.6926671666977144,0.9076101150964342,0.32813075074611586,0.010213389839608745,0.014011302018012832,0.0005831288896969679,0.012619221680069348,0.02666666666666655,0.0,0.05181743812879164,0.007956582987984916,0.009976705628440916
machine-3-9,15,0.4176617798266619,0.8582847800994318,0.46794954360849794,0.6503340757238307,0.6666666666666662,0.2825401024051996,0.6667722612744992,0.9148160342989718,0.3357406120404711,0.010597283572709204,0.010835487555090402,0.0005831288896969803,0.0,0.0,0.0,9.427004111792276e-06,0.0031286794911002153,0.012391449708039796
machine-3-9,20,0.40643412299722803,0.8483809575105604,0.46824110805334646,0.6503340757238307,0.6666666666666662,0.2825401024051996,0.6667618021279358,0.907765120213865,0.31703055498036026,0.012342966613140216,0.013234417212812677,0.0006733392428775877,0.0,0.0,0.0,1.0318066582535204e-05,0.003985805593141212,0.023251623640272792
machine-3-9,25,0.40692789981678146,0.8456959169034047,0.4687471954829917,0.6503340757238307,0.6666666666666662,0.2825401024051996,0.6667672719013162,0.9056512844713835,0.3242312300019765,0.005593145834941836,0.010378661301106637,0.0009676092644604675,0.0,0.0,0.0,8.73849984276346e-06,0.003616145583788549,0.00620252586606695
machine-3-9,30,0.4029441960217581,0.8394710919280371,0.46808137621141965,0.6503340757238307,0.6666666666666662,0.2825401024051996,0.6667603308476437,0.90210250769593,0.31484787273637105,0.006130329472467705,0.009818555037053879,0.0007011952910382344,0.0,0.0,0.0,9.869352393986999e-06,0.002958953865921731,0.01264901691747207
machine-3-9,35,0.4028009548539604,0.8382411522022595,0.46808137621141965,0.6503340757238307,0.6666666666666662,0.2825401024051996,0.6667655396772458,0.901297105200075,0.31231409289035816,0.0019625560483546717,0.009616541692132986,0.0007011952910382344,0.0,0.0,0.0,7.121278436930407e-06,0.0028521547276035165,0.0047970313483049415
machine-3-9,40,0.39993470825739275,0.834409040354759,0.46778981176657114,0.6503340757238307,0.6666666666666662,0.2825401024051996,0.6667736998481248,0.8988097127028318,0.30510851708122555,0.0061356156638361845,0.011682318398543463,0.0005041190996828504,0.0,0.0,0.0,6.216452997115947e-06,0.004889806862349452,0.014105300983704303
machine-3-9,45,0.40134812315921864,0.8367826668586369,0.4677870785603878,0.6503340757238307,0.6666666666666662,0.2825401024051996,0.6667703662937652,0.899400017243436,0.30446464811785845,0.008491374490353637,0.014173289964354525,0.0007082018840941475,0.0,0.0,0.0,1.2593848357896739e-05,0.005519318665862414,0.017372782600338182
machine-3-9,50,0.40173044474058917,0.8367471082166841,0.46808137621141965,0.6503340757238307,0.6666666666666662,0.2825401024051996,0.6667643680047067,0.8997182354690045,0.3036363288337365,0.01090833203016479,0.014484575753450005,0.0007011952910382344,0.0,0.0,0.0,1.4460136960602213e-05,0.006367170514360706,0.021339113474990432
machine-3-9,55,0.4028469497051695,0.8376793605208203,0.4677870785603878,0.6503340757238307,0.6666666666666662,0.2825401024051996,0.6667726863975586,0.9005815817850649,0.30554162482379765,0.011864012627690795,0.013319639551434793,0.0007082018840941475,0.0,0.0,0.0,9.037534097972224e-06,0.006218105798355268,0.021991193103884622
machine-3-9,60,0.4037220228239153,0.8403130822219225,0.46770584603633275,0.6503340757238307,0.6666666666666662,0.2825401024051996,0.6667650882250037,0.901207876942496,0.3039668175569787,0.01413767893230947,0.0172370954690138,0.0007455939378071001,0.0,0.0,0.0,1.3531492544527237e-05,0.007890442747368751,0.02650174983346104
machine-3-9,65,0.4027877301493423,0.8374250319824419,0.4680786430052363,0.6503340757238307,0.6666666666666662,0.2825401024051996,0.6667717553029028,0.900145675487469,0.31079865545756075,0.01163482347612746,0.012153124085750628,0.0008609377213981842,0.0,0.0,0.0,7.885008047233908e-06,0.005489009205397889,0.023905212442549735
machine-3-9,70,0.4032830647426958,0.8384379448824781,0.4680786430052363,0.6503340757238307,0.6666666666666662,0.2825401024051996,0.6667716798219786,0.900747004386171,0.31058922937201705,0.010111370370553081,0.010834118434580698,0.0008609377213981842,0.0,0.0,0.0,1.6623337498581677e-05,0.004453479798293671,0.018524890339010003
machine-3-9,75,0.4049615760265926,0.841494927722412,0.4684541731803232,0.6503340757238307,0.6666666666666662,0.2825401024051996,0.6667654306032436,0.9021538849487014,0.31390110785377234,0.01461160006742966,0.014486805275882083,0.0005510483162674348,0.0,0.0,0.0,1.601545149746944e-05,0.006604635859603384,0.02695346475888686
machine-3-9,80,0.4045177530730353,0.8411440330681426,0.4681598755292914,0.6503340757238307,0.6666666666666662,0.2825401024051996,0.6667711043760891,0.9018929042732837,0.30897000405757613,0.013686312391525703,0.013171785091419993,0.0007785229896081725,0.0,0.0,0.0,1.4917044302412157e-05,0.005986189096838656,0.027847950021085602
