entity,epoch,AUC_PR_mean,AUC_ROC_mean,F1_mean,PA_F1_mean,Event_F1_mean,R_F1_mean,Aff_F_mean,VUS_ROC_mean,VUS_PR_mean,AUC_PR_std,AUC_ROC_std,F1_std,PA_F1_std,Event_F1_std,R_F1_std,Aff_F_std,VUS_ROC_std,VUS_PR_std
machine-1-1,5,0.5944709035571949,0.9342185164908845,0.6024416968210295,0.6382380939100284,0.4649869795665254,0.11916287706804388,0.7026691534445042,0.9523417496891023,0.6206569155650727,0.023238130767891357,0.004254123976548469,0.012800336018527616,0.18527273396144905,0.13231638916847283,0.04311558729806455,4.3174945080215466e-07,0.00363621509011226,0.029454581394744966
machine-1-1,10,0.6014469537003287,0.9271376675850926,0.5923169829092108,0.7901286442541318,0.5674730646324005,0.15224270872143653,0.7026687470580997,0.9507883200088078,0.6390505773040736,0.017729486463154837,0.014439212686068131,0.02411017781573139,0.17468199975251059,0.12512115038395083,0.04060912005273165,1.0952144059527246e-06,0.007108393467028224,0.016196791857302117
machine-1-1,15,0.596601435752125,0.92552584445479,0.5876816977395897,0.7824711994578721,0.5431531448645858,0.14191118469042346,0.7026677626067319,0.9500356311027454,0.6363871996998267,0.012259972642393847,0.011520823412767375,0.021287805385899437,0.0,0.00019965818769787313,0.00023045874792405852,1.7184582134353286e-06,0.00663964119815933,0.0073707597804740866
machine-1-1,20,0.5946968113042713,0.9217198798874617,0.5835726410393766,0.7824711994578721,0.5431499976326732,0.14188561098538616,0.702668642575086,0.949032444195702,0.637781370539874,0.013181842056499105,0.014281509434679502,0.022241813087495683,0.0,0.0002199675070794472,0.0002541295087987145,1.0841301971708915e-06,0.00794949569574286,0.010004615543272349
machine-1-1,25,0.5894655137961815,0.9198397012845982,0.5758293550865008,0.7824711994578721,0.5430605243613408,0.14195081722634362,0.702668634719939,0.9479242565515207,0.6340440580791584,0.01572855584836426,0.013690541160388786,0.026007393132194585,0.0,0.00027694347049112537,0.0002620949222401213,1.0770574197738993e-06,0.00804721974968559,0.013083424677710247
machine-1-1,30,0.5759372845371057,0.9138882502130168,0.5618547941003005,0.7824711994578721,0.5430749495654019,0.14189183116991794,0.7026683673598944,0.944590266948302,0.6228074074663175,0.016586083589480577,0.013683380262602966,0.023506010323639887,0.0,0.00030033270218507614,0.0001981356107473095,1.577531207822453e-06,0.008370983248909702,0.014809365267446854
machine-1-1,35,0.5734255451001412,0.9127226991482095,0.5597016802649125,0.7824711994578721,0.5430903945016161,0.14189528095376908,0.7026686125739521,0.9440521368611675,0.6203842183745112,0.017544064593255963,0.013897749455128068,0.02551592449914985,0.0,0.00026577808060372887,0.00014604479784976722,1.1733876532320128e-06,0.00840917218658742,0.01775157752148335
machine-1-1,40,0.5730405931445832,0.9114775224111148,0.5580660690067595,0.7824711994578721,0.5430963410570389,0.14193876746186576,0.7026686125739521,0.9436783478585941,0.6215912402943785,0.01955128664551815,0.014305623733161563,0.026680501865554214,0.0,0.0002888345246543342,0.00018682833458892283,1.1733876532320128e-06,0.008809812683554786,0.018639155245770207
machine-1-1,45,0.5691370379233847,0.9095842750742276,0.5528856598689235,0.7824711994578721,0.5430864536206937,0.1419559118428593,0.70266880194917,0.942529620061751,0.617813159112494,0.021441905773313084,0.01613267916843871,0.031770145840386295,0.0,0.0002372503934149218,0.00022929679815160303,1.3553039487960247e-06,0.009901222167216605,0.019638208976277598
machine-1-1,50,0.5722581529548626,0.9103540451094393,0.55607483159578,0.7824711994578721,0.5431101018849468,0.14190638784105256,0.7026686125739521,0.9431154200074361,0.6207214973411171,0.02165510487856368,0.014189120541823476,0.02866066156214291,0.0,0.0002682984643085902,0.00018721350400055796,1.1733876532320128e-06,0.008950982214577533,0.02129809529285708
machine-1-1,55,0.5699488783438738,0.9095490416952954,0.5544721898842913,0.7824711994578721,0.5431308410738404,0.14193357592302702,0.7026686792953968,0.9424316407764448,0.6179319682469758,0.020521594886504468,0.014119517328700615,0.028785095766567185,0.0,0.00024841783603968916,0.00016541723498198797,1.2160755136811406e-06,0.008872500606904837,0.02093422139949387
machine-1-1,60,0.5726872320176519,0.9099777699754195,0.5564704178272625,0.7824711994578721,0.5431308410738404,0.14193357592302702,0.7026685244630644,0.9429130035164854,0.6202893216719326,0.02272238145341714,0.013877763099577455,0.02900101853724489,0.0,0.00024841783603968916,0.00016541723498198797,1.5739206452602942e-06,0.0090818680277708,0.02437023151512419
machine-1-1,65,0.5717671985416056,0.9087952601581001,0.554951061369471,0.7824711994578721,0.5431459061549909,0.14183157022602297,0.7026690091171444,0.9424679888385838,0.6210088272145297,0.025498467208326776,0.014433970616452641,0.03003268263027771,0.0,0.000264006925899729,0.00022605776290444399,1.252974364478051e-06,0.009214748060386545,0.026424135140862132
machine-1-1,70,0.5734290065013427,0.909194331772516,0.5550919645159047,0.7824711994578721,0.543158640841984,0.1418547981688184,0.7026689418278582,0.9428005532033193,0.6227366745202503,0.025595655060860926,0.0162534092953389,0.033930689072494996,0.0,0.00028723551376750407,0.00021739939242835222,1.234971917643036e-06,0.010343849506806436,0.02540080783004994
machine-1-1,75,0.5730026226869759,0.9090276892128034,0.5542854306204583,0.7824711994578721,0.5431686525845936,0.14182790649059415,0.702667273032363,0.9427035919825493,0.6225654111678284,0.024836370019094264,0.014664375306404463,0.03093664616803769,0.0,0.00027418314572211276,0.0002544360717543369,6.914795894615608e-07,0.009417076482532137,0.025629382452000662
machine-1-1,80,0.5771032261713189,0.9105770020321269,0.5603880811431154,0.7824711994578721,0.5431500151978352,0.1419295096054947,0.7026685270183513,0.943716573960524,0.6266585189358714,0.026093447360707494,0.016479389708474644,0.034901239328576195,0.0,0.000228949862138311,0.0002756861501649471,1.5768171577072723e-06,0.010046543083030077,0.024666508984538826
machine-1-2,5,0.2730170820408637,0.8791854127546158,0.3653907784343647,0.910614433001127,0.7189353156411653,0.2548977289451049,0.8897758619926094,0.9224731568002635,0.2811706515554649,0.02015238269733241,0.007633488887647164,0.01629208186132189,0.007423527584245002,0.05044895782695416,0.00978981897771706,0.02016426939008844,0.006077571396645663,0.01594032291380432
machine-1-2,10,0.2313110766711995,0.8655678284843169,0.33104973812041616,0.916644193742889,0.7248627498508716,0.2812318829077115,0.8717238896668553,0.9104998754285119,0.23657784144785282,0.011629934704661025,0.002381355630815723,0.017494809231685837,0.0007055584110757592,0.009078748570818137,0.010685558669895711,0.0029293100832709974,0.0011230213806441495,0.013093648113881183
machine-1-2,15,0.22719167510184773,0.8608391266365241,0.3353087524161484,0.9134782819805674,0.6983131212479677,0.2867696817183233,0.8676849343097937,0.9073711469180578,0.23510551805226504,0.008804691526116095,0.004217818794049034,0.017916665138698558,0.003971321167307819,0.034753357232204185,0.009517439618075321,0.003892306500095479,0.0021447488370887812,0.010625123852490084
machine-1-2,20,0.234260015624917,0.8573536577413046,0.34242992580014797,0.9166077293480576,0.7292047290278982,0.29159588875500264,0.8740053285298146,0.9057212696594609,0.24027195764172937,0.014013657437455048,0.005521611111359669,0.015803274491420008,0.002433121616729964,0.02241643010214819,0.011323067133073872,0.00896303861219538,0.0034766660200425794,0.01090974843629528
machine-1-2,25,0.22747022277857715,0.8540245745487745,0.3396257601373436,0.9172819448844656,0.740335893300142,0.2914440186172159,0.8753902456850045,0.9042414936239598,0.23457537836825476,0.004584409695413339,0.007979925561730376,0.014254427322843391,0.0013401504027625443,0.007744995625954382,0.009807911747994981,0.005673274772091243,0.005161485645759016,0.004375622752544888
machine-1-2,30,0.21883209648842283,0.8503132616989221,0.32830182631349536,0.9168488433827056,0.7407980816936212,0.28639832289995104,0.8711871183881161,0.902453310440991,0.22494676148570636,0.011438215121596275,0.00932028971099837,0.016250805786370517,0.000823166309907051,0.012073928280729326,0.018133662239138513,0.006338895735919373,0.006216771300639654,0.011445671511320149
machine-1-2,35,0.2258379896604817,0.8488680317927062,0.33520579359895974,0.9159323152826827,0.7508826221167414,0.2950642452376337,0.873902300767202,0.902421210136714,0.23312788689361608,0.009816546234629575,0.011017531490492845,0.00989688029183843,0.005292147255136505,0.04515178268313854,0.012019892962714983,0.004294918444746155,0.007391356717477595,0.009691333326864093
machine-1-2,40,0.23061188486900683,0.8483414445690065,0.3387972626912068,0.913238134751055,0.7301858321364251,0.2857876160054159,0.8702762127870471,0.9018807479815053,0.2384790206764886,0.01074262587605363,0.006513798164415553,0.013983551782267617,0.005511657440341404,0.024337895469604277,0.01768002154052462,0.0018607203686891222,0.004529880189365396,0.008737223806054758
machine-1-2,45,0.23660633623065438,0.8475121907702678,0.3437365020200074,0.909467778049957,0.6928586573969683,0.27368491940185347,0.8707463021836483,0.9020099453871354,0.24458196982931538,0.017137708820982686,0.007087437013976271,0.018778308225024624,0.0042056825206677,0.017546251094879464,0.016229092364610044,0.004356687108657739,0.004474678545977419,0.020686083382213307
machine-1-2,50,0.23552612463437297,0.8470608317164275,0.3365571591930259,0.9112285183001343,0.7144547884460727,0.277582937818579,0.87279689484762,0.9013378164468335,0.2403469756696042,0.03042241193439951,0.004348222687362943,0.03222594453001004,0.0026191827727250427,0.028967743882302298,0.019481130334312532,0.006851107263097497,0.0033748145443145017,0.029391429303030178
machine-1-2,55,0.22911554212530022,0.8480149409582933,0.3240142459607981,0.9094493545884315,0.7134757078886041,0.2780314546998989,0.8740623193380113,0.9010493851490988,0.2320250945294156,0.03751038791832731,0.005034982669086729,0.04988053065038744,0.0031531050137053062,0.0298506932018428,0.017960616962352186,0.007014414002318827,0.0034261603845443774,0.04289793479239018
machine-1-2,60,0.21540032331520925,0.8444919327180136,0.30313160943096384,0.9110136229399056,0.7044480149492784,0.278963067650547,0.8638380349997458,0.8979714990959022,0.21639883681163255,0.03792938292782494,0.0021508691974084348,0.05785912772172172,0.003572125467047081,0.024633668111237073,0.021023603514946268,0.009613450969167254,0.002000207157467659,0.04506918401037889
machine-1-2,65,0.2087232293437109,0.837620040202476,0.28603600336683643,0.9098999098349547,0.7137645768080545,0.2776635790112413,0.8710779029977698,0.8925805167507471,0.20846787711193673,0.04359474397627854,0.008267793259634096,0.0658385197531305,0.0043752226113685875,0.02723685965037626,0.022125661518581405,0.013769291220087061,0.005389553750777349,0.05106242280076359
machine-1-2,70,0.20812729930889984,0.8368697515670659,0.28575477973322416,0.9033399287028592,0.6929749879563645,0.27437846168419927,0.8733783752345914,0.891963248539834,0.2089822903221287,0.04717950609609807,0.004582076678784972,0.07126663705228214,0.009706612398269839,0.04752261975807111,0.026659566374483804,0.012712582672479161,0.004562485715322746,0.05497122167419429
machine-1-2,75,0.2041016225766466,0.8323983342456248,0.2773568299913508,0.9078910066030932,0.6899414240021445,0.2759230705636033,0.8759783354336612,0.8884225596663395,0.20301123923002048,0.05250917224437052,0.005594328080967372,0.082733685373616,0.004124959520441718,0.03905305755464782,0.0249240814600398,0.014258280107013549,0.005072371750023085,0.059745811364609304
machine-1-2,80,0.2037947463004039,0.8334558834667118,0.27389501159820073,0.9099003447855367,0.6995871217193321,0.2769776372357199,0.8757886550822382,0.889433708152364,0.2028706440996163,0.05355820227310374,0.005439511385490185,0.08115089619014393,0.0021284990963552804,0.022564419234204776,0.021562018670130176,0.0226797002395284,0.005697776864952961,0.060234088959786075
machine-1-3,5,0.18201205230550757,0.7524949628177595,0.31383899933672754,0.212253829321663,0.1538461538461537,0.08412019322565095,0.6701694704021206,0.8242981888397134,0.16846616003015719,0.0040742134883011835,0.007061338935841515,0.010871546605344746,0.0,0.0,0.0019365566204238881,2.7016103868286567e-08,0.005673497536270584,0.00624869358221703
machine-1-3,10,0.21020670072227582,0.8037771737516619,0.32440847784068294,0.212253829321663,0.1538461538461537,0.08369394931028327,0.670157774200548,0.8620887923856904,0.19670054781757468,0.004467206034582783,0.004609561555705517,0.0016642214518917584,0.0,0.0,0.0014595928171765834,1.8228734471495806e-06,0.0033906656313175644,0.0030938190824603817
machine-1-3,15,0.21543331080402797,0.8095583432211503,0.32456026907040697,0.212253829321663,0.1538461538461537,0.0832764291522219,0.6701556086793329,0.8660552782423492,0.19961795969159324,0.0034990483327639985,0.002911880322212539,0.001946256452897228,0.0,0.0,0.00023433811026828797,7.899987648925866e-06,0.0026176404234602977,0.003789135878434769
machine-1-3,20,0.21716311351823397,0.8101694354605323,0.32305577230190663,0.212253829321663,0.1538461538461537,0.08685732795907752,0.6701669575103802,0.8665648759162654,0.20211341128830362,0.00308877585628751,0.0032771885526929195,0.0018738289178991377,0.0,0.0,0.003435566857312935,1.745005372880693e-05,0.0033337789743922417,0.003739656462601461
machine-1-3,25,0.21781948650323318,0.8091816346467611,0.3232400504301214,0.212253829321663,0.1538461538461537,0.08682778969993142,0.6701576190054979,0.865635936614963,0.20277144755508686,0.004958590304993135,0.003992859759531893,0.0024613008368395595,0.0,0.0,0.002044371051889712,1.088829413152449e-06,0.003595430337100139,0.005611895007806006
machine-1-3,30,0.21876007879905468,0.8090995074023934,0.3215073525075449,0.212253829321663,0.1538461538461537,0.08700889309013722,0.6701592521133326,0.8657737354154497,0.20382180041818096,0.006056198993149728,0.002928285345479368,0.004532157465076442,0.0,0.0,0.0025206392205061406,1.12682804764393e-06,0.0031748843873287023,0.006341789413664001
machine-1-3,35,0.21705545057241976,0.8093602212759428,0.3170773059936764,0.212253829321663,0.1538461538461537,0.08707239284107977,0.6701574912170971,0.8658098923902658,0.20140575274895642,0.006990409582502649,0.005033714222156433,0.0048844747367202635,0.0,0.0,0.003264217174885658,1.5694177681222193e-06,0.00449735480818481,0.006528525743021215
machine-1-3,40,0.2167823345040245,0.8084550693616744,0.31745923430009027,0.212253829321663,0.1538461538461537,0.08373680861751695,0.6701560037804102,0.8648961507635031,0.20099728780026344,0.006547481242237447,0.005611569830510575,0.006850361619762233,0.0,0.0,0.0007172068924246743,3.832251617614907e-06,0.004955427661112858,0.006424014233037885
machine-1-3,45,0.2141835363781444,0.8075460117217781,0.31501669803713767,0.212253829321663,0.1538461538461537,0.08554766109807838,0.6701587858522555,0.8643122192487874,0.1981160698138266,0.007136878387122209,0.005868813511230974,0.0024727199421565285,0.0,0.0,0.004129703690071744,1.858085386022748e-06,0.005068606947799066,0.007175666178659918
machine-1-3,50,0.2150379737309098,0.8086830259678857,0.314344569793633,0.212253829321663,0.1538461538461537,0.08354222307119194,0.6701587858522555,0.8649514004605181,0.19875500355332665,0.007858875211269144,0.006351480320516432,0.00840195558253839,0.0,0.0,0.003577531559255014,1.858085386022748e-06,0.00544172714300177,0.007968690459860936
machine-1-3,55,0.21417072111018276,0.8078094007498672,0.31380233112178624,0.212253829321663,0.1538461538461537,0.08340814260496757,0.6701590588185177,0.8640860119511257,0.19803653631551504,0.006602656188859677,0.004607425634178519,0.004877339085488796,0.0,0.0,0.0035472685202090773,1.1338362873640504e-06,0.004082608255284926,0.006275179325921395
machine-1-3,60,0.21386014939110742,0.8083588641165418,0.3126287091204196,0.212253829321663,0.1538461538461537,0.08444183628130972,0.6701596476424792,0.8642311237533368,0.19764017077627494,0.0070465590328052975,0.003388439114449655,0.004194265607570275,0.0,0.0,0.0035042428068977494,1.3104406108570285e-06,0.0033366457554184006,0.006965788253819714
machine-1-3,65,0.21546591115560318,0.8089521264509169,0.3108736255062022,0.212253829321663,0.1538461538461537,0.0837763079854375,0.6701509713584048,0.8645955653015734,0.19960897223583354,0.009018552635238014,0.0040670485701516995,0.004256602933247894,0.0,0.0,0.003087497675132951,6.0620057012670915e-06,0.003950895064538537,0.010322019083194287
machine-1-3,70,0.21318306977859752,0.8076049119368552,0.31070816642566146,0.212253829321663,0.1538461538461537,0.08512952037681915,0.6701585206861856,0.8634155658601967,0.19647926133872265,0.005064379060501413,0.006486454531066413,0.002462219361983806,0.0,0.0,0.001638492684840921,1.821231348688054e-06,0.005788641096788457,0.005619402856251387
machine-1-3,75,0.21139107267817941,0.8061013078884047,0.3090021185091131,0.212253829321663,0.1538461538461537,0.0834552417381941,0.6701605289268412,0.8618115777722242,0.19439939862600789,0.004737001632072636,0.0014967101413882321,0.004927997390739654,0.0,0.0,0.00296746785017467,1.970841433609982e-06,0.0014692519181742625,0.0049792333168611055
machine-1-3,80,0.2122104826969095,0.8082670862521721,0.3057912123210217,0.212253829321663,0.1538461538461537,0.08289856224014577,0.6701592186959289,0.8633806157826927,0.19541134025263712,0.003893171294903826,0.0052441269395277525,0.007115833922371001,0.0,0.0,0.003076753822572887,2.2223492396708347e-06,0.004673067291618513,0.004309885574958718
machine-1-4,5,0.1765536827238844,0.7996160578717808,0.28578061752717643,0.13991524318136864,0.2857142857142854,0.2155908393500118,0.668746769594734,0.869331970380944,0.17670500075816217,0.0037118943929026426,0.013058263114922274,0.010063916625024327,0.024954023423855637,0.0,0.04059754618040726,3.2211294815873242e-06,0.01026818516010859,0.0017072460177132388
machine-1-4,10,0.17882019129172827,0.8049855659036179,0.2919862616905881,0.1773462783171521,0.2857142857142854,0.28212664248781305,0.6687506373374527,0.8721745849529239,0.18063005628040624,0.003372347732147629,0.00719173589967407,0.006928993324891273,0.0,0.0,0.013670615955822297,5.715022979548229e-06,0.0058640444946080296,0.00289792603363511
machine-1-4,15,0.18024597227806674,0.8086350410054062,0.29249933494627717,0.16486926660522427,0.2857142857142854,0.25789157432761806,0.668752850249543,0.8734871985673454,0.18006147664538444,0.003025697855079481,0.006136817719074241,0.008016957079662981,0.02495402342385565,0.0,0.036123982428439616,7.156668958332076e-06,0.004690299552753019,0.00349775167529225
machine-1-4,20,0.18102962242784565,0.8119178761569037,0.293212618273915,0.17775121786635076,0.2857142857142854,0.2516859928759487,0.6687514716361531,0.8753171897316098,0.18120357613995944,0.002511567205821095,0.003864789558440625,0.006061557753191542,0.000735301039925157,0.0,0.048944285893660205,5.620881146856362e-06,0.002414217097028917,0.003124574254244989
machine-1-4,25,0.18037265610489803,0.8101282869604742,0.29074011880764017,0.16539125535267865,0.2857142857142854,0.2342373178471029,0.6687503392165821,0.874215479566212,0.18165182310513087,0.001515241996411235,0.002869789494313398,0.0020198647083845703,0.025318169592990696,0.0,0.04994858210773338,7.304899611660967e-06,0.0027779505137317975,0.0019127905052055722
machine-1-4,30,0.17976399412091681,0.8083219546957959,0.29021762601957024,0.1524496856829069,0.2857142857142854,0.23997556892285066,0.6687523648099225,0.8727641400093705,0.1804539395272579,0.0014423790879849266,0.0038813742149996634,0.0015140588835455286,0.028880739645937296,0.0,0.04813816927974953,6.3342090678623145e-06,0.0030243798513939508,0.0025337261469014507
machine-1-4,35,0.17876962657881357,0.8062548355431766,0.28684544468854645,0.16018488816651089,0.2857142857142854,0.1969510992698376,0.668752794637356,0.8708605867788796,0.1785931896188676,0.0015112347860242695,0.0031668936101569884,0.004254892620741896,0.03912603525107137,0.0,0.007989810647567824,5.050723413528848e-06,0.0021766603459703127,0.0017647010470613661
machine-1-4,40,0.17857790359958187,0.8032903680211023,0.28595012717640483,0.1960291106483444,0.2857142857142854,0.19507078096565977,0.6687531609111383,0.868912554025345,0.1777041966051076,0.0020365979946067388,0.0032659656421011266,0.003920339707255018,0.05209433796514231,0.0,0.004213124667875545,5.451882092334243e-06,0.0026141963397608168,0.0016098275291890358
machine-1-4,45,0.1791152329705414,0.8023635530604153,0.28742268579780106,0.15266200693541393,0.2857142857142854,0.21418792491950694,0.6687520119042362,0.8680712422735951,0.17884839357793594,0.001279311866485739,0.002896430491877107,0.000593657474100958,0.05044755093194625,0.0,0.010389982446947698,6.159909769206145e-06,0.002537786604980564,0.0009084130881820017
machine-1-4,50,0.17897221382564094,0.8007279834696956,0.2852490648585294,0.15598431734105767,0.2857142857142854,0.19898444628547368,0.6687481222277218,0.866763865826837,0.17823652601219286,0.002311977947157633,0.0017575191742648058,0.003770394230654617,0.057092171743233694,0.0,0.017667209929305133,5.693966644041047e-06,0.0020287228396528943,0.0015998012518699855
machine-1-4,55,0.17929631541351626,0.8003955927650603,0.28439740565365734,0.1274382314694408,0.2857142857142854,0.1997775966414974,0.6687478078366329,0.8666529598599603,0.17829076055495904,0.0025352010416541705,0.002849781859381644,0.0017389634830604025,0.0,0.0,0.007482656366366761,5.951170842483468e-06,0.0028613408541419065,0.002454563378885933
machine-1-4,60,0.1795886985275294,0.800709049295945,0.2836969818773114,0.1274382314694408,0.2857142857142854,0.203482113266426,0.6687497618758121,0.8666412788500268,0.17834435306328045,0.0025298233787956334,0.0017356867335384582,0.004948265528138006,0.0,0.0,0.013426170101232518,6.081655706655378e-06,0.0018977596281612508,0.0021937955720187116
machine-1-4,65,0.18101090469063072,0.8016627392989429,0.28738338004877306,0.1274382314694408,0.2857142857142854,0.2047579645085562,0.6687492572228324,0.8674906821464599,0.17954720268121108,0.002310792294269195,0.0028314433823783927,0.00628185045850234,0.0,0.0,0.013422027424803622,6.532245706972792e-06,0.0020028231536173987,0.002229334861940376
machine-1-4,70,0.18065312708179604,0.8024473439570218,0.28363924256134343,0.1274382314694408,0.2857142857142854,0.20848742488166644,0.6687485823989255,0.8677520964150607,0.17912946202896196,0.0027053259241959326,0.0023403884364573894,0.009653118319868419,0.0,0.0,0.011183290379968507,4.058387274321165e-06,0.0017190471113058693,0.0027604941465170446
machine-1-4,75,0.18090193466584506,0.8019913597910079,0.28374818599379237,0.1274382314694408,0.2857142857142854,0.20102749209646942,0.6687487650821907,0.8676352299609545,0.17979537445541094,0.0022122437071960994,0.0023667528228430513,0.009132305480675992,0.0,0.0,0.008622732669169474,4.208471371092378e-06,0.001906687100442685,0.0021660244307904106
machine-1-4,80,0.18040376903118605,0.8009001212512452,0.28535675047206915,0.1274382314694408,0.2857142857142854,0.20249380282977758,0.6687496524352962,0.8665122231533091,0.17909961370438668,0.0024696129579388974,0.0030554704390427295,0.010711514447447088,0.0,0.0,0.009728209772173849,3.3914436324492008e-06,0.0015683432619358643,0.0028446830275093756
machine-1-5,5,0.5593493800429628,0.9323912997414926,0.5777318334640588,0.8154875018704013,0.7272727272727267,0.5622003103237733,0.9608857227912131,0.9728807167396412,0.4155845020639674,0.009684568372348424,0.0036605044280511355,0.017205821453654575,0.03529017042471329,0.0,0.021609237798089063,0.021564901590434487,0.0012343315725912903,0.024953697583995706
machine-1-5,10,0.5580205676795591,0.9321260117811586,0.5627374077316669,0.8052107572923024,0.7236723672367231,0.5524837389059358,0.9708970206307093,0.9722092942472259,0.4244002111715942,0.008523301277642887,0.00439460678397717,0.004140497790597716,0.025163955621635575,0.007200720072007227,0.028352626355164546,0.013894641448503754,0.002442807319402581,0.032023005843490555
machine-1-5,15,0.5666385389626248,0.9318956858922745,0.5673372370576716,0.82776766846829,0.7244019138755975,0.5518250181376363,0.977701275529466,0.9717291272273758,0.432107282312728,0.004785650706843999,0.00420829686011482,0.006986685886267346,0.010902085033091934,0.005741626794258378,0.012579010088653397,0.0066497050013026,0.0016560251829105452,0.018475303519565757
machine-1-5,20,0.5692581128673578,0.9279857609018096,0.5669615888473191,0.8261072888352512,0.7295700689202489,0.5445171498497419,0.971525935864603,0.9699520995592585,0.4380514544765005,0.01126630662259116,0.00220560753170367,0.009207428684216184,0.025131770204611704,0.00459468329504432,0.01825221211845379,0.008149340295288535,0.0007912313040729191,0.02499217261893907
machine-1-5,25,0.5756142549413721,0.9237252616858076,0.5790564798317063,0.8281576755090089,0.7345104467659475,0.5424379349632403,0.9617541017298749,0.9681426365013399,0.456001119057435,0.015132840332708182,0.002776799844518431,0.020444536620237406,0.03503175480531303,0.01073504935593112,0.014991255518135727,0.015841497351457026,0.0011239195428094932,0.045463640611374874
machine-1-5,30,0.5782587923440977,0.9208572064245455,0.584606391719874,0.8486802380266931,0.7504587226280164,0.5428229243555165,0.9526274794590589,0.9666547194829622,0.468962914767606,0.018305541434675124,0.0026223087264798006,0.037199319954917244,0.037712678659980584,0.04232472576540246,0.021256627375761762,0.0068127508020627,0.0012621793813791453,0.05010799285184913
machine-1-5,35,0.5801889062900949,0.9180094927321271,0.5970146813720922,0.8593745919832876,0.7542556921559627,0.5418794011554837,0.9564745792657855,0.9652285597358539,0.48682081165553137,0.0192727570478591,0.003015928545397644,0.03723826409439141,0.02610693556366067,0.045832307908366704,0.0027472363290898085,0.005903281184123139,0.0014394065887412002,0.037513879654285646
machine-1-5,40,0.5794184572908145,0.9161684748061194,0.5988902305218293,0.8406332171247958,0.7527932225983542,0.5490614013238765,0.953346497614993,0.9640332987022868,0.48216954145477553,0.019565630617132165,0.003203622611742176,0.046225917709799065,0.04942646772367357,0.04314009135762859,0.00943447158673638,0.005772208151485529,0.0020347877023707706,0.053779419280568425
machine-1-5,45,0.5805924263317592,0.9147657541212866,0.59112921007872,0.8434396963051499,0.7461587708066576,0.5563061862823934,0.9644573350203957,0.9631460433829305,0.4851152227569258,0.017163377088053437,0.0045335693252136905,0.038928552514483586,0.031924819602652095,0.03777208706786172,0.010523193383506638,0.014501694966610641,0.002432541038368078,0.04571435291218085
machine-1-5,50,0.5786289395422588,0.9136706996652117,0.5787931251019165,0.8364117838395468,0.7272727272727267,0.553813901268636,0.961673170424967,0.9625912498713198,0.4796881415852421,0.017163792966113207,0.001815285428660302,0.03620945503999016,0.03132527253469798,0.0,0.01998136454730638,0.014455451449848949,0.0012086336909643354,0.04660458232973227
machine-1-5,55,0.5778077491222072,0.9140435224816714,0.5797157532484116,0.8195969498910676,0.7272727272727267,0.5533148462077025,0.9623873974787056,0.9624296440170114,0.4658792805481652,0.010701825665161457,0.0016384467304110342,0.013734057456556188,0.02838525239780354,0.0,0.014072072587744764,0.012718437137992351,0.0009875444903052818,0.023230820125466713
machine-1-5,60,0.5810399666010696,0.9134028690087723,0.5872370953031864,0.8268907946923875,0.7272727272727267,0.5531686585492329,0.9638404303543808,0.9623901742853069,0.47608144409757897,0.011416039320650858,0.00172885335153889,0.013516720827210706,0.03790119308776754,0.0,0.022197380326577164,0.015202298974680334,0.0007791613186072225,0.026471843173269158
machine-1-5,65,0.5830328274999301,0.9137931198881213,0.5890268164835565,0.8396754902722491,0.730480363010483,0.552807652912655,0.964139620527737,0.962798020010328,0.47060437498097596,0.011773705424345958,0.0017301765756908881,0.0208102202830758,0.0474096330309161,0.006415271475512469,0.018204603255011484,0.015064675425059881,0.0004924090604601538,0.02574097504139597
machine-1-5,70,0.5813236017492442,0.9141990507267873,0.5830434159591187,0.8389035499298182,0.7275737507525581,0.5466374358078965,0.9568071439215406,0.9628294466539004,0.46008632144413747,0.012550237287186445,0.0018711416785070075,0.025806222998701712,0.03305984123366929,0.0006020469596628935,0.015439180917864479,0.01461467236801813,0.0003604397676834713,0.02645850640755049
machine-1-5,75,0.5809645201456747,0.9142576386828833,0.5807613678426602,0.8393835785905597,0.7278869778869774,0.5548028378291086,0.9548241083071138,0.9627126223211664,0.45906047515098114,0.01291955348867005,0.0014548719551195884,0.021617177098710964,0.03759282370678416,0.001228501228501282,0.020889746989264865,0.012936902217283995,0.0003694779593367961,0.027868576184575923
machine-1-5,80,0.580221033948353,0.9143160147476375,0.572282048147574,0.8398380739808918,0.731661442006269,0.5546876532464797,0.9560404459114369,0.9629573076583058,0.45725127072048516,0.010985394665131275,0.0018466498105917941,0.020808374015355454,0.035160091456382665,0.008777429467084588,0.019149699133221745,0.012170801592015695,0.00032267595605313816,0.026296425061667156
machine-1-6,5,0.851337733544187,0.9198139429991633,0.8156369947988358,0.9941874975643005,0.9141683526177258,0.6294585951445281,0.8695887855089904,0.8767203894791312,0.7984444604322641,0.014640620513303377,0.004473509594807238,0.026252528060177267,0.0020552724738690715,0.037880016876400226,0.0647450070852822,0.0522451549461755,0.006500841328157188,0.011373545756022918
machine-1-6,10,0.8576550749228069,0.9204395930462302,0.8269395483018498,0.9949040138142116,0.9447637779030078,0.6405446825879143,0.8954929437775813,0.8931933159774146,0.8221365893645158,0.013436115467890924,0.006093717989531586,0.0177048024403671,0.0011023113168862951,0.006739907140219854,0.023898476523001647,0.02168057414468859,0.005566461078692711,0.011510565226959563
machine-1-6,15,0.85513847524633,0.9184629027429124,0.8233803055964644,0.9950738675884323,0.9382912016879728,0.6381455686312432,0.8880143404186235,0.8925965595702197,0.8223304563477052,0.01560039126087393,0.0061808835698200235,0.02336822907879764,0.0009913135090269336,0.016595680309689675,0.03775716323328056,0.029255422938329206,0.00554984179294117,0.013842399085041222
machine-1-6,20,0.8594737487542734,0.9206128196519356,0.8282303792250598,0.9955485239699087,0.9423081549959926,0.646185402360407,0.9053967963971917,0.8954531078374217,0.8296950427908231,0.014792000049085511,0.005502133956113257,0.021437550526869728,0.00048161442288429724,0.013648731280676956,0.016625392973432886,0.014673301007847844,0.0059182151037087,0.01607533225789108
machine-1-6,25,0.8561282106779847,0.9195304943236604,0.8218393827316347,0.9951079485539549,0.9434956129118214,0.6372516522029952,0.9004367873060349,0.8952710400768777,0.8289554101876211,0.014918558111771334,0.004493528898415804,0.023589852634716732,0.0010954129188922436,0.005887362293974549,0.019096503599548658,0.01425008448490265,0.004348660255554993,0.012616365497408978
machine-1-6,30,0.8474149351610785,0.9163951363084154,0.8096112028666,0.9950732109957855,0.9322782374598388,0.61684840356281,0.8889619745315915,0.8920888016958203,0.819703374447083,0.019019374143440345,0.004787878858579045,0.028424124535125904,0.0008016741054963947,0.006803981812588071,0.044571873393457626,0.016804349448215353,0.004790996192810812,0.015495563342175249
machine-1-6,35,0.8509891555458549,0.9177600579187345,0.814078222017872,0.9951731974940033,0.9403393069195399,0.6277579496929835,0.8968776408297834,0.8935330340439851,0.8233080553802815,0.0194098714255855,0.004692979249236351,0.026729504775706844,0.0010360088045004,0.004372642868815426,0.043230132885812025,0.014376422922834593,0.005051445029468359,0.018531347221598615
machine-1-6,40,0.8495602349588713,0.9176535678131692,0.8110677463845462,0.9950381075508183,0.9409109665995777,0.6233552202083232,0.8938739601614929,0.8931242678290999,0.8209704390904627,0.018790791186487753,0.005537158657349259,0.024226858848421903,0.0013062283242055296,0.007908199609299742,0.04908742994524377,0.013097612987185748,0.006001099102160916,0.01777818117482324
machine-1-6,45,0.8511877859713523,0.9168914926150116,0.8160854414822617,0.99497171602452,0.9377928355731616,0.6261229569954184,0.8955000180648456,0.8923889841697972,0.8226726602616671,0.02191250499387131,0.006921694873787659,0.02863505867818826,0.0010476215165936024,0.00906676805861178,0.03786212648415016,0.015549983302983942,0.007631402856439284,0.02244402396185533
machine-1-6,50,0.8480072771622279,0.9168091328399134,0.8096318902490406,0.9949698185038436,0.9333218735661146,0.6267671460915653,0.8855900016220021,0.8916711789992224,0.817606995593079,0.020410957873278634,0.007317275068500338,0.02511997510087183,0.0010602541703770409,0.00682080485353606,0.043712526450181255,0.017831115853023882,0.008033127870016959,0.020378693556067015
machine-1-6,55,0.8496155944765269,0.916570248307177,0.8113180527724497,0.9951417294214701,0.9336734235126217,0.6387475388722077,0.8946035071928895,0.8917199275693142,0.8198478096292044,0.01994742274902653,0.006572129911382741,0.03009028912375158,0.0010110635193296053,0.010814644557065012,0.032232771961286516,0.014486709681031936,0.0059062011809002226,0.01653738787095749
machine-1-6,60,0.8501084052368972,0.9178849158374043,0.8106215769261896,0.995142236401903,0.9354479432067647,0.6333164671872068,0.8899708801189286,0.8921898496691464,0.8181212650031661,0.017398265536157177,0.004362739190616144,0.026794782259374136,0.0011210999860321229,0.013148139345893506,0.04737557873317122,0.01642547099661108,0.002910760356640666,0.012186919085155576
machine-1-6,65,0.8460478110336652,0.9160671116747914,0.8062641444066493,0.9951126862794246,0.9322554791774604,0.6328838674989141,0.8926657442326985,0.8917382135738174,0.8177257765150947,0.03146439141548915,0.0076252477194285306,0.048190935670494095,0.0008092319773493218,0.005867123899347178,0.044176281702591344,0.012652259674617151,0.0068720419744862085,0.026598679356519495
machine-1-6,70,0.8419604777186127,0.9148919125934885,0.8012566570035135,0.9951451661822435,0.9310119464651216,0.6292897103298791,0.8948198126289486,0.8907835044388526,0.8147960645971598,0.03918860825420657,0.011487269158672918,0.052247804930928975,0.0011166102075546584,0.004658153568044026,0.045022205039367894,0.02161103571443827,0.01042364526527982,0.034379977860219985
machine-1-6,75,0.8424192827358677,0.9155546729823045,0.800730054595563,0.9948445436102779,0.9308388661206737,0.6331353202173943,0.8909411908802402,0.8911323402657856,0.8144977966047284,0.035150208111557245,0.01083304023186925,0.04794063686283957,0.0016000956038331837,0.005299356058362825,0.04024715946789458,0.023960592956412535,0.009611844810650994,0.029543849038290174
machine-1-6,80,0.8493105026497814,0.9171898792748899,0.8124211472962861,0.9946648025512993,0.9421495800612399,0.6441238120985665,0.8891471746186519,0.8932952450758115,0.8236018831445866,0.03369986620020303,0.010338079678188745,0.04694563886272217,0.001508997107440193,0.01475493945455122,0.0380629889808527,0.01930286656502188,0.009805184089256,0.0302048170312221
machine-1-7,5,0.6285452055612755,0.8073650501768539,0.6901403627784546,0.9960876405478908,0.9119601256264771,0.5656610338065633,0.9262131158168854,0.8261735814832143,0.642342886512701,0.006441773023697586,0.004117260895091818,0.009091118503292145,0.0014374389436886132,0.009456883197933176,0.003143966475216868,0.013166354217529512,0.004360670516003277,0.0065019396047937645
machine-1-7,10,0.6441771609315725,0.8368052424303798,0.691845471189557,0.9967700895286532,0.8908091847682877,0.503142973418198,0.907140742276024,0.8553688209997485,0.6559757508274809,0.009004608840295936,0.011452374703749811,0.007270850831332123,0.0009191812213716495,0.015069624017948681,0.02110278515389185,0.03899889522122649,0.010835185716796345,0.009312966933860961
machine-1-7,15,0.6410417200309466,0.8356309748690685,0.6894036014189802,0.9975497667058457,0.9085674201616798,0.5143798336982519,0.920597313972866,0.8537417904513804,0.6513874484788216,0.005497731132230583,0.006038981466745942,0.008180430215576785,0.00026094861927527933,0.013321126130997998,0.02172999376065778,0.03785116128549139,0.005564320954306423,0.005948876077702334
machine-1-7,20,0.6372317939931416,0.8303067429175166,0.6896455156460488,0.9960263228451256,0.8874115520877441,0.5103917678297883,0.8958076026053392,0.8482777080589863,0.646811315009501,0.00717389221939383,0.0056958000610660775,0.00966318883804314,0.002529100631473096,0.03787448757653959,0.0262665053663791,0.06368877902923159,0.005735899893893042,0.0070581297396217196
machine-1-7,25,0.6409654109945284,0.8313845624837669,0.6940421300591967,0.9973939179510418,0.9084061258095618,0.5149448647576943,0.9302861088853858,0.8493693263425293,0.6502256978946364,0.006134376915881228,0.0034676792206304098,0.005572557110594193,0.00043167892967881604,0.010494489333004486,0.011077802723689077,0.044213169783203714,0.0033644656838475277,0.006035469212188269
machine-1-7,30,0.6421404733300256,0.8321516413591881,0.6967299847660937,0.996133684874759,0.9013294499929752,0.5061727883941786,0.919522642868388,0.8500728224926697,0.6514783210249062,0.006193197035974003,0.002510310482960347,0.009384156153699164,0.0026185022071107153,0.03294613566246514,0.02313070349789751,0.05925746340768805,0.0025195662312672068,0.006309387556581659
machine-1-7,35,0.6401015681336308,0.8319385092125071,0.6948323126463974,0.995978052328205,0.8986721451201485,0.4861801923066599,0.919540011219942,0.8499546138525063,0.6497117456610284,0.0036587748214822083,0.00375659811269212,0.00787644041521483,0.002544042442760738,0.030678937519675296,0.03170686587054377,0.05936909683547536,0.0036341642781107606,0.0033208161033106923
machine-1-7,40,0.63904881321506,0.8324771092710341,0.6919895242981451,0.997186584335358,0.8996235682171254,0.49151605391877184,0.9286969883237066,0.8502775870459431,0.6481085299328991,0.006450246003545759,0.0034100910133825473,0.010803397458803375,0.00012139508691862643,0.03186129874408694,0.034459786342041464,0.058406012196321695,0.0034681938234665316,0.006575500677893634
machine-1-7,45,0.6392932067370177,0.833474694251629,0.6925062587244861,0.9974988696996899,0.9042733269894521,0.48622317470306886,0.9209304311871465,0.8512893102701733,0.6487563538993706,0.002162439026514441,0.003325103464806668,0.005284345282935685,0.0003791126816841459,0.014219132034989306,0.023351122228570824,0.034067135217564666,0.003285452947911176,0.002277691644427659
machine-1-7,50,0.6446021149050623,0.8362975634149485,0.6936754547621881,0.9964943841825344,0.9055281798825984,0.5021605421674389,0.9004006656396998,0.8538560208109914,0.6538899260550458,0.007055531402057414,0.0036183528226900936,0.007043572282514743,0.0034048455163437226,0.06750754673252403,0.028935479492689837,0.07134242465301914,0.003763594837073295,0.0069105628459925185
machine-1-7,55,0.6453754569119479,0.8366382776119602,0.6948431836254901,0.9972362895231381,0.8839879407278359,0.4824140192815556,0.8883151208163248,0.853977161324988,0.6543883360293672,0.004419517787185802,0.0037422297353049473,0.004881249434472914,0.000464321672641459,0.03759029173888516,0.01424703195667373,0.04846435520510059,0.0036966691901094122,0.0048851209692586444
machine-1-7,60,0.6444178910651676,0.8344793159792233,0.6947048493924566,0.9970804409830993,0.8812357309410243,0.47821829675624994,0.8965406083711782,0.8518619679123306,0.6533590438399519,0.0028166664355484326,0.0025854272512564574,0.005297401312738201,0.00029667112021350574,0.03433629696418494,0.029556264628709947,0.060428837388424604,0.0028432121479548588,0.0033118541950998277
machine-1-7,65,0.6455426208565852,0.8353131582565869,0.6957412600914568,0.9972355509337805,0.8757039745777153,0.48105671032404496,0.8693660812286893,0.8526632896779518,0.6547251606090867,0.004724579072894342,0.0016339256146393605,0.006039214775254551,0.000314640173341816,0.02379194501398699,0.010028861412232803,0.02921342574571504,0.0018742863548228707,0.005064740787763564
machine-1-7,70,0.6471823040710416,0.8370494523187673,0.695175083359237,0.9970264339211896,0.8640829617821807,0.4597692347570325,0.8549372974350805,0.8543739032212405,0.6562567869831781,0.004303651974948737,0.006313522202717211,0.0041158600851348625,0.0001048946948547356,0.017421653850360964,0.01826367229473497,0.022916831296091962,0.006225667926801893,0.005061201539722842
machine-1-7,75,0.6465175997641787,0.8358186190073065,0.6962836448253628,0.9970264128050126,0.8644570291654905,0.4585374167159293,0.8575176896909122,0.8531840205817106,0.6557412221409844,0.0051878227288204995,0.0023749883880901253,0.006831004364049256,0.00046287800634024984,0.021906292758118923,0.00408438046596808,0.02449262955602277,0.002500729219976507,0.005540820114273664
machine-1-7,80,0.6447136172362803,0.836141300621976,0.6942855518098158,0.9956568684052471,0.8430904837697764,0.4446711841526046,0.8308050495855565,0.8536211030631147,0.6540449080722102,0.004503206205112544,0.0029793784230797166,0.005565846667454663,0.002570818976504231,0.0227973337378811,0.023234382155546865,0.027052802658765737,0.0028870982596582175,0.00522507526374718
machine-1-8,5,0.2098129294426866,0.6205154190166854,0.2569977141824276,0.8183523812378235,0.4427241394016092,0.29566891255845357,0.8493792792439712,0.6265181383005435,0.11703750139488697,0.007146773245334937,0.03435998850545605,0.004671567832010539,0.027701758700527466,0.023615027657784254,0.014773401513706503,0.005486445950627461,0.032017190449466,0.007604867870604768
machine-1-8,10,0.23176032523278875,0.636911116718337,0.27141211355113,0.8276850300935064,0.47582269044640035,0.3408435947037278,0.8560898525496734,0.645244826970714,0.13787454962344514,0.0035912884280716114,0.03221815411010686,0.005218887989271957,0.018479676170206186,0.023897446784421933,0.05110745512713826,0.005803971207586568,0.03175188014723611,0.005079714135616643
machine-1-8,15,0.2338056497400709,0.6378154200285012,0.27428228909067104,0.8366691772905033,0.48689406261837176,0.3459470417065852,0.8542974740067472,0.6462231378022497,0.1405115766640193,0.0026312083095771065,0.029654111995165735,0.006435488072036555,0.011317971991694998,0.011587731895536281,0.050446131304479794,0.0088753795642634,0.028545929175320735,0.0038966541791392267
machine-1-8,20,0.23508817713521452,0.6364910773558404,0.2776827371391668,0.8555888679305494,0.49322119399644027,0.3282129790146025,0.8574661862564679,0.6449743755253377,0.14565234181037906,0.003552375306232239,0.016129921858829086,0.004779223404789869,0.018874229995827187,0.011905516144560077,0.028024529958347588,0.00647161240073534,0.015459252057742444,0.007326838729144928
machine-1-8,25,0.2374640670140085,0.6429396387222743,0.27869277223673233,0.8684497043521671,0.5105281727865767,0.3361824056297255,0.8591281577472667,0.6522187775751492,0.1509678294650166,0.0026465358512025726,0.006494983946738423,0.0035833693462725084,0.01533092012501617,0.015513178245195658,0.029685394497830767,0.008159922406881941,0.0061689735855365475,0.007236987782285728
machine-1-8,30,0.23619515607560032,0.6387167293354181,0.27869699950326254,0.8669267786143667,0.5146684675396779,0.3352328349457403,0.865475170397618,0.648216925707122,0.15102014385658014,0.0036103090850701717,0.007395401851402183,0.006295760908626601,0.013467286173372174,0.028071759482092246,0.020848540202043388,0.011045765135914102,0.006959730992081144,0.008898503986585964
machine-1-8,35,0.2382290821235736,0.6428470318437898,0.2770560401150226,0.8748923360097056,0.5173960953075923,0.35160852164333445,0.8685016973764387,0.6525680446916624,0.152499464948784,0.006571558183325924,0.013297034077237428,0.005838298944428045,0.027454193067273765,0.0439076953799257,0.054592305961838804,0.013751631629182675,0.013372411802811218,0.01211687440535376
machine-1-8,40,0.2398151964436784,0.6462908215550627,0.2799890644186572,0.8968647572139571,0.5401268088304154,0.34815767913874346,0.8649767805769493,0.6561481553826917,0.15650371872602664,0.00885544912270675,0.015160508063256627,0.009227973338240193,0.045519053613738605,0.07239302641323651,0.047018257943285416,0.008538800851608064,0.015226893487425135,0.0175175548536966
machine-1-8,45,0.2392493324541042,0.646581661460007,0.2782761975298853,0.8851172298306248,0.5334884196437107,0.3378573858211518,0.8667573497668086,0.6563455683607008,0.15459946960083581,0.008139922965073819,0.013681203447801238,0.008977127633761182,0.0435824842141342,0.07136635932846097,0.029351878408731873,0.010855633332458217,0.013619207429959538,0.016147997989273674
machine-1-8,50,0.23953072430277203,0.6493226035497818,0.27869881066720303,0.8979321372392381,0.5324831530519031,0.338281627906511,0.8667130587856255,0.6591242758280721,0.15631968205361654,0.007915344554700476,0.008832807853848153,0.008186419171844702,0.041666487552456326,0.07506165481386577,0.04191307147198954,0.009783973111299842,0.009131938044031403,0.01658479291738581
machine-1-8,55,0.24007366533516616,0.6534963798427752,0.27926836405763533,0.8943603526963471,0.5256720052183191,0.3501665976428013,0.8649205265392821,0.663178326403344,0.15494218976359853,0.005379686844861515,0.0034463907074871883,0.006816333314787303,0.03742074494572969,0.08228652717126526,0.019947106807873025,0.010954340339280569,0.002907311642326902,0.013932289841495814
machine-1-8,60,0.23944159960356678,0.6514378275432406,0.2789101665308378,0.8977008495049608,0.527519982911566,0.3328621525256711,0.8734302851342971,0.6608480779580307,0.15343536357408338,0.006707590642070963,0.010095822384215202,0.006677069702575136,0.03704427651302738,0.07374074943999963,0.040465756450767026,0.015267814712555654,0.009940480604103703,0.015320076724492196
machine-1-8,65,0.2386337151269902,0.6489649952287451,0.27885147565351975,0.8999119325218823,0.5202004738506704,0.32694117660811894,0.8733254113730254,0.658328013921936,0.15241601897594126,0.005221022361415598,0.007430625111937816,0.005682237834912338,0.032605503873457606,0.06972318494496485,0.034894437085698206,0.011965538407189726,0.007370777854382549,0.011989484245098011
machine-1-8,70,0.23860939955388238,0.6498672406082763,0.2798802188277534,0.9034643768909496,0.521690697471253,0.333408516664367,0.8677965148096844,0.6589959577953418,0.15277092968703188,0.00534993713299567,0.008295046023587094,0.007021104643479693,0.03391063279901152,0.07028055136419406,0.030510382444428226,0.005522389579939984,0.008574201571565625,0.01457031605366807
machine-1-8,75,0.2387574011058086,0.6505547180603592,0.2793027309338246,0.8932420086192345,0.5133568552884458,0.3345158438480776,0.8613465706409059,0.659738868963797,0.1517635417912781,0.004435228807984397,0.010736834410528194,0.004523378280049265,0.036792399688631565,0.05789700343819873,0.02763224444198047,0.002851964953658504,0.010492961151125043,0.011151012216344743
machine-1-8,80,0.2379200331024743,0.6500132179169614,0.278351139372366,0.9004778883601461,0.5159963413049997,0.3230917877482016,0.8579550858197778,0.6591297391427381,0.1506109143966322,0.004946686848286615,0.008492746458119694,0.005314915934659334,0.04534163671009438,0.052836167720423065,0.026455964309621466,0.00641916047837535,0.008162440297529272,0.011851244549365758
machine-2-1,5,0.19601208650184812,0.6930254806387385,0.25977021622963326,0.97669442980003,0.7394872483778225,0.31117334014508546,0.8672000422407198,0.7337513990323341,0.20364076756910604,0.014213009665278132,0.015508255276500856,0.01407849160328884,0.009239665407827448,0.0545495214902697,0.02109256520889916,0.03065232566114773,0.015572254684392264,0.015006383895026848
machine-2-1,10,0.1813167479494756,0.6788492049934421,0.23872927110836764,0.9709052984870429,0.7121242699261232,0.31369311925302007,0.8841487687099763,0.7154914988889395,0.1844508214190584,0.003105243876692863,0.0030703362416975378,0.00794311555965231,0.006343039016213784,0.018117015603705017,0.005278661961757267,0.014838890134999814,0.0030977149500318966,0.0030457632844567654
machine-2-1,15,0.1767146173202404,0.670780856447079,0.2332853203215287,0.9749513055159353,0.7351123335872825,0.32200523851841584,0.8906113948930223,0.7076536029068983,0.17928324901357387,0.008592051626779788,0.0038631021614645798,0.011115944367881042,0.00831141151009673,0.011920983779641228,0.007271158812815956,0.013337744121907044,0.004235301338012974,0.009798921297092426
machine-2-1,20,0.17510886045038107,0.6693975905901289,0.233473440696688,0.9764337054681216,0.723207256950084,0.319871451713608,0.8912407735834584,0.7063436142268731,0.17777793223824434,0.009541941969598388,0.004304655262071394,0.010697315772080308,0.008281790677338249,0.009848339342961848,0.005948122554010541,0.015109029069712164,0.004811392249190027,0.010265577860490491
machine-2-1,25,0.17160574299207768,0.6706444658926338,0.2334774137692486,0.9808300331452644,0.730380070951191,0.3181687372255278,0.9009476754425914,0.7077552926263015,0.17429050177785854,0.006202798970687296,0.008035740137561174,0.010926742821624364,0.0028879258808030103,0.016368977017623583,0.0042933453163719855,0.008086632518174597,0.008780543556675685,0.0066669896431459305
machine-2-1,30,0.17098588440491644,0.6728507917798391,0.2360297422276341,0.9830815078224283,0.7277908660116535,0.3115174823194109,0.8922166053035198,0.7103524536150647,0.1731478787594431,0.004671948111363146,0.005680106891426682,0.009175465004876898,0.00661555200014869,0.028373505629631514,0.01834668959272872,0.019539479023175262,0.006129720526896135,0.00445563869229893
machine-2-1,35,0.16931834645352506,0.6708205355973511,0.23476413295928653,0.9821157709524865,0.7189159105640146,0.30947402065394153,0.8945622416820748,0.7085523029639544,0.1714659085560331,0.00730300199935941,0.010004574024145127,0.005639993602217845,0.004585725623861914,0.011036724950226267,0.013437789746751064,0.02768716538377676,0.010074652443438565,0.007499026947982311
machine-2-1,40,0.16767310522941686,0.6724555661847467,0.2329077253288619,0.9805030401961933,0.710897239616039,0.30565661089533613,0.8915127325833258,0.7104338272210667,0.16970830105155252,0.007867140630898028,0.01034947140557947,0.008927421117626908,0.004973391196194303,0.01858592382619425,0.01851580025802107,0.022714526701897057,0.01056285583059019,0.008546554168048665
machine-2-1,45,0.16890854414575748,0.6720814044198454,0.23372287494225422,0.9726007339096937,0.7148144938458507,0.3022361414906373,0.895505408547952,0.7100829859905067,0.1710435740450736,0.010052382894236225,0.013648032004188546,0.009195766593448007,0.010478810476563346,0.03785651813535805,0.02072095653509827,0.01991698591796203,0.013671649482510819,0.010541333064913502
machine-2-1,50,0.16500257132944074,0.6701857261350932,0.22962332538470268,0.9682151445739101,0.7058546648733559,0.2969568722842826,0.8918668402428153,0.7082185239297469,0.16727495254345506,0.008081182129145003,0.01178037009862463,0.009268771178956735,0.01778762350615996,0.016045160740855557,0.01910227021075592,0.030097973540150917,0.012042355069772647,0.008982293966259219
machine-2-1,55,0.16269005404632808,0.667247879381457,0.22746863197952283,0.9744609411110855,0.6889411574901615,0.29686365401124026,0.8831999989573505,0.7053178630398987,0.16459460341878687,0.008713319520730118,0.008027462137580101,0.008755298586602935,0.013761493611404836,0.010026223727323123,0.011093476606222617,0.01855575332661698,0.008391006537624856,0.009617939740429255
machine-2-1,60,0.16366633691478294,0.666877039238798,0.22887652916154202,0.9710086119084638,0.6994234068476177,0.2923968433154006,0.8768778861924005,0.7049811418245986,0.16575883475507175,0.009043770083412292,0.011799685831394277,0.012273898306902255,0.014188853409313439,0.017846118395566792,0.01894529702754962,0.01463874878458508,0.01243738819007847,0.009361742959362483
machine-2-1,65,0.16272334547262673,0.6634257835706869,0.22503916291993578,0.9637427398530091,0.697898080370835,0.29201919856520786,0.8791794368247599,0.7014494336350137,0.16533508877473696,0.009013306747381357,0.010876975419979234,0.010342277822000905,0.014190004084995402,0.023233588817687625,0.011424541271972464,0.023560289679924074,0.011419968802681682,0.008926455607098198
machine-2-1,70,0.16102814352450365,0.6598380234639395,0.22225549755165783,0.9707535808716496,0.6962670153081624,0.29040730298438266,0.8763681116211778,0.6980180691178732,0.1645254987093207,0.009360483832193471,0.011727508099873406,0.008509227499369153,0.007942043846202288,0.013809404624601439,0.01651199673953166,0.02269872071175951,0.012678386476475512,0.010467916978908922
machine-2-1,75,0.1597747482710117,0.6607505490167049,0.22046312055615228,0.9691714895888668,0.6902799201952119,0.2901233243740363,0.8813397151555706,0.6987364178304024,0.16315386677544572,0.010813851678821047,0.012964455567282955,0.010406123557417171,0.008646403431796158,0.008559303941049035,0.009811959502478776,0.01888304073409621,0.013689610041749643,0.011396777596076282
machine-2-1,80,0.16256513860781502,0.6600095520365341,0.22101410109005293,0.9711125696792279,0.6926733083467166,0.3031434160871236,0.8808398863999771,0.6980346056461316,0.16541364287889831,0.011109293583362326,0.010607028716405387,0.008834989107039393,0.013474953805100096,0.010352622441418375,0.010059176394966262,0.014786197459138974,0.011420661207634046,0.012412290679543702
machine-2-2,5,0.18203362281544994,0.6511486622923528,0.27642453326274635,0.983332886876366,0.5700860932621765,0.4563711765011158,0.8788847567439377,0.66119746606927,0.18582380314969504,0.013549258891791564,0.02541620011091554,0.012252876529257172,0.0027901971813555897,0.068439642700126,0.013073674564567534,0.017551266204854633,0.024958743854859078,0.013899820155098348
machine-2-2,10,0.18148750988007634,0.6541411037104747,0.2791834085049246,0.9833656102962507,0.5855911607302322,0.460113493647368,0.8722490032251717,0.6642487257143919,0.1853833257965887,0.004047081807803141,0.006516689095788312,0.003197633448215564,0.0012273875020389416,0.0048926236081808724,0.016101755984476242,0.008052977269459059,0.006284795040056797,0.00441775949828676
machine-2-2,15,0.18022877157962938,0.6518394095728814,0.28028479651480676,0.9831085422927395,0.5879409709808523,0.473469680529281,0.8832174311131872,0.6619984102264169,0.18395136507423,0.0075931172145300135,0.0154769652793845,0.008379589579090749,0.0006140329370895704,0.015951889257997193,0.007032629472775478,0.0069250415468429805,0.01505207290096497,0.007787490299059633
machine-2-2,20,0.1783134454719403,0.645286275437457,0.2771833057145922,0.9824260644917482,0.5821336757928075,0.46951913316992117,0.8857496615210695,0.6556071651462659,0.1819087804063879,0.006737631926601986,0.016473999811321364,0.010295528765213335,0.0007015349061458891,0.023676475771543366,0.019394726611424867,0.015586933452907507,0.015958714749459358,0.006989430944596957
machine-2-2,25,0.1734231044059935,0.6349314949045971,0.26970798989080186,0.9824265373408918,0.5742860715828783,0.4717535889793351,0.8876303860748053,0.6456342321847863,0.1769376273907268,0.006766642015480159,0.01664000548259581,0.009563464183903634,0.001053845548487986,0.021534118358314897,0.006671651465445892,0.00762272553943377,0.016117746189077357,0.006987604538811474
machine-2-2,30,0.17221025835195436,0.6320984418973173,0.2684727882786252,0.9815414815442435,0.5700629703627539,0.46178671844440355,0.8840526845573928,0.6428105104407833,0.1757433715215193,0.004350162515163762,0.010488087279147967,0.006944018334574446,0.002462665237570217,0.03931989865220885,0.010421866277418031,0.004945097964033353,0.010118333985677559,0.004589672365622669
machine-2-2,35,0.16928561436951992,0.6245914396126606,0.26425047921987943,0.9815753833473063,0.5843923047500987,0.4655895860179844,0.8840765291268255,0.6353775438366165,0.1727004257322557,0.004850571480721286,0.01263858193028063,0.007367286745384855,0.0014335602346185255,0.03844684565474529,0.006688458936630683,0.007338900250459151,0.012238699912001001,0.0049526493240340235
machine-2-2,40,0.16881160736846468,0.6218193331527523,0.2620878479992741,0.9821706862381261,0.581828438461148,0.4578300325992004,0.8812965340591694,0.6327207268938435,0.17204211848012857,0.004659609351320237,0.01070471478062103,0.005526131838510809,0.0009678196063249906,0.03225321333410515,0.01563185124938437,0.011238721073998351,0.010374614127882634,0.004952481363297849
machine-2-2,45,0.16876254652499245,0.6225406732265919,0.2622264190730276,0.9817444744026158,0.5854754440295775,0.45683330894914426,0.877956485808398,0.6334765988020429,0.1719682577738861,0.004424826956014791,0.010253578625757204,0.0057761677437763535,0.0007275433788364197,0.045518080763656134,0.011072833293801744,0.00783181647973679,0.009920286896836985,0.004765758806695168
machine-2-2,50,0.1678231217692979,0.6201199185036079,0.2603148928723394,0.9821280290367181,0.5742050151034486,0.44926682226736114,0.8744035844480669,0.6311172976435058,0.1709772065021025,0.003178615974316224,0.008568120684887166,0.004420710927255963,0.0009326714391414663,0.036700148847567345,0.018100593203506588,0.010809919897832303,0.008348107029437932,0.0033281363493573054
machine-2-2,55,0.16904267712344023,0.6243377301211828,0.26256023294178776,0.983109314498434,0.5845000263433622,0.4577510115326988,0.8800409324265698,0.6352660792713523,0.17219059488938315,0.0041257559912535385,0.010276845169466845,0.005737313523492481,0.0011792474870680849,0.05440516104830029,0.015678370536088213,0.007898983960664345,0.009982704325721818,0.004453186900320041
machine-2-2,60,0.16919075716387916,0.6248089949463126,0.2632831366399575,0.9824259310971615,0.5811687714339997,0.4621031833828965,0.8792348575912918,0.6357413660682599,0.1723160580644271,0.004582760232868818,0.011911838310176965,0.006997484777778172,0.0005631628520961783,0.05479498633475048,0.013281288259876397,0.010307465369035894,0.011573873884060797,0.0047935015994396155
machine-2-2,65,0.16920882393469472,0.6260709889205265,0.26412088570140857,0.9823406770062466,0.5816657858728238,0.4634925106346961,0.8790437816623273,0.636931195521345,0.17226125213440904,0.0035471380196842196,0.0097533604056547,0.005842721411049655,0.0005632465171204648,0.05239944842858754,0.016291106975788953,0.009629305703942034,0.009463930698513898,0.0036544569673203687
machine-2-2,70,0.16970105279192876,0.6265232321443941,0.2637027984537679,0.9825539162573262,0.5899683646969305,0.46535258145040176,0.8788884382685159,0.6373929540619868,0.17272391663270276,0.00476215016135903,0.011792301272494273,0.006345736413855739,0.0006461102326046793,0.05906337171985981,0.01659785797101661,0.010113548928056076,0.011468773267587955,0.00500469799228468
machine-2-2,75,0.17156791811044192,0.6318457012551921,0.2666241179397064,0.9825539753999545,0.579858851129052,0.4657919578640845,0.8795302270730686,0.6426522361256048,0.1747152193535484,0.004356995434295294,0.010451789400530532,0.006075882825220253,0.0007034476751863835,0.0433666238749929,0.016944432838863262,0.010543389131802344,0.010095349771242532,0.004335388301764698
machine-2-2,80,0.16874636256429915,0.6243425891756867,0.2625321474787635,0.9827673926115736,0.5714102183934957,0.4665434960178987,0.8808992694174586,0.6352297266002057,0.1717101757018235,0.005493395376076959,0.015383020656710867,0.008152280439191624,0.0008409498687036343,0.04067812988528556,0.01985367666648013,0.01052061380769758,0.014958004284249577,0.005676429394860754
machine-2-3,5,0.5518442147549422,0.9447055200276806,0.5324778849093615,0.9639661521816942,0.8295104866716114,0.4309755535724946,0.8921803144415117,0.9611914183718937,0.4780425033493228,0.014311365850962564,0.0027903293785511564,0.01532270086849011,0.0019196815761365592,0.03452336461570266,0.021077894652327067,0.01458272184565173,0.0017870444094767663,0.0163556073411927
machine-2-3,10,0.5924780822601476,0.9497282994887384,0.5719375461912589,0.9626410696682033,0.8208199803494415,0.40852552828155286,0.8925664621126077,0.9641613204218575,0.5193516036246962,0.009605993237342703,0.0019200756811973895,0.005369737230644739,0.0012030250223127208,0.028613575548933453,0.018227583666762064,0.015353213309769688,0.0019385516180788233,0.009624692103663459
machine-2-3,15,0.5854347332770019,0.9492989863215255,0.5614482029131779,0.9619602530692397,0.8164235017066299,0.38998863151274926,0.8977452395526656,0.9633481721420276,0.5068118482144021,0.02105615013225007,0.001653854054739625,0.015513047615553006,0.0011405833585566077,0.009140700080262834,0.005784417276181643,0.01675266317296274,0.002169449544106898,0.024232614968112205
machine-2-3,20,0.5855726052931808,0.9467112971867354,0.5670629276425642,0.961042471042471,0.8071376250952477,0.3847782107987225,0.8944403578597612,0.9608638109235611,0.5078894889196574,0.023250827181115458,0.0016248111566604074,0.017660960455508783,0.0006949806949807081,0.01577579488803585,0.008761247659081286,0.016561690561808517,0.0020547049213552005,0.028233500039484005
machine-2-3,25,0.5882290402763003,0.9448734223847685,0.5712431349535133,0.9619602530692397,0.8054166637329117,0.39070349880927224,0.9003234501626114,0.9596962558836061,0.5120778725982102,0.021629947297239598,0.0028992974420081956,0.012403726754688378,0.001140583358556608,0.028054956942015402,0.014725175550725922,0.025444160630014267,0.0030538496445947742,0.024624122940553966
machine-2-3,30,0.5923123889779252,0.9436776019089301,0.5759601447647684,0.9613899613899614,0.8037458735306414,0.3980285356844736,0.8893984526703884,0.9588164415179522,0.5165813260734401,0.0133727120375383,0.003934299817995,0.00544082479739432,0.0,0.02472574967137702,0.020585877598553345,0.026381853228601693,0.004199567229883527,0.01573589616547423
machine-2-3,35,0.5875092094549562,0.9426317006319432,0.567510217752622,0.9615004863096466,0.8087778938043128,0.3995290545387341,0.8985593425301732,0.9580392130497594,0.5147760096420931,0.016502430068080536,0.004743454560635769,0.013592380185599617,0.00022104983937054005,0.01911655681067942,0.012407694891096027,0.019232536860716968,0.005035773115315656,0.01859868394849178
machine-2-3,40,0.5914597636512863,0.9427353916017301,0.5771400452950234,0.9616439748018695,0.8012940472622209,0.397752967172486,0.9021429557361816,0.9591114288665221,0.5187169211894751,0.016961850342999168,0.0054713786504189885,0.01773654996205201,0.0005080268238163618,0.029602590777152247,0.020055236670537033,0.012500450116586875,0.005857869185382642,0.0205333463203
machine-2-3,45,0.5912218937306056,0.9413968570997112,0.5766932889681409,0.9609268641060549,0.8042130581650173,0.3912545229410902,0.8875280993648136,0.9580193540993074,0.51954094467083,0.02049447546389239,0.00531917188030007,0.01555576595176054,0.0009261945678130595,0.022916616301074992,0.01592214573411849,0.02146016860969342,0.005889291488475302,0.02271037363690724
machine-2-3,50,0.5917724158775906,0.9412920545881348,0.5795848570916269,0.8940358890745379,0.755456248706653,0.35884205768198607,0.8428039695317098,0.9576690361481199,0.5192655596141866,0.02198321972075346,0.004995609144512055,0.018089243225556526,0.135372565522653,0.12700480247510562,0.08721115798166101,0.11767481566655694,0.005400547985605186,0.028130656786932245
machine-2-3,55,0.5950422386034981,0.9419625127767758,0.5815417666416355,0.9630036161828068,0.8101984144582389,0.40484310939807927,0.8865928567746575,0.9582027141308183,0.5215731031882304,0.022146969210255697,0.004779360962470411,0.01982693021773825,0.004546874580800786,0.03966255735489648,0.031121881751424257,0.025025559641260894,0.0052834330770910685,0.027196296751661925
machine-2-3,60,0.594871148284036,0.9409289377042755,0.5784929214387051,0.9616339876945343,0.8231415993472416,0.4038736305154024,0.8903062478163059,0.9571911574117413,0.5230092416592256,0.014542247765059304,0.0040121718189419595,0.011579087179851767,0.0019316254356230634,0.02029077023862202,0.01523148661633531,0.015088431883216364,0.004218587106453895,0.016637121252660113
machine-2-3,65,0.5771273543583427,0.9386251482518863,0.5593422004151352,0.9600024506816414,0.7990570162799733,0.3929197755352273,0.8885803599305523,0.9550876322154265,0.5081618025961643,0.01648734510484223,0.004327936873738964,0.014741233609134126,0.0017704278686942474,0.025241624275851957,0.02118734479052073,0.016907429239709015,0.0045207731123449125,0.024087925914999593
machine-2-3,70,0.5658972228997752,0.9379327371129036,0.5544332328387344,0.9609268641060549,0.7960913684266361,0.3895347595882379,0.8800214805193779,0.9540051909553265,0.494075448132178,0.011227485391059208,0.0032808013891494304,0.012123873177153256,0.0009261945678130595,0.013465737748257262,0.012934768802179118,0.00816721182332351,0.0033709903667383076,0.014011430845795085
machine-2-3,75,0.558504244206716,0.9366158379778577,0.5508684475301961,0.9604637668221483,0.7976812522415995,0.3987031328825606,0.8865291389679252,0.9528896989281459,0.4849701564689667,0.014613264985112414,0.005057938695866428,0.012615762017548986,0.001069477366097685,0.001659614039267343,0.01070506007844991,0.016682040573512955,0.00520325684776449,0.012589095182566842
machine-2-3,80,0.5644038610942165,0.9367686352759854,0.546709591509895,0.9613899613899614,0.8200943179204043,0.40355223789571576,0.8967260823880763,0.952948039426157,0.49061744451462974,0.018678315855486582,0.005369937545876977,0.016656350065936795,0.0,0.01188662982373155,0.007808655588831292,0.008238869999185857,0.005250496548867404,0.021214171300469722
machine-2-4,5,0.4206171405538593,0.8102305577951238,0.374313322975784,0.9772455762359866,0.8223738972455527,0.37081981334992975,0.7839975437670921,0.812950324918377,0.38807358565802363,0.009846374131932251,0.008221135149415006,0.012166742614285676,0.004391015273600529,0.03301059126535902,0.013099116120185944,0.020935808763821114,0.0080173178617096,0.01477865773816528
machine-2-4,10,0.4503283423369545,0.8175116750801277,0.41298391856407757,0.9829919503043187,0.9049059271691364,0.4477317275874305,0.8715273179887494,0.8212945385688526,0.4310588145245642,0.021715174448394915,0.032906697716224495,0.015162084096593892,0.0022228596701712937,0.062411075654867816,0.03223262301382,0.015545967730408578,0.032518618467275134,0.01897675723653726
machine-2-4,15,0.46506625770298654,0.8196332993003705,0.42960336826121603,0.9863901086963661,0.941940392244633,0.4825243581414455,0.8981786525537067,0.8232978151742792,0.45247913720854566,0.02554478698851058,0.035342852691391397,0.013058237222035186,0.0012125332259563042,0.024885888182530798,0.020831924754397175,0.01688105029516236,0.03489215083978226,0.025051107066245012
machine-2-4,20,0.46720398656380996,0.816921181784566,0.43447643363276034,0.9865879563211292,0.9542202009104702,0.4998664773596921,0.908464007417144,0.8205208590136682,0.4551085033924448,0.009999852594544023,0.025813026019378175,0.004244408735703218,0.0013699109819660554,0.007504179628822606,0.0225743851093352,0.008066605771020821,0.025407960971860703,0.010651185851847931
machine-2-4,25,0.4758689354312566,0.8173781210292563,0.4434967022287333,0.9862946101570234,0.9502056494259559,0.505678419084555,0.9026681472906664,0.8210004578505694,0.4633076156993497,0.024984308007142093,0.028315646233772532,0.015617905217879886,0.0009544940417715916,0.006015706393265114,0.027108052548652273,0.008247578976837101,0.027910190383704823,0.025024908848006556
machine-2-4,30,0.47698120238355496,0.8133841423827614,0.44858799054628207,0.9860681994415433,0.9480738042100298,0.5064192066693125,0.9042377960172756,0.8169334637720833,0.4640269711710882,0.028792227870005828,0.030233028951124723,0.019758102617207424,0.0006738799001891961,0.009862941221442415,0.03667241887572074,0.008581388981944152,0.03006915008953024,0.03012218453627466
machine-2-4,35,0.48797989959358345,0.8144137634650193,0.4636470228407061,0.9862536329465245,0.9461534474360774,0.5110172834966383,0.9044953941744179,0.818012205082621,0.4755793458468095,0.03318913592209078,0.03241566369526697,0.02749318264576666,0.0008384731489208758,0.024260158365342534,0.032658480353619276,0.017036571850603078,0.03207033755375475,0.033516251074778465
machine-2-4,40,0.4882185308747869,0.8151861068130615,0.4578174224255509,0.9861965970680167,0.9539295769566514,0.5132776128556769,0.9112693818092976,0.8187292841406416,0.47528530901657884,0.02954882505940583,0.027950761677437833,0.024475191167868147,0.0010803599127963853,0.0075224310481751076,0.015613702215173749,0.010488986063227625,0.027678262410191147,0.0308874959177427
machine-2-4,45,0.4984825935884708,0.8179077157182025,0.47074712361269455,0.9868400427417643,0.9514472762331966,0.5152797438530756,0.9124752108626178,0.8214142852474257,0.48547039895417676,0.018538393020079928,0.023837208760420062,0.014546904101947852,0.0010595103651295764,0.01936662166553088,0.023687156332413986,0.014884624163488574,0.023511632625169435,0.01821812125889579
machine-2-4,50,0.49207375369408424,0.8149238081741617,0.46134170028567956,0.9871986497472851,0.9534265791879317,0.5169742380855795,0.9138158473068541,0.8184796943904414,0.48002712189887414,0.019476851364772608,0.0202822925949104,0.014006077422545284,0.001622614718118303,0.017066514466658616,0.024507070083595702,0.011908966435352084,0.019944449997935893,0.019219866666456805
machine-2-4,55,0.49548026984909366,0.8176739751528047,0.4638811907921804,0.9872063184880471,0.957377083134684,0.5231367727431285,0.9162555705169176,0.8212357033611831,0.4834195547418392,0.025384762621747433,0.02471728518657785,0.020770575219842623,0.001287995588030114,0.011990140223254234,0.013581435197046729,0.011244002033097849,0.024487861130721506,0.025383039849194287
machine-2-4,60,0.4951572951226496,0.8188664601526505,0.46318762048435863,0.9870480588651549,0.9552250711552982,0.5226835797700199,0.9143254211169647,0.8224774693995354,0.4837591033831959,0.027814260051022215,0.023755999467620567,0.02610302615300026,0.0015132779293207045,0.008383217449345275,0.011658004278448287,0.006019288435759244,0.023499070727552595,0.02802796262026653
machine-2-4,65,0.5099381482344064,0.8274254983664071,0.47627798737176363,0.9867830493731555,0.9585270359718876,0.5279457031831634,0.9171601335032842,0.830956227504889,0.4981648528242026,0.0017805696102925876,0.013869256608167905,0.008148745024094746,0.001294325318256616,0.0047111317280839286,0.018658642371594442,0.005910308881753969,0.013532432948659438,0.0037996008739396847
machine-2-4,70,0.510144145378813,0.8286046994486456,0.47757517885124945,0.9880529289710043,0.9555300503113171,0.5264237527925486,0.9173394139453046,0.8321184362307361,0.4985851867015395,0.0019007132073500525,0.015108272392374823,0.006919635273739712,0.002036129076018939,0.011663788544274639,0.02219000564286525,0.009098939460456259,0.01476846788377328,0.001080748958961003
machine-2-4,75,0.5170787193199733,0.8315249730670081,0.4838124628200725,0.9871602144724917,0.953276300343512,0.5270110160500423,0.9143733881076568,0.8350382259406577,0.5053175948249629,0.009955181571620241,0.01732743931977141,0.00654818893530803,0.002053716794340302,0.010131954468447252,0.022645550881259916,0.007922699230513003,0.017041749479074695,0.009876804803227454
machine-2-4,80,0.5125699003222105,0.8299177062982336,0.47888129031211124,0.9876409064871722,0.9595799514781611,0.5326348624774966,0.9190694073631149,0.8334282528509533,0.5015708383034996,0.0050921624630961984,0.014786293284776085,0.006809255679796161,0.0012863420285819597,0.0029501091040674806,0.015711551035509523,0.0053327163235553495,0.014407700003455615,0.005312915074593555
machine-2-5,5,0.44991207363706487,0.9220409343252719,0.48151944248458506,0.9259405856675087,0.7361824738934666,0.5762518124125247,0.9370676237966995,0.9332015079401222,0.4217621011483472,0.012801214504852788,0.008099870622913336,0.011081177281526949,0.014793892091027324,0.007446746647513662,0.008162067122075772,0.006988281253177671,0.007602009915311958,0.014090589434259579
machine-2-5,10,0.4520401190187042,0.9158176694686684,0.4943246664103796,0.9179450963029296,0.7333565257551611,0.5780237222002225,0.9441777466423739,0.9281967613538876,0.4258259476486008,0.02785075032279418,0.011299806262489536,0.0319420501744845,0.01580996677891603,0.012760823362835974,0.004485163814567005,0.009567545076890253,0.010780895153252104,0.030560498792537978
machine-2-5,15,0.4680972056061464,0.9170873640204982,0.5097352339237265,0.9362838900510345,0.7504633671432899,0.5784953808866123,0.9535695883228397,0.9296492286570092,0.4459389066560948,0.027033415167303884,0.009890874326797874,0.02449810515875908,0.021987212864973946,0.049286599093965315,0.007486347864354054,0.010262383533446212,0.009595118150124737,0.03024926414697485
machine-2-5,20,0.48710732112610844,0.9241005798795289,0.5300747808025321,0.9611042395182892,0.7956603192336027,0.581042321608724,0.9444680434047763,0.9364798261106372,0.4711014772503975,0.018851486493738506,0.007025219474917307,0.012193822615143577,0.015646531449999678,0.05396232580620297,0.007104229452345337,0.010804662524349013,0.006383451137199106,0.020815363682691962
machine-2-5,25,0.49281044674312424,0.9251624393149329,0.5407187074451021,0.9659282779874738,0.8229996912089065,0.5812989033789705,0.9384714035241838,0.9378700333957101,0.478997701137324,0.010175398191839283,0.004604261598165218,0.006378063780561846,0.021074227188669324,0.07096554513153329,0.008301370940331817,0.006364771698867847,0.003908824192999359,0.010618597312300566
machine-2-5,30,0.490291896936883,0.9249051571068956,0.5386650031724928,0.9608001489607668,0.8133514942631566,0.5822183039283517,0.9361588403395334,0.9375532077724772,0.47706223833384465,0.00443341055772721,0.0031831031196306535,0.007079196315603518,0.01623671775516449,0.05870201140311552,0.005290355982036673,0.005855965420271853,0.0028538104764986574,0.006575271768830723
machine-2-5,35,0.4900872395439161,0.9243689876831789,0.5429606712418091,0.9622494819390176,0.8231383494377648,0.5781448575557223,0.9504083764106512,0.9370481228322529,0.4757206831904107,0.008633291247681914,0.0038499370870665813,0.009621193987321325,0.017942639489046144,0.07198272736572262,0.010154822790914108,0.006016100051874308,0.00347864799028064,0.012067019432963368
machine-2-5,40,0.48767901478389863,0.9229488728310707,0.5419068408255199,0.955833113961278,0.793391330203902,0.5797529449534888,0.9483440620429308,0.9359632601995758,0.4749147902012373,0.007457628413453573,0.002943237711647895,0.007652395677436947,0.018098380990373922,0.05452019822860947,0.010069607922973452,0.006800693447968619,0.0029163629123630653,0.009366793096858029
machine-2-5,45,0.48621696072127063,0.921231165153286,0.5394526805935387,0.9599290380475186,0.7981346719698967,0.5715664774468233,0.9496616935606267,0.9343220102839616,0.47143843031064936,0.007481656945134491,0.0029622925063745318,0.00756633267832133,0.012656682367222278,0.04955822746344314,0.021341614073603667,0.016110895891263823,0.00280741720371317,0.009833889512975409
machine-2-5,50,0.48458029522372104,0.9213481974287513,0.5367493701663277,0.9638790026595585,0.8059931434909007,0.5834281933714807,0.9510226142184902,0.9343285220133157,0.47022992714974565,0.0077797937895893576,0.0018301403561717079,0.00954345404301303,0.012783133061477993,0.05211051538665849,0.006235476227310033,0.015720647459008523,0.0018329989115727775,0.010757494036648487
machine-2-5,55,0.4790295005854008,0.9191234435404116,0.5323682779803818,0.957498635727396,0.7871708571936571,0.5799981492625711,0.9516942009237721,0.93236086728066,0.4643171551799016,0.012369184715054927,0.006600313676090259,0.011311480624413239,0.012056308086766195,0.044767608502813375,0.007473173739189902,0.008057696884929664,0.006127764622093914,0.013141862845601688
machine-2-5,60,0.47409078989715026,0.9158506866402949,0.5295834334553735,0.9601611884490857,0.7986509826903715,0.5796950715716219,0.952394092949491,0.9292750772188212,0.458315669949181,0.006650214426288015,0.0033132296843104273,0.008187034677662216,0.009358804042877332,0.04724579777351287,0.020761410962206173,0.009086064924436954,0.0030745674592184283,0.006142046520922458
machine-2-5,65,0.4736658832023437,0.9159767205340286,0.5289311826629954,0.9576090219016559,0.8027875852624464,0.5763498051347797,0.9513878971374436,0.9294571359749937,0.4575788253375988,0.006199923693081274,0.0032709538184333684,0.006988122161415937,0.012511486811320164,0.04434083891473542,0.01624240550572983,0.007962050998643225,0.003172118359884048,0.005875357718331133
machine-2-5,70,0.4726506699655733,0.9151069349545986,0.5280771922796863,0.9555981340150126,0.7955126365265969,0.5677143098918708,0.9511265275257537,0.9285475134648716,0.45703995345033227,0.006498234356537639,0.0018721573152009354,0.007185251020285695,0.017168407795109926,0.05254778280443447,0.01892065832063444,0.008030563355565977,0.001684100043809516,0.010060136196003292
machine-2-5,75,0.46929490499014714,0.9136364065449969,0.5261205299893025,0.9534888925420202,0.7821891018724917,0.5751746109789089,0.9513313493198464,0.9271309719335205,0.45339635988461474,0.007698371269653952,0.0033552244918561387,0.0057831283690510564,0.01890192047408287,0.041983647440335524,0.014217842192584616,0.008112884825122863,0.0032437277742415763,0.009051731958671577
machine-2-5,80,0.46878668749557517,0.9133329306392161,0.5259326395870909,0.9498523401890613,0.78517574226499,0.5750790929818845,0.951076342972741,0.9268437332543128,0.452586434773358,0.007582476177048696,0.0028993362117749246,0.0074392882364341705,0.02209940515090865,0.04233689216058097,0.018384396571873435,0.007726219847518343,0.002607169002893579,0.009805374838732759
machine-2-6,5,0.3788054356602813,0.827823648887319,0.4882420946027519,0.8450089987127024,0.7411413239234503,0.3932836098875191,0.7894857915746225,0.8741656795382896,0.304872734717238,0.003143174126423675,0.008485591450909534,0.00231194960170701,0.07268051309755709,0.02404334826314201,0.004379259954663051,0.036973108491346975,0.006636735579533517,0.015009411654002403
machine-2-6,10,0.38348836875830133,0.806518891667722,0.49157919557864316,0.8724676602813292,0.7767145932693195,0.4157704953584228,0.8406532240849407,0.8583953403460742,0.3230711049322097,0.0037645791664690877,0.011512246688619242,0.004474025495128983,0.061656134093622285,0.032122734238624995,0.005966632900413191,0.01909492538991777,0.010989102874791401,0.01307812989947608
machine-2-6,15,0.3780777945059694,0.8059003502329332,0.48560697407513254,0.9078115193539558,0.7883623076503407,0.4271078037463075,0.8469671522523703,0.8582722493263545,0.3121912524398317,0.0052140228056953754,0.0066035561426734625,0.0054494899767531906,0.02860804019126623,0.03414171495884191,0.02827984414658138,0.03365246298900189,0.006989778247020698,0.006514235357528575
machine-2-6,20,0.3766016798297643,0.8148245315509554,0.48476771743328584,0.8916775264408794,0.7954250471332954,0.423102899672819,0.8492492615763251,0.8638318305459289,0.3100164027023431,0.007064052789260026,0.009692767521938843,0.006934833841508256,0.07209684779973621,0.03499565209455974,0.02343392681761879,0.031177922706707724,0.007396977811729476,0.009747943506115414
machine-2-6,25,0.3765186883512116,0.8177576386435887,0.48540838034558076,0.8527711091962267,0.7954347824494936,0.4405248873963949,0.8304001612822373,0.8659006033911276,0.30357387324494545,0.009075310432863975,0.017150478089934168,0.007564061312220083,0.08661613231720926,0.06145348776361143,0.035620037721294864,0.06603874910032699,0.013048111726174554,0.016584437458405665
machine-2-6,30,0.3767039930620804,0.8233429437727852,0.48261731463130525,0.8588162728005483,0.7953219945697074,0.4261610217970949,0.8427837053370544,0.8693744176413561,0.3063925084956041,0.009309096747482185,0.011137376693804692,0.00981305255243566,0.09287756785470329,0.06989109654580342,0.04047165157901983,0.07255345959000292,0.009574932509369465,0.015509388915918939
machine-2-6,35,0.37735575067837407,0.8281209386642496,0.485398133613093,0.8800095224780158,0.8078401415248979,0.43761442130629324,0.855855504535671,0.8728474450774948,0.309472169970721,0.008544531258454164,0.007062261593800407,0.009597695527944554,0.07940044135906536,0.06280937890132718,0.03269673284957647,0.07737760502721922,0.00706391993168734,0.010737033031698836
machine-2-6,40,0.37714331461862677,0.8294633142665769,0.4851824873849415,0.8455663297709377,0.7976290591727486,0.4350426603274486,0.8378607689951169,0.8739244922029374,0.3080636602564782,0.009255574709311614,0.009426404432893587,0.009157602589811234,0.08439748681380686,0.06478343338705654,0.046088113828256956,0.07313537314992558,0.008860767953987051,0.00800626317538379
machine-2-6,45,0.37783990971778836,0.8308938000273256,0.486118969305254,0.849511381033991,0.8031755155178697,0.4305380119964536,0.8473024558664473,0.875326976625312,0.3107502659124485,0.008562468383800209,0.00797175838532572,0.0067593130338628096,0.08573568872293783,0.06238643370479918,0.04024559309545968,0.0737760760589182,0.007058571551640335,0.00787488596866617
machine-2-6,50,0.37766068300806627,0.8313940212139187,0.48486571631992836,0.8486084921006016,0.8013127771943299,0.4331070960547066,0.8407743616469547,0.8757208094524105,0.30999101306288246,0.009149279320477382,0.010418331533402903,0.009537520694450161,0.08390784496762287,0.058026787834991676,0.03461998485427847,0.07241939778370168,0.008963740040321943,0.007436657827440376
machine-2-6,55,0.3783530747698989,0.8316105528915044,0.48489503033575676,0.8213932970691336,0.7990730624784148,0.4278748791133487,0.8300503778962315,0.8759102564751649,0.3120043395134981,0.00928609683482704,0.0104841760239631,0.008473192574231101,0.0786341929365509,0.05237701424848356,0.030040467829726015,0.06498888341662723,0.009281367328982977,0.0102124847507122
machine-2-6,60,0.37837324122671523,0.8316306408829468,0.486094313834619,0.860437308072471,0.8028151839788251,0.4238700263565331,0.8335948200955019,0.8760274244793887,0.31311113488745723,0.009064649342711995,0.01087484349437112,0.007998506366920522,0.09203419921136399,0.05564288113922785,0.03332274546783513,0.06749288294084332,0.009133310350047847,0.007239619144142036
machine-2-6,65,0.37903136165372975,0.834776353695274,0.48814450567394796,0.8662089266377733,0.8137447492051606,0.430031721346456,0.8447079051192026,0.878074355212261,0.3123986424060874,0.009186689488484178,0.011514859121530288,0.007456711766762188,0.09101520495354025,0.04835160089193705,0.026364388685842836,0.040227416102604024,0.009916931663813917,0.007694765311202993
machine-2-6,70,0.379200426797261,0.8340152281346014,0.4867558500041689,0.782244708210871,0.7806644374690166,0.427190023160016,0.8056211721419493,0.8776952467662131,0.3160814942146244,0.00955097769646735,0.010284518974299332,0.00790820060777269,0.006515749770616079,0.04763871496610289,0.029120671666074,0.048030705107101716,0.007530732677271269,0.005750325048797385
machine-2-6,75,0.3795128116481219,0.8346755909139381,0.48742883873964876,0.8261860822515316,0.7945149019445453,0.4259733604737263,0.827598767153953,0.8779485442972168,0.3159226921672113,0.010198836925465018,0.012358099798475073,0.009598133944108418,0.08224258439228285,0.07008488669197814,0.025375669594399464,0.06826923100954212,0.009491414100478147,0.010631133737404031
machine-2-6,80,0.3792361486370109,0.8348925183114174,0.48694507760387246,0.8574563108044092,0.7939707132008833,0.42330377889585313,0.8394279185409075,0.8778730706793492,0.3175342316601325,0.009673844718915022,0.012046754564028454,0.008827641423791362,0.0967565500276078,0.07699183548775174,0.04449566050833739,0.08080962868288047,0.00881659268342105,0.007749978450345472
machine-2-7,5,0.8144657877324792,0.9448702232884942,0.8176773268263025,0.9219191324368936,0.8242935523138999,0.4373652522129009,0.8676233069191412,0.9445818342678812,0.6714916901984085,0.007648627679712881,0.003582743115429038,0.0016426927304005827,0.005838488526886347,0.03303509849559839,0.007860299055461343,0.02603033099989487,0.003945036640395065,0.003977089406515518
machine-2-7,10,0.8112123393659325,0.9497674571988306,0.8201514975114279,0.9308946786042048,0.8756323715207588,0.48075909312992565,0.9166452639823975,0.9486922078787157,0.6904231722549931,0.006778447307555393,0.0005557199476929357,0.004963113469672443,0.008858638407314153,0.010000816323291839,0.03187490349086884,0.02364718885673115,0.00486010194719683,0.010615780465012152
machine-2-7,15,0.8076405756918226,0.9490802630778918,0.8182198524913367,0.935459242064274,0.8752270536596076,0.4895263912284306,0.9141564866084342,0.9500836766641716,0.6971126294907777,0.005102869979301968,0.00442713693473555,0.0032953441704895443,0.004421994047597384,0.00507701955771323,0.018007490572996585,0.012593105622657969,0.005266690779505271,0.014200357756054069
machine-2-7,20,0.8049706043298346,0.9479858098909786,0.8154018118741908,0.9359867713283273,0.8841484809880177,0.4797742551972861,0.9190563761618216,0.9485914773667605,0.6992121168723775,0.005201181012659351,0.006134500583751819,0.0026017320088407105,0.003288682215005374,0.014322553079045638,0.013062704290072067,0.02359509162417969,0.007487790340443998,0.01288813777416653
machine-2-7,25,0.8073738799078207,0.9463084409996712,0.8152645056570619,0.9342024035291823,0.8768975720735956,0.47248997973858353,0.913193327425299,0.9442431512118874,0.6968607338726136,0.008874798960589339,0.006065675338751983,0.0030257915847128488,0.003049689839249636,0.011269579368661155,0.005090523540283239,0.021444915986800848,0.007241706582956386,0.007465945375925239
machine-2-7,30,0.8078076596411163,0.9467599105073484,0.8143864707016542,0.9350085135286302,0.8756504469982413,0.46873393339676866,0.9133870136383799,0.9445910235849662,0.7000635848667601,0.0078056736699806065,0.0067424340421509054,0.002056773661220422,0.004337277005926394,0.012489000922650467,0.007929827972415862,0.02158321466408681,0.008395515378319125,0.01281155152714454
machine-2-7,35,0.804140867196326,0.946373172197094,0.8133412004516162,0.9364884523527341,0.8742694507951676,0.4775772620284534,0.9102643093125748,0.9437450730910127,0.7026310631715623,0.009810949646083969,0.006747515672491853,0.0024695954183295734,0.005416303563417378,0.007885798603500383,0.0060269305360683275,0.021088246370955393,0.008424299700899087,0.01687055546017846
machine-2-7,40,0.8044087061004253,0.9472607560706914,0.8151121810210402,0.9384376287329111,0.881870775611194,0.4872179141738201,0.9258582483857327,0.9454797778817284,0.7022535835149777,0.00910623844560505,0.0053039445407669795,0.0033222983477934455,0.0037773772755723026,0.008934409748864528,0.005989027002855228,0.01698376859392814,0.006331633596653,0.017702029763225824
machine-2-7,45,0.8004362995866121,0.9464902165074989,0.8145743753269785,0.9394022606840735,0.878466096138907,0.47803660323122915,0.9254422815732395,0.9442439559825001,0.6990651293360401,0.010738495267597667,0.005758272475547508,0.0011999961079183117,0.00824334802893843,0.013878217380163826,0.005628254921570207,0.026740361977888212,0.006706778770120629,0.017136201903078695
machine-2-7,50,0.798886527850463,0.9463519429407056,0.8140904547983374,0.9387908940777163,0.8814435911823817,0.4736077283321397,0.9280469096775016,0.9434476488564242,0.6951766464948409,0.009365356750074164,0.004174857763318094,0.002152900987286776,0.011573175325520537,0.006792629737685653,0.00400627398302294,0.018942587692852803,0.003855618237536919,0.01740086126055766
machine-2-7,55,0.7993452315865004,0.9468189092902729,0.8131017215814706,0.9389805459829247,0.8821582444605618,0.4683156222810561,0.9220721401588857,0.9433944364352992,0.696240535245451,0.009005013889530584,0.003973014130095302,0.0012848943128012042,0.013274998005426471,0.005488452954575356,0.013666922325305994,0.020577147487876077,0.0033723273564532064,0.01807910443915768
machine-2-7,60,0.8008324810266507,0.9461782443404967,0.8126905588559156,0.9374103295310435,0.886710825027035,0.4762360495545825,0.9326016030923798,0.9431934716579874,0.6959206567508841,0.00804496928999137,0.0033958765362044853,0.0015954920501909287,0.014415243929795542,0.006011425984388685,0.015044336717360026,0.01675393079667347,0.002457162490094017,0.016185697782299675
machine-2-7,65,0.8004185246395474,0.9468693545378568,0.812796552734953,0.9389727916215835,0.8824093048751736,0.48439718245799784,0.9284559870002779,0.9434479501009716,0.6972496315533458,0.007864506341821802,0.003758005947587211,0.0006283478095866706,0.013163501614729114,0.01251017611421863,0.008608350490907185,0.020243844553273528,0.0037595250784327075,0.018044649669068734
machine-2-7,70,0.7995557071163543,0.94779779957727,0.8122527955361297,0.9398553664761027,0.8881393037183785,0.48376956962118894,0.9352409757092146,0.9450563581803968,0.6961160449650605,0.008489777227700201,0.004439141196568935,0.0012811551412438029,0.011046350655140367,0.008456492307646939,0.008359408266188098,0.016367914434848526,0.00492580291978555,0.016078248889632264
machine-2-7,75,0.7999532864999658,0.9483314422806405,0.8108636790131264,0.940123411769266,0.8828948941860325,0.4821423562202036,0.9287586200647433,0.9452271393087435,0.6993606918944633,0.00802912725797796,0.0037960754877669946,0.0017438540007464092,0.009987848512381381,0.011428667236198613,0.013199619915089009,0.01580298105493778,0.0038446548676354104,0.016143385440297715
machine-2-7,80,0.8004950171112812,0.9475607481354839,0.811662317488213,0.9369444673742268,0.8838935054302066,0.4791074269137718,0.934056192995266,0.9446954061442322,0.7006383877261265,0.006589525415621725,0.003870625052134091,0.001550782904657665,0.0076084498092995395,0.002944220246917519,0.019808631929778223,0.01147951482905872,0.004412161010381496,0.01595422962997821
machine-2-8,5,0.9684564501683934,0.990683559732296,0.9794651870700175,1.0,0.9999999999999996,0.6432885890510249,0.9999919882346611,0.9987596314829501,0.9176610967546002,0.0018833203372189665,0.0002510417675248723,0.003084945971783465,0.0,0.0,0.08579898710075363,1.751488010040984e-06,0.0002380949859603996,0.010609795472725466
machine-2-8,10,0.9690803566742059,0.9905963952298518,0.9755003327205924,1.0,0.9999999999999996,0.7509575341520274,0.9999864831128522,0.998873700002865,0.9347153193516609,0.0003696748812953499,0.0003649299126870941,0.006440436095297862,0.0,0.0,0.16356222153851638,6.792752395797303e-06,0.00028557043643958376,0.023529258045317667
machine-2-8,15,0.9690533722658067,0.990234408507361,0.9755220006573837,1.0,0.9999999999999996,0.7786688209331651,0.9999869582605645,0.998798725509668,0.9284123928349578,0.0005698209812819693,0.0005561300314742425,0.006539803752758412,0.0,0.0,0.13746584699453546,6.422592425383196e-06,0.0002798247402473453,0.01709838508069154
machine-2-8,20,0.9689967734063061,0.9901279107731102,0.9742370103561003,1.0,0.9999999999999996,0.7791848465741908,0.9999871384885575,0.998801943072002,0.9252475764213809,0.0008168634421370694,0.00034939515602447704,0.010907857999224566,0.0,0.0,0.13712528219607972,6.311596263276243e-06,0.0002212645151494679,0.00869903699267032
machine-2-8,25,0.969227457998701,0.9903700710486372,0.9771487791999862,1.0,0.9999999999999996,0.6826644968799009,0.9999855820006183,0.9987873891474396,0.9265155692541038,0.00042017066311507287,0.00025043987499243667,0.004677034598179944,0.0,0.0,0.047848591834419404,3.7138927055734365e-06,0.00024270435753602338,0.007212474398436019
machine-2-8,30,0.9690478956803736,0.9904654835168692,0.9749251059342889,1.0,0.9999999999999996,0.7673004079254079,0.9999861554442455,0.9987010597706533,0.9234318809220327,0.0007910388375353188,0.00039001616676336275,0.008645632636841254,0.0,0.0,0.1147290209790209,4.816959787444045e-06,0.0002890151156677537,0.007152080079339807
machine-2-8,35,0.9689088004861772,0.990556870977797,0.971800213850532,1.0,0.9999999999999996,0.7673004079254079,0.9999857949944251,0.998685204256917,0.9231960286608444,0.0008591171054047919,0.0003382634732793624,0.008867409816122877,0.0,0.0,0.1147290209790209,4.09606014672375e-06,0.0003119465300955427,0.006801820172707685
machine-2-8,40,0.9687271602612785,0.990530609454729,0.9717084401932707,1.0,0.9999999999999996,0.7414321288924578,0.9999860899130514,0.9986732356742413,0.9215518807307621,0.0008704587356288427,0.00032811156141786225,0.008935976366330933,0.0,0.0,0.14070018763003678,3.900182949933651e-06,0.00032011541583808065,0.008781010235302375
machine-2-8,45,0.9687733310143433,0.9905343705271281,0.9711030965413554,1.0,0.9999999999999996,0.7495593783990177,0.9999861226812641,0.9987444470467866,0.9241315304063714,0.0010448455655057266,0.0003818250288069352,0.01028774646817997,0.0,0.0,0.15604842712612446,3.964985132300022e-06,0.00026795135640395967,0.009835328461696232
machine-2-8,50,0.9685856264799111,0.9904615904770175,0.9696564204678323,1.0,0.9999999999999996,0.6830305893815936,0.9999860899130514,0.9987766928208244,0.9237310060757244,0.0012397340427298096,0.0005040758410677399,0.011638072536822084,0.0,0.0,0.05108264618274717,3.900182949933651e-06,0.00022187728327081893,0.009988551360399712
machine-2-8,55,0.9682852054596331,0.9904246395902886,0.9680369871749699,1.0,0.9999999999999996,0.7495593783990177,0.9999861226812641,0.9988614582189718,0.9256925828297061,0.001827276354084726,0.00048160294918998375,0.014636701768266256,0.0,0.0,0.15604842712612446,3.964985132300022e-06,0.00013909124178119428,0.008241054973599638
machine-2-8,60,0.9683265356019524,0.9905079110528812,0.9695413252087836,1.0,0.9999999999999996,0.6700988997379996,0.9999840418827096,0.9988746871540305,0.92528971933042,0.001702975928737172,0.000489425911890687,0.013807472062739893,0.0,0.0,0.049935764864951424,6.342812429249064e-07,0.00012066021044711306,0.006762586393478467
machine-2-8,65,0.968422548351328,0.9904845528137705,0.970479247654041,1.0,0.9999999999999996,0.6573933606431632,0.9999840418827096,0.9988966837792447,0.9254751803158181,0.001610584504219093,0.0004698991864075427,0.013403166018684846,0.0,0.0,0.06068516980868879,6.342812429249064e-07,0.00010103777692359869,0.005317845832977607
machine-2-8,70,0.9684071742074678,0.9905488869469145,0.9688619577389779,1.0,0.9999999999999996,0.7073307599105256,0.9999840582670855,0.9988992904648433,0.9258358880712416,0.0015460543112031776,0.0004973562022656725,0.012223495014564288,0.0,0.0,0.005210275050743566,6.226054674133655e-07,0.00010085688255086199,0.00510850773387853
machine-2-8,75,0.9684797862127688,0.9905370758599066,0.9710657456555963,1.0,0.9999999999999996,0.6806565021507416,0.9999840418827096,0.9989152958759315,0.9250361546984269,0.00140231554097093,0.00044576693131363033,0.010130330109484015,0.0,0.0,0.05184500086452048,6.342812429249064e-07,6.230089050674943e-05,0.0016518936260876721
machine-2-8,80,0.968545771851369,0.9906024657326714,0.9719353109794717,1.0,0.9999999999999996,0.7073307599105256,0.9999840582670855,0.9989365558224537,0.9262549538359031,0.0012190094031597069,0.0004618176319202135,0.008480054996363985,0.0,0.0,0.005210275050743566,6.226054674133655e-07,6.06999039692752e-05,0.0021146904037505666
machine-2-9,5,0.8574325585425983,0.968726167157987,0.8251552309188396,0.9427162592110654,0.7217668209728584,0.2110926501898176,0.7981962048196407,0.9914588482272069,0.9148164979525257,0.012078028718504632,0.0023497667816427055,0.008967643243012798,0.03164860816095117,0.038457776512267235,0.01642525622106924,0.026806868558115843,0.001860303011426848,0.011210916321599233
machine-2-9,10,0.8474604674601539,0.9668275954851369,0.8192568385524637,0.9267056388014467,0.7022602152772052,0.2027801319240376,0.8080529116029473,0.9903194274867759,0.9053227193150093,0.008199462502155476,0.0016064137890932932,0.005416155372035921,0.03615947777627422,0.04267255743420537,0.018891801884713896,0.03448877731086399,0.0011645802092536874,0.006927898813252321
machine-2-9,15,0.8410779780062583,0.9662548569273846,0.8142421450124359,0.9575974638684119,0.7387418439468766,0.2189840200879658,0.8382825858343038,0.9893911429774654,0.8987482015810903,0.006409552954788366,0.001719596165993867,0.006236396739409217,0.0006093730650409931,0.0005876289609908352,0.00022118330611279458,0.002634876744327377,0.0010111698535903112,0.006672822012173439
machine-2-9,20,0.8388855878987496,0.9657242304109653,0.8125081191282351,0.9574563917305755,0.7385618121732681,0.21901215424008136,0.8392837382288622,0.9890024558377637,0.8972360362625169,0.0077935057930294946,0.0029094200570299465,0.006328554507760956,0.0004884482769132635,0.000598863125471308,0.00018832576955645609,0.0031962528140031467,0.0012533509746739883,0.006377873293637804
machine-2-9,25,0.836319768136951,0.9646742933874768,0.8099816684671421,0.9422937492356913,0.7200721460611452,0.21091370979691426,0.8344223037501968,0.9884154770145765,0.894334572945765,0.009824436922757307,0.003963033390351391,0.0065678510972213425,0.031388118718641896,0.037288666392281775,0.01648524817999016,0.04174000412605145,0.0017270316388655034,0.008136425238666544
machine-2-9,30,0.8349866385299349,0.9640780535681864,0.808256702507977,0.9582327674138749,0.7395038549628501,0.21933186772985278,0.8478240141300745,0.9880783858867548,0.8927586571761864,0.005035255685965895,0.00248340710437489,0.0032236528340789943,0.0009615443387245582,0.00040596973734899203,0.0002469382094018452,0.01948185031067667,0.0009693027174135042,0.004542519909947061
machine-2-9,35,0.8356305710285704,0.9642762118724727,0.8091701242430847,0.9585154109128136,0.7390262338793507,0.21910644614847857,0.8491907760468403,0.9880803706564579,0.8924357967698323,0.0027112915807881474,0.0018479925052597213,0.0006288487985779211,0.0010910418982862525,0.0007477055177853676,0.0003586328190334181,0.018632118842656926,0.0007160475764614891,0.0029160939362731318
machine-2-9,40,0.8340749957464764,0.9636350726222007,0.8082295850102965,0.9579507893498953,0.7389080782657206,0.2192093469347918,0.8489320329324399,0.9877809328863688,0.8913210173482236,0.0013253383285967133,0.0010988549943126396,0.001446285825576587,0.0011385218395130517,0.0008101602527674703,0.0004174078110472117,0.017996668314741664,0.00048297287858626334,0.0029218167448476716
machine-2-9,45,0.8345337805661912,0.9634971430709245,0.8091133094635399,0.9587282899449967,0.7392386906327197,0.21954023545902612,0.8484475860826067,0.9877433162960791,0.891949622310165,0.0014715948181884197,0.001378929384129517,0.0013337706623642207,0.0015481063250214501,0.0012083714522650453,0.0008526088047100795,0.018398628445890023,0.0005734132571078545,0.0022909988392535116
machine-2-9,50,0.8361959057429758,0.9640379521463059,0.809966027647607,0.9585157437778603,0.7390090086004777,0.21905485579102024,0.8389329698891794,0.9879971639043977,0.8934285885853448,0.0021972719130423733,0.0009856270258231813,0.0032411331801754776,0.0012710231101533435,0.0008772483098340642,0.00020278682660352306,0.0037105724240020254,0.0003243065729558188,0.0009646350460471024
machine-2-9,55,0.8362432802185376,0.9638108049896759,0.8094872550117054,0.9585157437778603,0.7390560050588261,0.219183964192976,0.838774597733827,0.9878547294377232,0.8925828962456561,0.004049703538468794,0.0013100710624247244,0.00389870943533381,0.0012710231101533435,0.0012005222491923192,0.0005775975268501109,0.0020095821305247735,0.00044827028731941453,0.002281311130757113
machine-2-9,60,0.836080363218873,0.9636140152804964,0.8105722151907185,0.9430696678350705,0.7204539543470279,0.21112093244311336,0.8330602771810459,0.9878182781841105,0.893193935567686,0.0035933722940936505,0.0004686830259390339,0.005026177764616307,0.031885575153842945,0.03788037364181602,0.016477762067912457,0.04054469627564422,0.0004361774950348142,0.0019449216087284928
machine-2-9,65,0.838255186122866,0.9641186596264866,0.8119373106129375,0.9585155354614392,0.739149030999651,0.2193948747314522,0.8375354453990702,0.988166915017836,0.8945680012911468,0.0034498455978507784,0.0004251045661974437,0.004393412263598938,0.001161503673166913,0.0009216650346494386,0.0005087569588268306,0.0014297695852162388,0.0003638984391268509,0.0020227353656810053
machine-2-9,70,0.8363427823992488,0.9638268899452964,0.8098770253212736,0.9585155354614392,0.7389606015191231,0.21922434394685492,0.837436344757576,0.9878443715849898,0.8932368536963098,0.0041235330481624735,0.0012973478665971989,0.0039827750706427694,0.001161503673166913,0.0008833410359499152,0.0006026681264035119,0.0014730590853759909,0.0007392269529991686,0.002495321586101505
machine-2-9,75,0.8379614845668931,0.9642340337792523,0.8109707022030875,0.9585863005865055,0.7391652289499081,0.21916180917507638,0.8374544953784231,0.9881377175716791,0.8943655978747166,0.004113198704659736,0.001301463654866797,0.004530921019610027,0.0012311184216768378,0.0010977473134484194,0.0007408015875641473,0.0015685439862475066,0.0006054051083361805,0.0025283349933481083
machine-2-9,80,0.8394385776444041,0.9646642587847424,0.8123110716230146,0.9586567746205068,0.7394283879041871,0.21910637600369207,0.8364120884715065,0.9883637819675681,0.8955467112694971,0.006106806146722832,0.0016758845648643622,0.004876078164886392,0.0011390381642428563,0.0012462411299047971,0.0005462778743226864,0.0025326781033953483,0.0009504699630193288,0.004632912979182446
machine-3-1,5,0.3768041764673381,0.821479847091569,0.4666473076975872,0.6417582417582418,0.6642268429983565,0.26679174502586295,0.7000670864546505,0.8767792019576242,0.24673343591341282,0.002534232870205663,0.0057395455453563985,0.001212239132724845,0.0,1.3467287957545187e-05,0.00038321197290169806,0.0665743590546657,0.004518940201621225,0.011072881306703947
machine-3-1,10,0.389492568225678,0.8400357173742652,0.47100910385976935,0.6417582417582418,0.6642335766423353,0.2669833510123138,0.6667902039429582,0.8949184931592398,0.2840985889360716,0.0043767883008787945,0.007657724127109767,0.0031364694571369227,0.0,0.0,0.0,4.798891134910713e-06,0.006077929081653757,0.013326896564469375
machine-3-1,15,0.3938371100822458,0.8399927350421484,0.473518519453476,0.6417582417582418,0.6642335766423353,0.2669833510123138,0.6667854022635891,0.8971976003760109,0.284120290930764,0.010224471091282744,0.010965205819331213,0.00156752529947865,0.0,0.0,0.0,1.2258606449307163e-05,0.009979942412562559,0.020862456705157937
machine-3-1,20,0.4086227069315529,0.8458380462330891,0.47916578829792467,0.6417582417582418,0.6642401644312098,0.2671747591590611,0.6667903154787005,0.9032881236085423,0.31329431525094986,0.02266072065963138,0.01371290427354666,0.00682204913441967,0.0,1.3175577749093467e-05,0.00038281629349460553,4.780710922490235e-06,0.01144299868291646,0.05560660415883632
machine-3-1,25,0.4109562352584049,0.8479376888305649,0.4801706202747983,0.6417582417582418,0.6642401644312098,0.2671747591590611,0.6667844668515119,0.9056139624668322,0.3236772798132709,0.01704992242038956,0.0110889563901001,0.0017805455328700557,0.0,1.3175577749056458e-05,0.000382816293494624,5.20218147691778e-06,0.00803290478754229,0.041430624792318
machine-3-1,30,0.40936160577850056,0.8467350700597714,0.47778760749915944,0.6417582417582418,0.6642401644312098,0.2671747591590611,0.666779990754674,0.9041566620888517,0.31601943125172915,0.0146427756110589,0.007515546203063788,0.0024645174771768274,0.0,1.3175577749056458e-05,0.000382816293494624,5.632228458778037e-06,0.005434467832724448,0.035324689845372924
machine-3-1,35,0.40843601511058525,0.8456984179985185,0.47876553426800333,0.6417582417582418,0.6642400185761056,0.2671745613193576,0.6667783481160398,0.9028354552609799,0.318813746184871,0.013803488184970939,0.004739458158427338,0.0033281886192403883,0.0,2.548361649570314e-05,0.000733381813959898,4.8619257633331765e-06,0.0035186810205309017,0.03606642840605407
machine-3-1,40,0.4057507840604707,0.8442388918554229,0.4750098545401925,0.6417582417582418,0.6642401644312098,0.2671747591590611,0.6667742487216479,0.9018230755190129,0.3002207532523311,0.008440959759024024,0.00512612214118751,0.0022499381754562038,0.0,1.3175577749093467e-05,0.00038281629349460553,1.2185440068001011e-05,0.0042874980249078334,0.016659926155286057
machine-3-1,45,0.40174134596104516,0.839512822862231,0.47378056610989083,0.6417582417582418,0.6642335766423353,0.27422490579501496,0.6667760304895098,0.8977458207499039,0.2950988777370847,0.006279212853342112,0.00560450191024086,0.0012967877977111645,0.0,0.0,0.014483109565402351,1.3331266613202542e-05,0.00448355114193143,0.01601374561574535
machine-3-1,50,0.4016100394393014,0.8400623847227008,0.47136011913573983,0.6417582417582418,0.6642401644312098,0.2671747591590611,0.6667745151860076,0.8982404824530188,0.3004506381905049,0.0036959125069626793,0.0048598532914915045,0.0015978525351446166,0.0,1.3175577749093467e-05,0.00038281629349460553,1.2046547912935852e-05,0.004346835492475186,0.017584208047943403
machine-3-1,55,0.40012122465518474,0.8367996310668862,0.4717118977529971,0.6417582417582418,0.6642401644312098,0.2671747591590611,0.6667846015981528,0.8957900137409985,0.3018485591746454,0.0048895595896402775,0.007501981619714076,0.0030839216338808297,0.0,1.3175577749093467e-05,0.00038281629349460553,1.8973814003265583e-05,0.0061856507375558775,0.01853161935538568
machine-3-1,60,0.3990473636035904,0.8365046744644568,0.47150194539547907,0.6417582417582418,0.6642335766423353,0.2669833510123138,0.6667890022797319,0.8957516868266406,0.2981223237246297,0.00236663334243246,0.00420532711097665,0.0031548692513475502,0.0,0.0,0.0,1.5313419258666983e-05,0.003683035276638536,0.015201341300640008
machine-3-1,65,0.40024587329264527,0.8368805053418202,0.4715640837032651,0.6417582417582418,0.6642268429983565,0.26679174502586295,0.666768228433393,0.8964374903669705,0.30162713301512883,0.005293057521402726,0.01032729468863852,0.003911554301904129,0.0,1.3467287957498925e-05,0.0003832119729017027,1.3440536528345098e-05,0.008583860204387601,0.01486172782433978
machine-3-1,70,0.3989080900546642,0.8348071869204677,0.47155868056355643,0.6417582417582418,0.6642268429983565,0.26679174502586295,0.6667833672904817,0.8948525640852103,0.3006039567852966,0.005216609049605,0.008461224755384132,0.0034451626402643588,0.0,1.3467287957498925e-05,0.0003832119729017027,1.779665748826893e-06,0.007610210941314331,0.0178638119098195
machine-3-1,75,0.39811069506361024,0.8331183787762109,0.4725376416829786,0.6417582417582418,0.6642335766423353,0.2669833510123138,0.6667692525495037,0.8938738438353284,0.2946982967400176,0.004419927143803418,0.007400072696694425,0.004062141950628514,0.0,0.0,0.0,1.451863325753368e-05,0.0066148407288211105,0.016516586856888435
machine-3-1,80,0.4026977007886582,0.8370902265211799,0.47114253288876623,0.6417582417582418,0.6642266971432523,0.2667915471861594,0.6667722781619698,0.8960322114297326,0.30092236046881715,0.008621361627583615,0.009286275694339565,0.004345849420350269,0.0,2.5534395920023898e-05,0.0007334506929011789,1.867765632913637e-05,0.0075374824073166915,0.026330745475229133
machine-3-10,5,0.7965330916134467,0.8875889526993002,0.8520153812307582,0.9211468669664057,0.8045772764025341,0.4514242218164995,0.9154541133373959,0.8789781204177434,0.6633919890443434,0.0032442844713278414,0.003696599402851284,0.005571646175671935,0.022429539012669506,0.11979280578037084,0.03559360426160373,0.017075043766215384,0.011008465939358465,0.07831200461163794
machine-3-10,10,0.7928356173368017,0.8913121068747529,0.8493270743633439,0.9531993703181743,0.9140550309083842,0.46117344606177235,0.939941309787198,0.9003346916690995,0.7640281749062974,0.005536394186277305,0.0037163638068081835,0.011170635662906613,0.015533022829864603,0.0721598281205018,0.10036249868898671,0.011068381866820213,0.007535219989678878,0.04129652216569827
machine-3-10,15,0.7923632659244386,0.8917393526053967,0.8485951517210512,0.9557077547760827,0.9270055514422486,0.4721819891153776,0.9411195033959348,0.9002209339964419,0.7637190296379123,0.005888243836814094,0.006922036264157799,0.010272615656916418,0.03214015027379974,0.07260868357898412,0.08103597614609827,0.011858800384900042,0.0113175994287402,0.04798596592596499
machine-3-10,20,0.7938681308915321,0.8918706448719184,0.8519588982957239,0.959601027968888,0.9287184089579423,0.455455083569552,0.9372992697913276,0.9009433542254249,0.7671352000940473,0.005003092186074499,0.006739534031226258,0.0023099858767736663,0.022645112261562652,0.05622811637131575,0.07621619832032475,0.022838436974740896,0.009931986845159871,0.04034297134803668
machine-3-10,25,0.7928492325019416,0.8907536743586404,0.8461642043674655,0.9615346140963641,0.9323903994304751,0.4625544503386764,0.944159458710799,0.9010789433763264,0.7736541374908626,0.006207665173327331,0.006346308508756191,0.00885014930453804,0.018015941461587547,0.05218637889928406,0.07062927438957078,0.008687186228229836,0.007702375656975256,0.033291608375725125
machine-3-10,30,0.7886067486882337,0.8899288336213177,0.838563020693857,0.9493511457352827,0.9186480917145533,0.47536949514741184,0.9424908853476086,0.8999984916635592,0.7684720206590521,0.007261918387157106,0.006136557817340172,0.018708864590065658,0.025550634140779606,0.057586988996451205,0.07264839296977331,0.009383297797232862,0.008039180741110164,0.03648044468450564
machine-3-10,35,0.7835157755868665,0.8880926721932831,0.8289213058632141,0.9396865150164283,0.8936037927637522,0.4642404514638099,0.9423062925707754,0.8981600881234898,0.7568952841438761,0.00819630080383257,0.005603534420419457,0.029522261700913457,0.03493860792106071,0.09495668506089323,0.06811322652025771,0.0050827134552107805,0.007579351273363754,0.03645204458089662
machine-3-10,40,0.7757205855256661,0.8862134586735151,0.8208186780005062,0.9438443455669331,0.9103906214020974,0.4561164831281595,0.9377551874289445,0.8966060422240052,0.7540862658512613,0.024422965293456785,0.005222338567903498,0.04773475040917116,0.02243944489862191,0.040291757662048226,0.06553600742901701,0.005254094733332167,0.006301919270855485,0.03647134931874017
machine-3-10,45,0.7728319188227958,0.8858628343796843,0.8177884649421663,0.9431279821443637,0.906408474798843,0.47097752412528554,0.9423454398183009,0.8963727787596097,0.7538004483174872,0.02847380051082032,0.00522183918296391,0.047208686862060915,0.02356960382313089,0.04512520470282675,0.06735529548246781,0.006324547470407955,0.006125144362436831,0.03492449650421829
machine-3-10,50,0.766476902956496,0.884128467441733,0.8156148535069849,0.9434788990482341,0.8933439527584035,0.4742379740817454,0.9407301890041639,0.8945227131726428,0.7472863020930868,0.0407382969077052,0.008025534899271708,0.04997290273677887,0.02160556661661332,0.048578030159744635,0.06491711376090216,0.003613265588972763,0.008786088303456856,0.047508457635983097
machine-3-10,55,0.7582998942448069,0.8796944342584907,0.8087686145733741,0.9431228230438372,0.8972584919462145,0.4722569493754589,0.9418005151605235,0.8899569620511771,0.7355454563663514,0.04665304419074697,0.011147398019289049,0.05198703397847317,0.023925347610327573,0.04918213264379665,0.07526586893402383,0.005853420727497541,0.011544706367918059,0.04809552429907707
machine-3-10,60,0.7597875203553811,0.880543361594239,0.8086649362613356,0.9414194797202124,0.8996069978357462,0.46444308206829854,0.9362271142348113,0.890924091112838,0.7363459310155192,0.04445859658227373,0.011253595357617394,0.04891836973752638,0.02434755946422949,0.04485310540137683,0.07392530225222649,0.00856400687925865,0.01169677508309618,0.04562480360164092
machine-3-10,65,0.7520080532943424,0.8788077025133899,0.7955703624838103,0.9431095361213659,0.89322196486767,0.47719832860716527,0.9379214318530185,0.8891312036218856,0.7298590991233054,0.04963307534135614,0.015170474520653116,0.049434656659753336,0.021709271015043424,0.04127320410339977,0.07134778630270755,0.0027685500270480867,0.015916272606911048,0.05834130695968795
machine-3-10,70,0.749374233183552,0.8786005851920045,0.7907870778686655,0.9448525823946812,0.9015808314911193,0.4778268830996623,0.9288501797668739,0.8880767646704174,0.7236241709879708,0.04958731523065969,0.01593238288998306,0.04753558533014253,0.021691143479594072,0.04549720163805401,0.075518724899491,0.018116774256728026,0.018491161032820485,0.06829198074951959
machine-3-10,75,0.7398881846456291,0.8772925779438527,0.7788224041049874,0.9436085790972545,0.9015804953625475,0.4700926511785477,0.9341031365294885,0.8876335098890864,0.7183278624194998,0.050756266037264464,0.01668538405195464,0.050490607062114216,0.023498085757170637,0.043263508496082966,0.0653639839979476,0.015168491177756293,0.017674088318399842,0.06225716796177611
machine-3-10,80,0.7287352917434287,0.8739892278107632,0.7728406418336942,0.940395577584528,0.8979671927096349,0.4762865626564812,0.9328145923060771,0.8844558920919939,0.708152367536803,0.049395112897064684,0.015064110146410042,0.05098072506488213,0.023942529706421037,0.04089483902122534,0.06990932341009388,0.011893871126128868,0.015877527950086488,0.057641599427345515
machine-3-11,5,0.3149033104305816,0.906345165651389,0.4755119596643771,1.0,0.9999999999999996,0.4007692307692308,0.9954286640380885,0.9235137339448307,0.28717205188346817,0.013974627141227816,0.006428984334428306,0.019635378145617836,0.0,0.0,0.0,0.0007789364807902026,0.008806801068506984,0.018676921104338197
machine-3-11,10,0.2608207837355231,0.8993487119430467,0.408807867656591,1.0,0.9999999999999996,0.4007692307692308,0.9954286640380885,0.92042214280573,0.22602184985246665,0.03694356673525617,0.0056662230158352955,0.05774438303536694,0.0,0.0,0.0,0.0007789364807902026,0.004059222885194756,0.046360483958668895
machine-3-11,15,0.21466170155692688,0.8926351957214745,0.3424468188928846,1.0,0.9999999999999996,0.4007692307692308,0.9954286640380885,0.916560165892964,0.17840190159559838,0.06231475713348152,0.014048796805352183,0.0729251489982627,0.0,0.0,0.0,0.0007789364807902026,0.01124590861527758,0.05997375832493247
machine-3-11,20,0.19892636839614392,0.8962900043646121,0.32826339661225645,1.0,0.9999999999999996,0.4007692307692308,0.9946497275572983,0.9207614788285782,0.16935619432632668,0.04339917152833867,0.010196461717910239,0.059537251788069366,0.0,0.0,0.0,0.0007789364807901933,0.006095748399017685,0.04498454144819829
machine-3-11,25,0.19299376990441927,0.8995160855988719,0.30742348847992035,1.0,0.9999999999999996,0.4007692307692308,0.9946497275572983,0.9237848046702754,0.16492663585170872,0.03308895342744104,0.011001611838249655,0.03918344828616016,0.0,0.0,0.0,0.0007789364807901933,0.008847367547329954,0.037193879753721036
machine-3-11,30,0.18954575528110112,0.8994549907797127,0.30246526917067906,1.0,0.9999999999999996,0.4007692307692308,0.9950391957976934,0.9251517966089906,0.15742301153083682,0.030148666076290888,0.012285362754412896,0.02439105905309637,0.0,0.0,0.0,0.0008994383737316597,0.010771644994769007,0.03194487788407021
machine-3-11,35,0.1889187981278433,0.9006491872992979,0.3010318714330272,1.0,0.9999999999999996,0.4007692307692308,0.9946497275572983,0.9262526945408631,0.1558629212253783,0.03377622526334602,0.014155986895220296,0.028225583922950576,0.0,0.0,0.0,0.0007789364807901933,0.012786632113635133,0.037670275131344515
machine-3-11,40,0.1872120657169305,0.9067332961401724,0.29360574237470705,1.0,0.9999999999999996,0.4007692307692308,0.9946497275572983,0.931887733540271,0.15355269777593114,0.028312205803420913,0.014787318541802378,0.02854601560535192,0.0,0.0,0.0,0.0007789364807901933,0.013253037920800808,0.03701474076581808
machine-3-11,45,0.1900607186683848,0.9087564720177308,0.29004589518161894,1.0,0.9999999999999996,0.4007692307692308,0.9946497275572983,0.9333199263889238,0.1567044773642139,0.031962428633008244,0.013160908627423796,0.04628006551886899,0.0,0.0,0.0,0.0007789364807901933,0.012139299387493176,0.038713185569755004
machine-3-11,50,0.19507127949238223,0.9102872329600191,0.2964764928058696,1.0,0.9999999999999996,0.4007692307692308,0.9946497275572983,0.9351319693435876,0.15972888618273065,0.03422004348949451,0.015448864867734379,0.037464184492434785,0.0,0.0,0.0,0.0007789364807901933,0.013459921873045918,0.03984488598791871
machine-3-11,55,0.19704566938495102,0.9098062303685526,0.30080703862541297,1.0,0.9999999999999996,0.4007692307692308,0.9950391957976934,0.9339399855632476,0.1663938311866433,0.027806007024308278,0.01165541975551576,0.03596706413080651,0.0,0.0,0.0,0.0008994383737316757,0.010650777465822641,0.03223830143785058
machine-3-11,60,0.19056718689688526,0.9091915149955095,0.2878005295128603,1.0,0.9999999999999996,0.4007692307692308,0.9946497275572983,0.9330234850252512,0.15582213653301066,0.04279438894309543,0.015468033778869381,0.05673736598068074,0.0,0.0,0.0,0.0007789364807901933,0.014346031038317828,0.05053269755284334
machine-3-11,65,0.19246935212651933,0.90852206469199,0.2852200945309181,1.0,0.9999999999999996,0.4007692307692308,0.9942602593169032,0.9325801870034258,0.15564967639108934,0.04464363651327191,0.016315767264030983,0.06685960445042925,0.0,0.0,0.0,0.0,0.015031344446088132,0.054869198248477316
machine-3-11,70,0.19092921477567817,0.9075757487118011,0.2831394733585038,1.0,0.9999999999999996,0.4007692307692308,0.9950391957976934,0.9316965886020967,0.1521560898059508,0.031082058097033207,0.011071849286167404,0.04625616883533426,0.0,0.0,0.0,0.0008994383737316757,0.01038547144341787,0.0351611770512832
machine-3-11,75,0.19254838111433986,0.9056194292250315,0.28488226957447627,1.0,0.9999999999999996,0.4007692307692308,0.9946497275572983,0.929361631070386,0.15699798555490851,0.03084111547816285,0.014546102785066411,0.049310710454657396,0.0,0.0,0.0,0.0007789364807901933,0.014081603990390008,0.03237075293019273
machine-3-11,80,0.19867948349952186,0.908862507095597,0.2917699745283081,1.0,0.9999999999999996,0.4007692307692308,0.9946497275572983,0.932021767068366,0.16101012763159622,0.04005124973590856,0.016060234294090273,0.053244867937067966,0.0,0.0,0.0,0.0007789364807901933,0.015720959736580012,0.04079600037675585
machine-3-2,5,0.07023362086427505,0.5982889456981769,0.11550378903484661,0.9525096147418151,0.5070512820512816,0.26183032949350865,0.7343703862246477,0.5679095852738892,0.06497611242482877,0.007223054996836051,0.062265539352591784,0.015617057299678445,0.019440390950354138,0.16403744701643166,0.0631790710150958,0.020423350306150636,0.05306459804976625,0.008252841576763132
machine-3-2,10,0.0622100828972859,0.5348455229647422,0.09746796223239587,0.9598004977467987,0.5887703128789711,0.29442658608615013,0.7323390175061115,0.5170235337864393,0.056350310240084474,0.005407737758804827,0.03742450830428382,0.0058046357696341245,0.005703161648859087,0.028867913377167,0.02383678817166942,0.00931401856749677,0.036569962305530744,0.004924673683373174
machine-3-2,15,0.060923130771847675,0.5287345291896978,0.09544704877155523,0.9489493797192682,0.6305447601179304,0.3027371942131011,0.7475028730212921,0.510517521431293,0.05504153318701587,0.0032487443224647936,0.024224913559431037,0.004195897016516249,0.01777798078135258,0.08172156320425347,0.03817916056078487,0.01882605661624771,0.0307604707493093,0.002879565116599302
machine-3-2,20,0.061387846250474075,0.53804166426283,0.09699567338724516,0.9659993102548116,0.6646117239887513,0.3112524714847259,0.743928700981558,0.5192255122630958,0.05581776401926687,0.001751147992610837,0.019702856313072413,0.004493709943543214,0.004543697377969108,0.08105105903140268,0.04506061863082691,0.012205616844245391,0.021479737464744162,0.0017333261585262348
machine-3-2,25,0.059945943397807525,0.5282629163886035,0.094599168677024,0.9667357860638257,0.6637205387205382,0.3159316556294915,0.7513205932389426,0.5106537753302588,0.054106585767978624,0.0003513939853500304,0.014294032478904699,0.0033125257319238446,0.011241977217875182,0.11063501202100094,0.04705921547816704,0.017578065147728025,0.01617423112047872,0.0010534063814224837
machine-3-2,30,0.058048244549688946,0.5087591251804375,0.09198847506308988,0.963232957543359,0.6880081300813002,0.33088384067244664,0.7620778317473482,0.49178447968496136,0.052166012706226075,0.0026252492271229477,0.017194070001870156,0.002254606191745286,0.01742088434239248,0.07890263798285231,0.02723520920623345,0.013484539159751069,0.014201947411406781,0.0016767413318854734
machine-3-2,35,0.05685122526473995,0.5027837227681898,0.09196055430530287,0.9590607029184602,0.5997589914720054,0.30550001403838173,0.7672738269934516,0.48855268539653474,0.05150628208887083,0.0020618939408704527,0.022496356653977496,0.0017514499326994838,0.017465197179475925,0.048817280901956576,0.023615813243159024,0.035119627948481086,0.02037281458488772,0.0020974976425739643
machine-3-2,40,0.05595650182365215,0.49534400949583707,0.092217951361715,0.9603058560664415,0.6032772812200167,0.30722206774224764,0.7683790711852808,0.4824214971070645,0.05084134477485407,0.0030990653334663633,0.03566727461859756,0.0018935189308866957,0.01862644472115106,0.06334612205191252,0.02837059057313882,0.05020322972954517,0.032177235731197226,0.0031760925527786056
machine-3-2,45,0.058099039569060824,0.5108169258584891,0.09563870898093704,0.9610419830450637,0.6205892103676909,0.30147202229865866,0.7520100690270173,0.4972385129437733,0.052603992268621,0.00577766091292214,0.053450994392308215,0.006414186358332611,0.018728426064434416,0.06796107964058405,0.046211073745128825,0.027602371237880008,0.05008103851589911,0.005616517234064898
machine-3-2,50,0.0569411013819141,0.49713758443455675,0.09471532629913029,0.9624540861423032,0.5942071679156121,0.2922850954861911,0.7511801029387732,0.48667260072146235,0.05147535559245452,0.006651420442463452,0.059110784067586936,0.006354392342674561,0.020085926976386805,0.043253888782845445,0.043245963148154466,0.04330315004703637,0.05576113757422725,0.005926704665470221
machine-3-2,55,0.05591551537005382,0.49159174847530207,0.09279668708101622,0.9625805094912288,0.6036453201970439,0.29078387314503074,0.7542654561744804,0.48122369957174893,0.05052719869515623,0.005126117726914731,0.04712222657957564,0.0024896900074848705,0.015903244072316674,0.07812395808877573,0.04402613227504055,0.04401203439899329,0.04244083213442407,0.004365300016320298
machine-3-2,60,0.0551149298777528,0.48672613010103294,0.09225241148778827,0.9652778280982371,0.5827922077922073,0.2909667632940599,0.74996298263892,0.47701576358968434,0.050168950023540874,0.00512473181755484,0.04869594213900059,0.0019050127769063136,0.014036326990421052,0.04187346779686821,0.023688591785767172,0.023740372004793654,0.0432923239223695,0.004260979805363846
machine-3-2,65,0.055722189756100375,0.4922301692454096,0.09398166105852793,0.9632321667669091,0.586720032840722,0.29801338527319854,0.7384455088073372,0.4800285958547921,0.05045097672654735,0.005878558966234635,0.056994523507611146,0.0031887493240742608,0.019653896211339193,0.023331399151856103,0.017720217727632933,0.025590711141330127,0.05136399538802322,0.0049531618003395865
machine-3-2,70,0.05455981556462342,0.4815526875426826,0.09210115507608946,0.964080204346209,0.5865124458874453,0.2965503872327086,0.7576097382710585,0.47381456377428594,0.04935406565176542,0.004682423655195507,0.05203092055713441,0.0018904447658537082,0.014307803659310935,0.054511684138572866,0.026812198638815312,0.035886891597128975,0.04817500467813948,0.004115884890649062
machine-3-2,75,0.05492786612768345,0.48426333201113997,0.0920448787542546,0.9645217614554198,0.603106962481962,0.3025708316734215,0.7634550176994193,0.4743478447928701,0.049427230961300375,0.004248522222129694,0.0416950769925416,0.0020403466336055276,0.01875894290160176,0.06943684543139031,0.034865129187382986,0.030270997134189626,0.0380677015843579,0.0036929406859101503
machine-3-2,80,0.0544758132825532,0.4831299171769288,0.09268024468387837,0.9702988857052487,0.6031229485593238,0.3085763976996755,0.7544874269437878,0.47388557449244245,0.04920813650363775,0.005068378951163598,0.047833710240574936,0.0024994008707537076,0.008294490620484317,0.04612148913507195,0.02350297048823342,0.03850443732817385,0.044174761764696216,0.004183895571579828
machine-3-3,5,0.19173963330130092,0.8068563148156483,0.29709270570196894,0.9093574922727423,0.5509722402177637,0.4068580931688257,0.8596398260887567,0.8135224348591116,0.18259633983188883,0.019126467115827384,0.008516667153198184,0.01574622008068005,0.019136621708737336,0.06239292076270658,0.016043778537104893,0.012728554826917829,0.008722140826918395,0.016073432049574014
machine-3-3,10,0.164692097029896,0.7872261681224745,0.25002820557181493,0.931451182175551,0.659092786644496,0.4255573884899642,0.886034305223879,0.7938229471597237,0.1498924514521425,0.009270844930021786,0.014401644844041482,0.016523012159152504,0.004004051110577593,0.01795963849402475,0.006916642781759994,0.002809537036986616,0.013923156392862821,0.009488117702730437
machine-3-3,15,0.13126980855136042,0.748496957225377,0.2059397219980253,0.941657010329697,0.6109171183568821,0.42227140291858,0.8947505856401033,0.7553584097353943,0.12110515844544235,0.00494883042804651,0.007310128208894589,0.008820915700676916,0.004089900360389558,0.012910916810792915,0.005221685879350223,0.008294626423916861,0.0073572886872300975,0.005368835698847918
machine-3-3,20,0.12194835736120371,0.7315759358509643,0.1925123984350061,0.9465621308908081,0.6381384006171088,0.42405982644697165,0.8893058608691626,0.738519071031229,0.1120553238065849,0.0037702062550914023,0.005847381015376915,0.005121390337027138,0.004433793030302326,0.047461508110005185,0.012993773937772582,0.006616097097328111,0.005929462944052942,0.004913219677314127
machine-3-3,25,0.12175709930379103,0.7272788031355213,0.18520596610323486,0.9474371053873878,0.6528812803666778,0.4286172617281291,0.8891394210033938,0.7342631750458128,0.11009255309417573,0.0049783946278098,0.003185992237781099,0.0030230800622410474,0.002977845730317387,0.031712310472194825,0.013483787808535524,0.00795251435744719,0.003217208371131637,0.005626102511602212
machine-3-3,30,0.12049733234675147,0.7237430844783846,0.18504225897767182,0.9472414986499579,0.6540691435811643,0.4257183922518564,0.8905241438021249,0.7306469283488058,0.1093977027639881,0.0045671164504365765,0.006076683965648248,0.0022431711413959934,0.004374228936920644,0.041179443145939805,0.019870493175375408,0.0040856168339096855,0.006005570621509078,0.003373189136636374
machine-3-3,35,0.12012897270866535,0.721022475599622,0.18433539491556492,0.9459778678988886,0.6555447209719906,0.42440939578059755,0.8848194780791558,0.7280016529461677,0.10863854489379887,0.0038889782246589837,0.008916356867454359,0.0065047576168686585,0.004352854282543501,0.037769799669533796,0.01976251123426573,0.011744225341006671,0.008926860230823886,0.004003412845599849
machine-3-3,40,0.11769665039631395,0.7165740840733125,0.1816872610505835,0.9484635665713024,0.663752953756548,0.42849025409205965,0.8867915638506081,0.7233553799297326,0.10607799430653345,0.0029930318852343257,0.006228806292082419,0.00497114117964004,0.0075460318229284,0.04831360848065744,0.026103285250637438,0.016691506796946535,0.006163786954203342,0.0016196053604974727
machine-3-3,45,0.11818501087772187,0.7175779650534773,0.18060717995476333,0.9484486841139484,0.67321652255183,0.43399926762878416,0.8846126675909805,0.7244088799167326,0.10599313337279889,0.002179971073705699,0.00944929960523584,0.0037254814575568415,0.007461989306854722,0.0640329206289972,0.03001079736355966,0.010654870448076456,0.00931173793610768,0.0019621193019325406
machine-3-3,50,0.1175475289422701,0.7148680850272628,0.18084558000132833,0.9476318192326958,0.6675465352866936,0.4230999493777425,0.890185041303281,0.7218120982608454,0.10547210092411763,0.004151636603688914,0.008720368750592901,0.004184445306693075,0.007761169832430259,0.05521821196579588,0.02549918329562214,0.008372211329708666,0.008689591511808125,0.0035058817204588837
machine-3-3,55,0.11765840885717854,0.7131685095707883,0.1826412661063375,0.9489540586935783,0.6748184818424436,0.4298277539741702,0.8876226255102884,0.7202786082172581,0.10596116100002305,0.0019135318290555497,0.00885164544382781,0.00581912568295446,0.007203551894776042,0.05973296848866205,0.024986518418123285,0.008979638359035794,0.008652554208665467,0.0008814458649657474
machine-3-3,60,0.11813290657820635,0.7148893283268328,0.18133391582600614,0.9473740412073837,0.655040496857527,0.4211028393092906,0.8901519003264704,0.7218017494967777,0.10602354655794735,0.0049138770891217435,0.011606796476693514,0.008111001113111586,0.009037175007529236,0.044812166782244395,0.016887903832598937,0.009611697024290091,0.011478852690440347,0.003851125134810809
machine-3-3,65,0.11829456489355653,0.7149724233327004,0.18175935643582214,0.9481855713438886,0.6714205770865868,0.42132070599211874,0.890026124159352,0.7219123971348544,0.10639668006484673,0.004193871493398833,0.011353217103447588,0.007000187542334522,0.008251584348914365,0.05877133479165085,0.017602516924040044,0.0081258586579787,0.011065746985205294,0.0035505530833852554
machine-3-3,70,0.11736596260419445,0.7106255142302149,0.18136411622274418,0.9460969450624435,0.6578461569043759,0.41594960098851796,0.8887291127105909,0.7176720831679597,0.10547115963556837,0.004394309772330628,0.01163434890613905,0.012436912454948665,0.006187781908476033,0.059124043158141314,0.018257104646313766,0.0069779034328215665,0.011552462613275036,0.003955394643806141
machine-3-3,75,0.11751183420240835,0.712175383171835,0.18189982824461903,0.946506353155552,0.6650905295220895,0.42655640080810875,0.8905546519744005,0.7190282075580725,0.10548072382438395,0.0036212997730704303,0.011027426793332,0.006084693812110966,0.005855262015827361,0.0458861597429567,0.018147395715850452,0.009365067009024486,0.010898134464123986,0.0032119992442044905
machine-3-3,80,0.11617364153219678,0.7101820464153317,0.18166721488423843,0.9464981648406574,0.657279966752657,0.4228244019955668,0.8885514337095939,0.7169349849616721,0.1048039583045555,0.005436772915845041,0.01236981344593674,0.0094069414975935,0.006242927712497084,0.04835169865082355,0.026645890039294916,0.010632615888131807,0.012239612375669695,0.00488340275381651
machine-3-4,5,0.7462190186638255,0.9329412226326879,0.6931899876108654,0.963995094044861,0.8434204427866001,0.29942540476812773,0.8768574063822456,0.9457025673301412,0.7100748996653209,0.14122695447597508,0.07354045613651962,0.1056765643821683,0.023380288323734233,0.07289734218988761,0.04121867776317197,0.04564386482956563,0.06746498252522629,0.13867456651496754
machine-3-4,10,0.8178913497274308,0.9596190161025737,0.7600628104705591,0.9535481389734927,0.8439760978213837,0.36717406117308704,0.865723099829556,0.9673551037541418,0.7411438679230207,0.08745501841263381,0.023593960846868458,0.08429505668595398,0.01933019518047784,0.07539579560137125,0.01721175152452584,0.03595030439766431,0.020283963785778635,0.08159547205892821
machine-3-4,15,0.8236805566076948,0.9636728563849286,0.7591511279439295,0.963973954884725,0.8691344357591341,0.36737867787956646,0.8710569415441963,0.9741446857839218,0.7690576831613035,0.051539524724380475,0.011956880720992985,0.05790014688755397,0.01937721215573151,0.030505633702147344,0.024588796130354234,0.03845942522972503,0.008726554524837392,0.03460922044282741
machine-3-4,20,0.8303700535319415,0.9642470964602943,0.7593303759633789,0.9734867157252017,0.895237426842489,0.39613590099356927,0.878718933984862,0.9763476200205721,0.7899331899709672,0.03978479139275659,0.009926281782196627,0.048821653121103335,0.008629825950273548,0.039636208642539465,0.04084488090496856,0.05455528296756106,0.006665370964405615,0.029443769896640954
machine-3-4,25,0.8345396769655531,0.9642065173092398,0.7689463717804541,0.9705827683985389,0.9047025668984615,0.41164512009497334,0.8751021578589906,0.9770856445990035,0.8053587174301917,0.03156860453804331,0.010130265363344527,0.03366083605992812,0.016708721695855376,0.02489927338002661,0.03465454097926362,0.03710878381335698,0.007848105174876848,0.03167881109355057
machine-3-4,30,0.8178786361289729,0.962909686545446,0.7487266152565548,0.9703429961916481,0.9213573257580239,0.40767236871641005,0.9017172974119636,0.9756843014960619,0.7864631492607848,0.03079083312318586,0.009440789213610388,0.037617632399599886,0.007708780910025411,0.009273154619461535,0.040910150038259645,0.027656971905814787,0.007057101778077424,0.033924111883799984
machine-3-4,35,0.8012172441964086,0.960859751826028,0.7322377545792117,0.9588506970948993,0.9080961962425479,0.40604595295045587,0.8946525162988852,0.9733551441108481,0.7645810635264515,0.04670629898021161,0.008659008490765806,0.05537706772553567,0.018345798648918415,0.04229144377713794,0.04852021009991491,0.03136784782540064,0.00681455475350875,0.057938235638706204
machine-3-4,40,0.7881673672667491,0.9593921335602339,0.7183470481347956,0.9585776488732622,0.8782944444991523,0.38919808118285093,0.8838879613320763,0.9712794822411247,0.742291391051126,0.06657196836805894,0.009254424522161084,0.07681220140419834,0.019310862975101855,0.11693336495981024,0.05753586148072195,0.03500827207674428,0.008704028144011841,0.09795442412017111
machine-3-4,45,0.7824153927591604,0.9570085705872303,0.7193668767162817,0.9543961693216219,0.8693893319734732,0.38458301911654147,0.8796652368681237,0.9688439744225021,0.7305583468389761,0.0740712703042287,0.01129110641751465,0.07439307138407131,0.020861308438158137,0.13194895829689277,0.078358055082654,0.05569001739936128,0.01139838163407646,0.10899743822731377
machine-3-4,50,0.7796986403343448,0.9572862277923269,0.7123158295342849,0.9509315604698745,0.8703568206981529,0.3753698217184879,0.8755538841171352,0.9689862827320541,0.7237902134466985,0.06880232057497408,0.009988845892450204,0.07158626404122771,0.01650332083580547,0.11594439075480474,0.05066931578212219,0.052319849315833736,0.010332923954285273,0.09749933723565532
machine-3-4,55,0.7831105093447216,0.9577098064974164,0.7184402721180635,0.950164240625572,0.8576897076319876,0.3488436186470915,0.8940049081649178,0.9690504032843054,0.7251427313319982,0.06983855879201528,0.009583814229058758,0.07229944115679628,0.01344361652274766,0.13883781773745893,0.04195235305304836,0.03985614954473418,0.011061624234307533,0.11216512206678102
machine-3-4,60,0.7857578970419061,0.9576372769008998,0.7217678458256753,0.9475355598925777,0.8403849356664055,0.3470537324285179,0.8734199685228694,0.9686373519065667,0.7261365557192458,0.06889519534192673,0.009498965771247645,0.07137725680889453,0.008425972614767666,0.13798740842565144,0.046817894864425474,0.03379336261674143,0.011258393964099339,0.11590853453321599
machine-3-4,65,0.7787634761437401,0.9568294812672437,0.7149536037510528,0.9436201472484329,0.826725838623021,0.33263666315959406,0.8676255182570445,0.9674906193037663,0.7099451146462337,0.06519277717867111,0.008104891890256961,0.06886811807530399,0.011724694107023525,0.1388710546843801,0.03611750885923497,0.025615282017666545,0.010187743147329894,0.10984391941047018
machine-3-4,70,0.7858141742461595,0.9578688373175972,0.7225542608202257,0.9452149135287735,0.8273791417491848,0.3283477054242411,0.8647365371940016,0.9684830533807516,0.7179113778688845,0.057345825548567896,0.007708387405052697,0.05697192514850564,0.011033302974545755,0.13196982825087922,0.04042218436401379,0.04323332970229343,0.00980080864920235,0.10264352946690695
machine-3-4,75,0.783319335837193,0.957946422400016,0.7176332203942588,0.9434582010759205,0.8140848232148277,0.30789803521076586,0.8538064841364076,0.9681964951344932,0.7117556418082287,0.05907561487613916,0.007264149516335284,0.06184020060003926,0.0129839962044505,0.13192309490426685,0.024758246190029153,0.051980932839442565,0.009399697175055895,0.10381130523397611
machine-3-4,80,0.7893064428143466,0.9589974844082504,0.7286908434996375,0.9440145590918354,0.819841831312514,0.31071158454394665,0.86345587603813,0.9689431201738835,0.7153669716734936,0.050917046507790394,0.007042966781583837,0.046946601423045554,0.016201794226440816,0.1066799137235597,0.02292384603936374,0.06053627802838489,0.00676766413201819,0.08334784578832755
machine-3-5,5,0.20877333953021665,0.7471807593496999,0.3072658310702253,0.7524544634877279,0.6139324057104714,0.3250370860226638,0.7392763506481682,0.6665939762868007,0.10910765074740765,0.020779815558952853,0.013156629885387707,0.04449708847143712,0.0027362304221768947,0.026052166721793786,0.009218219724716523,0.0031093979593584085,0.029492686357502795,0.008704603964699121
machine-3-5,10,0.24486975406024922,0.7568000271725526,0.3519729983966493,0.757245308073694,0.658558976178897,0.318813090962895,0.7457062671997589,0.6673175041256145,0.12558080762933266,0.007921116376725502,0.006427811501018296,0.006434542051516645,0.0019728475113634887,0.02574006380625689,0.0046792602179451205,0.0058566566127993425,0.024692358102559292,0.005342506165892089
machine-3-5,15,0.24323999464963317,0.7510288878956575,0.34650613931268875,0.7577809102629076,0.6645533504419059,0.3135909538757669,0.7448592405464189,0.6631993197466334,0.12514558085297267,0.00815793146906155,0.007399802209895754,0.010498316468780418,0.003752519910729589,0.030931771740735883,0.013264781279833418,0.003957179918489166,0.02538607817358595,0.004958335842398242
machine-3-5,20,0.23822232254276213,0.7512743694998797,0.33937827120651276,0.757334611896957,0.6509776801741378,0.31507231853411083,0.7473597102628685,0.6640379022766376,0.12239604378014655,0.008244386997476112,0.008401088075763296,0.00787281806459366,0.0026165519421244717,0.030512015528188708,0.00833751664898358,0.005501897258925817,0.025420101817511413,0.005663934136258513
machine-3-5,25,0.23728277795359534,0.7515361778514222,0.34154920673482625,0.7568100833406955,0.6412282221425183,0.31829599489154636,0.7420298102512038,0.662510354333759,0.1216088077774838,0.0046700577075115286,0.00596014499652257,0.011412317209638423,0.002014191663287344,0.028003451013503555,0.014092553864749136,0.00359807813730981,0.022571813752530236,0.0032719617107395305
machine-3-5,30,0.23559481367849866,0.7509860901159738,0.33942868816040694,0.7567885552357925,0.6456067910747225,0.312473315953815,0.7438543401092333,0.660731896880414,0.12099095943670787,0.004676788940134602,0.006390955938303468,0.009030389929858901,0.002363616486798972,0.032035604468471035,0.010837093542423498,0.007679582205488332,0.02470010000819328,0.0043134967078716545
machine-3-5,35,0.235039720626967,0.7487957951383337,0.3366391830026462,0.7551523596175973,0.6394112554884693,0.3124720901369142,0.7416705257634464,0.6578407807894897,0.11988112006506765,0.0073594948331014804,0.004391443824709028,0.008024929808817548,0.0027362024722379194,0.03181741842719211,0.007078934284970991,0.007861405122076011,0.024499289922520616,0.00505181217157844
machine-3-5,40,0.2324755858505008,0.7484716448559492,0.3338235373307542,0.754344489007512,0.623152843057462,0.31370156161786084,0.7434011355756928,0.6559262702310937,0.11912713686495696,0.007483447496979138,0.006239337211101344,0.010784869556292877,0.003878658255445565,0.03871991879730956,0.0078588797307699,0.006542924403651959,0.025611653130400588,0.005142528471619126
machine-3-5,45,0.2337265211249323,0.7492335513193829,0.3339368515739241,0.7554189671872183,0.6399825122893953,0.3126258742398002,0.7446750065920862,0.6564516022729332,0.11951696675190465,0.006166149178963962,0.006113656492545179,0.011441163721260646,0.002669519660178357,0.033972718560978596,0.014827374285015231,0.007242540844860771,0.02666422706507791,0.005805464054468012
machine-3-5,50,0.2355918898216952,0.7500285402646356,0.3373359304990678,0.7548935600959912,0.6380965104665487,0.3121403394303584,0.7470257058536257,0.6554475074171671,0.12074133504256121,0.005366102003496119,0.00576674725553652,0.010695355214886768,0.002656373583929307,0.024593377617452276,0.013650026133481341,0.005346118126137509,0.027537664809434922,0.005240023034179415
machine-3-5,55,0.23639521596365193,0.7505841543643238,0.3400395661943688,0.7527146377988627,0.6218942257741134,0.31816797806457586,0.745243418295767,0.6547175448989726,0.1201527956741414,0.00604220192244642,0.007363098263759468,0.00558331419313187,0.0010571895891556167,0.016767304116034505,0.017462763037832025,0.008500810308062889,0.03134876412317908,0.006352081360445332
machine-3-5,60,0.2347174933850409,0.7495369461926933,0.3399259218083135,0.7546076583791467,0.6362193538704884,0.31911920393391785,0.7457707971364036,0.653740328048433,0.1198188472000769,0.0047843352791289125,0.006409567766701048,0.008029958648323138,0.00045321934434072774,0.02348790098770853,0.018112839601988798,0.007038027241992016,0.02968857503733949,0.006026756447620132
machine-3-5,65,0.2367728008588401,0.7502293567332212,0.3389897620462055,0.7547137474173526,0.640363642823854,0.31260704581135773,0.7479897178050601,0.6547028825228145,0.12038659010257617,0.004328620927877323,0.003668430727305875,0.008236418411888517,0.0008620170520560196,0.02003929364144979,0.012617816848746044,0.003023664352268502,0.030489039174282282,0.005518921557822314
machine-3-5,70,0.2344009326793364,0.7491893404054645,0.3378824379947924,0.7538983976649454,0.6368268283062163,0.31583828446292067,0.746859810770763,0.6550084702975859,0.11914456929967115,0.0030585566649886857,0.003613723023785766,0.012228082286998652,0.0009206731068664984,0.020180981567685715,0.016983235647519135,0.003787642949301023,0.03145387408196129,0.003978040850091898
machine-3-5,75,0.23429243581178646,0.7482675983662553,0.3356465471857806,0.753802177960536,0.6404858581995129,0.31674633267176133,0.7462371399648112,0.653969600824282,0.11940715976651585,0.0036670719021371957,0.0013702733029066802,0.008910030778870317,0.0024072487273634332,0.02093855457746188,0.01769111184721338,0.0029581066451794553,0.029206138390408552,0.004896632672930798
machine-3-5,80,0.23005063436183404,0.747036077115139,0.33187724283214554,0.7525408604642967,0.6301370137010512,0.3118381151666706,0.7432504069446934,0.6530965682852108,0.11680114290660601,0.004462912580126287,0.0018446360021192858,0.005770632430217852,0.0028627726712887242,0.013210626314066023,0.01595357386693439,0.0051080396808501115,0.029366140419972597,0.0031072500843265984
machine-3-6,5,0.6264506267436453,0.9642561473330878,0.5749234374024199,0.9948837812659859,0.9590804884858074,0.5102669727206867,0.993043397337267,0.9788714618982062,0.7029250719590225,0.03464218243452722,0.007178288550127374,0.04239908480928416,0.0005227093388010263,0.006547568814191862,0.007450138129235024,0.000543053701526232,0.0036604509908006308,0.03458521022704812
machine-3-6,10,0.6067350435922001,0.9547181941206961,0.5604393551010864,0.9954038675702557,0.9623245661661615,0.5205659887840532,0.993086583087765,0.9745036067689871,0.6842977899216067,0.022314100151791028,0.011217831511246602,0.01750629139628605,0.0008981046606161688,0.010148271515918203,0.016932322325203353,0.003587755308573005,0.005146215763006268,0.02234747869943421
machine-3-6,15,0.5861207486743483,0.9478224387144214,0.5445158830858448,0.9951955378060193,0.9553247807719623,0.5259522658482672,0.9915499170948515,0.9704580860664267,0.6624512061253116,0.019425836956438153,0.008891715200121749,0.02456288051819696,0.000536783866235694,0.019441063484853055,0.011363982279986194,0.005798377254902373,0.004526392127842092,0.021367261446147135
machine-3-6,20,0.5899575192034592,0.9495512691654082,0.5462890872441395,0.9951954508932195,0.9498933557222001,0.5137262502042521,0.9903070541838075,0.9714906415831345,0.6662930640352521,0.019649938618063658,0.006787263733288388,0.023298195658895113,0.00041561722735161064,0.01986700947292091,0.014343461118021457,0.006331761455308977,0.003452691078374524,0.022051502447638698
machine-3-6,25,0.591925822616481,0.9502914602076985,0.5484141279540241,0.9952993117980913,0.9529848943338021,0.5203138636635187,0.989984741274063,0.9718617024867314,0.6689089445033494,0.01747582964685293,0.005629285777671226,0.020859022302772832,0.00020789541760801107,0.011321451150950441,0.01728278556425874,0.004426820395190236,0.0030253435025065626,0.019275922887109137
machine-3-6,30,0.5841033959160927,0.9482652501811946,0.5398472385785654,0.9952994855148234,0.9502489663015393,0.5235389857153154,0.9904723280321485,0.9703052516321538,0.6601793865155126,0.020580974263691577,0.006299521190769371,0.021841155573634398,0.0005231461850637147,0.006269421213072955,0.012598864417193776,0.001992198302335388,0.0035095764964094304,0.020923996919394564
machine-3-6,35,0.5811836426931358,0.9470066751237323,0.5391763109794236,0.9952993117980913,0.9514822550875999,0.522399133361269,0.9902132001768773,0.9697000222390155,0.6573454036795097,0.01779883817718202,0.005775074002537824,0.019128103966128095,0.00020789541760801107,0.010591717734718767,0.008613916767924674,0.004176952098046895,0.0033429921113465083,0.018027324633247327
machine-3-6,40,0.5770435632224162,0.9460423529740407,0.5351550859997611,0.9952993117980913,0.9629686832973932,0.5209260630333575,0.9941986647860523,0.9688661373538376,0.6526964577136525,0.01850671714956073,0.006603853087243661,0.01789069427892377,0.00020789541760801107,0.0020632281563212713,0.0029308412400911336,0.0010467253081764302,0.0037801009632012594,0.01982005073762898
machine-3-6,45,0.5746556544968829,0.9452758324984901,0.5317360784036327,0.9952993117980913,0.9554685975979798,0.5233453987906671,0.991327446371441,0.9684812858126215,0.6496130027540519,0.018247441901488262,0.0066081434580707804,0.01718717646691641,0.00020789541760801107,0.015538589372043984,0.0058249833764218335,0.00469658469529659,0.0038866214123171217,0.019622881994128046
machine-3-6,50,0.5755448416362751,0.9449422375901112,0.532830821721832,0.9954061336672703,0.9606671203905963,0.5263808964150494,0.9916834593036937,0.9683928193609974,0.6508158560909909,0.020702203972850962,0.008356918808635715,0.02059580551639713,5.7483207499943306e-06,0.014512532120974102,0.011097586048694515,0.004369063869751298,0.004633756108598482,0.021763497157389882
machine-3-6,55,0.5744493354407747,0.9450937174153294,0.5307125690732739,0.9955099091839662,0.967490764182704,0.5284413451157448,0.9938857127781642,0.9682707451494279,0.6498419155398213,0.025788992803747402,0.009916400310504303,0.02134218880370753,0.00021329935414200288,0.007612595079650195,0.01052634674156293,0.0021306796007018384,0.005753297079659268,0.027243128685011237
machine-3-6,60,0.5652233659611353,0.9452710778334259,0.5127462667156503,0.9954032595068952,0.9657471296305506,0.5236554715117038,0.9934561221012164,0.9679697687687704,0.6390214384129415,0.014478842765478128,0.0073196351278127444,0.011975583680018229,0.0,0.0026132320544203884,0.017516315103527982,0.0008809764929237047,0.004091531264839252,0.014652431529074663
machine-3-6,65,0.5636171131609197,0.9450579433153851,0.5088036877187125,0.9954033464196952,0.9659264105397493,0.5228081203181227,0.992467254850385,0.9680564140003773,0.6371387440621211,0.020701906641628312,0.0077266860195043,0.018688091959372977,0.00033963373817034407,0.00420057152738874,0.01841548878350939,0.003202961220478378,0.004453148133769514,0.02131010856053581
machine-3-6,70,0.5662475274613871,0.946108868836425,0.5121627278809128,0.9951953640892872,0.9653450658706371,0.5244802012664004,0.9935200227342917,0.968637274381819,0.639832990251886,0.01627745095787744,0.005789343966108467,0.014845158753904016,0.0002400569506385568,0.002287065218451736,0.0204598758054203,0.0006091252889181057,0.0034682129985647557,0.015957012291391445
machine-3-6,75,0.5670818410556902,0.9467347082820514,0.5130455758957349,0.9952993117980913,0.9665309649061478,0.5203247537715826,0.9938332037328943,0.968913432706376,0.6407066407688229,0.01938464574649849,0.006909450225819667,0.01614910370920555,0.00020789541760801107,0.002602692240930157,0.010450588771708602,0.0005629604953897526,0.004071941638020863,0.01964789465010543
machine-3-6,80,0.5674236945644298,0.9460742510710245,0.5153315856419933,0.9951953640892872,0.9656065795708566,0.515395784239921,0.9941403801000006,0.9686687242218566,0.6407797606680711,0.018563564050615912,0.006291817676629397,0.01827547766277186,0.0002400569506385568,0.0031339140632088767,0.011167063616833662,0.0007387092715984843,0.003816338707511783,0.018864618807408955
machine-3-7,5,0.36005498951706194,0.7043182199511027,0.41379953122417823,0.8348993288590604,0.333333333333333,0.11011147849543804,0.6670876378270403,0.6912514409240692,0.20605403091582178,0.022534751084931814,0.0038880447264157685,0.03739494066618125,0.0,0.0,0.000918313178573644,1.4076752362790562e-05,0.003516180309354927,0.01433587990976266
machine-3-7,10,0.29908951320515054,0.7100139470139024,0.35169699541969135,0.8348993288590604,0.333333333333333,0.10965165176761173,0.6670967898941111,0.7084250537400689,0.16779826643186146,0.0791487461168437,0.005850754422364059,0.07411377021636818,0.0,0.0,0.001299322841125716,9.201029812297827e-06,0.00989186357839041,0.054970521306043435
machine-3-7,15,0.2650729466158689,0.7108579871622575,0.32419081846566966,0.8348993288590604,0.333333333333333,0.10965165176761173,0.6670947793603368,0.7193185724998027,0.14609796817263582,0.03748731688296431,0.004158818196795753,0.04522271947256474,0.0,0.0,0.0012993228411257195,6.0109998567968615e-06,0.008636590981374292,0.026202212909205155
machine-3-7,20,0.26083695351224595,0.7125080244042986,0.3213533616605829,0.8348993288590604,0.333333333333333,0.10988134164344329,0.6670909991104501,0.7194559489074295,0.14533446237420178,0.01692399184449445,0.0031129554654397225,0.017213721237299702,0.0,0.0,0.0013782888179950682,1.085512515247072e-05,0.005717005690146854,0.012339614844275995
machine-3-7,25,0.26311931359841034,0.7140071531133791,0.3225929717365301,0.8348993288590604,0.333333333333333,0.10873177319217918,0.6670762018708621,0.7227436636556868,0.14481055275413118,0.025189019222169172,0.0053088920734506335,0.021745520601077647,0.0,0.0,0.001502520201672406,2.7530617628016146e-06,0.005560036865113958,0.01731961687259208
machine-3-7,30,0.25908218933366733,0.7124242440795101,0.3112924569665734,0.8348993288590604,0.333333333333333,0.1085020833163476,0.667094161946191,0.7226174637456722,0.14363466418508583,0.023351545343008786,0.004068772584138517,0.018776043547535044,0.0,0.0,0.0011584510246643162,9.64346941310029e-06,0.00600042242540123,0.016839579722053227
machine-3-7,35,0.2615235462373922,0.7130751645155746,0.31743894414727597,0.8348993288590604,0.333333333333333,0.1080406869416116,0.6670820862436763,0.7252954044867156,0.14594198671752168,0.023796757007316423,0.005320312196732107,0.021601175757532155,0.0,0.0,0.0020435794860857053,7.537314982220247e-06,0.0071444744758200705,0.016584964696278896
machine-3-7,40,0.2655840354826778,0.7097664786247969,0.3230870053167223,0.8348993288590604,0.333333333333333,0.1080406869416116,0.6670792439128663,0.7213420859022301,0.14924670166594134,0.02474660890869561,0.005095384669071866,0.02744172440013516,0.0,0.0,0.0020435794860857053,5.116242852659809e-06,0.005326335672096813,0.020689614308254785
machine-3-7,45,0.2611469008575382,0.7116419207109774,0.316783114882213,0.8348993288590604,0.333333333333333,0.10688977658157015,0.667083640185442,0.7269068749547389,0.14591928227925616,0.019636531467044794,0.0020440119996652925,0.018031320596097182,0.0,0.0,0.001505448380238895,1.2052021854888536e-05,0.004053069546664585,0.014617428227493815
machine-3-7,50,0.2660267854727789,0.7094681876496652,0.3257140396137772,0.8348993288590604,0.333333333333333,0.10781054976327753,0.6670838975179413,0.7240255636980581,0.14950972688806036,0.02482772658596449,0.003935580467396342,0.025414756453781818,0.0,0.0,0.0019908292596095816,1.2076450885195282e-05,0.004536183082554184,0.018132785140834114
machine-3-7,55,0.2704065069444823,0.7114206738004851,0.3294827101861974,0.8348993288590604,0.333333333333333,0.10711946547647502,0.6670850683281816,0.730667528809935,0.15158234459315556,0.024801663492308855,0.004694244461365581,0.023986443188359505,0.0,0.0,0.00204314132631538,1.2651422033929976e-05,0.005132495212312717,0.015442743318598713
machine-3-7,60,0.2742370857767771,0.7099845051749153,0.33176654745633,0.8348993288590604,0.333333333333333,0.10758153427603623,0.6670900698887627,0.7285251151142198,0.15473406283726482,0.023392014732798307,0.006530468298848859,0.020435647563733114,0.0,0.0,0.000881826535886967,8.460009387296687e-06,0.00261607790377148,0.013438890672053118
machine-3-7,65,0.2691942771588623,0.7107721788257148,0.3275350103062593,0.8348993288590604,0.333333333333333,0.10918936796674142,0.6670944270167973,0.731231930385582,0.1518391420872574,0.027588162922673857,0.0075568147737168165,0.02339881278154105,0.0,0.0,0.002855877140036634,8.706205888593319e-06,0.0029366820023755376,0.01636020282006913
machine-3-7,70,0.27096405512470023,0.7112899842389857,0.32791373490165776,0.8348993288590604,0.333333333333333,0.10873110272730035,0.6670916270548506,0.7344146663532426,0.15520715626731724,0.03795019887554293,0.007590376540024552,0.034407006965010915,0.0,0.0,0.001986405497511035,1.0983174688257007e-05,0.002737167372902348,0.02283764543589147
machine-3-7,75,0.27635927525349496,0.711290860666176,0.33192824935726595,0.8348993288590604,0.333333333333333,0.10896034660345193,0.6670924179756339,0.7339178736020486,0.15939204949196012,0.021373760152234796,0.0056407077297257096,0.018604964142081605,0.0,0.0,0.00241700965814223,1.2495631688696981e-05,0.005382032292131542,0.012609116816295628
machine-3-7,80,0.27446340959603344,0.7112989319491382,0.3337437662734848,0.8348993288590604,0.333333333333333,0.10896034660345193,0.6670873582552265,0.734834647466708,0.15951620651089599,0.03382171183261076,0.007871492436114175,0.032474379977974734,0.0,0.0,0.00241700965814223,1.185783926825849e-05,0.004325111182538965,0.021927878556651275
machine-3-8,5,0.3703813359137794,0.8891754353383837,0.35525417875338966,0.985995050100143,0.9252891512289565,0.34152365110633415,0.9001978493150693,0.9170730629918573,0.3932549404586706,0.045309200555642345,0.011792961392917281,0.02944414462147066,0.011827041210415511,0.035470610288602794,0.02389291991216564,0.019796144396677602,0.0103582155717941,0.04535001666208213
machine-3-8,10,0.3365720178895403,0.8648367521769988,0.3283880230860978,0.961284255194471,0.9137611402351571,0.3509887905526026,0.898203967344621,0.8970238787658953,0.3532805894229757,0.0535760896067378,0.015494591004170093,0.03672446646038559,0.05458714906466586,0.04195603246577078,0.02872837630259675,0.02091787867425372,0.012471885759011377,0.053623005974598924
machine-3-8,15,0.3391095409014191,0.8668709032950462,0.33638105879689356,0.9708487740942191,0.9052262495055026,0.3405771718238877,0.8959618988542924,0.8985841555673276,0.3540831141475963,0.04376347764962902,0.014834858793590476,0.030170141151981727,0.027074561489997366,0.05882505217271318,0.03507451840884824,0.030418079887024687,0.0114427102715811,0.044031819403963515
machine-3-8,20,0.3422297793765147,0.8714693540015426,0.3411408516698713,0.9642701485514384,0.9020978808493844,0.3515613654623804,0.8984181519508985,0.9017030627986918,0.3559179303233626,0.04065237203349278,0.007522615454196427,0.022502223793347452,0.03921789570913924,0.05791297121608961,0.03883026314683162,0.03537197944472928,0.005547601179773946,0.03899577038895399
machine-3-8,25,0.3407330976465123,0.8686408110374669,0.3386488068667273,0.9613813819585003,0.9078703119722044,0.35446071077629937,0.8983111153428169,0.899576302034389,0.35486878349314904,0.04904052596543765,0.0115179710241178,0.025171942823799406,0.04703232356678444,0.05742721388974828,0.04872838989519557,0.034377954119767094,0.008031055632766019,0.048601837255769074
machine-3-8,30,0.34484473059886406,0.8706678881703855,0.34308453308372067,0.9845512980500242,0.9245031224811334,0.3602044781488388,0.9058167060402258,0.9011518009804245,0.3600362101323446,0.041925166703853246,0.011313396885763475,0.02497401958586864,0.0148058602211511,0.04957969358778532,0.05003939068663942,0.03336512327301776,0.008055739228132002,0.03975508517362883
machine-3-8,35,0.3473198172136803,0.8715970961584685,0.3451622168916464,0.9913546643864837,0.9335495736594087,0.3619210607973348,0.9101564707836693,0.9017965999451867,0.36432045025346305,0.0418178543621595,0.00579579761049379,0.015013891442624433,0.006444669417696497,0.04313029495612152,0.031576915051926294,0.027195673310304435,0.003690292597015884,0.03912914590283089
machine-3-8,40,0.3466270519178952,0.8730524284537144,0.3416830569388878,0.9934945636584605,0.9453798383917688,0.35942129282535573,0.9134113292275746,0.9025778513929545,0.3626552645279669,0.0399580781505361,0.006483818916791665,0.019539725101587538,0.004647160042214138,0.039980318671700536,0.03310936422090311,0.024372566780118593,0.004316741872487548,0.03731954669409804
machine-3-8,45,0.3488125368972358,0.8722519970260433,0.3430662984043933,0.9928609820516567,0.9433785911058633,0.36333374277689157,0.9162207833183525,0.9017728040091294,0.3651008757055484,0.03858860094307853,0.006174702910912014,0.019668525220266693,0.004034279404666988,0.033317003220803866,0.02953046256873164,0.031165346167480068,0.003791131898812505,0.03671944374631911
machine-3-8,50,0.34423585151826497,0.8719854179006099,0.34063190450858283,0.9933989655435556,0.9476292864202236,0.36050371077910187,0.9130180275210807,0.9014911015074885,0.3610445073061546,0.030645164536138164,0.0061213601360558725,0.01733113762471186,0.0037682104975025623,0.02912079378931735,0.019911837440759125,0.024264556034646792,0.003888066121528528,0.028579710337095374
machine-3-8,55,0.3502374030049194,0.8726557480640504,0.3447101507345912,0.9931375126732975,0.9449266354636469,0.3624205886820816,0.9203413903829589,0.902169367646867,0.3671272698766319,0.03396349925330771,0.005649020692050134,0.019271612997428758,0.005025016381551887,0.04159169509882455,0.029804860379072297,0.029584178717124685,0.004038104688283045,0.033161653671704684
machine-3-8,60,0.3488262001720694,0.8738959644756746,0.3429942656245775,0.9942967750516117,0.9543083107662574,0.3712323389294363,0.9189776105719694,0.902762532104803,0.36561191690395906,0.03075638288440326,0.00399062362749685,0.01950465723587467,0.003250773437970693,0.02641108867791838,0.028945188694044013,0.029267755482404203,0.002765501240083391,0.029982182731551166
machine-3-8,65,0.35040254134760407,0.8729227142565946,0.34246352287811366,0.9945680096346226,0.9558802819087994,0.36502864962451337,0.9284929913649509,0.9019060234134212,0.36638107050736424,0.034268463446577135,0.006021117893877932,0.02274152583597115,0.003398740391549444,0.02917339384357326,0.022202355989361593,0.02879646439211049,0.004308784397892802,0.03247703426806849
machine-3-8,70,0.35093730271718826,0.8737602407279809,0.3430226029058594,0.9951080876920223,0.9603148344928909,0.3698425200006209,0.9280589469189299,0.902350837799593,0.3671564896379416,0.029918666762932672,0.003968719461734651,0.020399086102042035,0.0031308859906229274,0.026146929672171304,0.0256913902456285,0.03005239268388104,0.0028058003375591306,0.028377700861748293
machine-3-8,75,0.3489908836096526,0.8725340988773346,0.3403616991507063,0.9955547843892065,0.963587840276542,0.37036553305950776,0.9323148638994326,0.9014825493646224,0.364874858737814,0.02856437039401888,0.005738134522902651,0.02063465202404353,0.00180698912598614,0.01573726624732352,0.023480267109443405,0.024418487811311868,0.0038226166533496327,0.026643607766677194
machine-3-8,80,0.3542082822890278,0.8739409043019546,0.3416928583077357,0.9943683459962188,0.9577154727732793,0.3758429939576128,0.934948911295102,0.9023466045672044,0.3692785503027519,0.03156659244350174,0.004790908338668532,0.019299839899604796,0.0035970346811742115,0.025300069893924967,0.027131420599642363,0.03233375049803115,0.003336275618025049,0.029955145219620425
machine-3-9,5,0.3499028578523318,0.809820297546814,0.471610668367739,0.6503340757238307,0.6666666666666662,0.2825401024051996,0.6667520894520836,0.8648403674916343,0.20303463736199306,0.008940325932376291,0.015292472711777506,0.0015983304295867347,0.0,0.0,0.0,1.5457208965151726e-05,0.017153121885778524,0.03213928844278949
machine-3-9,10,0.36831498503980015,0.8227906317620248,0.47037218408247017,0.6503340757238307,0.6666666666666662,0.2897651170182211,0.6667566576630444,0.8820293834170909,0.2601336018373137,0.029724192869292062,0.0228125962149053,0.0016853927433403111,0.0,0.0,0.014450029226042993,1.665837669092878e-05,0.022238813911313483,0.06869361687430812
machine-3-9,15,0.3801980059436449,0.8381612905137561,0.473521500993421,0.6503340757238307,0.6666666666666662,0.2858850700565278,0.666765351628451,0.8961180750535069,0.28796054206835575,0.027237250901099748,0.01838227438431512,0.005675178093733254,0.0,0.0,0.006058695831485901,1.6362671545682303e-05,0.016853366836662678,0.05715163049079669
machine-3-9,20,0.3947012088854964,0.844414905206587,0.4779379639547842,0.6503340757238307,0.6666666666666662,0.31878335778182504,0.6667628413261326,0.9033339516248782,0.32806474302485666,0.027816306111591395,0.008934636056256674,0.002343661144464659,0.0,0.0,0.00552651338182331,1.2938884809202498e-05,0.009103246185134153,0.043905133074527286
machine-3-9,25,0.40249157069536234,0.8467657555868612,0.4845996120283852,0.6691030158092665,0.7068214804063856,0.321766695697701,0.7135215855287763,0.90604431952799,0.33627196387860886,0.033936952080034895,0.011666988482436575,0.0060716760998149565,0.0375378801708715,0.08030962747943873,0.00044016244992856366,0.09347890938889322,0.01162457759547764,0.055737921681944295
machine-3-9,30,0.39986077554978094,0.8489990067983243,0.4812504559491897,0.6691030158092665,0.7068965517241375,0.29589696768568974,0.7135251980734358,0.9068389303971336,0.33504311704238005,0.02513739664769004,0.01569323743631964,0.004481786137951614,0.0375378801708715,0.08045977011494247,0.026713730560980253,0.09349728259980203,0.014714711784937237,0.05242430687416727
machine-3-9,35,0.4038304762359926,0.8512614253925657,0.4814589436519392,0.6503340757238307,0.6666666666666662,0.2922917304220839,0.6667695932961537,0.9087190024192919,0.3386594626449913,0.024508148820998017,0.013934116918266841,0.0033687640078142998,0.0,0.0,0.019503256033768547,2.121848416479364e-05,0.013291580526446942,0.05014470996099291
machine-3-9,40,0.4126409845676877,0.8556431419523066,0.48003944985324243,0.6503340757238307,0.6666666666666662,0.3034333947374154,0.6667649058938179,0.9117217664421611,0.3505806090563406,0.013519211729721764,0.013102704590202248,0.004425959346208028,0.0,0.0,0.024232046723335267,1.5363684137824657e-05,0.013393542714272911,0.029133344467379346
machine-3-9,45,0.4081007058235841,0.8512772582846115,0.4852440374412895,0.6503340757238307,0.6666666666666662,0.2825401024051996,0.666766010181911,0.9089704695224204,0.3575517977186323,0.00781965477392109,0.009021514452114594,0.002909342235791318,0.0,0.0,0.0,1.1152761842731942e-05,0.010625442741167583,0.01406142976009841
machine-3-9,50,0.40708235541410603,0.8517666544303104,0.4843963304829133,0.6503340757238307,0.6666666666666662,0.2922917304220839,0.6667664114460986,0.9094088216548532,0.35597326879195307,0.01254171421056954,0.009902222502192784,0.0041694011537653595,0.0,0.0,0.019503256033768547,1.0526878487753598e-05,0.00998302746090969,0.01678627639166164
machine-3-9,55,0.40408439372384886,0.8488588929665122,0.48434256426432437,0.6503340757238307,0.6666666666666662,0.2936817667205311,0.6667742951526767,0.9074357753318576,0.35185241083540636,0.018218085219996863,0.01083431037691582,0.0035032550082960876,0.0,0.0,0.02228332863066299,2.205652518563772e-05,0.010969672997114438,0.024969604389078737
machine-3-9,60,0.4050679464883816,0.8502120677896458,0.4866309044130968,0.6503340757238307,0.6666666666666662,0.2934382567061265,0.666779831442511,0.9081355191356237,0.35283247342255697,0.020501706898385375,0.011740457568245237,0.004403360646008798,0.0,0.0,0.022450364694996967,2.032324231149268e-05,0.011352528937002662,0.025668780904955866
machine-3-9,65,0.4059785288347759,0.8485026383698897,0.48727127601676407,0.6503340757238307,0.6666666666666662,0.282296592390795,0.6667726005945058,0.9072576375981396,0.3537582979049689,0.02772505742402832,0.012638973235639324,0.006093202013816964,0.0,0.0,0.0004870200288092097,1.2358981259830587e-05,0.012039462610091393,0.03205582902315039
machine-3-9,70,0.4055660599144153,0.847552534116832,0.4854638037420907,0.6503340757238307,0.6666666666666662,0.282296592390795,0.6667743814148552,0.906211851657072,0.35311082443237035,0.028804550462436712,0.012603265231658034,0.0038544427702414787,0.0,0.0,0.0004870200288092097,5.6271688966533715e-06,0.011548417456940454,0.033156046564706596
machine-3-9,75,0.40681338981204035,0.8457261446541824,0.4854564954429882,0.6503340757238307,0.6666666666666662,0.282296592390795,0.6667749131222065,0.9050472257660755,0.3518958343403717,0.02842553750134747,0.012012860368004117,0.004983599402644382,0.0,0.0,0.0004870200288092097,6.665405250572422e-06,0.010083176820004765,0.0344962023422256
machine-3-9,80,0.4116012566477912,0.8487497622161075,0.4850513134181548,0.6503340757238307,0.6666666666666662,0.2820528060111556,0.6667664937707045,0.9069452622274656,0.3583371309869645,0.0326208267787926,0.012572977843771848,0.004750889618467892,0.0,0.0,0.0009745927880879539,9.115141859632478e-06,0.01100420481832678,0.04011705494536111
