job_id,result_kind,protocol,dataset,entity,seed,config,ckpt_tag,ckpt_epoch,ckpt_sha256,ckpt_val_mae,split_id,fit_protocol,data_sha256,prior_cache_key,gamma,calibrate,cf_top_k,vus_window,training_code_sha,eval_code_sha,device,torch_version,attempt_dir,native_parity_ok,state_unchanged,ckpt_format,variant,kind,scoring_mode,formula,AUC-PR,AUC-ROC,VUS-PR,VUS-ROC,Standard-F1,PA-F1,Event-based-F1,R-based-F1,Affiliation-F
eval/PSM/PSM/seed1/psm_cf_val/eval/last,val_ckpt_eval,val_pred_mae_v2,PSM,PSM,1,scripts/configs/psm_cf_val.yaml,last,80,ace4bdba8770c2dd4b2ba457b4845f24dc86754efca272ae90e1233919b66f51,0.21111374064399516,val0.2_b105985,train_sub_val,4500f5ac38d093fa5048cf357979c342460688908990e336bc33070b592f5dec,PSM_PSM_pcmci_val0.2_b105985_b28ccc92eaf5efce,1.0,False,15,5,49f630ac8d324ba01390c1a1dcaa4386cd94ae84,49f630ac8d324ba01390c1a1dcaa4386cd94ae84,cuda,2.6.0+cu124,PSM/PSM/seed1/psm_cf_val/eval/last/attempt1,,True,val,A_off,fusion,raw,P_raw + C_raw,0.4570970447070785,0.6249758546197635,0.4410128929846806,0.611822995981005,0.4405151502405484,0.9746184472461844,0.7458761915153193,0.4194125151935955,0.7850000199300896
eval/PSM/PSM/seed1/psm_cf_val/eval/last,val_ckpt_eval,val_pred_mae_v2,PSM,PSM,1,scripts/configs/psm_cf_val.yaml,last,80,ace4bdba8770c2dd4b2ba457b4845f24dc86754efca272ae90e1233919b66f51,0.21111374064399516,val0.2_b105985,train_sub_val,4500f5ac38d093fa5048cf357979c342460688908990e336bc33070b592f5dec,PSM_PSM_pcmci_val0.2_b105985_b28ccc92eaf5efce,1.0,False,15,5,49f630ac8d324ba01390c1a1dcaa4386cd94ae84,49f630ac8d324ba01390c1a1dcaa4386cd94ae84,cuda,2.6.0+cu124,PSM/PSM/seed1/psm_cf_val/eval/last/attempt1,,True,val,A_on,fusion,raw,P_raw + C_raw + 1*CF_raw,0.5322229396884903,0.6854127752084902,0.4893252386281704,0.6584707241481224,0.4799052664216892,0.9579703044117334,0.689786608795086,0.3916528783885426,0.7824463304760477
eval/PSM/PSM/seed1/psm_cf_val/eval/last,val_ckpt_eval,val_pred_mae_v2,PSM,PSM,1,scripts/configs/psm_cf_val.yaml,last,80,ace4bdba8770c2dd4b2ba457b4845f24dc86754efca272ae90e1233919b66f51,0.21111374064399516,val0.2_b105985,train_sub_val,4500f5ac38d093fa5048cf357979c342460688908990e336bc33070b592f5dec,PSM_PSM_pcmci_val0.2_b105985_b28ccc92eaf5efce,1.0,False,15,5,49f630ac8d324ba01390c1a1dcaa4386cd94ae84,49f630ac8d324ba01390c1a1dcaa4386cd94ae84,cuda,2.6.0+cu124,PSM/PSM/seed1/psm_cf_val/eval/last/attempt1,,True,val,P_raw,diagnostic,raw,P_raw,0.4564549864831603,0.6234939666221376,0.440089841260413,0.609944827059159,0.4388550346834498,0.9751644293213272,0.7502625298329351,0.4251715678087743,0.7899656243685809
eval/PSM/PSM/seed1/psm_cf_val/eval/last,val_ckpt_eval,val_pred_mae_v2,PSM,PSM,1,scripts/configs/psm_cf_val.yaml,last,80,ace4bdba8770c2dd4b2ba457b4845f24dc86754efca272ae90e1233919b66f51,0.21111374064399516,val0.2_b105985,train_sub_val,4500f5ac38d093fa5048cf357979c342460688908990e336bc33070b592f5dec,PSM_PSM_pcmci_val0.2_b105985_b28ccc92eaf5efce,1.0,False,15,5,49f630ac8d324ba01390c1a1dcaa4386cd94ae84,49f630ac8d324ba01390c1a1dcaa4386cd94ae84,cuda,2.6.0+cu124,PSM/PSM/seed1/psm_cf_val/eval/last/attempt1,,True,val,C_raw,diagnostic,raw,C_raw,0.2798875220248099,0.5411621713759395,0.289857958007,0.4867299457808665,0.4466432346307266,0.9466826110263494,0.4567352900173184,0.3573975675129083,0.6980630602123512
eval/PSM/PSM/seed1/psm_cf_val/eval/last,val_ckpt_eval,val_pred_mae_v2,PSM,PSM,1,scripts/configs/psm_cf_val.yaml,last,80,ace4bdba8770c2dd4b2ba457b4845f24dc86754efca272ae90e1233919b66f51,0.21111374064399516,val0.2_b105985,train_sub_val,4500f5ac38d093fa5048cf357979c342460688908990e336bc33070b592f5dec,PSM_PSM_pcmci_val0.2_b105985_b28ccc92eaf5efce,1.0,False,15,5,49f630ac8d324ba01390c1a1dcaa4386cd94ae84,49f630ac8d324ba01390c1a1dcaa4386cd94ae84,cuda,2.6.0+cu124,PSM/PSM/seed1/psm_cf_val/eval/last/attempt1,,True,val,G_raw,diagnostic,raw,G_raw,0.4265364180629386,0.660966305539503,0.4136139721630227,0.6257642363156537,0.4779302997808327,0.9710850271972516,0.5929961580886338,0.3568288413073426,0.7579658171283626
eval/PSM/PSM/seed1/psm_cf_val/eval/last,val_ckpt_eval,val_pred_mae_v2,PSM,PSM,1,scripts/configs/psm_cf_val.yaml,last,80,ace4bdba8770c2dd4b2ba457b4845f24dc86754efca272ae90e1233919b66f51,0.21111374064399516,val0.2_b105985,train_sub_val,4500f5ac38d093fa5048cf357979c342460688908990e336bc33070b592f5dec,PSM_PSM_pcmci_val0.2_b105985_b28ccc92eaf5efce,1.0,False,15,5,49f630ac8d324ba01390c1a1dcaa4386cd94ae84,49f630ac8d324ba01390c1a1dcaa4386cd94ae84,cuda,2.6.0+cu124,PSM/PSM/seed1/psm_cf_val/eval/last/attempt1,,True,val,CF_raw,diagnostic,raw,CF_raw,0.5124444774920651,0.6845650554340981,0.4426266010600928,0.6081807367135653,0.4785936936683654,0.9440252233315816,0.5549371761198263,0.3414571029136573,0.7257000616293587
eval/PSM/PSM/seed1/psm_cf_val/eval/best_val,val_ckpt_eval,val_pred_mae_v2,PSM,PSM,1,scripts/configs/psm_cf_val.yaml,best_val,80,3dca962d2b7f7d6bd4091f19c48c672aadff151017ff4f6eaed4f6f3b0193b32,0.21111374064399516,val0.2_b105985,train_sub_val,4500f5ac38d093fa5048cf357979c342460688908990e336bc33070b592f5dec,PSM_PSM_pcmci_val0.2_b105985_b28ccc92eaf5efce,1.0,False,15,5,49f630ac8d324ba01390c1a1dcaa4386cd94ae84,49f630ac8d324ba01390c1a1dcaa4386cd94ae84,cuda,2.6.0+cu124,PSM/PSM/seed1/psm_cf_val/eval/best_val/attempt1,,True,val,A_off,fusion,raw,P_raw + C_raw,0.4570970447070785,0.6249758546197635,0.4410128929846806,0.611822995981005,0.4405151502405484,0.9746184472461844,0.7458761915153193,0.4194125151935955,0.7850000199300896
eval/PSM/PSM/seed1/psm_cf_val/eval/best_val,val_ckpt_eval,val_pred_mae_v2,PSM,PSM,1,scripts/configs/psm_cf_val.yaml,best_val,80,3dca962d2b7f7d6bd4091f19c48c672aadff151017ff4f6eaed4f6f3b0193b32,0.21111374064399516,val0.2_b105985,train_sub_val,4500f5ac38d093fa5048cf357979c342460688908990e336bc33070b592f5dec,PSM_PSM_pcmci_val0.2_b105985_b28ccc92eaf5efce,1.0,False,15,5,49f630ac8d324ba01390c1a1dcaa4386cd94ae84,49f630ac8d324ba01390c1a1dcaa4386cd94ae84,cuda,2.6.0+cu124,PSM/PSM/seed1/psm_cf_val/eval/best_val/attempt1,,True,val,A_on,fusion,raw,P_raw + C_raw + 1*CF_raw,0.5322229396884903,0.6854127752084902,0.4893252386281704,0.6584707241481224,0.4799052664216892,0.9579703044117334,0.689786608795086,0.3916528783885426,0.7824463304760477
eval/PSM/PSM/seed1/psm_cf_val/eval/best_val,val_ckpt_eval,val_pred_mae_v2,PSM,PSM,1,scripts/configs/psm_cf_val.yaml,best_val,80,3dca962d2b7f7d6bd4091f19c48c672aadff151017ff4f6eaed4f6f3b0193b32,0.21111374064399516,val0.2_b105985,train_sub_val,4500f5ac38d093fa5048cf357979c342460688908990e336bc33070b592f5dec,PSM_PSM_pcmci_val0.2_b105985_b28ccc92eaf5efce,1.0,False,15,5,49f630ac8d324ba01390c1a1dcaa4386cd94ae84,49f630ac8d324ba01390c1a1dcaa4386cd94ae84,cuda,2.6.0+cu124,PSM/PSM/seed1/psm_cf_val/eval/best_val/attempt1,,True,val,P_raw,diagnostic,raw,P_raw,0.4564549864831603,0.6234939666221376,0.440089841260413,0.609944827059159,0.4388550346834498,0.9751644293213272,0.7502625298329351,0.4251715678087743,0.7899656243685809
eval/PSM/PSM/seed1/psm_cf_val/eval/best_val,val_ckpt_eval,val_pred_mae_v2,PSM,PSM,1,scripts/configs/psm_cf_val.yaml,best_val,80,3dca962d2b7f7d6bd4091f19c48c672aadff151017ff4f6eaed4f6f3b0193b32,0.21111374064399516,val0.2_b105985,train_sub_val,4500f5ac38d093fa5048cf357979c342460688908990e336bc33070b592f5dec,PSM_PSM_pcmci_val0.2_b105985_b28ccc92eaf5efce,1.0,False,15,5,49f630ac8d324ba01390c1a1dcaa4386cd94ae84,49f630ac8d324ba01390c1a1dcaa4386cd94ae84,cuda,2.6.0+cu124,PSM/PSM/seed1/psm_cf_val/eval/best_val/attempt1,,True,val,C_raw,diagnostic,raw,C_raw,0.2798875220248099,0.5411621713759395,0.289857958007,0.4867299457808665,0.4466432346307266,0.9466826110263494,0.4567352900173184,0.3573975675129083,0.6980630602123512
eval/PSM/PSM/seed1/psm_cf_val/eval/best_val,val_ckpt_eval,val_pred_mae_v2,PSM,PSM,1,scripts/configs/psm_cf_val.yaml,best_val,80,3dca962d2b7f7d6bd4091f19c48c672aadff151017ff4f6eaed4f6f3b0193b32,0.21111374064399516,val0.2_b105985,train_sub_val,4500f5ac38d093fa5048cf357979c342460688908990e336bc33070b592f5dec,PSM_PSM_pcmci_val0.2_b105985_b28ccc92eaf5efce,1.0,False,15,5,49f630ac8d324ba01390c1a1dcaa4386cd94ae84,49f630ac8d324ba01390c1a1dcaa4386cd94ae84,cuda,2.6.0+cu124,PSM/PSM/seed1/psm_cf_val/eval/best_val/attempt1,,True,val,G_raw,diagnostic,raw,G_raw,0.4265364180629386,0.660966305539503,0.4136139721630227,0.6257642363156537,0.4779302997808327,0.9710850271972516,0.5929961580886338,0.3568288413073426,0.7579658171283626
eval/PSM/PSM/seed1/psm_cf_val/eval/best_val,val_ckpt_eval,val_pred_mae_v2,PSM,PSM,1,scripts/configs/psm_cf_val.yaml,best_val,80,3dca962d2b7f7d6bd4091f19c48c672aadff151017ff4f6eaed4f6f3b0193b32,0.21111374064399516,val0.2_b105985,train_sub_val,4500f5ac38d093fa5048cf357979c342460688908990e336bc33070b592f5dec,PSM_PSM_pcmci_val0.2_b105985_b28ccc92eaf5efce,1.0,False,15,5,49f630ac8d324ba01390c1a1dcaa4386cd94ae84,49f630ac8d324ba01390c1a1dcaa4386cd94ae84,cuda,2.6.0+cu124,PSM/PSM/seed1/psm_cf_val/eval/best_val/attempt1,,True,val,CF_raw,diagnostic,raw,CF_raw,0.5124444774920651,0.6845650554340981,0.4426266010600928,0.6081807367135653,0.4785936936683654,0.9440252233315816,0.5549371761198263,0.3414571029136573,0.7257000616293587
eval/PSM/PSM/seed2/psm_cf_val/eval/last,val_ckpt_eval,val_pred_mae_v2,PSM,PSM,2,scripts/configs/psm_cf_val.yaml,last,80,bfb31044c7ce07d7a5c11977fbb0ae888a7cb3f3b3148e09dc54b4465ad4172a,0.21040354038655756,val0.2_b105985,train_sub_val,4500f5ac38d093fa5048cf357979c342460688908990e336bc33070b592f5dec,PSM_PSM_pcmci_val0.2_b105985_b28ccc92eaf5efce,1.0,False,15,5,49f630ac8d324ba01390c1a1dcaa4386cd94ae84,49f630ac8d324ba01390c1a1dcaa4386cd94ae84,cuda,2.6.0+cu124,PSM/PSM/seed2/psm_cf_val/eval/last/attempt1,,True,val,A_off,fusion,raw,P_raw + C_raw,0.456144333822698,0.6170713641605847,0.4386672562912467,0.6032016111408399,0.4412748905223245,0.975083504491608,0.7534397680627476,0.4268839498207317,0.786556874264648
eval/PSM/PSM/seed2/psm_cf_val/eval/last,val_ckpt_eval,val_pred_mae_v2,PSM,PSM,2,scripts/configs/psm_cf_val.yaml,last,80,bfb31044c7ce07d7a5c11977fbb0ae888a7cb3f3b3148e09dc54b4465ad4172a,0.21040354038655756,val0.2_b105985,train_sub_val,4500f5ac38d093fa5048cf357979c342460688908990e336bc33070b592f5dec,PSM_PSM_pcmci_val0.2_b105985_b28ccc92eaf5efce,1.0,False,15,5,49f630ac8d324ba01390c1a1dcaa4386cd94ae84,49f630ac8d324ba01390c1a1dcaa4386cd94ae84,cuda,2.6.0+cu124,PSM/PSM/seed2/psm_cf_val/eval/last/attempt1,,True,val,A_on,fusion,raw,P_raw + C_raw + 1*CF_raw,0.4886344026452405,0.6597885835765056,0.4550076475942929,0.6358102143064813,0.4663969917975119,0.9576013117826188,0.6770158816713238,0.4096884874876166,0.7805183748578218
eval/PSM/PSM/seed2/psm_cf_val/eval/last,val_ckpt_eval,val_pred_mae_v2,PSM,PSM,2,scripts/configs/psm_cf_val.yaml,last,80,bfb31044c7ce07d7a5c11977fbb0ae888a7cb3f3b3148e09dc54b4465ad4172a,0.21040354038655756,val0.2_b105985,train_sub_val,4500f5ac38d093fa5048cf357979c342460688908990e336bc33070b592f5dec,PSM_PSM_pcmci_val0.2_b105985_b28ccc92eaf5efce,1.0,False,15,5,49f630ac8d324ba01390c1a1dcaa4386cd94ae84,49f630ac8d324ba01390c1a1dcaa4386cd94ae84,cuda,2.6.0+cu124,PSM/PSM/seed2/psm_cf_val/eval/last/attempt1,,True,val,P_raw,diagnostic,raw,P_raw,0.4569983220766248,0.6189831338663758,0.4393421522591891,0.6046686885477458,0.4416805532622737,0.975245367584504,0.7485487204425257,0.4260483626330437,0.7852356567596108
eval/PSM/PSM/seed2/psm_cf_val/eval/last,val_ckpt_eval,val_pred_mae_v2,PSM,PSM,2,scripts/configs/psm_cf_val.yaml,last,80,bfb31044c7ce07d7a5c11977fbb0ae888a7cb3f3b3148e09dc54b4465ad4172a,0.21040354038655756,val0.2_b105985,train_sub_val,4500f5ac38d093fa5048cf357979c342460688908990e336bc33070b592f5dec,PSM_PSM_pcmci_val0.2_b105985_b28ccc92eaf5efce,1.0,False,15,5,49f630ac8d324ba01390c1a1dcaa4386cd94ae84,49f630ac8d324ba01390c1a1dcaa4386cd94ae84,cuda,2.6.0+cu124,PSM/PSM/seed2/psm_cf_val/eval/last/attempt1,,True,val,C_raw,diagnostic,raw,C_raw,0.2576029200803466,0.4971281555545015,0.2681730144364584,0.4441279211767308,0.4356828134006712,0.9307623055503214,0.4400152197756716,0.7884488499307855,0.7024458157709803
eval/PSM/PSM/seed2/psm_cf_val/eval/last,val_ckpt_eval,val_pred_mae_v2,PSM,PSM,2,scripts/configs/psm_cf_val.yaml,last,80,bfb31044c7ce07d7a5c11977fbb0ae888a7cb3f3b3148e09dc54b4465ad4172a,0.21040354038655756,val0.2_b105985,train_sub_val,4500f5ac38d093fa5048cf357979c342460688908990e336bc33070b592f5dec,PSM_PSM_pcmci_val0.2_b105985_b28ccc92eaf5efce,1.0,False,15,5,49f630ac8d324ba01390c1a1dcaa4386cd94ae84,49f630ac8d324ba01390c1a1dcaa4386cd94ae84,cuda,2.6.0+cu124,PSM/PSM/seed2/psm_cf_val/eval/last/attempt1,,True,val,G_raw,diagnostic,raw,G_raw,0.4029142899590157,0.5966452776201225,0.3828249853806973,0.5581790549618195,0.4351291551539104,0.9550677935185748,0.57731950794393,0.3819158806225126,0.7741544655686838
eval/PSM/PSM/seed2/psm_cf_val/eval/last,val_ckpt_eval,val_pred_mae_v2,PSM,PSM,2,scripts/configs/psm_cf_val.yaml,last,80,bfb31044c7ce07d7a5c11977fbb0ae888a7cb3f3b3148e09dc54b4465ad4172a,0.21040354038655756,val0.2_b105985,train_sub_val,4500f5ac38d093fa5048cf357979c342460688908990e336bc33070b592f5dec,PSM_PSM_pcmci_val0.2_b105985_b28ccc92eaf5efce,1.0,False,15,5,49f630ac8d324ba01390c1a1dcaa4386cd94ae84,49f630ac8d324ba01390c1a1dcaa4386cd94ae84,cuda,2.6.0+cu124,PSM/PSM/seed2/psm_cf_val/eval/last/attempt1,,True,val,CF_raw,diagnostic,raw,CF_raw,0.453662015313133,0.6552180432772415,0.4046264742711883,0.5938292886892064,0.4705630300999441,0.9393483080269376,0.5202603959080638,0.343503873965966,0.7131429194598636
eval/PSM/PSM/seed2/psm_cf_val/eval/best_val,val_ckpt_eval,val_pred_mae_v2,PSM,PSM,2,scripts/configs/psm_cf_val.yaml,best_val,74,a7fa1d8759fd6a8c7a067621785508bfcd6a4e0068650b7cb08f42e74bef2338,0.20938085837952344,val0.2_b105985,train_sub_val,4500f5ac38d093fa5048cf357979c342460688908990e336bc33070b592f5dec,PSM_PSM_pcmci_val0.2_b105985_b28ccc92eaf5efce,1.0,False,15,5,49f630ac8d324ba01390c1a1dcaa4386cd94ae84,49f630ac8d324ba01390c1a1dcaa4386cd94ae84,cuda,2.6.0+cu124,PSM/PSM/seed2/psm_cf_val/eval/best_val/attempt1,,True,val,A_off,fusion,raw,P_raw + C_raw,0.457505359040731,0.6208340014576261,0.4397618823242936,0.6061986938118515,0.4440512168956029,0.9748983486847564,0.7509088922079337,0.4193475099987526,0.7811830826224969
eval/PSM/PSM/seed2/psm_cf_val/eval/best_val,val_ckpt_eval,val_pred_mae_v2,PSM,PSM,2,scripts/configs/psm_cf_val.yaml,best_val,74,a7fa1d8759fd6a8c7a067621785508bfcd6a4e0068650b7cb08f42e74bef2338,0.20938085837952344,val0.2_b105985,train_sub_val,4500f5ac38d093fa5048cf357979c342460688908990e336bc33070b592f5dec,PSM_PSM_pcmci_val0.2_b105985_b28ccc92eaf5efce,1.0,False,15,5,49f630ac8d324ba01390c1a1dcaa4386cd94ae84,49f630ac8d324ba01390c1a1dcaa4386cd94ae84,cuda,2.6.0+cu124,PSM/PSM/seed2/psm_cf_val/eval/best_val/attempt1,,True,val,A_on,fusion,raw,P_raw + C_raw + 1*CF_raw,0.4885717508472625,0.6599567133092423,0.4549144954549257,0.6353599851249064,0.4663796771028129,0.9562132188914148,0.6707016364043932,0.4098527310634522,0.7776290195787419
eval/PSM/PSM/seed2/psm_cf_val/eval/best_val,val_ckpt_eval,val_pred_mae_v2,PSM,PSM,2,scripts/configs/psm_cf_val.yaml,best_val,74,a7fa1d8759fd6a8c7a067621785508bfcd6a4e0068650b7cb08f42e74bef2338,0.20938085837952344,val0.2_b105985,train_sub_val,4500f5ac38d093fa5048cf357979c342460688908990e336bc33070b592f5dec,PSM_PSM_pcmci_val0.2_b105985_b28ccc92eaf5efce,1.0,False,15,5,49f630ac8d324ba01390c1a1dcaa4386cd94ae84,49f630ac8d324ba01390c1a1dcaa4386cd94ae84,cuda,2.6.0+cu124,PSM/PSM/seed2/psm_cf_val/eval/best_val/attempt1,,True,val,P_raw,diagnostic,raw,P_raw,0.45833206674113,0.6227704301995041,0.4405067636260966,0.6076974516564282,0.4446036544995094,0.9666080843585236,0.7534261341274789,0.4164691078024786,0.7919983783842219
eval/PSM/PSM/seed2/psm_cf_val/eval/best_val,val_ckpt_eval,val_pred_mae_v2,PSM,PSM,2,scripts/configs/psm_cf_val.yaml,best_val,74,a7fa1d8759fd6a8c7a067621785508bfcd6a4e0068650b7cb08f42e74bef2338,0.20938085837952344,val0.2_b105985,train_sub_val,4500f5ac38d093fa5048cf357979c342460688908990e336bc33070b592f5dec,PSM_PSM_pcmci_val0.2_b105985_b28ccc92eaf5efce,1.0,False,15,5,49f630ac8d324ba01390c1a1dcaa4386cd94ae84,49f630ac8d324ba01390c1a1dcaa4386cd94ae84,cuda,2.6.0+cu124,PSM/PSM/seed2/psm_cf_val/eval/best_val/attempt1,,True,val,C_raw,diagnostic,raw,C_raw,0.2579517010634864,0.4973363428482126,0.2679648595561239,0.4448977044809557,0.4362396311451846,0.9331333133313332,0.4415391736587754,0.7600894027525666,0.7024275659530457
eval/PSM/PSM/seed2/psm_cf_val/eval/best_val,val_ckpt_eval,val_pred_mae_v2,PSM,PSM,2,scripts/configs/psm_cf_val.yaml,best_val,74,a7fa1d8759fd6a8c7a067621785508bfcd6a4e0068650b7cb08f42e74bef2338,0.20938085837952344,val0.2_b105985,train_sub_val,4500f5ac38d093fa5048cf357979c342460688908990e336bc33070b592f5dec,PSM_PSM_pcmci_val0.2_b105985_b28ccc92eaf5efce,1.0,False,15,5,49f630ac8d324ba01390c1a1dcaa4386cd94ae84,49f630ac8d324ba01390c1a1dcaa4386cd94ae84,cuda,2.6.0+cu124,PSM/PSM/seed2/psm_cf_val/eval/best_val/attempt1,,True,val,G_raw,diagnostic,raw,G_raw,0.3952002547041906,0.5950796516794524,0.3769485673128021,0.5576800566152124,0.4362755602920886,0.9486080077299354,0.5700489993000094,0.3662602522532881,0.769635208838477
eval/PSM/PSM/seed2/psm_cf_val/eval/best_val,val_ckpt_eval,val_pred_mae_v2,PSM,PSM,2,scripts/configs/psm_cf_val.yaml,best_val,74,a7fa1d8759fd6a8c7a067621785508bfcd6a4e0068650b7cb08f42e74bef2338,0.20938085837952344,val0.2_b105985,train_sub_val,4500f5ac38d093fa5048cf357979c342460688908990e336bc33070b592f5dec,PSM_PSM_pcmci_val0.2_b105985_b28ccc92eaf5efce,1.0,False,15,5,49f630ac8d324ba01390c1a1dcaa4386cd94ae84,49f630ac8d324ba01390c1a1dcaa4386cd94ae84,cuda,2.6.0+cu124,PSM/PSM/seed2/psm_cf_val/eval/best_val/attempt1,,True,val,CF_raw,diagnostic,raw,CF_raw,0.4533820851697621,0.6547291010848864,0.4046637162345473,0.5937591712458091,0.4701316346274683,0.9426286290068644,0.5204447965016625,0.3448621612232657,0.7189235262085222
eval/PSM/PSM/seed3/psm_cf_val/eval/last,val_ckpt_eval,val_pred_mae_v2,PSM,PSM,3,scripts/configs/psm_cf_val.yaml,last,80,ce121b38551844ddfa50c48e65b35a02af2d3856f483226de0d57549af14d233,0.2093353842731222,val0.2_b105985,train_sub_val,4500f5ac38d093fa5048cf357979c342460688908990e336bc33070b592f5dec,PSM_PSM_pcmci_val0.2_b105985_b28ccc92eaf5efce,1.0,False,15,5,49f630ac8d324ba01390c1a1dcaa4386cd94ae84,49f630ac8d324ba01390c1a1dcaa4386cd94ae84,cuda,2.6.0+cu124,PSM/PSM/seed3/psm_cf_val/eval/last/attempt1,,True,val,A_off,fusion,raw,P_raw + C_raw,0.4277580512136379,0.6246978650755037,0.4161804410686174,0.6112229764777067,0.4484385550285738,0.9771376314586192,0.7171737270429984,0.4389930900743714,0.7897719427163362
eval/PSM/PSM/seed3/psm_cf_val/eval/last,val_ckpt_eval,val_pred_mae_v2,PSM,PSM,3,scripts/configs/psm_cf_val.yaml,last,80,ce121b38551844ddfa50c48e65b35a02af2d3856f483226de0d57549af14d233,0.2093353842731222,val0.2_b105985,train_sub_val,4500f5ac38d093fa5048cf357979c342460688908990e336bc33070b592f5dec,PSM_PSM_pcmci_val0.2_b105985_b28ccc92eaf5efce,1.0,False,15,5,49f630ac8d324ba01390c1a1dcaa4386cd94ae84,49f630ac8d324ba01390c1a1dcaa4386cd94ae84,cuda,2.6.0+cu124,PSM/PSM/seed3/psm_cf_val/eval/last/attempt1,,True,val,A_on,fusion,raw,P_raw + C_raw + 1*CF_raw,0.5502794943550272,0.6945420629732848,0.5029311607743095,0.6668736021169872,0.4882147415601927,0.9576235093696764,0.6858182854933413,0.3893607022747567,0.7877903442574574
eval/PSM/PSM/seed3/psm_cf_val/eval/last,val_ckpt_eval,val_pred_mae_v2,PSM,PSM,3,scripts/configs/psm_cf_val.yaml,last,80,ce121b38551844ddfa50c48e65b35a02af2d3856f483226de0d57549af14d233,0.2093353842731222,val0.2_b105985,train_sub_val,4500f5ac38d093fa5048cf357979c342460688908990e336bc33070b592f5dec,PSM_PSM_pcmci_val0.2_b105985_b28ccc92eaf5efce,1.0,False,15,5,49f630ac8d324ba01390c1a1dcaa4386cd94ae84,49f630ac8d324ba01390c1a1dcaa4386cd94ae84,cuda,2.6.0+cu124,PSM/PSM/seed3/psm_cf_val/eval/last/attempt1,,True,val,P_raw,diagnostic,raw,P_raw,0.4287998343593606,0.625339864591016,0.4169397538743258,0.6114241680376267,0.4482492126676639,0.9772188734150904,0.7059459422476277,0.4289148411630044,0.7874289800043759
eval/PSM/PSM/seed3/psm_cf_val/eval/last,val_ckpt_eval,val_pred_mae_v2,PSM,PSM,3,scripts/configs/psm_cf_val.yaml,last,80,ce121b38551844ddfa50c48e65b35a02af2d3856f483226de0d57549af14d233,0.2093353842731222,val0.2_b105985,train_sub_val,4500f5ac38d093fa5048cf357979c342460688908990e336bc33070b592f5dec,PSM_PSM_pcmci_val0.2_b105985_b28ccc92eaf5efce,1.0,False,15,5,49f630ac8d324ba01390c1a1dcaa4386cd94ae84,49f630ac8d324ba01390c1a1dcaa4386cd94ae84,cuda,2.6.0+cu124,PSM/PSM/seed3/psm_cf_val/eval/last/attempt1,,True,val,C_raw,diagnostic,raw,C_raw,0.2593459150482297,0.5037491489222722,0.2704028518833909,0.4494749503605628,0.4346899405889419,0.9488527529852876,0.4425584399449762,0.5243158159304215,0.7027465563629735
eval/PSM/PSM/seed3/psm_cf_val/eval/last,val_ckpt_eval,val_pred_mae_v2,PSM,PSM,3,scripts/configs/psm_cf_val.yaml,last,80,ce121b38551844ddfa50c48e65b35a02af2d3856f483226de0d57549af14d233,0.2093353842731222,val0.2_b105985,train_sub_val,4500f5ac38d093fa5048cf357979c342460688908990e336bc33070b592f5dec,PSM_PSM_pcmci_val0.2_b105985_b28ccc92eaf5efce,1.0,False,15,5,49f630ac8d324ba01390c1a1dcaa4386cd94ae84,49f630ac8d324ba01390c1a1dcaa4386cd94ae84,cuda,2.6.0+cu124,PSM/PSM/seed3/psm_cf_val/eval/last/attempt1,,True,val,G_raw,diagnostic,raw,G_raw,0.4337837961064179,0.6904952913309603,0.4245623082945293,0.6593511241446423,0.5094626911706128,0.979740068961296,0.577504355754694,0.4600359208478068,0.7393575891360704
eval/PSM/PSM/seed3/psm_cf_val/eval/last,val_ckpt_eval,val_pred_mae_v2,PSM,PSM,3,scripts/configs/psm_cf_val.yaml,last,80,ce121b38551844ddfa50c48e65b35a02af2d3856f483226de0d57549af14d233,0.2093353842731222,val0.2_b105985,train_sub_val,4500f5ac38d093fa5048cf357979c342460688908990e336bc33070b592f5dec,PSM_PSM_pcmci_val0.2_b105985_b28ccc92eaf5efce,1.0,False,15,5,49f630ac8d324ba01390c1a1dcaa4386cd94ae84,49f630ac8d324ba01390c1a1dcaa4386cd94ae84,cuda,2.6.0+cu124,PSM/PSM/seed3/psm_cf_val/eval/last/attempt1,,True,val,CF_raw,diagnostic,raw,CF_raw,0.5433473243076413,0.6954600045201974,0.4542224112557609,0.6137181470763545,0.4899372821718961,0.941166610794502,0.5517016332145241,0.3212325156013106,0.7327643848741022
eval/PSM/PSM/seed3/psm_cf_val/eval/best_val,val_ckpt_eval,val_pred_mae_v2,PSM,PSM,3,scripts/configs/psm_cf_val.yaml,best_val,78,185b0fa1faca4ebb5ccfd4dfec827701b5a6a01318fad820363e83e795223b62,0.2083046531007546,val0.2_b105985,train_sub_val,4500f5ac38d093fa5048cf357979c342460688908990e336bc33070b592f5dec,PSM_PSM_pcmci_val0.2_b105985_b28ccc92eaf5efce,1.0,False,15,5,49f630ac8d324ba01390c1a1dcaa4386cd94ae84,49f630ac8d324ba01390c1a1dcaa4386cd94ae84,cuda,2.6.0+cu124,PSM/PSM/seed3/psm_cf_val/eval/best_val/attempt1,,True,val,A_off,fusion,raw,P_raw + C_raw,0.4259523787118537,0.6219612172415403,0.4144302099766847,0.6086280414009549,0.4462422433686434,0.9769548864368388,0.7125519945935137,0.438382248762543,0.7951581757300472
eval/PSM/PSM/seed3/psm_cf_val/eval/best_val,val_ckpt_eval,val_pred_mae_v2,PSM,PSM,3,scripts/configs/psm_cf_val.yaml,best_val,78,185b0fa1faca4ebb5ccfd4dfec827701b5a6a01318fad820363e83e795223b62,0.2083046531007546,val0.2_b105985,train_sub_val,4500f5ac38d093fa5048cf357979c342460688908990e336bc33070b592f5dec,PSM_PSM_pcmci_val0.2_b105985_b28ccc92eaf5efce,1.0,False,15,5,49f630ac8d324ba01390c1a1dcaa4386cd94ae84,49f630ac8d324ba01390c1a1dcaa4386cd94ae84,cuda,2.6.0+cu124,PSM/PSM/seed3/psm_cf_val/eval/best_val/attempt1,,True,val,A_on,fusion,raw,P_raw + C_raw + 1*CF_raw,0.5494594924249855,0.6930815395684032,0.5018718576212652,0.6655762974947672,0.4869726200489865,0.9575827264596908,0.6837298031621234,0.384266822804241,0.7894159534484153
eval/PSM/PSM/seed3/psm_cf_val/eval/best_val,val_ckpt_eval,val_pred_mae_v2,PSM,PSM,3,scripts/configs/psm_cf_val.yaml,best_val,78,185b0fa1faca4ebb5ccfd4dfec827701b5a6a01318fad820363e83e795223b62,0.2083046531007546,val0.2_b105985,train_sub_val,4500f5ac38d093fa5048cf357979c342460688908990e336bc33070b592f5dec,PSM_PSM_pcmci_val0.2_b105985_b28ccc92eaf5efce,1.0,False,15,5,49f630ac8d324ba01390c1a1dcaa4386cd94ae84,49f630ac8d324ba01390c1a1dcaa4386cd94ae84,cuda,2.6.0+cu124,PSM/PSM/seed3/psm_cf_val/eval/best_val/attempt1,,True,val,P_raw,diagnostic,raw,P_raw,0.4269837532326461,0.6225186261953937,0.415134233285064,0.6086590739682108,0.445788014679725,0.9770564030092688,0.702138632695025,0.4277864371668,0.7879911851218484
eval/PSM/PSM/seed3/psm_cf_val/eval/best_val,val_ckpt_eval,val_pred_mae_v2,PSM,PSM,3,scripts/configs/psm_cf_val.yaml,best_val,78,185b0fa1faca4ebb5ccfd4dfec827701b5a6a01318fad820363e83e795223b62,0.2083046531007546,val0.2_b105985,train_sub_val,4500f5ac38d093fa5048cf357979c342460688908990e336bc33070b592f5dec,PSM_PSM_pcmci_val0.2_b105985_b28ccc92eaf5efce,1.0,False,15,5,49f630ac8d324ba01390c1a1dcaa4386cd94ae84,49f630ac8d324ba01390c1a1dcaa4386cd94ae84,cuda,2.6.0+cu124,PSM/PSM/seed3/psm_cf_val/eval/best_val/attempt1,,True,val,C_raw,diagnostic,raw,C_raw,0.2594841214421485,0.5038323493729906,0.2701244186862967,0.4508319040335189,0.4345490529642221,0.9447007417945332,0.4421866119147169,0.4818754456418306,0.7031332708181613
eval/PSM/PSM/seed3/psm_cf_val/eval/best_val,val_ckpt_eval,val_pred_mae_v2,PSM,PSM,3,scripts/configs/psm_cf_val.yaml,best_val,78,185b0fa1faca4ebb5ccfd4dfec827701b5a6a01318fad820363e83e795223b62,0.2083046531007546,val0.2_b105985,train_sub_val,4500f5ac38d093fa5048cf357979c342460688908990e336bc33070b592f5dec,PSM_PSM_pcmci_val0.2_b105985_b28ccc92eaf5efce,1.0,False,15,5,49f630ac8d324ba01390c1a1dcaa4386cd94ae84,49f630ac8d324ba01390c1a1dcaa4386cd94ae84,cuda,2.6.0+cu124,PSM/PSM/seed3/psm_cf_val/eval/best_val/attempt1,,True,val,G_raw,diagnostic,raw,G_raw,0.4381559744321233,0.6938657350543274,0.428829679023542,0.662768354745371,0.5124252482688217,0.9778447503461758,0.5804758874130032,0.3458056981754793,0.7395026857038214
eval/PSM/PSM/seed3/psm_cf_val/eval/best_val,val_ckpt_eval,val_pred_mae_v2,PSM,PSM,3,scripts/configs/psm_cf_val.yaml,best_val,78,185b0fa1faca4ebb5ccfd4dfec827701b5a6a01318fad820363e83e795223b62,0.2083046531007546,val0.2_b105985,train_sub_val,4500f5ac38d093fa5048cf357979c342460688908990e336bc33070b592f5dec,PSM_PSM_pcmci_val0.2_b105985_b28ccc92eaf5efce,1.0,False,15,5,49f630ac8d324ba01390c1a1dcaa4386cd94ae84,49f630ac8d324ba01390c1a1dcaa4386cd94ae84,cuda,2.6.0+cu124,PSM/PSM/seed3/psm_cf_val/eval/best_val/attempt1,,True,val,CF_raw,diagnostic,raw,CF_raw,0.5429673631365164,0.6943787503094758,0.4529527425999781,0.6122068656513405,0.4891697304210383,0.9418375476999205,0.5529966231365474,0.3216350625401303,0.7333743295438554
eval/SMD/machine-1-1/seed1/smd_cf_val/eval/last,val_ckpt_eval,val_pred_mae_v2,SMD,machine-1-1,1,scripts/configs/smd_cf_val.yaml,last,80,6aa2f00a80af1f57e3df1d0cd7e611c002073bc2a83de30ed595e41cb22849bd,0.18083169636750165,val0.2_b22783,train_sub_val,e44ecdc5bbb2725b2552f5e5c6a380588ccfb04f606c260294438d8a6c80fdb5,SMD_machine-1-1_pcmci_val0.2_b22783_f62a5d49b7679981,1.0,False,15,433,49f630ac8d324ba01390c1a1dcaa4386cd94ae84,49f630ac8d324ba01390c1a1dcaa4386cd94ae84,cuda,2.6.0+cu124,SMD/machine-1-1/seed1/smd_cf_val/eval/last/attempt1,,True,val,A_off,fusion,raw,P_raw + C_raw,0.498402823244191,0.8511117366822472,0.572584829642542,0.9119905086313406,0.4705393700264517,0.916147194852202,0.6636771300448425,0.1837047427651926,0.7026671498105261
eval/SMD/machine-1-1/seed1/smd_cf_val/eval/last,val_ckpt_eval,val_pred_mae_v2,SMD,machine-1-1,1,scripts/configs/smd_cf_val.yaml,last,80,6aa2f00a80af1f57e3df1d0cd7e611c002073bc2a83de30ed595e41cb22849bd,0.18083169636750165,val0.2_b22783,train_sub_val,e44ecdc5bbb2725b2552f5e5c6a380588ccfb04f606c260294438d8a6c80fdb5,SMD_machine-1-1_pcmci_val0.2_b22783_f62a5d49b7679981,1.0,False,15,433,49f630ac8d324ba01390c1a1dcaa4386cd94ae84,49f630ac8d324ba01390c1a1dcaa4386cd94ae84,cuda,2.6.0+cu124,SMD/machine-1-1/seed1/smd_cf_val/eval/last/attempt1,,True,val,A_on,fusion,raw,P_raw + C_raw + 1*CF_raw,0.4021839506728674,0.767840211620462,0.4566206195332647,0.8595030189086312,0.3979731385742409,0.916147194852202,0.6644951140065142,0.1852135322841713,0.702666432812573
eval/SMD/machine-1-1/seed1/smd_cf_val/eval/last,val_ckpt_eval,val_pred_mae_v2,SMD,machine-1-1,1,scripts/configs/smd_cf_val.yaml,last,80,6aa2f00a80af1f57e3df1d0cd7e611c002073bc2a83de30ed595e41cb22849bd,0.18083169636750165,val0.2_b22783,train_sub_val,e44ecdc5bbb2725b2552f5e5c6a380588ccfb04f606c260294438d8a6c80fdb5,SMD_machine-1-1_pcmci_val0.2_b22783_f62a5d49b7679981,1.0,False,15,433,49f630ac8d324ba01390c1a1dcaa4386cd94ae84,49f630ac8d324ba01390c1a1dcaa4386cd94ae84,cuda,2.6.0+cu124,SMD/machine-1-1/seed1/smd_cf_val/eval/last/attempt1,,True,val,P_raw,diagnostic,raw,P_raw,0.4982142067175388,0.850929940871431,0.572181031240774,0.9118596302574428,0.4700118132689921,0.916147194852202,0.6636771300448425,0.1837047427651926,0.7026671498105261
eval/SMD/machine-1-1/seed1/smd_cf_val/eval/last,val_ckpt_eval,val_pred_mae_v2,SMD,machine-1-1,1,scripts/configs/smd_cf_val.yaml,last,80,6aa2f00a80af1f57e3df1d0cd7e611c002073bc2a83de30ed595e41cb22849bd,0.18083169636750165,val0.2_b22783,train_sub_val,e44ecdc5bbb2725b2552f5e5c6a380588ccfb04f606c260294438d8a6c80fdb5,SMD_machine-1-1_pcmci_val0.2_b22783_f62a5d49b7679981,1.0,False,15,433,49f630ac8d324ba01390c1a1dcaa4386cd94ae84,49f630ac8d324ba01390c1a1dcaa4386cd94ae84,cuda,2.6.0+cu124,SMD/machine-1-1/seed1/smd_cf_val/eval/last/attempt1,,True,val,C_raw,diagnostic,raw,C_raw,0.1173173348225558,0.4859942701485749,0.1977098630940959,0.6561380543579126,0.1764115074996272,0.993169651098394,0.6249999999999994,0.3085423400082873,0.902611070674691
eval/SMD/machine-1-1/seed1/smd_cf_val/eval/last,val_ckpt_eval,val_pred_mae_v2,SMD,machine-1-1,1,scripts/configs/smd_cf_val.yaml,last,80,6aa2f00a80af1f57e3df1d0cd7e611c002073bc2a83de30ed595e41cb22849bd,0.18083169636750165,val0.2_b22783,train_sub_val,e44ecdc5bbb2725b2552f5e5c6a380588ccfb04f606c260294438d8a6c80fdb5,SMD_machine-1-1_pcmci_val0.2_b22783_f62a5d49b7679981,1.0,False,15,433,49f630ac8d324ba01390c1a1dcaa4386cd94ae84,49f630ac8d324ba01390c1a1dcaa4386cd94ae84,cuda,2.6.0+cu124,SMD/machine-1-1/seed1/smd_cf_val/eval/last/attempt1,,True,val,G_raw,diagnostic,raw,G_raw,0.1309555799923117,0.6071634029825573,0.2112029570842408,0.7538570344342399,0.244320200669842,0.964465183058148,0.2979201798763346,0.1651281481469513,0.7442007999216826
eval/SMD/machine-1-1/seed1/smd_cf_val/eval/last,val_ckpt_eval,val_pred_mae_v2,SMD,machine-1-1,1,scripts/configs/smd_cf_val.yaml,last,80,6aa2f00a80af1f57e3df1d0cd7e611c002073bc2a83de30ed595e41cb22849bd,0.18083169636750165,val0.2_b22783,train_sub_val,e44ecdc5bbb2725b2552f5e5c6a380588ccfb04f606c260294438d8a6c80fdb5,SMD_machine-1-1_pcmci_val0.2_b22783_f62a5d49b7679981,1.0,False,15,433,49f630ac8d324ba01390c1a1dcaa4386cd94ae84,49f630ac8d324ba01390c1a1dcaa4386cd94ae84,cuda,2.6.0+cu124,SMD/machine-1-1/seed1/smd_cf_val/eval/last/attempt1,,True,val,CF_raw,diagnostic,raw,CF_raw,0.3372929122180484,0.65153217261662,0.3368148492110297,0.7637987296445367,0.357487135186571,0.9550382086369292,0.6599190283400804,0.300912095758914,0.7124276072513865
eval/SMD/machine-1-1/seed1/smd_cf_val/eval/best_val,val_ckpt_eval,val_pred_mae_v2,SMD,machine-1-1,1,scripts/configs/smd_cf_val.yaml,best_val,77,8bf22f23506ed12ced9a431934ccc1a8f9d65dfc34e6bae29c2187ba14368cc5,0.17873751911180524,val0.2_b22783,train_sub_val,e44ecdc5bbb2725b2552f5e5c6a380588ccfb04f606c260294438d8a6c80fdb5,SMD_machine-1-1_pcmci_val0.2_b22783_f62a5d49b7679981,1.0,False,15,433,49f630ac8d324ba01390c1a1dcaa4386cd94ae84,49f630ac8d324ba01390c1a1dcaa4386cd94ae84,cuda,2.6.0+cu124,SMD/machine-1-1/seed1/smd_cf_val/eval/best_val/attempt1,,True,val,A_off,fusion,raw,P_raw + C_raw,0.5027921264188341,0.855385587129041,0.575041755551388,0.9139611632124016,0.4777277939328893,0.916147194852202,0.6636771300448425,0.1837047427651926,0.7026666111157283
eval/SMD/machine-1-1/seed1/smd_cf_val/eval/best_val,val_ckpt_eval,val_pred_mae_v2,SMD,machine-1-1,1,scripts/configs/smd_cf_val.yaml,best_val,77,8bf22f23506ed12ced9a431934ccc1a8f9d65dfc34e6bae29c2187ba14368cc5,0.17873751911180524,val0.2_b22783,train_sub_val,e44ecdc5bbb2725b2552f5e5c6a380588ccfb04f606c260294438d8a6c80fdb5,SMD_machine-1-1_pcmci_val0.2_b22783_f62a5d49b7679981,1.0,False,15,433,49f630ac8d324ba01390c1a1dcaa4386cd94ae84,49f630ac8d324ba01390c1a1dcaa4386cd94ae84,cuda,2.6.0+cu124,SMD/machine-1-1/seed1/smd_cf_val/eval/best_val/attempt1,,True,val,A_on,fusion,raw,P_raw + C_raw + 1*CF_raw,0.4028808342392249,0.7698807486300798,0.4534456814664818,0.8597432914078982,0.3985519767061414,0.916147194852202,0.6644951140065142,0.1849123907225174,0.7026691009192119
eval/SMD/machine-1-1/seed1/smd_cf_val/eval/best_val,val_ckpt_eval,val_pred_mae_v2,SMD,machine-1-1,1,scripts/configs/smd_cf_val.yaml,best_val,77,8bf22f23506ed12ced9a431934ccc1a8f9d65dfc34e6bae29c2187ba14368cc5,0.17873751911180524,val0.2_b22783,train_sub_val,e44ecdc5bbb2725b2552f5e5c6a380588ccfb04f606c260294438d8a6c80fdb5,SMD_machine-1-1_pcmci_val0.2_b22783_f62a5d49b7679981,1.0,False,15,433,49f630ac8d324ba01390c1a1dcaa4386cd94ae84,49f630ac8d324ba01390c1a1dcaa4386cd94ae84,cuda,2.6.0+cu124,SMD/machine-1-1/seed1/smd_cf_val/eval/best_val/attempt1,,True,val,P_raw,diagnostic,raw,P_raw,0.5025477804462882,0.8551966845190614,0.5746982850398898,0.9138049196540948,0.4766961835527787,0.916147194852202,0.6636771300448425,0.1837047427651926,0.7026666111157283
eval/SMD/machine-1-1/seed1/smd_cf_val/eval/best_val,val_ckpt_eval,val_pred_mae_v2,SMD,machine-1-1,1,scripts/configs/smd_cf_val.yaml,best_val,77,8bf22f23506ed12ced9a431934ccc1a8f9d65dfc34e6bae29c2187ba14368cc5,0.17873751911180524,val0.2_b22783,train_sub_val,e44ecdc5bbb2725b2552f5e5c6a380588ccfb04f606c260294438d8a6c80fdb5,SMD_machine-1-1_pcmci_val0.2_b22783_f62a5d49b7679981,1.0,False,15,433,49f630ac8d324ba01390c1a1dcaa4386cd94ae84,49f630ac8d324ba01390c1a1dcaa4386cd94ae84,cuda,2.6.0+cu124,SMD/machine-1-1/seed1/smd_cf_val/eval/best_val/attempt1,,True,val,C_raw,diagnostic,raw,C_raw,0.115054405117445,0.4873570186892545,0.1973551222726133,0.6582708086151678,0.177141390291235,0.995558845299778,0.6315789473684205,0.3197289767729624,0.8842821646726786
eval/SMD/machine-1-1/seed1/smd_cf_val/eval/best_val,val_ckpt_eval,val_pred_mae_v2,SMD,machine-1-1,1,scripts/configs/smd_cf_val.yaml,best_val,77,8bf22f23506ed12ced9a431934ccc1a8f9d65dfc34e6bae29c2187ba14368cc5,0.17873751911180524,val0.2_b22783,train_sub_val,e44ecdc5bbb2725b2552f5e5c6a380588ccfb04f606c260294438d8a6c80fdb5,SMD_machine-1-1_pcmci_val0.2_b22783_f62a5d49b7679981,1.0,False,15,433,49f630ac8d324ba01390c1a1dcaa4386cd94ae84,49f630ac8d324ba01390c1a1dcaa4386cd94ae84,cuda,2.6.0+cu124,SMD/machine-1-1/seed1/smd_cf_val/eval/best_val/attempt1,,True,val,G_raw,diagnostic,raw,G_raw,0.1282448039090875,0.595699761511085,0.2079013840568929,0.7463168024041196,0.2428136768439765,0.9675909254591284,0.2968270214943702,0.1787887754866822,0.7417444809207429
eval/SMD/machine-1-1/seed1/smd_cf_val/eval/best_val,val_ckpt_eval,val_pred_mae_v2,SMD,machine-1-1,1,scripts/configs/smd_cf_val.yaml,best_val,77,8bf22f23506ed12ced9a431934ccc1a8f9d65dfc34e6bae29c2187ba14368cc5,0.17873751911180524,val0.2_b22783,train_sub_val,e44ecdc5bbb2725b2552f5e5c6a380588ccfb04f606c260294438d8a6c80fdb5,SMD_machine-1-1_pcmci_val0.2_b22783_f62a5d49b7679981,1.0,False,15,433,49f630ac8d324ba01390c1a1dcaa4386cd94ae84,49f630ac8d324ba01390c1a1dcaa4386cd94ae84,cuda,2.6.0+cu124,SMD/machine-1-1/seed1/smd_cf_val/eval/best_val/attempt1,,True,val,CF_raw,diagnostic,raw,CF_raw,0.3382297752096781,0.6521851844939464,0.33557684524268,0.760782432158874,0.3585863613126243,0.9523303207513734,0.6539792387543248,0.296092988926998,0.713345171427105
eval/SMD/machine-1-1/seed2/smd_cf_val/eval/last,val_ckpt_eval,val_pred_mae_v2,SMD,machine-1-1,2,scripts/configs/smd_cf_val.yaml,last,80,64df76e1ea3b8099522737694f319fe100ffd9170d4b6cd6e5ec6a1a08ac6029,0.18008479168416988,val0.2_b22783,train_sub_val,e44ecdc5bbb2725b2552f5e5c6a380588ccfb04f606c260294438d8a6c80fdb5,SMD_machine-1-1_pcmci_val0.2_b22783_f62a5d49b7679981,1.0,False,15,433,49f630ac8d324ba01390c1a1dcaa4386cd94ae84,49f630ac8d324ba01390c1a1dcaa4386cd94ae84,cuda,2.6.0+cu124,SMD/machine-1-1/seed2/smd_cf_val/eval/last/attempt1,,True,val,A_off,fusion,raw,P_raw + C_raw,0.5143651875715858,0.8660857553189675,0.5759296253884392,0.920204219038725,0.5008270003594831,0.916147194852202,0.6637931034482754,0.1836140660553783,0.7026666111157283
eval/SMD/machine-1-1/seed2/smd_cf_val/eval/last,val_ckpt_eval,val_pred_mae_v2,SMD,machine-1-1,2,scripts/configs/smd_cf_val.yaml,last,80,64df76e1ea3b8099522737694f319fe100ffd9170d4b6cd6e5ec6a1a08ac6029,0.18008479168416988,val0.2_b22783,train_sub_val,e44ecdc5bbb2725b2552f5e5c6a380588ccfb04f606c260294438d8a6c80fdb5,SMD_machine-1-1_pcmci_val0.2_b22783_f62a5d49b7679981,1.0,False,15,433,49f630ac8d324ba01390c1a1dcaa4386cd94ae84,49f630ac8d324ba01390c1a1dcaa4386cd94ae84,cuda,2.6.0+cu124,SMD/machine-1-1/seed2/smd_cf_val/eval/last/attempt1,,True,val,A_on,fusion,raw,P_raw + C_raw + 1*CF_raw,0.3971363674465146,0.7667860652128532,0.4413427766627076,0.8547791378613704,0.3963375315314589,0.916147194852202,0.6646525679758303,0.1855064061157846,0.7026659940578908
eval/SMD/machine-1-1/seed2/smd_cf_val/eval/last,val_ckpt_eval,val_pred_mae_v2,SMD,machine-1-1,2,scripts/configs/smd_cf_val.yaml,last,80,64df76e1ea3b8099522737694f319fe100ffd9170d4b6cd6e5ec6a1a08ac6029,0.18008479168416988,val0.2_b22783,train_sub_val,e44ecdc5bbb2725b2552f5e5c6a380588ccfb04f606c260294438d8a6c80fdb5,SMD_machine-1-1_pcmci_val0.2_b22783_f62a5d49b7679981,1.0,False,15,433,49f630ac8d324ba01390c1a1dcaa4386cd94ae84,49f630ac8d324ba01390c1a1dcaa4386cd94ae84,cuda,2.6.0+cu124,SMD/machine-1-1/seed2/smd_cf_val/eval/last/attempt1,,True,val,P_raw,diagnostic,raw,P_raw,0.5139695771333512,0.8657536150638452,0.5755072595086703,0.9200095856348718,0.5004948857634459,0.916147194852202,0.6637931034482754,0.1836140660553783,0.7026666111157283
eval/SMD/machine-1-1/seed2/smd_cf_val/eval/last,val_ckpt_eval,val_pred_mae_v2,SMD,machine-1-1,2,scripts/configs/smd_cf_val.yaml,last,80,64df76e1ea3b8099522737694f319fe100ffd9170d4b6cd6e5ec6a1a08ac6029,0.18008479168416988,val0.2_b22783,train_sub_val,e44ecdc5bbb2725b2552f5e5c6a380588ccfb04f606c260294438d8a6c80fdb5,SMD_machine-1-1_pcmci_val0.2_b22783_f62a5d49b7679981,1.0,False,15,433,49f630ac8d324ba01390c1a1dcaa4386cd94ae84,49f630ac8d324ba01390c1a1dcaa4386cd94ae84,cuda,2.6.0+cu124,SMD/machine-1-1/seed2/smd_cf_val/eval/last/attempt1,,True,val,C_raw,diagnostic,raw,C_raw,0.1018454925008009,0.4330740842122434,0.1641223987316677,0.6102600971924427,0.1728902187830417,0.9937130177514792,0.3786574870912215,0.6568771838417539,0.8703745428730242
eval/SMD/machine-1-1/seed2/smd_cf_val/eval/last,val_ckpt_eval,val_pred_mae_v2,SMD,machine-1-1,2,scripts/configs/smd_cf_val.yaml,last,80,64df76e1ea3b8099522737694f319fe100ffd9170d4b6cd6e5ec6a1a08ac6029,0.18008479168416988,val0.2_b22783,train_sub_val,e44ecdc5bbb2725b2552f5e5c6a380588ccfb04f606c260294438d8a6c80fdb5,SMD_machine-1-1_pcmci_val0.2_b22783_f62a5d49b7679981,1.0,False,15,433,49f630ac8d324ba01390c1a1dcaa4386cd94ae84,49f630ac8d324ba01390c1a1dcaa4386cd94ae84,cuda,2.6.0+cu124,SMD/machine-1-1/seed2/smd_cf_val/eval/last/attempt1,,True,val,G_raw,diagnostic,raw,G_raw,0.1123866829467815,0.5513344696723573,0.1687632413663339,0.6858745932165611,0.2220083135029072,0.9686373467916366,0.3561643835616433,0.2249136110838821,0.7102103504260504
eval/SMD/machine-1-1/seed2/smd_cf_val/eval/last,val_ckpt_eval,val_pred_mae_v2,SMD,machine-1-1,2,scripts/configs/smd_cf_val.yaml,last,80,64df76e1ea3b8099522737694f319fe100ffd9170d4b6cd6e5ec6a1a08ac6029,0.18008479168416988,val0.2_b22783,train_sub_val,e44ecdc5bbb2725b2552f5e5c6a380588ccfb04f606c260294438d8a6c80fdb5,SMD_machine-1-1_pcmci_val0.2_b22783_f62a5d49b7679981,1.0,False,15,433,49f630ac8d324ba01390c1a1dcaa4386cd94ae84,49f630ac8d324ba01390c1a1dcaa4386cd94ae84,cuda,2.6.0+cu124,SMD/machine-1-1/seed2/smd_cf_val/eval/last/attempt1,,True,val,CF_raw,diagnostic,raw,CF_raw,0.3344458095141855,0.6471290173072376,0.3290322969098257,0.7517431406086245,0.3541801965337529,0.9411558669001752,0.6666666666666662,0.2147835764761208,0.7026895958407208
eval/SMD/machine-1-1/seed2/smd_cf_val/eval/best_val,val_ckpt_eval,val_pred_mae_v2,SMD,machine-1-1,2,scripts/configs/smd_cf_val.yaml,best_val,80,ab5b89b4ebe6392ff435f1a01e8f5b29d7a523236569bd45942b11549b7ceac9,0.18008479168416988,val0.2_b22783,train_sub_val,e44ecdc5bbb2725b2552f5e5c6a380588ccfb04f606c260294438d8a6c80fdb5,SMD_machine-1-1_pcmci_val0.2_b22783_f62a5d49b7679981,1.0,False,15,433,49f630ac8d324ba01390c1a1dcaa4386cd94ae84,49f630ac8d324ba01390c1a1dcaa4386cd94ae84,cuda,2.6.0+cu124,SMD/machine-1-1/seed2/smd_cf_val/eval/best_val/attempt1,,True,val,A_off,fusion,raw,P_raw + C_raw,0.5143651875715858,0.8660857553189675,0.5759296253884392,0.920204219038725,0.5008270003594831,0.916147194852202,0.6637931034482754,0.1836140660553783,0.7026666111157283
eval/SMD/machine-1-1/seed2/smd_cf_val/eval/best_val,val_ckpt_eval,val_pred_mae_v2,SMD,machine-1-1,2,scripts/configs/smd_cf_val.yaml,best_val,80,ab5b89b4ebe6392ff435f1a01e8f5b29d7a523236569bd45942b11549b7ceac9,0.18008479168416988,val0.2_b22783,train_sub_val,e44ecdc5bbb2725b2552f5e5c6a380588ccfb04f606c260294438d8a6c80fdb5,SMD_machine-1-1_pcmci_val0.2_b22783_f62a5d49b7679981,1.0,False,15,433,49f630ac8d324ba01390c1a1dcaa4386cd94ae84,49f630ac8d324ba01390c1a1dcaa4386cd94ae84,cuda,2.6.0+cu124,SMD/machine-1-1/seed2/smd_cf_val/eval/best_val/attempt1,,True,val,A_on,fusion,raw,P_raw + C_raw + 1*CF_raw,0.3971363674465146,0.7667860652128532,0.4413427766627076,0.8547791378613704,0.3963375315314589,0.916147194852202,0.6646525679758303,0.1855064061157846,0.7026659940578908
eval/SMD/machine-1-1/seed2/smd_cf_val/eval/best_val,val_ckpt_eval,val_pred_mae_v2,SMD,machine-1-1,2,scripts/configs/smd_cf_val.yaml,best_val,80,ab5b89b4ebe6392ff435f1a01e8f5b29d7a523236569bd45942b11549b7ceac9,0.18008479168416988,val0.2_b22783,train_sub_val,e44ecdc5bbb2725b2552f5e5c6a380588ccfb04f606c260294438d8a6c80fdb5,SMD_machine-1-1_pcmci_val0.2_b22783_f62a5d49b7679981,1.0,False,15,433,49f630ac8d324ba01390c1a1dcaa4386cd94ae84,49f630ac8d324ba01390c1a1dcaa4386cd94ae84,cuda,2.6.0+cu124,SMD/machine-1-1/seed2/smd_cf_val/eval/best_val/attempt1,,True,val,P_raw,diagnostic,raw,P_raw,0.5139695771333512,0.8657536150638452,0.5755072595086703,0.9200095856348718,0.5004948857634459,0.916147194852202,0.6637931034482754,0.1836140660553783,0.7026666111157283
eval/SMD/machine-1-1/seed2/smd_cf_val/eval/best_val,val_ckpt_eval,val_pred_mae_v2,SMD,machine-1-1,2,scripts/configs/smd_cf_val.yaml,best_val,80,ab5b89b4ebe6392ff435f1a01e8f5b29d7a523236569bd45942b11549b7ceac9,0.18008479168416988,val0.2_b22783,train_sub_val,e44ecdc5bbb2725b2552f5e5c6a380588ccfb04f606c260294438d8a6c80fdb5,SMD_machine-1-1_pcmci_val0.2_b22783_f62a5d49b7679981,1.0,False,15,433,49f630ac8d324ba01390c1a1dcaa4386cd94ae84,49f630ac8d324ba01390c1a1dcaa4386cd94ae84,cuda,2.6.0+cu124,SMD/machine-1-1/seed2/smd_cf_val/eval/best_val/attempt1,,True,val,C_raw,diagnostic,raw,C_raw,0.1018454925008009,0.4330740842122434,0.1641223987316677,0.6102600971924427,0.1728902187830417,0.9937130177514792,0.3786574870912215,0.6568771838417539,0.8703745428730242
eval/SMD/machine-1-1/seed2/smd_cf_val/eval/best_val,val_ckpt_eval,val_pred_mae_v2,SMD,machine-1-1,2,scripts/configs/smd_cf_val.yaml,best_val,80,ab5b89b4ebe6392ff435f1a01e8f5b29d7a523236569bd45942b11549b7ceac9,0.18008479168416988,val0.2_b22783,train_sub_val,e44ecdc5bbb2725b2552f5e5c6a380588ccfb04f606c260294438d8a6c80fdb5,SMD_machine-1-1_pcmci_val0.2_b22783_f62a5d49b7679981,1.0,False,15,433,49f630ac8d324ba01390c1a1dcaa4386cd94ae84,49f630ac8d324ba01390c1a1dcaa4386cd94ae84,cuda,2.6.0+cu124,SMD/machine-1-1/seed2/smd_cf_val/eval/best_val/attempt1,,True,val,G_raw,diagnostic,raw,G_raw,0.1123866829467815,0.5513344696723573,0.1687632413663339,0.6858745932165611,0.2220083135029072,0.9686373467916366,0.3561643835616433,0.2249136110838821,0.7102103504260504
eval/SMD/machine-1-1/seed2/smd_cf_val/eval/best_val,val_ckpt_eval,val_pred_mae_v2,SMD,machine-1-1,2,scripts/configs/smd_cf_val.yaml,best_val,80,ab5b89b4ebe6392ff435f1a01e8f5b29d7a523236569bd45942b11549b7ceac9,0.18008479168416988,val0.2_b22783,train_sub_val,e44ecdc5bbb2725b2552f5e5c6a380588ccfb04f606c260294438d8a6c80fdb5,SMD_machine-1-1_pcmci_val0.2_b22783_f62a5d49b7679981,1.0,False,15,433,49f630ac8d324ba01390c1a1dcaa4386cd94ae84,49f630ac8d324ba01390c1a1dcaa4386cd94ae84,cuda,2.6.0+cu124,SMD/machine-1-1/seed2/smd_cf_val/eval/best_val/attempt1,,True,val,CF_raw,diagnostic,raw,CF_raw,0.3344458095141855,0.6471290173072376,0.3290322969098257,0.7517431406086245,0.3541801965337529,0.9411558669001752,0.6666666666666662,0.2147835764761208,0.7026895958407208
eval/SMD/machine-1-1/seed3/smd_cf_val/eval/last,val_ckpt_eval,val_pred_mae_v2,SMD,machine-1-1,3,scripts/configs/smd_cf_val.yaml,last,80,52b4a5a5dd704d89c79639121bedcdfe7b51335a63cb266b16a9002535f4d6cb,0.17947823670801127,val0.2_b22783,train_sub_val,e44ecdc5bbb2725b2552f5e5c6a380588ccfb04f606c260294438d8a6c80fdb5,SMD_machine-1-1_pcmci_val0.2_b22783_f62a5d49b7679981,1.0,False,15,433,49f630ac8d324ba01390c1a1dcaa4386cd94ae84,49f630ac8d324ba01390c1a1dcaa4386cd94ae84,cuda,2.6.0+cu124,SMD/machine-1-1/seed3/smd_cf_val/eval/last/attempt1,,True,val,A_off,fusion,raw,P_raw + C_raw,0.5161268438098712,0.867824645786185,0.5781699904941076,0.9208422197290692,0.5009735472353798,0.916147194852202,0.6637931034482754,0.1836140660553783,0.7026666111157283
eval/SMD/machine-1-1/seed3/smd_cf_val/eval/last,val_ckpt_eval,val_pred_mae_v2,SMD,machine-1-1,3,scripts/configs/smd_cf_val.yaml,last,80,52b4a5a5dd704d89c79639121bedcdfe7b51335a63cb266b16a9002535f4d6cb,0.17947823670801127,val0.2_b22783,train_sub_val,e44ecdc5bbb2725b2552f5e5c6a380588ccfb04f606c260294438d8a6c80fdb5,SMD_machine-1-1_pcmci_val0.2_b22783_f62a5d49b7679981,1.0,False,15,433,49f630ac8d324ba01390c1a1dcaa4386cd94ae84,49f630ac8d324ba01390c1a1dcaa4386cd94ae84,cuda,2.6.0+cu124,SMD/machine-1-1/seed3/smd_cf_val/eval/last/attempt1,,True,val,A_on,fusion,raw,P_raw + C_raw + 1*CF_raw,0.4201172142544804,0.8048906918125525,0.4719592772519881,0.8770183715838856,0.4015644629815504,0.916147194852202,0.6646525679758303,0.1851730760618296,0.7026688135910021
eval/SMD/machine-1-1/seed3/smd_cf_val/eval/last,val_ckpt_eval,val_pred_mae_v2,SMD,machine-1-1,3,scripts/configs/smd_cf_val.yaml,last,80,52b4a5a5dd704d89c79639121bedcdfe7b51335a63cb266b16a9002535f4d6cb,0.17947823670801127,val0.2_b22783,train_sub_val,e44ecdc5bbb2725b2552f5e5c6a380588ccfb04f606c260294438d8a6c80fdb5,SMD_machine-1-1_pcmci_val0.2_b22783_f62a5d49b7679981,1.0,False,15,433,49f630ac8d324ba01390c1a1dcaa4386cd94ae84,49f630ac8d324ba01390c1a1dcaa4386cd94ae84,cuda,2.6.0+cu124,SMD/machine-1-1/seed3/smd_cf_val/eval/last/attempt1,,True,val,P_raw,diagnostic,raw,P_raw,0.5156158485870408,0.8674371272206624,0.5774821947119755,0.920526746228238,0.5006495204688471,0.916147194852202,0.6637931034482754,0.1836140660553783,0.7026666111157283
eval/SMD/machine-1-1/seed3/smd_cf_val/eval/last,val_ckpt_eval,val_pred_mae_v2,SMD,machine-1-1,3,scripts/configs/smd_cf_val.yaml,last,80,52b4a5a5dd704d89c79639121bedcdfe7b51335a63cb266b16a9002535f4d6cb,0.17947823670801127,val0.2_b22783,train_sub_val,e44ecdc5bbb2725b2552f5e5c6a380588ccfb04f606c260294438d8a6c80fdb5,SMD_machine-1-1_pcmci_val0.2_b22783_f62a5d49b7679981,1.0,False,15,433,49f630ac8d324ba01390c1a1dcaa4386cd94ae84,49f630ac8d324ba01390c1a1dcaa4386cd94ae84,cuda,2.6.0+cu124,SMD/machine-1-1/seed3/smd_cf_val/eval/last/attempt1,,True,val,C_raw,diagnostic,raw,C_raw,0.1535147031601367,0.5954275502219568,0.2338432205997567,0.7308818720063017,0.2039385132127441,0.9931620772500462,0.555555555555555,0.3103027161485002,0.9038339796036856
eval/SMD/machine-1-1/seed3/smd_cf_val/eval/last,val_ckpt_eval,val_pred_mae_v2,SMD,machine-1-1,3,scripts/configs/smd_cf_val.yaml,last,80,52b4a5a5dd704d89c79639121bedcdfe7b51335a63cb266b16a9002535f4d6cb,0.17947823670801127,val0.2_b22783,train_sub_val,e44ecdc5bbb2725b2552f5e5c6a380588ccfb04f606c260294438d8a6c80fdb5,SMD_machine-1-1_pcmci_val0.2_b22783_f62a5d49b7679981,1.0,False,15,433,49f630ac8d324ba01390c1a1dcaa4386cd94ae84,49f630ac8d324ba01390c1a1dcaa4386cd94ae84,cuda,2.6.0+cu124,SMD/machine-1-1/seed3/smd_cf_val/eval/last/attempt1,,True,val,G_raw,diagnostic,raw,G_raw,0.1758999658000082,0.6374303029653685,0.2390389476963551,0.7630644432120165,0.2673137420832884,0.9977720014853324,0.6949806949806945,0.2157048801691089,0.9182793549794654
eval/SMD/machine-1-1/seed3/smd_cf_val/eval/last,val_ckpt_eval,val_pred_mae_v2,SMD,machine-1-1,3,scripts/configs/smd_cf_val.yaml,last,80,52b4a5a5dd704d89c79639121bedcdfe7b51335a63cb266b16a9002535f4d6cb,0.17947823670801127,val0.2_b22783,train_sub_val,e44ecdc5bbb2725b2552f5e5c6a380588ccfb04f606c260294438d8a6c80fdb5,SMD_machine-1-1_pcmci_val0.2_b22783_f62a5d49b7679981,1.0,False,15,433,49f630ac8d324ba01390c1a1dcaa4386cd94ae84,49f630ac8d324ba01390c1a1dcaa4386cd94ae84,cuda,2.6.0+cu124,SMD/machine-1-1/seed3/smd_cf_val/eval/last/attempt1,,True,val,CF_raw,diagnostic,raw,CF_raw,0.3619328801355672,0.7254583287826777,0.3697920925246075,0.8117527436473257,0.3642376259159978,0.9717902350813744,0.6800497976968559,0.2115736891963173,0.7400843515836615
eval/SMD/machine-1-1/seed3/smd_cf_val/eval/best_val,val_ckpt_eval,val_pred_mae_v2,SMD,machine-1-1,3,scripts/configs/smd_cf_val.yaml,best_val,80,e2ef35ca8c7cb209ccd3cfc9f0c98b72b893b81a53be038a27f9a238f1f3f3be,0.17947823670801127,val0.2_b22783,train_sub_val,e44ecdc5bbb2725b2552f5e5c6a380588ccfb04f606c260294438d8a6c80fdb5,SMD_machine-1-1_pcmci_val0.2_b22783_f62a5d49b7679981,1.0,False,15,433,49f630ac8d324ba01390c1a1dcaa4386cd94ae84,49f630ac8d324ba01390c1a1dcaa4386cd94ae84,cuda,2.6.0+cu124,SMD/machine-1-1/seed3/smd_cf_val/eval/best_val/attempt1,,True,val,A_off,fusion,raw,P_raw + C_raw,0.5161268438098712,0.867824645786185,0.5781699904941076,0.9208422197290692,0.5009735472353798,0.916147194852202,0.6637931034482754,0.1836140660553783,0.7026666111157283
eval/SMD/machine-1-1/seed3/smd_cf_val/eval/best_val,val_ckpt_eval,val_pred_mae_v2,SMD,machine-1-1,3,scripts/configs/smd_cf_val.yaml,best_val,80,e2ef35ca8c7cb209ccd3cfc9f0c98b72b893b81a53be038a27f9a238f1f3f3be,0.17947823670801127,val0.2_b22783,train_sub_val,e44ecdc5bbb2725b2552f5e5c6a380588ccfb04f606c260294438d8a6c80fdb5,SMD_machine-1-1_pcmci_val0.2_b22783_f62a5d49b7679981,1.0,False,15,433,49f630ac8d324ba01390c1a1dcaa4386cd94ae84,49f630ac8d324ba01390c1a1dcaa4386cd94ae84,cuda,2.6.0+cu124,SMD/machine-1-1/seed3/smd_cf_val/eval/best_val/attempt1,,True,val,A_on,fusion,raw,P_raw + C_raw + 1*CF_raw,0.4201172142544804,0.8048906918125525,0.4719592772519881,0.8770183715838856,0.4015644629815504,0.916147194852202,0.6646525679758303,0.1851730760618296,0.7026688135910021
eval/SMD/machine-1-1/seed3/smd_cf_val/eval/best_val,val_ckpt_eval,val_pred_mae_v2,SMD,machine-1-1,3,scripts/configs/smd_cf_val.yaml,best_val,80,e2ef35ca8c7cb209ccd3cfc9f0c98b72b893b81a53be038a27f9a238f1f3f3be,0.17947823670801127,val0.2_b22783,train_sub_val,e44ecdc5bbb2725b2552f5e5c6a380588ccfb04f606c260294438d8a6c80fdb5,SMD_machine-1-1_pcmci_val0.2_b22783_f62a5d49b7679981,1.0,False,15,433,49f630ac8d324ba01390c1a1dcaa4386cd94ae84,49f630ac8d324ba01390c1a1dcaa4386cd94ae84,cuda,2.6.0+cu124,SMD/machine-1-1/seed3/smd_cf_val/eval/best_val/attempt1,,True,val,P_raw,diagnostic,raw,P_raw,0.5156158485870408,0.8674371272206624,0.5774821947119755,0.920526746228238,0.5006495204688471,0.916147194852202,0.6637931034482754,0.1836140660553783,0.7026666111157283
eval/SMD/machine-1-1/seed3/smd_cf_val/eval/best_val,val_ckpt_eval,val_pred_mae_v2,SMD,machine-1-1,3,scripts/configs/smd_cf_val.yaml,best_val,80,e2ef35ca8c7cb209ccd3cfc9f0c98b72b893b81a53be038a27f9a238f1f3f3be,0.17947823670801127,val0.2_b22783,train_sub_val,e44ecdc5bbb2725b2552f5e5c6a380588ccfb04f606c260294438d8a6c80fdb5,SMD_machine-1-1_pcmci_val0.2_b22783_f62a5d49b7679981,1.0,False,15,433,49f630ac8d324ba01390c1a1dcaa4386cd94ae84,49f630ac8d324ba01390c1a1dcaa4386cd94ae84,cuda,2.6.0+cu124,SMD/machine-1-1/seed3/smd_cf_val/eval/best_val/attempt1,,True,val,C_raw,diagnostic,raw,C_raw,0.1535147031601367,0.5954275502219568,0.2338432205997567,0.7308818720063017,0.2039385132127441,0.9931620772500462,0.555555555555555,0.3103027161485002,0.9038339796036856
eval/SMD/machine-1-1/seed3/smd_cf_val/eval/best_val,val_ckpt_eval,val_pred_mae_v2,SMD,machine-1-1,3,scripts/configs/smd_cf_val.yaml,best_val,80,e2ef35ca8c7cb209ccd3cfc9f0c98b72b893b81a53be038a27f9a238f1f3f3be,0.17947823670801127,val0.2_b22783,train_sub_val,e44ecdc5bbb2725b2552f5e5c6a380588ccfb04f606c260294438d8a6c80fdb5,SMD_machine-1-1_pcmci_val0.2_b22783_f62a5d49b7679981,1.0,False,15,433,49f630ac8d324ba01390c1a1dcaa4386cd94ae84,49f630ac8d324ba01390c1a1dcaa4386cd94ae84,cuda,2.6.0+cu124,SMD/machine-1-1/seed3/smd_cf_val/eval/best_val/attempt1,,True,val,G_raw,diagnostic,raw,G_raw,0.1758999658000082,0.6374303029653685,0.2390389476963551,0.7630644432120165,0.2673137420832884,0.9977720014853324,0.6949806949806945,0.2157048801691089,0.9182793549794654
eval/SMD/machine-1-1/seed3/smd_cf_val/eval/best_val,val_ckpt_eval,val_pred_mae_v2,SMD,machine-1-1,3,scripts/configs/smd_cf_val.yaml,best_val,80,e2ef35ca8c7cb209ccd3cfc9f0c98b72b893b81a53be038a27f9a238f1f3f3be,0.17947823670801127,val0.2_b22783,train_sub_val,e44ecdc5bbb2725b2552f5e5c6a380588ccfb04f606c260294438d8a6c80fdb5,SMD_machine-1-1_pcmci_val0.2_b22783_f62a5d49b7679981,1.0,False,15,433,49f630ac8d324ba01390c1a1dcaa4386cd94ae84,49f630ac8d324ba01390c1a1dcaa4386cd94ae84,cuda,2.6.0+cu124,SMD/machine-1-1/seed3/smd_cf_val/eval/best_val/attempt1,,True,val,CF_raw,diagnostic,raw,CF_raw,0.3619328801355672,0.7254583287826777,0.3697920925246075,0.8117527436473257,0.3642376259159978,0.9717902350813744,0.6800497976968559,0.2115736891963173,0.7400843515836615
eval/SMD/machine-1-2/seed0/smd_cf_val/eval/last,val_ckpt_eval,val_pred_mae_v2,SMD,machine-1-2,0,scripts/configs/smd_cf_val.yaml,last,80,d01f52f418c2e9c746d08d15c07cae698ed49e9d51fa44f5d73fce4082ec1e35,0.2081978031853302,val0.2_b18955,train_sub_val,0ddd14e5e4480e699e010474b34f0fbdd8e4c7c10e21e5c3e5a017184f4f4dcf,SMD_machine-1-2_pcmci_val0.2_b18955_da5a8638791b04f0,1.0,False,15,53,49f630ac8d324ba01390c1a1dcaa4386cd94ae84,49f630ac8d324ba01390c1a1dcaa4386cd94ae84,cuda,2.6.0+cu124,SMD/machine-1-2/seed0/smd_cf_val/eval/last/attempt1,,True,val,A_off,fusion,raw,P_raw + C_raw,0.1810371525876492,0.8418283532530697,0.1971118683344946,0.892158081742361,0.3314556753548849,0.90893760539629,0.6407766990291256,0.2439592310107135,0.862635093421148
eval/SMD/machine-1-2/seed0/smd_cf_val/eval/last,val_ckpt_eval,val_pred_mae_v2,SMD,machine-1-2,0,scripts/configs/smd_cf_val.yaml,last,80,d01f52f418c2e9c746d08d15c07cae698ed49e9d51fa44f5d73fce4082ec1e35,0.2081978031853302,val0.2_b18955,train_sub_val,0ddd14e5e4480e699e010474b34f0fbdd8e4c7c10e21e5c3e5a017184f4f4dcf,SMD_machine-1-2_pcmci_val0.2_b18955_da5a8638791b04f0,1.0,False,15,53,49f630ac8d324ba01390c1a1dcaa4386cd94ae84,49f630ac8d324ba01390c1a1dcaa4386cd94ae84,cuda,2.6.0+cu124,SMD/machine-1-2/seed0/smd_cf_val/eval/last/attempt1,,True,val,A_on,fusion,raw,P_raw + C_raw + 1*CF_raw,0.3458586954523039,0.8793346931870563,0.3692085298753467,0.9259890956438568,0.4266938769471406,0.911219512195122,0.7947494033412883,0.3510402789579863,0.8949428819836448
eval/SMD/machine-1-2/seed0/smd_cf_val/eval/last,val_ckpt_eval,val_pred_mae_v2,SMD,machine-1-2,0,scripts/configs/smd_cf_val.yaml,last,80,d01f52f418c2e9c746d08d15c07cae698ed49e9d51fa44f5d73fce4082ec1e35,0.2081978031853302,val0.2_b18955,train_sub_val,0ddd14e5e4480e699e010474b34f0fbdd8e4c7c10e21e5c3e5a017184f4f4dcf,SMD_machine-1-2_pcmci_val0.2_b18955_da5a8638791b04f0,1.0,False,15,53,49f630ac8d324ba01390c1a1dcaa4386cd94ae84,49f630ac8d324ba01390c1a1dcaa4386cd94ae84,cuda,2.6.0+cu124,SMD/machine-1-2/seed0/smd_cf_val/eval/last/attempt1,,True,val,P_raw,diagnostic,raw,P_raw,0.1804325968528888,0.8399524024622782,0.1967802035355804,0.8911190698825912,0.3314556753548849,0.909704641350211,0.6407766990291256,0.2439592310107135,0.862635093421148
eval/SMD/machine-1-2/seed0/smd_cf_val/eval/last,val_ckpt_eval,val_pred_mae_v2,SMD,machine-1-2,0,scripts/configs/smd_cf_val.yaml,last,80,d01f52f418c2e9c746d08d15c07cae698ed49e9d51fa44f5d73fce4082ec1e35,0.2081978031853302,val0.2_b18955,train_sub_val,0ddd14e5e4480e699e010474b34f0fbdd8e4c7c10e21e5c3e5a017184f4f4dcf,SMD_machine-1-2_pcmci_val0.2_b18955_da5a8638791b04f0,1.0,False,15,53,49f630ac8d324ba01390c1a1dcaa4386cd94ae84,49f630ac8d324ba01390c1a1dcaa4386cd94ae84,cuda,2.6.0+cu124,SMD/machine-1-2/seed0/smd_cf_val/eval/last/attempt1,,True,val,C_raw,diagnostic,raw,C_raw,0.0633858844213942,0.7225886048127215,0.0877575010592272,0.8029664994974686,0.1224623876929884,0.8892857142857142,0.2957746478873235,0.1663206397416069,0.783313065831684
eval/SMD/machine-1-2/seed0/smd_cf_val/eval/last,val_ckpt_eval,val_pred_mae_v2,SMD,machine-1-2,0,scripts/configs/smd_cf_val.yaml,last,80,d01f52f418c2e9c746d08d15c07cae698ed49e9d51fa44f5d73fce4082ec1e35,0.2081978031853302,val0.2_b18955,train_sub_val,0ddd14e5e4480e699e010474b34f0fbdd8e4c7c10e21e5c3e5a017184f4f4dcf,SMD_machine-1-2_pcmci_val0.2_b18955_da5a8638791b04f0,1.0,False,15,53,49f630ac8d324ba01390c1a1dcaa4386cd94ae84,49f630ac8d324ba01390c1a1dcaa4386cd94ae84,cuda,2.6.0+cu124,SMD/machine-1-2/seed0/smd_cf_val/eval/last/attempt1,,True,val,G_raw,diagnostic,raw,G_raw,0.2570993751860604,0.8357019959172499,0.2945810266218078,0.9016200424533554,0.3718543365526097,0.8376470588235294,0.5737164390014124,0.2544686452671465,0.8416439543256613
eval/SMD/machine-1-2/seed0/smd_cf_val/eval/last,val_ckpt_eval,val_pred_mae_v2,SMD,machine-1-2,0,scripts/configs/smd_cf_val.yaml,last,80,d01f52f418c2e9c746d08d15c07cae698ed49e9d51fa44f5d73fce4082ec1e35,0.2081978031853302,val0.2_b18955,train_sub_val,0ddd14e5e4480e699e010474b34f0fbdd8e4c7c10e21e5c3e5a017184f4f4dcf,SMD_machine-1-2_pcmci_val0.2_b18955_da5a8638791b04f0,1.0,False,15,53,49f630ac8d324ba01390c1a1dcaa4386cd94ae84,49f630ac8d324ba01390c1a1dcaa4386cd94ae84,cuda,2.6.0+cu124,SMD/machine-1-2/seed0/smd_cf_val/eval/last/attempt1,,True,val,CF_raw,diagnostic,raw,CF_raw,0.3062205693456261,0.8615796094010718,0.3266115585713263,0.918228687536574,0.3966699974012845,0.8851063829787233,0.7298747763864037,0.3214486327061877,0.8756805223025412
eval/SMD/machine-1-2/seed0/smd_cf_val/eval/best_val,val_ckpt_eval,val_pred_mae_v2,SMD,machine-1-2,0,scripts/configs/smd_cf_val.yaml,best_val,78,8115bdbf44757910db526d25a1ee22ddaab1744e3239ba185efcf1b173053807,0.20716516264052415,val0.2_b18955,train_sub_val,0ddd14e5e4480e699e010474b34f0fbdd8e4c7c10e21e5c3e5a017184f4f4dcf,SMD_machine-1-2_pcmci_val0.2_b18955_da5a8638791b04f0,1.0,False,15,53,49f630ac8d324ba01390c1a1dcaa4386cd94ae84,49f630ac8d324ba01390c1a1dcaa4386cd94ae84,cuda,2.6.0+cu124,SMD/machine-1-2/seed0/smd_cf_val/eval/best_val/attempt1,,True,val,A_off,fusion,raw,P_raw + C_raw,0.1840772150135266,0.850972527138744,0.2006083316504794,0.896582052864368,0.334588575873026,0.90893760539629,0.6407766990291256,0.2357435120221732,0.8629947180664314
eval/SMD/machine-1-2/seed0/smd_cf_val/eval/best_val,val_ckpt_eval,val_pred_mae_v2,SMD,machine-1-2,0,scripts/configs/smd_cf_val.yaml,best_val,78,8115bdbf44757910db526d25a1ee22ddaab1744e3239ba185efcf1b173053807,0.20716516264052415,val0.2_b18955,train_sub_val,0ddd14e5e4480e699e010474b34f0fbdd8e4c7c10e21e5c3e5a017184f4f4dcf,SMD_machine-1-2_pcmci_val0.2_b18955_da5a8638791b04f0,1.0,False,15,53,49f630ac8d324ba01390c1a1dcaa4386cd94ae84,49f630ac8d324ba01390c1a1dcaa4386cd94ae84,cuda,2.6.0+cu124,SMD/machine-1-2/seed0/smd_cf_val/eval/best_val/attempt1,,True,val,A_on,fusion,raw,P_raw + C_raw + 1*CF_raw,0.3474513126096161,0.8806184650447811,0.3669217428508655,0.9263456893213058,0.4280572486390805,0.9103313840155944,0.7706422018348619,0.3189817945002287,0.8858006096202753
eval/SMD/machine-1-2/seed0/smd_cf_val/eval/best_val,val_ckpt_eval,val_pred_mae_v2,SMD,machine-1-2,0,scripts/configs/smd_cf_val.yaml,best_val,78,8115bdbf44757910db526d25a1ee22ddaab1744e3239ba185efcf1b173053807,0.20716516264052415,val0.2_b18955,train_sub_val,0ddd14e5e4480e699e010474b34f0fbdd8e4c7c10e21e5c3e5a017184f4f4dcf,SMD_machine-1-2_pcmci_val0.2_b18955_da5a8638791b04f0,1.0,False,15,53,49f630ac8d324ba01390c1a1dcaa4386cd94ae84,49f630ac8d324ba01390c1a1dcaa4386cd94ae84,cuda,2.6.0+cu124,SMD/machine-1-2/seed0/smd_cf_val/eval/best_val/attempt1,,True,val,P_raw,diagnostic,raw,P_raw,0.1835084779214324,0.849588862954265,0.2000298436188753,0.8957100521908893,0.3342726232577982,0.90893760539629,0.6407766990291256,0.2357435120221732,0.8629947180664314
eval/SMD/machine-1-2/seed0/smd_cf_val/eval/best_val,val_ckpt_eval,val_pred_mae_v2,SMD,machine-1-2,0,scripts/configs/smd_cf_val.yaml,best_val,78,8115bdbf44757910db526d25a1ee22ddaab1744e3239ba185efcf1b173053807,0.20716516264052415,val0.2_b18955,train_sub_val,0ddd14e5e4480e699e010474b34f0fbdd8e4c7c10e21e5c3e5a017184f4f4dcf,SMD_machine-1-2_pcmci_val0.2_b18955_da5a8638791b04f0,1.0,False,15,53,49f630ac8d324ba01390c1a1dcaa4386cd94ae84,49f630ac8d324ba01390c1a1dcaa4386cd94ae84,cuda,2.6.0+cu124,SMD/machine-1-2/seed0/smd_cf_val/eval/best_val/attempt1,,True,val,C_raw,diagnostic,raw,C_raw,0.0516438053646097,0.7054935836918322,0.0703724271454411,0.7805359307830783,0.0966684548135155,0.6074600355239786,0.2222222222222217,0.1053741906083925,0.7419840041297483
eval/SMD/machine-1-2/seed0/smd_cf_val/eval/best_val,val_ckpt_eval,val_pred_mae_v2,SMD,machine-1-2,0,scripts/configs/smd_cf_val.yaml,best_val,78,8115bdbf44757910db526d25a1ee22ddaab1744e3239ba185efcf1b173053807,0.20716516264052415,val0.2_b18955,train_sub_val,0ddd14e5e4480e699e010474b34f0fbdd8e4c7c10e21e5c3e5a017184f4f4dcf,SMD_machine-1-2_pcmci_val0.2_b18955_da5a8638791b04f0,1.0,False,15,53,49f630ac8d324ba01390c1a1dcaa4386cd94ae84,49f630ac8d324ba01390c1a1dcaa4386cd94ae84,cuda,2.6.0+cu124,SMD/machine-1-2/seed0/smd_cf_val/eval/best_val/attempt1,,True,val,G_raw,diagnostic,raw,G_raw,0.2774219129806,0.8367870593755845,0.3041425047580288,0.9012633903304248,0.3890592408631372,0.835027365129007,0.6272727272727268,0.2651599199916438,0.8458704371804368
eval/SMD/machine-1-2/seed0/smd_cf_val/eval/best_val,val_ckpt_eval,val_pred_mae_v2,SMD,machine-1-2,0,scripts/configs/smd_cf_val.yaml,best_val,78,8115bdbf44757910db526d25a1ee22ddaab1744e3239ba185efcf1b173053807,0.20716516264052415,val0.2_b18955,train_sub_val,0ddd14e5e4480e699e010474b34f0fbdd8e4c7c10e21e5c3e5a017184f4f4dcf,SMD_machine-1-2_pcmci_val0.2_b18955_da5a8638791b04f0,1.0,False,15,53,49f630ac8d324ba01390c1a1dcaa4386cd94ae84,49f630ac8d324ba01390c1a1dcaa4386cd94ae84,cuda,2.6.0+cu124,SMD/machine-1-2/seed0/smd_cf_val/eval/best_val/attempt1,,True,val,CF_raw,diagnostic,raw,CF_raw,0.3072021641610865,0.8626323852358344,0.3246988085375592,0.9185964152396154,0.3970899188524605,0.8829365079365079,0.6969042476601867,0.3215318731029236,0.8571110321272865
eval/SMD/machine-1-2/seed1/smd_cf_val/eval/last,val_ckpt_eval,val_pred_mae_v2,SMD,machine-1-2,1,scripts/configs/smd_cf_val.yaml,last,80,1680b8f708c58a59de0a94fc8cef63138ffa70bd6cf94b0e73efc45c3ab4797c,0.20621866166982952,val0.2_b18955,train_sub_val,0ddd14e5e4480e699e010474b34f0fbdd8e4c7c10e21e5c3e5a017184f4f4dcf,SMD_machine-1-2_pcmci_val0.2_b18955_da5a8638791b04f0,1.0,False,15,53,49f630ac8d324ba01390c1a1dcaa4386cd94ae84,49f630ac8d324ba01390c1a1dcaa4386cd94ae84,cuda,2.6.0+cu124,SMD/machine-1-2/seed1/smd_cf_val/eval/last/attempt1,,True,val,A_off,fusion,raw,P_raw + C_raw,0.1549731160189891,0.8388207411867147,0.1662410335235046,0.8923627172224575,0.2705141285753338,0.910472972972973,0.6407766990291256,0.2305007660103082,0.859978904972769
eval/SMD/machine-1-2/seed1/smd_cf_val/eval/last,val_ckpt_eval,val_pred_mae_v2,SMD,machine-1-2,1,scripts/configs/smd_cf_val.yaml,last,80,1680b8f708c58a59de0a94fc8cef63138ffa70bd6cf94b0e73efc45c3ab4797c,0.20621866166982952,val0.2_b18955,train_sub_val,0ddd14e5e4480e699e010474b34f0fbdd8e4c7c10e21e5c3e5a017184f4f4dcf,SMD_machine-1-2_pcmci_val0.2_b18955_da5a8638791b04f0,1.0,False,15,53,49f630ac8d324ba01390c1a1dcaa4386cd94ae84,49f630ac8d324ba01390c1a1dcaa4386cd94ae84,cuda,2.6.0+cu124,SMD/machine-1-2/seed1/smd_cf_val/eval/last/attempt1,,True,val,A_on,fusion,raw,P_raw + C_raw + 1*CF_raw,0.3129501980959213,0.8759797300690891,0.322984323442861,0.9234364764518698,0.39868797400981,0.9085545722713864,0.7281323877068552,0.2964328036945927,0.880137760338893
eval/SMD/machine-1-2/seed1/smd_cf_val/eval/last,val_ckpt_eval,val_pred_mae_v2,SMD,machine-1-2,1,scripts/configs/smd_cf_val.yaml,last,80,1680b8f708c58a59de0a94fc8cef63138ffa70bd6cf94b0e73efc45c3ab4797c,0.20621866166982952,val0.2_b18955,train_sub_val,0ddd14e5e4480e699e010474b34f0fbdd8e4c7c10e21e5c3e5a017184f4f4dcf,SMD_machine-1-2_pcmci_val0.2_b18955_da5a8638791b04f0,1.0,False,15,53,49f630ac8d324ba01390c1a1dcaa4386cd94ae84,49f630ac8d324ba01390c1a1dcaa4386cd94ae84,cuda,2.6.0+cu124,SMD/machine-1-2/seed1/smd_cf_val/eval/last/attempt1,,True,val,P_raw,diagnostic,raw,P_raw,0.1542160486675988,0.8367059417040179,0.1653524956060065,0.8910470526625608,0.2700876353932188,0.9127857747671464,0.6407766990291256,0.2305007660103082,0.8592522527719344
eval/SMD/machine-1-2/seed1/smd_cf_val/eval/last,val_ckpt_eval,val_pred_mae_v2,SMD,machine-1-2,1,scripts/configs/smd_cf_val.yaml,last,80,1680b8f708c58a59de0a94fc8cef63138ffa70bd6cf94b0e73efc45c3ab4797c,0.20621866166982952,val0.2_b18955,train_sub_val,0ddd14e5e4480e699e010474b34f0fbdd8e4c7c10e21e5c3e5a017184f4f4dcf,SMD_machine-1-2_pcmci_val0.2_b18955_da5a8638791b04f0,1.0,False,15,53,49f630ac8d324ba01390c1a1dcaa4386cd94ae84,49f630ac8d324ba01390c1a1dcaa4386cd94ae84,cuda,2.6.0+cu124,SMD/machine-1-2/seed1/smd_cf_val/eval/last/attempt1,,True,val,C_raw,diagnostic,raw,C_raw,0.0658005707407877,0.773908467058572,0.0904366229431317,0.8362449072202176,0.1314034939490681,0.7549563838223632,0.1816216216216214,0.1182485207033169,0.7787615888491846
eval/SMD/machine-1-2/seed1/smd_cf_val/eval/last,val_ckpt_eval,val_pred_mae_v2,SMD,machine-1-2,1,scripts/configs/smd_cf_val.yaml,last,80,1680b8f708c58a59de0a94fc8cef63138ffa70bd6cf94b0e73efc45c3ab4797c,0.20621866166982952,val0.2_b18955,train_sub_val,0ddd14e5e4480e699e010474b34f0fbdd8e4c7c10e21e5c3e5a017184f4f4dcf,SMD_machine-1-2_pcmci_val0.2_b18955_da5a8638791b04f0,1.0,False,15,53,49f630ac8d324ba01390c1a1dcaa4386cd94ae84,49f630ac8d324ba01390c1a1dcaa4386cd94ae84,cuda,2.6.0+cu124,SMD/machine-1-2/seed1/smd_cf_val/eval/last/attempt1,,True,val,G_raw,diagnostic,raw,G_raw,0.2766775177423328,0.8422416746960538,0.3000296340609971,0.912527981226364,0.3830228185284485,0.7763440860215054,0.6614173228346452,0.2636201570060562,0.8838649292502458
eval/SMD/machine-1-2/seed1/smd_cf_val/eval/last,val_ckpt_eval,val_pred_mae_v2,SMD,machine-1-2,1,scripts/configs/smd_cf_val.yaml,last,80,1680b8f708c58a59de0a94fc8cef63138ffa70bd6cf94b0e73efc45c3ab4797c,0.20621866166982952,val0.2_b18955,train_sub_val,0ddd14e5e4480e699e010474b34f0fbdd8e4c7c10e21e5c3e5a017184f4f4dcf,SMD_machine-1-2_pcmci_val0.2_b18955_da5a8638791b04f0,1.0,False,15,53,49f630ac8d324ba01390c1a1dcaa4386cd94ae84,49f630ac8d324ba01390c1a1dcaa4386cd94ae84,cuda,2.6.0+cu124,SMD/machine-1-2/seed1/smd_cf_val/eval/last/attempt1,,True,val,CF_raw,diagnostic,raw,CF_raw,0.2703710374185134,0.8560775591768361,0.2933066300101071,0.9140656752463874,0.3545897423951044,0.887991927346115,0.6607929515418497,0.2322547757622315,0.8355040279499958
eval/SMD/machine-1-2/seed1/smd_cf_val/eval/best_val,val_ckpt_eval,val_pred_mae_v2,SMD,machine-1-2,1,scripts/configs/smd_cf_val.yaml,best_val,68,31c3806fab9e3feeca7f0fc649212b4b5b0a3cfd6b6805a1007fc62f79730915,0.20613358055005232,val0.2_b18955,train_sub_val,0ddd14e5e4480e699e010474b34f0fbdd8e4c7c10e21e5c3e5a017184f4f4dcf,SMD_machine-1-2_pcmci_val0.2_b18955_da5a8638791b04f0,1.0,False,15,53,49f630ac8d324ba01390c1a1dcaa4386cd94ae84,49f630ac8d324ba01390c1a1dcaa4386cd94ae84,cuda,2.6.0+cu124,SMD/machine-1-2/seed1/smd_cf_val/eval/best_val/attempt1,,True,val,A_off,fusion,raw,P_raw + C_raw,0.162391952441149,0.8432039654622878,0.1736315038869446,0.8943780870878226,0.2905307928524695,0.9120135363790186,0.6407766990291256,0.2317146387769877,0.8590354748380488
eval/SMD/machine-1-2/seed1/smd_cf_val/eval/best_val,val_ckpt_eval,val_pred_mae_v2,SMD,machine-1-2,1,scripts/configs/smd_cf_val.yaml,best_val,68,31c3806fab9e3feeca7f0fc649212b4b5b0a3cfd6b6805a1007fc62f79730915,0.20613358055005232,val0.2_b18955,train_sub_val,0ddd14e5e4480e699e010474b34f0fbdd8e4c7c10e21e5c3e5a017184f4f4dcf,SMD_machine-1-2_pcmci_val0.2_b18955_da5a8638791b04f0,1.0,False,15,53,49f630ac8d324ba01390c1a1dcaa4386cd94ae84,49f630ac8d324ba01390c1a1dcaa4386cd94ae84,cuda,2.6.0+cu124,SMD/machine-1-2/seed1/smd_cf_val/eval/best_val/attempt1,,True,val,A_on,fusion,raw,P_raw + C_raw + 1*CF_raw,0.3196257213059392,0.8822845861436188,0.3362084678166862,0.9292634277482572,0.411693778304618,0.902415458937198,0.7322033898305079,0.299017018254959,0.8868876020550239
eval/SMD/machine-1-2/seed1/smd_cf_val/eval/best_val,val_ckpt_eval,val_pred_mae_v2,SMD,machine-1-2,1,scripts/configs/smd_cf_val.yaml,best_val,68,31c3806fab9e3feeca7f0fc649212b4b5b0a3cfd6b6805a1007fc62f79730915,0.20613358055005232,val0.2_b18955,train_sub_val,0ddd14e5e4480e699e010474b34f0fbdd8e4c7c10e21e5c3e5a017184f4f4dcf,SMD_machine-1-2_pcmci_val0.2_b18955_da5a8638791b04f0,1.0,False,15,53,49f630ac8d324ba01390c1a1dcaa4386cd94ae84,49f630ac8d324ba01390c1a1dcaa4386cd94ae84,cuda,2.6.0+cu124,SMD/machine-1-2/seed1/smd_cf_val/eval/best_val/attempt1,,True,val,P_raw,diagnostic,raw,P_raw,0.1615456299974176,0.8409496914180135,0.1730762006280877,0.8932113025252467,0.2898927241518498,0.9127857747671464,0.6407766990291256,0.232941364324503,0.8591649771933593
eval/SMD/machine-1-2/seed1/smd_cf_val/eval/best_val,val_ckpt_eval,val_pred_mae_v2,SMD,machine-1-2,1,scripts/configs/smd_cf_val.yaml,best_val,68,31c3806fab9e3feeca7f0fc649212b4b5b0a3cfd6b6805a1007fc62f79730915,0.20613358055005232,val0.2_b18955,train_sub_val,0ddd14e5e4480e699e010474b34f0fbdd8e4c7c10e21e5c3e5a017184f4f4dcf,SMD_machine-1-2_pcmci_val0.2_b18955_da5a8638791b04f0,1.0,False,15,53,49f630ac8d324ba01390c1a1dcaa4386cd94ae84,49f630ac8d324ba01390c1a1dcaa4386cd94ae84,cuda,2.6.0+cu124,SMD/machine-1-2/seed1/smd_cf_val/eval/best_val/attempt1,,True,val,C_raw,diagnostic,raw,C_raw,0.0670160093913918,0.7806630379098156,0.0913468316745806,0.8389139920119818,0.1372124067650212,0.7240677966101695,0.1811085089773612,0.1329172128087411,0.753154937326331
eval/SMD/machine-1-2/seed1/smd_cf_val/eval/best_val,val_ckpt_eval,val_pred_mae_v2,SMD,machine-1-2,1,scripts/configs/smd_cf_val.yaml,best_val,68,31c3806fab9e3feeca7f0fc649212b4b5b0a3cfd6b6805a1007fc62f79730915,0.20613358055005232,val0.2_b18955,train_sub_val,0ddd14e5e4480e699e010474b34f0fbdd8e4c7c10e21e5c3e5a017184f4f4dcf,SMD_machine-1-2_pcmci_val0.2_b18955_da5a8638791b04f0,1.0,False,15,53,49f630ac8d324ba01390c1a1dcaa4386cd94ae84,49f630ac8d324ba01390c1a1dcaa4386cd94ae84,cuda,2.6.0+cu124,SMD/machine-1-2/seed1/smd_cf_val/eval/best_val/attempt1,,True,val,G_raw,diagnostic,raw,G_raw,0.260373561735902,0.852282288540381,0.2897205140927031,0.915014917962658,0.3786676313164123,0.7858627858627859,0.6399999999999995,0.2428412867607643,0.8913773924351776
eval/SMD/machine-1-2/seed1/smd_cf_val/eval/best_val,val_ckpt_eval,val_pred_mae_v2,SMD,machine-1-2,1,scripts/configs/smd_cf_val.yaml,best_val,68,31c3806fab9e3feeca7f0fc649212b4b5b0a3cfd6b6805a1007fc62f79730915,0.20613358055005232,val0.2_b18955,train_sub_val,0ddd14e5e4480e699e010474b34f0fbdd8e4c7c10e21e5c3e5a017184f4f4dcf,SMD_machine-1-2_pcmci_val0.2_b18955_da5a8638791b04f0,1.0,False,15,53,49f630ac8d324ba01390c1a1dcaa4386cd94ae84,49f630ac8d324ba01390c1a1dcaa4386cd94ae84,cuda,2.6.0+cu124,SMD/machine-1-2/seed1/smd_cf_val/eval/best_val/attempt1,,True,val,CF_raw,diagnostic,raw,CF_raw,0.2802025215180446,0.8650072794639712,0.3051163161746891,0.9226241982872888,0.365271458647539,0.8695652173913043,0.6201804757998354,0.2627751974457153,0.8590966381801359
eval/SMD/machine-1-2/seed2/smd_cf_val/eval/last,val_ckpt_eval,val_pred_mae_v2,SMD,machine-1-2,2,scripts/configs/smd_cf_val.yaml,last,80,db10f4a8c8c6e19c0f9b2929b4c68b023918739d2e81ea1b05db40cdaa534172,0.20920288452678173,val0.2_b18955,train_sub_val,0ddd14e5e4480e699e010474b34f0fbdd8e4c7c10e21e5c3e5a017184f4f4dcf,SMD_machine-1-2_pcmci_val0.2_b18955_da5a8638791b04f0,1.0,False,15,53,49f630ac8d324ba01390c1a1dcaa4386cd94ae84,49f630ac8d324ba01390c1a1dcaa4386cd94ae84,cuda,2.6.0+cu124,SMD/machine-1-2/seed2/smd_cf_val/eval/last/attempt1,,True,val,A_off,fusion,raw,P_raw + C_raw,0.1759408849882015,0.8356463097319043,0.1913386616559016,0.8898848196462887,0.31912464798078,0.9120135363790186,0.6407766990291256,0.2281854714166898,0.851987576154382
eval/SMD/machine-1-2/seed2/smd_cf_val/eval/last,val_ckpt_eval,val_pred_mae_v2,SMD,machine-1-2,2,scripts/configs/smd_cf_val.yaml,last,80,db10f4a8c8c6e19c0f9b2929b4c68b023918739d2e81ea1b05db40cdaa534172,0.20920288452678173,val0.2_b18955,train_sub_val,0ddd14e5e4480e699e010474b34f0fbdd8e4c7c10e21e5c3e5a017184f4f4dcf,SMD_machine-1-2_pcmci_val0.2_b18955_da5a8638791b04f0,1.0,False,15,53,49f630ac8d324ba01390c1a1dcaa4386cd94ae84,49f630ac8d324ba01390c1a1dcaa4386cd94ae84,cuda,2.6.0+cu124,SMD/machine-1-2/seed2/smd_cf_val/eval/last/attempt1,,True,val,A_on,fusion,raw,P_raw + C_raw + 1*CF_raw,0.3466475699733037,0.8715872181190809,0.3550404074164107,0.9204964003440196,0.4231140317526362,0.9076620825147348,0.7430340557275538,0.3165892072807281,0.8816254486866231
eval/SMD/machine-1-2/seed2/smd_cf_val/eval/last,val_ckpt_eval,val_pred_mae_v2,SMD,machine-1-2,2,scripts/configs/smd_cf_val.yaml,last,80,db10f4a8c8c6e19c0f9b2929b4c68b023918739d2e81ea1b05db40cdaa534172,0.20920288452678173,val0.2_b18955,train_sub_val,0ddd14e5e4480e699e010474b34f0fbdd8e4c7c10e21e5c3e5a017184f4f4dcf,SMD_machine-1-2_pcmci_val0.2_b18955_da5a8638791b04f0,1.0,False,15,53,49f630ac8d324ba01390c1a1dcaa4386cd94ae84,49f630ac8d324ba01390c1a1dcaa4386cd94ae84,cuda,2.6.0+cu124,SMD/machine-1-2/seed2/smd_cf_val/eval/last/attempt1,,True,val,P_raw,diagnostic,raw,P_raw,0.1750496498733874,0.8340445247126281,0.1906063108312766,0.8888397755846816,0.3188355814294382,0.9028475711892796,0.6407766990291256,0.2292754155580099,0.8528533694703928
eval/SMD/machine-1-2/seed2/smd_cf_val/eval/last,val_ckpt_eval,val_pred_mae_v2,SMD,machine-1-2,2,scripts/configs/smd_cf_val.yaml,last,80,db10f4a8c8c6e19c0f9b2929b4c68b023918739d2e81ea1b05db40cdaa534172,0.20920288452678173,val0.2_b18955,train_sub_val,0ddd14e5e4480e699e010474b34f0fbdd8e4c7c10e21e5c3e5a017184f4f4dcf,SMD_machine-1-2_pcmci_val0.2_b18955_da5a8638791b04f0,1.0,False,15,53,49f630ac8d324ba01390c1a1dcaa4386cd94ae84,49f630ac8d324ba01390c1a1dcaa4386cd94ae84,cuda,2.6.0+cu124,SMD/machine-1-2/seed2/smd_cf_val/eval/last/attempt1,,True,val,C_raw,diagnostic,raw,C_raw,0.1007336473257477,0.7788769742685976,0.1239549099652206,0.8388784556050075,0.1650652098737263,0.806282722513089,0.461538461538461,0.1656870487993304,0.8235228514447046
eval/SMD/machine-1-2/seed2/smd_cf_val/eval/last,val_ckpt_eval,val_pred_mae_v2,SMD,machine-1-2,2,scripts/configs/smd_cf_val.yaml,last,80,db10f4a8c8c6e19c0f9b2929b4c68b023918739d2e81ea1b05db40cdaa534172,0.20920288452678173,val0.2_b18955,train_sub_val,0ddd14e5e4480e699e010474b34f0fbdd8e4c7c10e21e5c3e5a017184f4f4dcf,SMD_machine-1-2_pcmci_val0.2_b18955_da5a8638791b04f0,1.0,False,15,53,49f630ac8d324ba01390c1a1dcaa4386cd94ae84,49f630ac8d324ba01390c1a1dcaa4386cd94ae84,cuda,2.6.0+cu124,SMD/machine-1-2/seed2/smd_cf_val/eval/last/attempt1,,True,val,G_raw,diagnostic,raw,G_raw,0.250756915506233,0.8534300537664667,0.2775804195592734,0.9077213548847736,0.358824086897635,0.7623762376237624,0.5666520017597884,0.223382510095507,0.8596830488641168
eval/SMD/machine-1-2/seed2/smd_cf_val/eval/last,val_ckpt_eval,val_pred_mae_v2,SMD,machine-1-2,2,scripts/configs/smd_cf_val.yaml,last,80,db10f4a8c8c6e19c0f9b2929b4c68b023918739d2e81ea1b05db40cdaa534172,0.20920288452678173,val0.2_b18955,train_sub_val,0ddd14e5e4480e699e010474b34f0fbdd8e4c7c10e21e5c3e5a017184f4f4dcf,SMD_machine-1-2_pcmci_val0.2_b18955_da5a8638791b04f0,1.0,False,15,53,49f630ac8d324ba01390c1a1dcaa4386cd94ae84,49f630ac8d324ba01390c1a1dcaa4386cd94ae84,cuda,2.6.0+cu124,SMD/machine-1-2/seed2/smd_cf_val/eval/last/attempt1,,True,val,CF_raw,diagnostic,raw,CF_raw,0.3126879992752967,0.8506237410816401,0.3389124051668961,0.9087726229865402,0.4052712287084599,0.8873379860418744,0.6959223300970868,0.3438200295283842,0.8364164316186559
eval/SMD/machine-1-2/seed2/smd_cf_val/eval/best_val,val_ckpt_eval,val_pred_mae_v2,SMD,machine-1-2,2,scripts/configs/smd_cf_val.yaml,best_val,70,03f701fbe5c5aae76abaf108e770560af165ca612840eaf8df2cc23e3759df7d,0.2072252232173904,val0.2_b18955,train_sub_val,0ddd14e5e4480e699e010474b34f0fbdd8e4c7c10e21e5c3e5a017184f4f4dcf,SMD_machine-1-2_pcmci_val0.2_b18955_da5a8638791b04f0,1.0,False,15,53,49f630ac8d324ba01390c1a1dcaa4386cd94ae84,49f630ac8d324ba01390c1a1dcaa4386cd94ae84,cuda,2.6.0+cu124,SMD/machine-1-2/seed2/smd_cf_val/eval/best_val/attempt1,,True,val,A_off,fusion,raw,P_raw + C_raw,0.1815972633025021,0.8407023522769471,0.1981550670162457,0.8929591642341989,0.3304630101401469,0.9028475711892796,0.6407766990291256,0.2314868423065955,0.8594483400216444
eval/SMD/machine-1-2/seed2/smd_cf_val/eval/best_val,val_ckpt_eval,val_pred_mae_v2,SMD,machine-1-2,2,scripts/configs/smd_cf_val.yaml,best_val,70,03f701fbe5c5aae76abaf108e770560af165ca612840eaf8df2cc23e3759df7d,0.2072252232173904,val0.2_b18955,train_sub_val,0ddd14e5e4480e699e010474b34f0fbdd8e4c7c10e21e5c3e5a017184f4f4dcf,SMD_machine-1-2_pcmci_val0.2_b18955_da5a8638791b04f0,1.0,False,15,53,49f630ac8d324ba01390c1a1dcaa4386cd94ae84,49f630ac8d324ba01390c1a1dcaa4386cd94ae84,cuda,2.6.0+cu124,SMD/machine-1-2/seed2/smd_cf_val/eval/best_val/attempt1,,True,val,A_on,fusion,raw,P_raw + C_raw + 1*CF_raw,0.3382296381466131,0.872413741421258,0.3521112048085861,0.9206881086356924,0.4261121306230858,0.9032258064516128,0.7282117495158161,0.3236859702659727,0.8848859081251024
eval/SMD/machine-1-2/seed2/smd_cf_val/eval/best_val,val_ckpt_eval,val_pred_mae_v2,SMD,machine-1-2,2,scripts/configs/smd_cf_val.yaml,best_val,70,03f701fbe5c5aae76abaf108e770560af165ca612840eaf8df2cc23e3759df7d,0.2072252232173904,val0.2_b18955,train_sub_val,0ddd14e5e4480e699e010474b34f0fbdd8e4c7c10e21e5c3e5a017184f4f4dcf,SMD_machine-1-2_pcmci_val0.2_b18955_da5a8638791b04f0,1.0,False,15,53,49f630ac8d324ba01390c1a1dcaa4386cd94ae84,49f630ac8d324ba01390c1a1dcaa4386cd94ae84,cuda,2.6.0+cu124,SMD/machine-1-2/seed2/smd_cf_val/eval/best_val/attempt1,,True,val,P_raw,diagnostic,raw,P_raw,0.1807265167896466,0.8390131116451811,0.1966783347813522,0.8917217082661901,0.3298329465378692,0.9028475711892796,0.6407766990291256,0.2326086305855017,0.8592953702711064
eval/SMD/machine-1-2/seed2/smd_cf_val/eval/best_val,val_ckpt_eval,val_pred_mae_v2,SMD,machine-1-2,2,scripts/configs/smd_cf_val.yaml,best_val,70,03f701fbe5c5aae76abaf108e770560af165ca612840eaf8df2cc23e3759df7d,0.2072252232173904,val0.2_b18955,train_sub_val,0ddd14e5e4480e699e010474b34f0fbdd8e4c7c10e21e5c3e5a017184f4f4dcf,SMD_machine-1-2_pcmci_val0.2_b18955_da5a8638791b04f0,1.0,False,15,53,49f630ac8d324ba01390c1a1dcaa4386cd94ae84,49f630ac8d324ba01390c1a1dcaa4386cd94ae84,cuda,2.6.0+cu124,SMD/machine-1-2/seed2/smd_cf_val/eval/best_val/attempt1,,True,val,C_raw,diagnostic,raw,C_raw,0.1102603119403317,0.7852078996095668,0.1493308464145393,0.8558305997500567,0.1737939618463207,0.8944723618090452,0.4356602186711517,0.195245789935237,0.823673901818097
eval/SMD/machine-1-2/seed2/smd_cf_val/eval/best_val,val_ckpt_eval,val_pred_mae_v2,SMD,machine-1-2,2,scripts/configs/smd_cf_val.yaml,best_val,70,03f701fbe5c5aae76abaf108e770560af165ca612840eaf8df2cc23e3759df7d,0.2072252232173904,val0.2_b18955,train_sub_val,0ddd14e5e4480e699e010474b34f0fbdd8e4c7c10e21e5c3e5a017184f4f4dcf,SMD_machine-1-2_pcmci_val0.2_b18955_da5a8638791b04f0,1.0,False,15,53,49f630ac8d324ba01390c1a1dcaa4386cd94ae84,49f630ac8d324ba01390c1a1dcaa4386cd94ae84,cuda,2.6.0+cu124,SMD/machine-1-2/seed2/smd_cf_val/eval/best_val/attempt1,,True,val,G_raw,diagnostic,raw,G_raw,0.2551607448332557,0.8597838594727822,0.2758816353488138,0.9121781440049552,0.3701442846933255,0.6802841918294849,0.5477528089887634,0.2455224269092825,0.8636315269343029
eval/SMD/machine-1-2/seed2/smd_cf_val/eval/best_val,val_ckpt_eval,val_pred_mae_v2,SMD,machine-1-2,2,scripts/configs/smd_cf_val.yaml,best_val,70,03f701fbe5c5aae76abaf108e770560af165ca612840eaf8df2cc23e3759df7d,0.2072252232173904,val0.2_b18955,train_sub_val,0ddd14e5e4480e699e010474b34f0fbdd8e4c7c10e21e5c3e5a017184f4f4dcf,SMD_machine-1-2_pcmci_val0.2_b18955_da5a8638791b04f0,1.0,False,15,53,49f630ac8d324ba01390c1a1dcaa4386cd94ae84,49f630ac8d324ba01390c1a1dcaa4386cd94ae84,cuda,2.6.0+cu124,SMD/machine-1-2/seed2/smd_cf_val/eval/best_val/attempt1,,True,val,CF_raw,diagnostic,raw,CF_raw,0.2951829774502614,0.8515621549509363,0.3188171037183855,0.9092714398721936,0.4060986571754744,0.87857847976308,0.6726308813783958,0.3264934195166169,0.8430347305313853
eval/SMD/machine-1-2/seed3/smd_cf_val/eval/last,val_ckpt_eval,val_pred_mae_v2,SMD,machine-1-2,3,scripts/configs/smd_cf_val.yaml,last,80,f2f6f28a79041851ee3f3e02f341ecce97697c87ec2b24753e37663b9541e3ff,0.2080328051977857,val0.2_b18955,train_sub_val,0ddd14e5e4480e699e010474b34f0fbdd8e4c7c10e21e5c3e5a017184f4f4dcf,SMD_machine-1-2_pcmci_val0.2_b18955_da5a8638791b04f0,1.0,False,15,53,49f630ac8d324ba01390c1a1dcaa4386cd94ae84,49f630ac8d324ba01390c1a1dcaa4386cd94ae84,cuda,2.6.0+cu124,SMD/machine-1-2/seed3/smd_cf_val/eval/last/attempt1,,True,val,A_off,fusion,raw,P_raw + C_raw,0.1750738520912567,0.8442338210704409,0.1881370014053665,0.8954553818925827,0.3107589063901677,0.9112426035502958,0.6407766990291256,0.2314868423065955,0.8589224023340598
eval/SMD/machine-1-2/seed3/smd_cf_val/eval/last,val_ckpt_eval,val_pred_mae_v2,SMD,machine-1-2,3,scripts/configs/smd_cf_val.yaml,last,80,f2f6f28a79041851ee3f3e02f341ecce97697c87ec2b24753e37663b9541e3ff,0.2080328051977857,val0.2_b18955,train_sub_val,0ddd14e5e4480e699e010474b34f0fbdd8e4c7c10e21e5c3e5a017184f4f4dcf,SMD_machine-1-2_pcmci_val0.2_b18955_da5a8638791b04f0,1.0,False,15,53,49f630ac8d324ba01390c1a1dcaa4386cd94ae84,49f630ac8d324ba01390c1a1dcaa4386cd94ae84,cuda,2.6.0+cu124,SMD/machine-1-2/seed3/smd_cf_val/eval/last/attempt1,,True,val,A_on,fusion,raw,P_raw + C_raw + 1*CF_raw,0.3114844211282028,0.8725590755885956,0.3239753162827395,0.9218660907056752,0.4057921761160894,0.8946360153256705,0.7042889390519183,0.3059067223869444,0.8285631559384821
eval/SMD/machine-1-2/seed3/smd_cf_val/eval/last,val_ckpt_eval,val_pred_mae_v2,SMD,machine-1-2,3,scripts/configs/smd_cf_val.yaml,last,80,f2f6f28a79041851ee3f3e02f341ecce97697c87ec2b24753e37663b9541e3ff,0.2080328051977857,val0.2_b18955,train_sub_val,0ddd14e5e4480e699e010474b34f0fbdd8e4c7c10e21e5c3e5a017184f4f4dcf,SMD_machine-1-2_pcmci_val0.2_b18955_da5a8638791b04f0,1.0,False,15,53,49f630ac8d324ba01390c1a1dcaa4386cd94ae84,49f630ac8d324ba01390c1a1dcaa4386cd94ae84,cuda,2.6.0+cu124,SMD/machine-1-2/seed3/smd_cf_val/eval/last/attempt1,,True,val,P_raw,diagnostic,raw,P_raw,0.1741044063815025,0.843197786966419,0.1870497348211261,0.8945108631436233,0.3096836007912983,0.90512174643157,0.6407766990291256,0.2314868423065955,0.8589224023340598
eval/SMD/machine-1-2/seed3/smd_cf_val/eval/last,val_ckpt_eval,val_pred_mae_v2,SMD,machine-1-2,3,scripts/configs/smd_cf_val.yaml,last,80,f2f6f28a79041851ee3f3e02f341ecce97697c87ec2b24753e37663b9541e3ff,0.2080328051977857,val0.2_b18955,train_sub_val,0ddd14e5e4480e699e010474b34f0fbdd8e4c7c10e21e5c3e5a017184f4f4dcf,SMD_machine-1-2_pcmci_val0.2_b18955_da5a8638791b04f0,1.0,False,15,53,49f630ac8d324ba01390c1a1dcaa4386cd94ae84,49f630ac8d324ba01390c1a1dcaa4386cd94ae84,cuda,2.6.0+cu124,SMD/machine-1-2/seed3/smd_cf_val/eval/last/attempt1,,True,val,C_raw,diagnostic,raw,C_raw,0.0759410762067039,0.7592915409774588,0.1028109788402966,0.8363696448382648,0.145074513179314,0.7979882648784576,0.3428571428571423,0.1521521324892326,0.7640877174264201
eval/SMD/machine-1-2/seed3/smd_cf_val/eval/last,val_ckpt_eval,val_pred_mae_v2,SMD,machine-1-2,3,scripts/configs/smd_cf_val.yaml,last,80,f2f6f28a79041851ee3f3e02f341ecce97697c87ec2b24753e37663b9541e3ff,0.2080328051977857,val0.2_b18955,train_sub_val,0ddd14e5e4480e699e010474b34f0fbdd8e4c7c10e21e5c3e5a017184f4f4dcf,SMD_machine-1-2_pcmci_val0.2_b18955_da5a8638791b04f0,1.0,False,15,53,49f630ac8d324ba01390c1a1dcaa4386cd94ae84,49f630ac8d324ba01390c1a1dcaa4386cd94ae84,cuda,2.6.0+cu124,SMD/machine-1-2/seed3/smd_cf_val/eval/last/attempt1,,True,val,G_raw,diagnostic,raw,G_raw,0.3010680675802759,0.8715339236095554,0.3214234988207333,0.918730505719676,0.3699956301766097,0.90512174643157,0.7006838506049442,0.3156148752222312,0.9071185787955018
eval/SMD/machine-1-2/seed3/smd_cf_val/eval/last,val_ckpt_eval,val_pred_mae_v2,SMD,machine-1-2,3,scripts/configs/smd_cf_val.yaml,last,80,f2f6f28a79041851ee3f3e02f341ecce97697c87ec2b24753e37663b9541e3ff,0.2080328051977857,val0.2_b18955,train_sub_val,0ddd14e5e4480e699e010474b34f0fbdd8e4c7c10e21e5c3e5a017184f4f4dcf,SMD_machine-1-2_pcmci_val0.2_b18955_da5a8638791b04f0,1.0,False,15,53,49f630ac8d324ba01390c1a1dcaa4386cd94ae84,49f630ac8d324ba01390c1a1dcaa4386cd94ae84,cuda,2.6.0+cu124,SMD/machine-1-2/seed3/smd_cf_val/eval/last/attempt1,,True,val,CF_raw,diagnostic,raw,CF_raw,0.2668575126858113,0.8536184380985667,0.2915176963496462,0.9120193505331629,0.385295882718748,0.8742632612966601,0.6442786069651735,0.2942873365505399,0.7956687293537948
eval/SMD/machine-1-2/seed3/smd_cf_val/eval/best_val,val_ckpt_eval,val_pred_mae_v2,SMD,machine-1-2,3,scripts/configs/smd_cf_val.yaml,best_val,77,108d4072cb398dcaf49e40c678afbc702a2c4846e253e150eaa493d01f9b254a,0.20690885641238735,val0.2_b18955,train_sub_val,0ddd14e5e4480e699e010474b34f0fbdd8e4c7c10e21e5c3e5a017184f4f4dcf,SMD_machine-1-2_pcmci_val0.2_b18955_da5a8638791b04f0,1.0,False,15,53,49f630ac8d324ba01390c1a1dcaa4386cd94ae84,49f630ac8d324ba01390c1a1dcaa4386cd94ae84,cuda,2.6.0+cu124,SMD/machine-1-2/seed3/smd_cf_val/eval/best_val/attempt1,,True,val,A_off,fusion,raw,P_raw + C_raw,0.1770528733276201,0.8406683904803011,0.1920043094206464,0.8931925606809984,0.31597029627985,0.910472972972973,0.6407766990291256,0.2292754155580099,0.8533348315607994
eval/SMD/machine-1-2/seed3/smd_cf_val/eval/best_val,val_ckpt_eval,val_pred_mae_v2,SMD,machine-1-2,3,scripts/configs/smd_cf_val.yaml,best_val,77,108d4072cb398dcaf49e40c678afbc702a2c4846e253e150eaa493d01f9b254a,0.20690885641238735,val0.2_b18955,train_sub_val,0ddd14e5e4480e699e010474b34f0fbdd8e4c7c10e21e5c3e5a017184f4f4dcf,SMD_machine-1-2_pcmci_val0.2_b18955_da5a8638791b04f0,1.0,False,15,53,49f630ac8d324ba01390c1a1dcaa4386cd94ae84,49f630ac8d324ba01390c1a1dcaa4386cd94ae84,cuda,2.6.0+cu124,SMD/machine-1-2/seed3/smd_cf_val/eval/best_val/attempt1,,True,val,A_on,fusion,raw,P_raw + C_raw + 1*CF_raw,0.3173696521545884,0.8800922166418225,0.3270340508731736,0.925795210780004,0.4140826364603175,0.8934010152284264,0.6952491309385858,0.312051763758764,0.8317481313620263
eval/SMD/machine-1-2/seed3/smd_cf_val/eval/best_val,val_ckpt_eval,val_pred_mae_v2,SMD,machine-1-2,3,scripts/configs/smd_cf_val.yaml,best_val,77,108d4072cb398dcaf49e40c678afbc702a2c4846e253e150eaa493d01f9b254a,0.20690885641238735,val0.2_b18955,train_sub_val,0ddd14e5e4480e699e010474b34f0fbdd8e4c7c10e21e5c3e5a017184f4f4dcf,SMD_machine-1-2_pcmci_val0.2_b18955_da5a8638791b04f0,1.0,False,15,53,49f630ac8d324ba01390c1a1dcaa4386cd94ae84,49f630ac8d324ba01390c1a1dcaa4386cd94ae84,cuda,2.6.0+cu124,SMD/machine-1-2/seed3/smd_cf_val/eval/best_val/attempt1,,True,val,P_raw,diagnostic,raw,P_raw,0.176115999912185,0.8398710057618659,0.1909150620660493,0.8923875888808651,0.3156916588292582,0.9112426035502958,0.6407766990291256,0.2292754155580099,0.8533348315607994
eval/SMD/machine-1-2/seed3/smd_cf_val/eval/best_val,val_ckpt_eval,val_pred_mae_v2,SMD,machine-1-2,3,scripts/configs/smd_cf_val.yaml,best_val,77,108d4072cb398dcaf49e40c678afbc702a2c4846e253e150eaa493d01f9b254a,0.20690885641238735,val0.2_b18955,train_sub_val,0ddd14e5e4480e699e010474b34f0fbdd8e4c7c10e21e5c3e5a017184f4f4dcf,SMD_machine-1-2_pcmci_val0.2_b18955_da5a8638791b04f0,1.0,False,15,53,49f630ac8d324ba01390c1a1dcaa4386cd94ae84,49f630ac8d324ba01390c1a1dcaa4386cd94ae84,cuda,2.6.0+cu124,SMD/machine-1-2/seed3/smd_cf_val/eval/best_val/attempt1,,True,val,C_raw,diagnostic,raw,C_raw,0.0818344721991679,0.7396998096066603,0.1022022956821207,0.8251336936403334,0.1389679741279697,0.8409448818897638,0.3902439024390239,0.1618863583782011,0.745851811308988
eval/SMD/machine-1-2/seed3/smd_cf_val/eval/best_val,val_ckpt_eval,val_pred_mae_v2,SMD,machine-1-2,3,scripts/configs/smd_cf_val.yaml,best_val,77,108d4072cb398dcaf49e40c678afbc702a2c4846e253e150eaa493d01f9b254a,0.20690885641238735,val0.2_b18955,train_sub_val,0ddd14e5e4480e699e010474b34f0fbdd8e4c7c10e21e5c3e5a017184f4f4dcf,SMD_machine-1-2_pcmci_val0.2_b18955_da5a8638791b04f0,1.0,False,15,53,49f630ac8d324ba01390c1a1dcaa4386cd94ae84,49f630ac8d324ba01390c1a1dcaa4386cd94ae84,cuda,2.6.0+cu124,SMD/machine-1-2/seed3/smd_cf_val/eval/best_val/attempt1,,True,val,G_raw,diagnostic,raw,G_raw,0.3109583465765661,0.872849983090852,0.3246638343918424,0.9194946257126592,0.3665474112730042,0.891645988420182,0.6680317379063215,0.3106525616807512,0.9119955391465182
eval/SMD/machine-1-2/seed3/smd_cf_val/eval/best_val,val_ckpt_eval,val_pred_mae_v2,SMD,machine-1-2,3,scripts/configs/smd_cf_val.yaml,best_val,77,108d4072cb398dcaf49e40c678afbc702a2c4846e253e150eaa493d01f9b254a,0.20690885641238735,val0.2_b18955,train_sub_val,0ddd14e5e4480e699e010474b34f0fbdd8e4c7c10e21e5c3e5a017184f4f4dcf,SMD_machine-1-2_pcmci_val0.2_b18955_da5a8638791b04f0,1.0,False,15,53,49f630ac8d324ba01390c1a1dcaa4386cd94ae84,49f630ac8d324ba01390c1a1dcaa4386cd94ae84,cuda,2.6.0+cu124,SMD/machine-1-2/seed3/smd_cf_val/eval/best_val/attempt1,,True,val,CF_raw,diagnostic,raw,CF_raw,0.2769167635501831,0.867555251298959,0.3054334677040479,0.9215753262334192,0.3947006379972312,0.8777120315581854,0.6561734872332978,0.3186763069818294,0.7853663322572909
eval/SMD/machine-1-3/seed0/smd_cf_val/eval/last,val_ckpt_eval,val_pred_mae_v2,SMD,machine-1-3,0,scripts/configs/smd_cf_val.yaml,last,80,ef42d1ac91703bcc648ce7f38aea936bd794feda76f4a4874f445b8ca437f821,0.790834231304981,val0.2_b18962,train_sub_val,b2390874568be9d7586bb474c11edb383069d4222ce6d01e14716c766817729d,SMD_machine-1-3_pcmci_val0.2_b18962_fdf3df607bf57f65,1.0,False,15,46,49f630ac8d324ba01390c1a1dcaa4386cd94ae84,49f630ac8d324ba01390c1a1dcaa4386cd94ae84,cuda,2.6.0+cu124,SMD/machine-1-3/seed0/smd_cf_val/eval/last/attempt1,,True,val,A_off,fusion,raw,P_raw + C_raw,0.2396918283584564,0.697170472992469,0.2252813548742159,0.7769035096751524,0.3090346293321391,0.5940425531914894,0.4788732394366192,0.1764901942904577,0.6963319413907882
eval/SMD/machine-1-3/seed0/smd_cf_val/eval/last,val_ckpt_eval,val_pred_mae_v2,SMD,machine-1-3,0,scripts/configs/smd_cf_val.yaml,last,80,ef42d1ac91703bcc648ce7f38aea936bd794feda76f4a4874f445b8ca437f821,0.790834231304981,val0.2_b18962,train_sub_val,b2390874568be9d7586bb474c11edb383069d4222ce6d01e14716c766817729d,SMD_machine-1-3_pcmci_val0.2_b18962_fdf3df607bf57f65,1.0,False,15,46,49f630ac8d324ba01390c1a1dcaa4386cd94ae84,49f630ac8d324ba01390c1a1dcaa4386cd94ae84,cuda,2.6.0+cu124,SMD/machine-1-3/seed0/smd_cf_val/eval/last/attempt1,,True,val,A_on,fusion,raw,P_raw + C_raw + 1*CF_raw,0.2305840349814916,0.6944376421209288,0.2345216194911236,0.7611896921751161,0.3042217793890887,0.6933962264150944,0.62200956937799,0.2517553317216086,0.7073129685274756
eval/SMD/machine-1-3/seed0/smd_cf_val/eval/last,val_ckpt_eval,val_pred_mae_v2,SMD,machine-1-3,0,scripts/configs/smd_cf_val.yaml,last,80,ef42d1ac91703bcc648ce7f38aea936bd794feda76f4a4874f445b8ca437f821,0.790834231304981,val0.2_b18962,train_sub_val,b2390874568be9d7586bb474c11edb383069d4222ce6d01e14716c766817729d,SMD_machine-1-3_pcmci_val0.2_b18962_fdf3df607bf57f65,1.0,False,15,46,49f630ac8d324ba01390c1a1dcaa4386cd94ae84,49f630ac8d324ba01390c1a1dcaa4386cd94ae84,cuda,2.6.0+cu124,SMD/machine-1-3/seed0/smd_cf_val/eval/last/attempt1,,True,val,P_raw,diagnostic,raw,P_raw,0.2398105551007017,0.6985327686902479,0.2254203222552944,0.7780203263458182,0.3090346293321391,0.5940425531914894,0.4788732394366192,0.1764901942904577,0.6963319413907882
eval/SMD/machine-1-3/seed0/smd_cf_val/eval/last,val_ckpt_eval,val_pred_mae_v2,SMD,machine-1-3,0,scripts/configs/smd_cf_val.yaml,last,80,ef42d1ac91703bcc648ce7f38aea936bd794feda76f4a4874f445b8ca437f821,0.790834231304981,val0.2_b18962,train_sub_val,b2390874568be9d7586bb474c11edb383069d4222ce6d01e14716c766817729d,SMD_machine-1-3_pcmci_val0.2_b18962_fdf3df607bf57f65,1.0,False,15,46,49f630ac8d324ba01390c1a1dcaa4386cd94ae84,49f630ac8d324ba01390c1a1dcaa4386cd94ae84,cuda,2.6.0+cu124,SMD/machine-1-3/seed0/smd_cf_val/eval/last/attempt1,,True,val,C_raw,diagnostic,raw,C_raw,0.0434888364804098,0.5308071331818732,0.0526808978502931,0.608259275538522,0.0798456551624898,0.5595134665508253,0.2222222222222217,0.4048012488884523,0.722182650180754
eval/SMD/machine-1-3/seed0/smd_cf_val/eval/last,val_ckpt_eval,val_pred_mae_v2,SMD,machine-1-3,0,scripts/configs/smd_cf_val.yaml,last,80,ef42d1ac91703bcc648ce7f38aea936bd794feda76f4a4874f445b8ca437f821,0.790834231304981,val0.2_b18962,train_sub_val,b2390874568be9d7586bb474c11edb383069d4222ce6d01e14716c766817729d,SMD_machine-1-3_pcmci_val0.2_b18962_fdf3df607bf57f65,1.0,False,15,46,49f630ac8d324ba01390c1a1dcaa4386cd94ae84,49f630ac8d324ba01390c1a1dcaa4386cd94ae84,cuda,2.6.0+cu124,SMD/machine-1-3/seed0/smd_cf_val/eval/last/attempt1,,True,val,G_raw,diagnostic,raw,G_raw,0.0934879897034776,0.5441734090815825,0.1016969365873909,0.6317757395769499,0.1856997848275707,0.6149674620390455,0.3236245954692552,0.2897618771233073,0.7846826144622859
eval/SMD/machine-1-3/seed0/smd_cf_val/eval/last,val_ckpt_eval,val_pred_mae_v2,SMD,machine-1-3,0,scripts/configs/smd_cf_val.yaml,last,80,ef42d1ac91703bcc648ce7f38aea936bd794feda76f4a4874f445b8ca437f821,0.790834231304981,val0.2_b18962,train_sub_val,b2390874568be9d7586bb474c11edb383069d4222ce6d01e14716c766817729d,SMD_machine-1-3_pcmci_val0.2_b18962_fdf3df607bf57f65,1.0,False,15,46,49f630ac8d324ba01390c1a1dcaa4386cd94ae84,49f630ac8d324ba01390c1a1dcaa4386cd94ae84,cuda,2.6.0+cu124,SMD/machine-1-3/seed0/smd_cf_val/eval/last/attempt1,,True,val,CF_raw,diagnostic,raw,CF_raw,0.0883994727760886,0.6280957624000503,0.0899314455615249,0.6922790265437393,0.1252746793464341,0.8475920679886686,0.5533596837944659,0.2047817288134508,0.8428838786652815
eval/SMD/machine-1-3/seed0/smd_cf_val/eval/best_val,val_ckpt_eval,val_pred_mae_v2,SMD,machine-1-3,0,scripts/configs/smd_cf_val.yaml,best_val,78,34bf4a1fe919e3391c6e7f2259f1de395b4954ae839ed7397ffc594395b1a06c,0.7852600856105777,val0.2_b18962,train_sub_val,b2390874568be9d7586bb474c11edb383069d4222ce6d01e14716c766817729d,SMD_machine-1-3_pcmci_val0.2_b18962_fdf3df607bf57f65,1.0,False,15,46,49f630ac8d324ba01390c1a1dcaa4386cd94ae84,49f630ac8d324ba01390c1a1dcaa4386cd94ae84,cuda,2.6.0+cu124,SMD/machine-1-3/seed0/smd_cf_val/eval/best_val/attempt1,,True,val,A_off,fusion,raw,P_raw + C_raw,0.2408789984023687,0.6993312488172472,0.2300061858851662,0.7798595991559731,0.3097740400263558,0.5940425531914894,0.4788732394366192,0.1764901942904577,0.6963319413907882
eval/SMD/machine-1-3/seed0/smd_cf_val/eval/best_val,val_ckpt_eval,val_pred_mae_v2,SMD,machine-1-3,0,scripts/configs/smd_cf_val.yaml,best_val,78,34bf4a1fe919e3391c6e7f2259f1de395b4954ae839ed7397ffc594395b1a06c,0.7852600856105777,val0.2_b18962,train_sub_val,b2390874568be9d7586bb474c11edb383069d4222ce6d01e14716c766817729d,SMD_machine-1-3_pcmci_val0.2_b18962_fdf3df607bf57f65,1.0,False,15,46,49f630ac8d324ba01390c1a1dcaa4386cd94ae84,49f630ac8d324ba01390c1a1dcaa4386cd94ae84,cuda,2.6.0+cu124,SMD/machine-1-3/seed0/smd_cf_val/eval/best_val/attempt1,,True,val,A_on,fusion,raw,P_raw + C_raw + 1*CF_raw,0.2367016105645596,0.7071378847948977,0.2441871890933465,0.7777374091758548,0.3034190652370578,0.6933962264150944,0.6206896551724133,0.2479144829284854,0.7060823018229021
eval/SMD/machine-1-3/seed0/smd_cf_val/eval/best_val,val_ckpt_eval,val_pred_mae_v2,SMD,machine-1-3,0,scripts/configs/smd_cf_val.yaml,best_val,78,34bf4a1fe919e3391c6e7f2259f1de395b4954ae839ed7397ffc594395b1a06c,0.7852600856105777,val0.2_b18962,train_sub_val,b2390874568be9d7586bb474c11edb383069d4222ce6d01e14716c766817729d,SMD_machine-1-3_pcmci_val0.2_b18962_fdf3df607bf57f65,1.0,False,15,46,49f630ac8d324ba01390c1a1dcaa4386cd94ae84,49f630ac8d324ba01390c1a1dcaa4386cd94ae84,cuda,2.6.0+cu124,SMD/machine-1-3/seed0/smd_cf_val/eval/best_val/attempt1,,True,val,P_raw,diagnostic,raw,P_raw,0.2409954390445277,0.7006782961341502,0.2292124925747117,0.780807737870568,0.3097740400263558,0.5940425531914894,0.4788732394366192,0.1764901942904577,0.6963319413907882
eval/SMD/machine-1-3/seed0/smd_cf_val/eval/best_val,val_ckpt_eval,val_pred_mae_v2,SMD,machine-1-3,0,scripts/configs/smd_cf_val.yaml,best_val,78,34bf4a1fe919e3391c6e7f2259f1de395b4954ae839ed7397ffc594395b1a06c,0.7852600856105777,val0.2_b18962,train_sub_val,b2390874568be9d7586bb474c11edb383069d4222ce6d01e14716c766817729d,SMD_machine-1-3_pcmci_val0.2_b18962_fdf3df607bf57f65,1.0,False,15,46,49f630ac8d324ba01390c1a1dcaa4386cd94ae84,49f630ac8d324ba01390c1a1dcaa4386cd94ae84,cuda,2.6.0+cu124,SMD/machine-1-3/seed0/smd_cf_val/eval/best_val/attempt1,,True,val,C_raw,diagnostic,raw,C_raw,0.0478978860423894,0.5321193767382151,0.0530504666610582,0.6087105565006812,0.0796311849747206,0.5537403267411866,0.1917808219178077,0.2231344875817595,0.7224765212445777
eval/SMD/machine-1-3/seed0/smd_cf_val/eval/best_val,val_ckpt_eval,val_pred_mae_v2,SMD,machine-1-3,0,scripts/configs/smd_cf_val.yaml,best_val,78,34bf4a1fe919e3391c6e7f2259f1de395b4954ae839ed7397ffc594395b1a06c,0.7852600856105777,val0.2_b18962,train_sub_val,b2390874568be9d7586bb474c11edb383069d4222ce6d01e14716c766817729d,SMD_machine-1-3_pcmci_val0.2_b18962_fdf3df607bf57f65,1.0,False,15,46,49f630ac8d324ba01390c1a1dcaa4386cd94ae84,49f630ac8d324ba01390c1a1dcaa4386cd94ae84,cuda,2.6.0+cu124,SMD/machine-1-3/seed0/smd_cf_val/eval/best_val/attempt1,,True,val,G_raw,diagnostic,raw,G_raw,0.1009739429792611,0.5453065777930393,0.107213834052675,0.6331227482420757,0.2016977096764536,0.6039260969976905,0.3418636452432111,0.3740941792859687,0.7798796219941501
eval/SMD/machine-1-3/seed0/smd_cf_val/eval/best_val,val_ckpt_eval,val_pred_mae_v2,SMD,machine-1-3,0,scripts/configs/smd_cf_val.yaml,best_val,78,34bf4a1fe919e3391c6e7f2259f1de395b4954ae839ed7397ffc594395b1a06c,0.7852600856105777,val0.2_b18962,train_sub_val,b2390874568be9d7586bb474c11edb383069d4222ce6d01e14716c766817729d,SMD_machine-1-3_pcmci_val0.2_b18962_fdf3df607bf57f65,1.0,False,15,46,49f630ac8d324ba01390c1a1dcaa4386cd94ae84,49f630ac8d324ba01390c1a1dcaa4386cd94ae84,cuda,2.6.0+cu124,SMD/machine-1-3/seed0/smd_cf_val/eval/best_val/attempt1,,True,val,CF_raw,diagnostic,raw,CF_raw,0.0963089703548431,0.6565005533022135,0.1005221065134384,0.7252024764023612,0.1286768052598212,0.8789659224441834,0.5178571428571422,0.1873531659390225,0.8206221700444578
eval/SMD/machine-1-3/seed1/smd_cf_val/eval/last,val_ckpt_eval,val_pred_mae_v2,SMD,machine-1-3,1,scripts/configs/smd_cf_val.yaml,last,80,c5ad75a5aeed91c7314916a8e8732a9bb9ce57b1f5fe96a544a551e0ebe1ead2,0.7963746453471,val0.2_b18962,train_sub_val,b2390874568be9d7586bb474c11edb383069d4222ce6d01e14716c766817729d,SMD_machine-1-3_pcmci_val0.2_b18962_fdf3df607bf57f65,1.0,False,15,46,49f630ac8d324ba01390c1a1dcaa4386cd94ae84,49f630ac8d324ba01390c1a1dcaa4386cd94ae84,cuda,2.6.0+cu124,SMD/machine-1-3/seed1/smd_cf_val/eval/last/attempt1,,True,val,A_off,fusion,raw,P_raw + C_raw,0.2397258530192215,0.6916005872285232,0.2249358219539381,0.7728182522127407,0.3090346293321391,0.6447908121410992,0.5602536997885831,0.2046674499798566,0.698234109864115
eval/SMD/machine-1-3/seed1/smd_cf_val/eval/last,val_ckpt_eval,val_pred_mae_v2,SMD,machine-1-3,1,scripts/configs/smd_cf_val.yaml,last,80,c5ad75a5aeed91c7314916a8e8732a9bb9ce57b1f5fe96a544a551e0ebe1ead2,0.7963746453471,val0.2_b18962,train_sub_val,b2390874568be9d7586bb474c11edb383069d4222ce6d01e14716c766817729d,SMD_machine-1-3_pcmci_val0.2_b18962_fdf3df607bf57f65,1.0,False,15,46,49f630ac8d324ba01390c1a1dcaa4386cd94ae84,49f630ac8d324ba01390c1a1dcaa4386cd94ae84,cuda,2.6.0+cu124,SMD/machine-1-3/seed1/smd_cf_val/eval/last/attempt1,,True,val,A_on,fusion,raw,P_raw + C_raw + 1*CF_raw,0.2544684977150958,0.698112180893522,0.2590165935356316,0.7679240550635001,0.3232285755725135,0.8768606224627875,0.6902777777777772,0.2778276869866109,0.7653896147013455
eval/SMD/machine-1-3/seed1/smd_cf_val/eval/last,val_ckpt_eval,val_pred_mae_v2,SMD,machine-1-3,1,scripts/configs/smd_cf_val.yaml,last,80,c5ad75a5aeed91c7314916a8e8732a9bb9ce57b1f5fe96a544a551e0ebe1ead2,0.7963746453471,val0.2_b18962,train_sub_val,b2390874568be9d7586bb474c11edb383069d4222ce6d01e14716c766817729d,SMD_machine-1-3_pcmci_val0.2_b18962_fdf3df607bf57f65,1.0,False,15,46,49f630ac8d324ba01390c1a1dcaa4386cd94ae84,49f630ac8d324ba01390c1a1dcaa4386cd94ae84,cuda,2.6.0+cu124,SMD/machine-1-3/seed1/smd_cf_val/eval/last/attempt1,,True,val,P_raw,diagnostic,raw,P_raw,0.2398721491658674,0.6926937356280667,0.2245062503121755,0.7734978073262824,0.3090346293321391,0.6447908121410992,0.5597416576964473,0.2026908572204901,0.698002010405149
eval/SMD/machine-1-3/seed1/smd_cf_val/eval/last,val_ckpt_eval,val_pred_mae_v2,SMD,machine-1-3,1,scripts/configs/smd_cf_val.yaml,last,80,c5ad75a5aeed91c7314916a8e8732a9bb9ce57b1f5fe96a544a551e0ebe1ead2,0.7963746453471,val0.2_b18962,train_sub_val,b2390874568be9d7586bb474c11edb383069d4222ce6d01e14716c766817729d,SMD_machine-1-3_pcmci_val0.2_b18962_fdf3df607bf57f65,1.0,False,15,46,49f630ac8d324ba01390c1a1dcaa4386cd94ae84,49f630ac8d324ba01390c1a1dcaa4386cd94ae84,cuda,2.6.0+cu124,SMD/machine-1-3/seed1/smd_cf_val/eval/last/attempt1,,True,val,C_raw,diagnostic,raw,C_raw,0.0352910116820614,0.5111713115999141,0.0463689837197008,0.5882376334452364,0.0697883425036025,0.5191693290734825,0.1249999999999996,0.0756992729435008,0.7058081442889822
eval/SMD/machine-1-3/seed1/smd_cf_val/eval/last,val_ckpt_eval,val_pred_mae_v2,SMD,machine-1-3,1,scripts/configs/smd_cf_val.yaml,last,80,c5ad75a5aeed91c7314916a8e8732a9bb9ce57b1f5fe96a544a551e0ebe1ead2,0.7963746453471,val0.2_b18962,train_sub_val,b2390874568be9d7586bb474c11edb383069d4222ce6d01e14716c766817729d,SMD_machine-1-3_pcmci_val0.2_b18962_fdf3df607bf57f65,1.0,False,15,46,49f630ac8d324ba01390c1a1dcaa4386cd94ae84,49f630ac8d324ba01390c1a1dcaa4386cd94ae84,cuda,2.6.0+cu124,SMD/machine-1-3/seed1/smd_cf_val/eval/last/attempt1,,True,val,G_raw,diagnostic,raw,G_raw,0.0746530511756644,0.5397622130034019,0.0712560297285184,0.6196132794762798,0.1208257153556684,0.6216617210682492,0.3623188405797096,0.3952003259081798,0.6993839966111762
eval/SMD/machine-1-3/seed1/smd_cf_val/eval/last,val_ckpt_eval,val_pred_mae_v2,SMD,machine-1-3,1,scripts/configs/smd_cf_val.yaml,last,80,c5ad75a5aeed91c7314916a8e8732a9bb9ce57b1f5fe96a544a551e0ebe1ead2,0.7963746453471,val0.2_b18962,train_sub_val,b2390874568be9d7586bb474c11edb383069d4222ce6d01e14716c766817729d,SMD_machine-1-3_pcmci_val0.2_b18962_fdf3df607bf57f65,1.0,False,15,46,49f630ac8d324ba01390c1a1dcaa4386cd94ae84,49f630ac8d324ba01390c1a1dcaa4386cd94ae84,cuda,2.6.0+cu124,SMD/machine-1-3/seed1/smd_cf_val/eval/last/attempt1,,True,val,CF_raw,diagnostic,raw,CF_raw,0.1846845301874437,0.6245222374628749,0.1881834788393737,0.6972638805825248,0.2385797778251913,0.9645645645645644,0.7999999999999994,0.3091593420557197,0.8613780779704104
eval/SMD/machine-1-3/seed1/smd_cf_val/eval/best_val,val_ckpt_eval,val_pred_mae_v2,SMD,machine-1-3,1,scripts/configs/smd_cf_val.yaml,best_val,80,cbb8ddd3e8ddf97ec895c9cc305721c531d849635a53ba720dbc09ceac18425e,0.7963746453471,val0.2_b18962,train_sub_val,b2390874568be9d7586bb474c11edb383069d4222ce6d01e14716c766817729d,SMD_machine-1-3_pcmci_val0.2_b18962_fdf3df607bf57f65,1.0,False,15,46,49f630ac8d324ba01390c1a1dcaa4386cd94ae84,49f630ac8d324ba01390c1a1dcaa4386cd94ae84,cuda,2.6.0+cu124,SMD/machine-1-3/seed1/smd_cf_val/eval/best_val/attempt1,,True,val,A_off,fusion,raw,P_raw + C_raw,0.2397258530192215,0.6916005872285232,0.2249358219539381,0.7728182522127407,0.3090346293321391,0.6447908121410992,0.5602536997885831,0.2046674499798566,0.698234109864115
eval/SMD/machine-1-3/seed1/smd_cf_val/eval/best_val,val_ckpt_eval,val_pred_mae_v2,SMD,machine-1-3,1,scripts/configs/smd_cf_val.yaml,best_val,80,cbb8ddd3e8ddf97ec895c9cc305721c531d849635a53ba720dbc09ceac18425e,0.7963746453471,val0.2_b18962,train_sub_val,b2390874568be9d7586bb474c11edb383069d4222ce6d01e14716c766817729d,SMD_machine-1-3_pcmci_val0.2_b18962_fdf3df607bf57f65,1.0,False,15,46,49f630ac8d324ba01390c1a1dcaa4386cd94ae84,49f630ac8d324ba01390c1a1dcaa4386cd94ae84,cuda,2.6.0+cu124,SMD/machine-1-3/seed1/smd_cf_val/eval/best_val/attempt1,,True,val,A_on,fusion,raw,P_raw + C_raw + 1*CF_raw,0.2544684977150958,0.698112180893522,0.2590165935356316,0.7679240550635001,0.3232285755725135,0.8768606224627875,0.6902777777777772,0.2778276869866109,0.7653896147013455
eval/SMD/machine-1-3/seed1/smd_cf_val/eval/best_val,val_ckpt_eval,val_pred_mae_v2,SMD,machine-1-3,1,scripts/configs/smd_cf_val.yaml,best_val,80,cbb8ddd3e8ddf97ec895c9cc305721c531d849635a53ba720dbc09ceac18425e,0.7963746453471,val0.2_b18962,train_sub_val,b2390874568be9d7586bb474c11edb383069d4222ce6d01e14716c766817729d,SMD_machine-1-3_pcmci_val0.2_b18962_fdf3df607bf57f65,1.0,False,15,46,49f630ac8d324ba01390c1a1dcaa4386cd94ae84,49f630ac8d324ba01390c1a1dcaa4386cd94ae84,cuda,2.6.0+cu124,SMD/machine-1-3/seed1/smd_cf_val/eval/best_val/attempt1,,True,val,P_raw,diagnostic,raw,P_raw,0.2398721491658674,0.6926937356280667,0.2245062503121755,0.7734978073262824,0.3090346293321391,0.6447908121410992,0.5597416576964473,0.2026908572204901,0.698002010405149
eval/SMD/machine-1-3/seed1/smd_cf_val/eval/best_val,val_ckpt_eval,val_pred_mae_v2,SMD,machine-1-3,1,scripts/configs/smd_cf_val.yaml,best_val,80,cbb8ddd3e8ddf97ec895c9cc305721c531d849635a53ba720dbc09ceac18425e,0.7963746453471,val0.2_b18962,train_sub_val,b2390874568be9d7586bb474c11edb383069d4222ce6d01e14716c766817729d,SMD_machine-1-3_pcmci_val0.2_b18962_fdf3df607bf57f65,1.0,False,15,46,49f630ac8d324ba01390c1a1dcaa4386cd94ae84,49f630ac8d324ba01390c1a1dcaa4386cd94ae84,cuda,2.6.0+cu124,SMD/machine-1-3/seed1/smd_cf_val/eval/best_val/attempt1,,True,val,C_raw,diagnostic,raw,C_raw,0.0352910116820614,0.5111713115999141,0.0463689837197008,0.5882376334452364,0.0697883425036025,0.5191693290734825,0.1249999999999996,0.0756992729435008,0.7058081442889822
eval/SMD/machine-1-3/seed1/smd_cf_val/eval/best_val,val_ckpt_eval,val_pred_mae_v2,SMD,machine-1-3,1,scripts/configs/smd_cf_val.yaml,best_val,80,cbb8ddd3e8ddf97ec895c9cc305721c531d849635a53ba720dbc09ceac18425e,0.7963746453471,val0.2_b18962,train_sub_val,b2390874568be9d7586bb474c11edb383069d4222ce6d01e14716c766817729d,SMD_machine-1-3_pcmci_val0.2_b18962_fdf3df607bf57f65,1.0,False,15,46,49f630ac8d324ba01390c1a1dcaa4386cd94ae84,49f630ac8d324ba01390c1a1dcaa4386cd94ae84,cuda,2.6.0+cu124,SMD/machine-1-3/seed1/smd_cf_val/eval/best_val/attempt1,,True,val,G_raw,diagnostic,raw,G_raw,0.0746530511756644,0.5397622130034019,0.0712560297285184,0.6196132794762798,0.1208257153556684,0.6216617210682492,0.3623188405797096,0.3952003259081798,0.6993839966111762
eval/SMD/machine-1-3/seed1/smd_cf_val/eval/best_val,val_ckpt_eval,val_pred_mae_v2,SMD,machine-1-3,1,scripts/configs/smd_cf_val.yaml,best_val,80,cbb8ddd3e8ddf97ec895c9cc305721c531d849635a53ba720dbc09ceac18425e,0.7963746453471,val0.2_b18962,train_sub_val,b2390874568be9d7586bb474c11edb383069d4222ce6d01e14716c766817729d,SMD_machine-1-3_pcmci_val0.2_b18962_fdf3df607bf57f65,1.0,False,15,46,49f630ac8d324ba01390c1a1dcaa4386cd94ae84,49f630ac8d324ba01390c1a1dcaa4386cd94ae84,cuda,2.6.0+cu124,SMD/machine-1-3/seed1/smd_cf_val/eval/best_val/attempt1,,True,val,CF_raw,diagnostic,raw,CF_raw,0.1846845301874437,0.6245222374628749,0.1881834788393737,0.6972638805825248,0.2385797778251913,0.9645645645645644,0.7999999999999994,0.3091593420557197,0.8613780779704104
eval/SMD/machine-1-3/seed2/smd_cf_val/eval/last,val_ckpt_eval,val_pred_mae_v2,SMD,machine-1-3,2,scripts/configs/smd_cf_val.yaml,last,80,fecbc27d4594c0f471dd5238f22b30fa7326e4a157d078a9004fd45f13799702,0.7809196622992142,val0.2_b18962,train_sub_val,b2390874568be9d7586bb474c11edb383069d4222ce6d01e14716c766817729d,SMD_machine-1-3_pcmci_val0.2_b18962_fdf3df607bf57f65,1.0,False,15,46,49f630ac8d324ba01390c1a1dcaa4386cd94ae84,49f630ac8d324ba01390c1a1dcaa4386cd94ae84,cuda,2.6.0+cu124,SMD/machine-1-3/seed2/smd_cf_val/eval/last/attempt1,,True,val,A_off,fusion,raw,P_raw + C_raw,0.2357568309859827,0.6926694452248465,0.2198530596736559,0.7700673378557551,0.3093352589520297,0.6961325966850829,0.6321839080459765,0.2317813738857376,0.7019525124686936
eval/SMD/machine-1-3/seed2/smd_cf_val/eval/last,val_ckpt_eval,val_pred_mae_v2,SMD,machine-1-3,2,scripts/configs/smd_cf_val.yaml,last,80,fecbc27d4594c0f471dd5238f22b30fa7326e4a157d078a9004fd45f13799702,0.7809196622992142,val0.2_b18962,train_sub_val,b2390874568be9d7586bb474c11edb383069d4222ce6d01e14716c766817729d,SMD_machine-1-3_pcmci_val0.2_b18962_fdf3df607bf57f65,1.0,False,15,46,49f630ac8d324ba01390c1a1dcaa4386cd94ae84,49f630ac8d324ba01390c1a1dcaa4386cd94ae84,cuda,2.6.0+cu124,SMD/machine-1-3/seed2/smd_cf_val/eval/last/attempt1,,True,val,A_on,fusion,raw,P_raw + C_raw + 1*CF_raw,0.2046240108817898,0.6008197262043532,0.1910957852408202,0.6742824574146079,0.2924941480506115,0.6939417781274587,0.6224489795918362,0.2473122188607112,0.7045250739200706
eval/SMD/machine-1-3/seed2/smd_cf_val/eval/last,val_ckpt_eval,val_pred_mae_v2,SMD,machine-1-3,2,scripts/configs/smd_cf_val.yaml,last,80,fecbc27d4594c0f471dd5238f22b30fa7326e4a157d078a9004fd45f13799702,0.7809196622992142,val0.2_b18962,train_sub_val,b2390874568be9d7586bb474c11edb383069d4222ce6d01e14716c766817729d,SMD_machine-1-3_pcmci_val0.2_b18962_fdf3df607bf57f65,1.0,False,15,46,49f630ac8d324ba01390c1a1dcaa4386cd94ae84,49f630ac8d324ba01390c1a1dcaa4386cd94ae84,cuda,2.6.0+cu124,SMD/machine-1-3/seed2/smd_cf_val/eval/last/attempt1,,True,val,P_raw,diagnostic,raw,P_raw,0.2358913469195591,0.6929346600459089,0.2198392687232864,0.7701560505974862,0.3093352589520297,0.6961325966850829,0.6321839080459765,0.2317813738857376,0.7019525124686936
eval/SMD/machine-1-3/seed2/smd_cf_val/eval/last,val_ckpt_eval,val_pred_mae_v2,SMD,machine-1-3,2,scripts/configs/smd_cf_val.yaml,last,80,fecbc27d4594c0f471dd5238f22b30fa7326e4a157d078a9004fd45f13799702,0.7809196622992142,val0.2_b18962,train_sub_val,b2390874568be9d7586bb474c11edb383069d4222ce6d01e14716c766817729d,SMD_machine-1-3_pcmci_val0.2_b18962_fdf3df607bf57f65,1.0,False,15,46,49f630ac8d324ba01390c1a1dcaa4386cd94ae84,49f630ac8d324ba01390c1a1dcaa4386cd94ae84,cuda,2.6.0+cu124,SMD/machine-1-3/seed2/smd_cf_val/eval/last/attempt1,,True,val,C_raw,diagnostic,raw,C_raw,0.0347500422908657,0.5277935180898498,0.0453407019142924,0.602068618781703,0.0742878593986899,0.5375626043405676,0.0752487097015482,0.0785391262148767,0.7002131180232475
eval/SMD/machine-1-3/seed2/smd_cf_val/eval/last,val_ckpt_eval,val_pred_mae_v2,SMD,machine-1-3,2,scripts/configs/smd_cf_val.yaml,last,80,fecbc27d4594c0f471dd5238f22b30fa7326e4a157d078a9004fd45f13799702,0.7809196622992142,val0.2_b18962,train_sub_val,b2390874568be9d7586bb474c11edb383069d4222ce6d01e14716c766817729d,SMD_machine-1-3_pcmci_val0.2_b18962_fdf3df607bf57f65,1.0,False,15,46,49f630ac8d324ba01390c1a1dcaa4386cd94ae84,49f630ac8d324ba01390c1a1dcaa4386cd94ae84,cuda,2.6.0+cu124,SMD/machine-1-3/seed2/smd_cf_val/eval/last/attempt1,,True,val,G_raw,diagnostic,raw,G_raw,0.0355881996558729,0.4685880143767085,0.0422780335428418,0.549320165366446,0.0666633023865665,0.6936852026390198,0.1538461538461537,0.236756704646548,0.7434198061844268
eval/SMD/machine-1-3/seed2/smd_cf_val/eval/last,val_ckpt_eval,val_pred_mae_v2,SMD,machine-1-3,2,scripts/configs/smd_cf_val.yaml,last,80,fecbc27d4594c0f471dd5238f22b30fa7326e4a157d078a9004fd45f13799702,0.7809196622992142,val0.2_b18962,train_sub_val,b2390874568be9d7586bb474c11edb383069d4222ce6d01e14716c766817729d,SMD_machine-1-3_pcmci_val0.2_b18962_fdf3df607bf57f65,1.0,False,15,46,49f630ac8d324ba01390c1a1dcaa4386cd94ae84,49f630ac8d324ba01390c1a1dcaa4386cd94ae84,cuda,2.6.0+cu124,SMD/machine-1-3/seed2/smd_cf_val/eval/last/attempt1,,True,val,CF_raw,diagnostic,raw,CF_raw,0.0342205116330367,0.4853392703216376,0.0421234403336085,0.5580362510028791,0.0677135271997161,0.7036688617121355,0.1276595744680847,0.0731121249180969,0.7502223966981449
eval/SMD/machine-1-3/seed2/smd_cf_val/eval/best_val,val_ckpt_eval,val_pred_mae_v2,SMD,machine-1-3,2,scripts/configs/smd_cf_val.yaml,best_val,76,9c11bebcdbe00443ad28b53a964ddd7b34f17a0bf36850cd1534d5263ed2ec09,0.7808048390160799,val0.2_b18962,train_sub_val,b2390874568be9d7586bb474c11edb383069d4222ce6d01e14716c766817729d,SMD_machine-1-3_pcmci_val0.2_b18962_fdf3df607bf57f65,1.0,False,15,46,49f630ac8d324ba01390c1a1dcaa4386cd94ae84,49f630ac8d324ba01390c1a1dcaa4386cd94ae84,cuda,2.6.0+cu124,SMD/machine-1-3/seed2/smd_cf_val/eval/best_val/attempt1,,True,val,A_off,fusion,raw,P_raw + C_raw,0.235236081768347,0.6950412372397134,0.2189003406637637,0.7710377115265562,0.3093352589520297,0.6961325966850829,0.6321839080459765,0.2317813738857376,0.7019525124686936
eval/SMD/machine-1-3/seed2/smd_cf_val/eval/best_val,val_ckpt_eval,val_pred_mae_v2,SMD,machine-1-3,2,scripts/configs/smd_cf_val.yaml,best_val,76,9c11bebcdbe00443ad28b53a964ddd7b34f17a0bf36850cd1534d5263ed2ec09,0.7808048390160799,val0.2_b18962,train_sub_val,b2390874568be9d7586bb474c11edb383069d4222ce6d01e14716c766817729d,SMD_machine-1-3_pcmci_val0.2_b18962_fdf3df607bf57f65,1.0,False,15,46,49f630ac8d324ba01390c1a1dcaa4386cd94ae84,49f630ac8d324ba01390c1a1dcaa4386cd94ae84,cuda,2.6.0+cu124,SMD/machine-1-3/seed2/smd_cf_val/eval/best_val/attempt1,,True,val,A_on,fusion,raw,P_raw + C_raw + 1*CF_raw,0.2017183794279017,0.6030131924176061,0.1840075084168297,0.6726132726894668,0.2822165744464368,0.6939417781274587,0.6224489795918362,0.2473122188607112,0.7045250739200706
eval/SMD/machine-1-3/seed2/smd_cf_val/eval/best_val,val_ckpt_eval,val_pred_mae_v2,SMD,machine-1-3,2,scripts/configs/smd_cf_val.yaml,best_val,76,9c11bebcdbe00443ad28b53a964ddd7b34f17a0bf36850cd1534d5263ed2ec09,0.7808048390160799,val0.2_b18962,train_sub_val,b2390874568be9d7586bb474c11edb383069d4222ce6d01e14716c766817729d,SMD_machine-1-3_pcmci_val0.2_b18962_fdf3df607bf57f65,1.0,False,15,46,49f630ac8d324ba01390c1a1dcaa4386cd94ae84,49f630ac8d324ba01390c1a1dcaa4386cd94ae84,cuda,2.6.0+cu124,SMD/machine-1-3/seed2/smd_cf_val/eval/best_val/attempt1,,True,val,P_raw,diagnostic,raw,P_raw,0.235377616572968,0.6952901336180839,0.2189294902699592,0.7711393469550061,0.3093352589520297,0.6961325966850829,0.6321839080459765,0.2317813738857376,0.7019525124686936
eval/SMD/machine-1-3/seed2/smd_cf_val/eval/best_val,val_ckpt_eval,val_pred_mae_v2,SMD,machine-1-3,2,scripts/configs/smd_cf_val.yaml,best_val,76,9c11bebcdbe00443ad28b53a964ddd7b34f17a0bf36850cd1534d5263ed2ec09,0.7808048390160799,val0.2_b18962,train_sub_val,b2390874568be9d7586bb474c11edb383069d4222ce6d01e14716c766817729d,SMD_machine-1-3_pcmci_val0.2_b18962_fdf3df607bf57f65,1.0,False,15,46,49f630ac8d324ba01390c1a1dcaa4386cd94ae84,49f630ac8d324ba01390c1a1dcaa4386cd94ae84,cuda,2.6.0+cu124,SMD/machine-1-3/seed2/smd_cf_val/eval/best_val/attempt1,,True,val,C_raw,diagnostic,raw,C_raw,0.0350628412044149,0.5292762224934591,0.0455999262867108,0.603549671551334,0.0733910892519048,0.5427872860635696,0.0745702165661977,0.1035558914359515,0.7021832211734037
eval/SMD/machine-1-3/seed2/smd_cf_val/eval/best_val,val_ckpt_eval,val_pred_mae_v2,SMD,machine-1-3,2,scripts/configs/smd_cf_val.yaml,best_val,76,9c11bebcdbe00443ad28b53a964ddd7b34f17a0bf36850cd1534d5263ed2ec09,0.7808048390160799,val0.2_b18962,train_sub_val,b2390874568be9d7586bb474c11edb383069d4222ce6d01e14716c766817729d,SMD_machine-1-3_pcmci_val0.2_b18962_fdf3df607bf57f65,1.0,False,15,46,49f630ac8d324ba01390c1a1dcaa4386cd94ae84,49f630ac8d324ba01390c1a1dcaa4386cd94ae84,cuda,2.6.0+cu124,SMD/machine-1-3/seed2/smd_cf_val/eval/best_val/attempt1,,True,val,G_raw,diagnostic,raw,G_raw,0.0368651953138436,0.4696982570137603,0.0425922983544539,0.5497755049465334,0.0666633023865665,0.698051948051948,0.1523809523809519,0.3140469142508679,0.6976809205997866
eval/SMD/machine-1-3/seed2/smd_cf_val/eval/best_val,val_ckpt_eval,val_pred_mae_v2,SMD,machine-1-3,2,scripts/configs/smd_cf_val.yaml,best_val,76,9c11bebcdbe00443ad28b53a964ddd7b34f17a0bf36850cd1534d5263ed2ec09,0.7808048390160799,val0.2_b18962,train_sub_val,b2390874568be9d7586bb474c11edb383069d4222ce6d01e14716c766817729d,SMD_machine-1-3_pcmci_val0.2_b18962_fdf3df607bf57f65,1.0,False,15,46,49f630ac8d324ba01390c1a1dcaa4386cd94ae84,49f630ac8d324ba01390c1a1dcaa4386cd94ae84,cuda,2.6.0+cu124,SMD/machine-1-3/seed2/smd_cf_val/eval/best_val/attempt1,,True,val,CF_raw,diagnostic,raw,CF_raw,0.0324339194131568,0.4864493792009624,0.0406739868424617,0.5552604417768269,0.0690075545132139,0.5733997700268302,0.0919540229885052,0.0716682419977259,0.7033802047398103
eval/SMD/machine-1-3/seed3/smd_cf_val/eval/last,val_ckpt_eval,val_pred_mae_v2,SMD,machine-1-3,3,scripts/configs/smd_cf_val.yaml,last,80,b4ed53b9192ee0c946ca59d8d7f165632d1911487fff22895948a130a1a8cc54,0.7989303330335713,val0.2_b18962,train_sub_val,b2390874568be9d7586bb474c11edb383069d4222ce6d01e14716c766817729d,SMD_machine-1-3_pcmci_val0.2_b18962_fdf3df607bf57f65,1.0,False,15,46,49f630ac8d324ba01390c1a1dcaa4386cd94ae84,49f630ac8d324ba01390c1a1dcaa4386cd94ae84,cuda,2.6.0+cu124,SMD/machine-1-3/seed3/smd_cf_val/eval/last/attempt1,,True,val,A_off,fusion,raw,P_raw + C_raw,0.2390011487889191,0.6900166014740423,0.2251576812220954,0.7710039481507909,0.3099382763316967,0.6961325966850829,0.6327683615819204,0.2334080307338874,0.7044506613119055
eval/SMD/machine-1-3/seed3/smd_cf_val/eval/last,val_ckpt_eval,val_pred_mae_v2,SMD,machine-1-3,3,scripts/configs/smd_cf_val.yaml,last,80,b4ed53b9192ee0c946ca59d8d7f165632d1911487fff22895948a130a1a8cc54,0.7989303330335713,val0.2_b18962,train_sub_val,b2390874568be9d7586bb474c11edb383069d4222ce6d01e14716c766817729d,SMD_machine-1-3_pcmci_val0.2_b18962_fdf3df607bf57f65,1.0,False,15,46,49f630ac8d324ba01390c1a1dcaa4386cd94ae84,49f630ac8d324ba01390c1a1dcaa4386cd94ae84,cuda,2.6.0+cu124,SMD/machine-1-3/seed3/smd_cf_val/eval/last/attempt1,,True,val,A_on,fusion,raw,P_raw + C_raw + 1*CF_raw,0.2221282285206413,0.6550477571263575,0.2221822429784821,0.7289228470052048,0.2881004339299604,0.6939417781274587,0.6249999999999994,0.2537917875328351,0.7063442414649759
eval/SMD/machine-1-3/seed3/smd_cf_val/eval/last,val_ckpt_eval,val_pred_mae_v2,SMD,machine-1-3,3,scripts/configs/smd_cf_val.yaml,last,80,b4ed53b9192ee0c946ca59d8d7f165632d1911487fff22895948a130a1a8cc54,0.7989303330335713,val0.2_b18962,train_sub_val,b2390874568be9d7586bb474c11edb383069d4222ce6d01e14716c766817729d,SMD_machine-1-3_pcmci_val0.2_b18962_fdf3df607bf57f65,1.0,False,15,46,49f630ac8d324ba01390c1a1dcaa4386cd94ae84,49f630ac8d324ba01390c1a1dcaa4386cd94ae84,cuda,2.6.0+cu124,SMD/machine-1-3/seed3/smd_cf_val/eval/last/attempt1,,True,val,P_raw,diagnostic,raw,P_raw,0.2388481599406792,0.6891746233342281,0.224027990897216,0.7701032875729826,0.3099382763316967,0.6961325966850829,0.6327683615819204,0.2334080307338874,0.7044506613119055
eval/SMD/machine-1-3/seed3/smd_cf_val/eval/last,val_ckpt_eval,val_pred_mae_v2,SMD,machine-1-3,3,scripts/configs/smd_cf_val.yaml,last,80,b4ed53b9192ee0c946ca59d8d7f165632d1911487fff22895948a130a1a8cc54,0.7989303330335713,val0.2_b18962,train_sub_val,b2390874568be9d7586bb474c11edb383069d4222ce6d01e14716c766817729d,SMD_machine-1-3_pcmci_val0.2_b18962_fdf3df607bf57f65,1.0,False,15,46,49f630ac8d324ba01390c1a1dcaa4386cd94ae84,49f630ac8d324ba01390c1a1dcaa4386cd94ae84,cuda,2.6.0+cu124,SMD/machine-1-3/seed3/smd_cf_val/eval/last/attempt1,,True,val,C_raw,diagnostic,raw,C_raw,0.0597469584642522,0.6348285378423884,0.0658693881129428,0.7018664151630731,0.100999061515976,0.5434599156118144,0.1986754966887412,0.0941068740571222,0.7214022338284158
eval/SMD/machine-1-3/seed3/smd_cf_val/eval/last,val_ckpt_eval,val_pred_mae_v2,SMD,machine-1-3,3,scripts/configs/smd_cf_val.yaml,last,80,b4ed53b9192ee0c946ca59d8d7f165632d1911487fff22895948a130a1a8cc54,0.7989303330335713,val0.2_b18962,train_sub_val,b2390874568be9d7586bb474c11edb383069d4222ce6d01e14716c766817729d,SMD_machine-1-3_pcmci_val0.2_b18962_fdf3df607bf57f65,1.0,False,15,46,49f630ac8d324ba01390c1a1dcaa4386cd94ae84,49f630ac8d324ba01390c1a1dcaa4386cd94ae84,cuda,2.6.0+cu124,SMD/machine-1-3/seed3/smd_cf_val/eval/last/attempt1,,True,val,G_raw,diagnostic,raw,G_raw,0.0856068589391215,0.6010437703970501,0.0813632908706979,0.6758238941129612,0.1110027458051435,0.7883026064844246,0.361702127659574,0.1083176467475772,0.8190687147270519
eval/SMD/machine-1-3/seed3/smd_cf_val/eval/last,val_ckpt_eval,val_pred_mae_v2,SMD,machine-1-3,3,scripts/configs/smd_cf_val.yaml,last,80,b4ed53b9192ee0c946ca59d8d7f165632d1911487fff22895948a130a1a8cc54,0.7989303330335713,val0.2_b18962,train_sub_val,b2390874568be9d7586bb474c11edb383069d4222ce6d01e14716c766817729d,SMD_machine-1-3_pcmci_val0.2_b18962_fdf3df607bf57f65,1.0,False,15,46,49f630ac8d324ba01390c1a1dcaa4386cd94ae84,49f630ac8d324ba01390c1a1dcaa4386cd94ae84,cuda,2.6.0+cu124,SMD/machine-1-3/seed3/smd_cf_val/eval/last/attempt1,,True,val,CF_raw,diagnostic,raw,CF_raw,0.0635795038017728,0.5607309303347491,0.0680169749918071,0.6382894203182207,0.087160735038837,0.7222635889798957,0.4181818181818177,0.1550812045389706,0.7499265759382545
eval/SMD/machine-1-3/seed3/smd_cf_val/eval/best_val,val_ckpt_eval,val_pred_mae_v2,SMD,machine-1-3,3,scripts/configs/smd_cf_val.yaml,best_val,76,716d36bc63fb471da903eac15c9726d99cf5f5baf21fef6fda30127e46ea03e8,0.7983965923423612,val0.2_b18962,train_sub_val,b2390874568be9d7586bb474c11edb383069d4222ce6d01e14716c766817729d,SMD_machine-1-3_pcmci_val0.2_b18962_fdf3df607bf57f65,1.0,False,15,46,49f630ac8d324ba01390c1a1dcaa4386cd94ae84,49f630ac8d324ba01390c1a1dcaa4386cd94ae84,cuda,2.6.0+cu124,SMD/machine-1-3/seed3/smd_cf_val/eval/best_val/attempt1,,True,val,A_off,fusion,raw,P_raw + C_raw,0.2381473169870361,0.6902060826700867,0.2231533478711553,0.7702257988353676,0.3099382763316967,0.6961325966850829,0.6327683615819204,0.2334080307338874,0.7044506613119055
eval/SMD/machine-1-3/seed3/smd_cf_val/eval/best_val,val_ckpt_eval,val_pred_mae_v2,SMD,machine-1-3,3,scripts/configs/smd_cf_val.yaml,best_val,76,716d36bc63fb471da903eac15c9726d99cf5f5baf21fef6fda30127e46ea03e8,0.7983965923423612,val0.2_b18962,train_sub_val,b2390874568be9d7586bb474c11edb383069d4222ce6d01e14716c766817729d,SMD_machine-1-3_pcmci_val0.2_b18962_fdf3df607bf57f65,1.0,False,15,46,49f630ac8d324ba01390c1a1dcaa4386cd94ae84,49f630ac8d324ba01390c1a1dcaa4386cd94ae84,cuda,2.6.0+cu124,SMD/machine-1-3/seed3/smd_cf_val/eval/best_val/attempt1,,True,val,A_on,fusion,raw,P_raw + C_raw + 1*CF_raw,0.218184737761023,0.6386788610197829,0.2181146028190601,0.7136502224780593,0.2881978441507152,0.6939417781274587,0.6249999999999994,0.2537917875328351,0.7063442414649759
eval/SMD/machine-1-3/seed3/smd_cf_val/eval/best_val,val_ckpt_eval,val_pred_mae_v2,SMD,machine-1-3,3,scripts/configs/smd_cf_val.yaml,best_val,76,716d36bc63fb471da903eac15c9726d99cf5f5baf21fef6fda30127e46ea03e8,0.7983965923423612,val0.2_b18962,train_sub_val,b2390874568be9d7586bb474c11edb383069d4222ce6d01e14716c766817729d,SMD_machine-1-3_pcmci_val0.2_b18962_fdf3df607bf57f65,1.0,False,15,46,49f630ac8d324ba01390c1a1dcaa4386cd94ae84,49f630ac8d324ba01390c1a1dcaa4386cd94ae84,cuda,2.6.0+cu124,SMD/machine-1-3/seed3/smd_cf_val/eval/best_val/attempt1,,True,val,P_raw,diagnostic,raw,P_raw,0.2379991980776935,0.6892502499530644,0.2230162683994729,0.7693937032116732,0.3099382763316967,0.6961325966850829,0.6327683615819204,0.2334080307338874,0.7044506613119055
eval/SMD/machine-1-3/seed3/smd_cf_val/eval/best_val,val_ckpt_eval,val_pred_mae_v2,SMD,machine-1-3,3,scripts/configs/smd_cf_val.yaml,best_val,76,716d36bc63fb471da903eac15c9726d99cf5f5baf21fef6fda30127e46ea03e8,0.7983965923423612,val0.2_b18962,train_sub_val,b2390874568be9d7586bb474c11edb383069d4222ce6d01e14716c766817729d,SMD_machine-1-3_pcmci_val0.2_b18962_fdf3df607bf57f65,1.0,False,15,46,49f630ac8d324ba01390c1a1dcaa4386cd94ae84,49f630ac8d324ba01390c1a1dcaa4386cd94ae84,cuda,2.6.0+cu124,SMD/machine-1-3/seed3/smd_cf_val/eval/best_val/attempt1,,True,val,C_raw,diagnostic,raw,C_raw,0.0611979897965941,0.6398190921392243,0.0676181502659628,0.7048447052900081,0.103380723496937,0.5393634840871022,0.1782178217821777,0.0861633111499823,0.7202287661527804
eval/SMD/machine-1-3/seed3/smd_cf_val/eval/best_val,val_ckpt_eval,val_pred_mae_v2,SMD,machine-1-3,3,scripts/configs/smd_cf_val.yaml,best_val,76,716d36bc63fb471da903eac15c9726d99cf5f5baf21fef6fda30127e46ea03e8,0.7983965923423612,val0.2_b18962,train_sub_val,b2390874568be9d7586bb474c11edb383069d4222ce6d01e14716c766817729d,SMD_machine-1-3_pcmci_val0.2_b18962_fdf3df607bf57f65,1.0,False,15,46,49f630ac8d324ba01390c1a1dcaa4386cd94ae84,49f630ac8d324ba01390c1a1dcaa4386cd94ae84,cuda,2.6.0+cu124,SMD/machine-1-3/seed3/smd_cf_val/eval/best_val/attempt1,,True,val,G_raw,diagnostic,raw,G_raw,0.092996202555783,0.5924422389994837,0.0839318599153952,0.6707774644284724,0.1150542526041988,0.7723283427981414,0.3730158730158724,0.1130259382655499,0.7957111798763025
eval/SMD/machine-1-3/seed3/smd_cf_val/eval/best_val,val_ckpt_eval,val_pred_mae_v2,SMD,machine-1-3,3,scripts/configs/smd_cf_val.yaml,best_val,76,716d36bc63fb471da903eac15c9726d99cf5f5baf21fef6fda30127e46ea03e8,0.7983965923423612,val0.2_b18962,train_sub_val,b2390874568be9d7586bb474c11edb383069d4222ce6d01e14716c766817729d,SMD_machine-1-3_pcmci_val0.2_b18962_fdf3df607bf57f65,1.0,False,15,46,49f630ac8d324ba01390c1a1dcaa4386cd94ae84,49f630ac8d324ba01390c1a1dcaa4386cd94ae84,cuda,2.6.0+cu124,SMD/machine-1-3/seed3/smd_cf_val/eval/best_val/attempt1,,True,val,CF_raw,diagnostic,raw,CF_raw,0.058658736556645,0.5433318589664946,0.0632170428676455,0.6214254855498283,0.0830422099920093,0.7101024890190337,0.3636363636363631,0.1331979723522844,0.7475032972563832
eval/SMD/machine-1-4/seed0/smd_cf_val/eval/last,val_ckpt_eval,val_pred_mae_v2,SMD,machine-1-4,0,scripts/configs/smd_cf_val.yaml,last,80,9ba9cb3e5a9befb5ae3f1b5557dff5e6e3d788a525345f700d024d63fdf28def,0.8931436573912274,val0.2_b18965,train_sub_val,79a03845d2f38468118cdb28198785fb7063d06198fa6fcfbf4b1b2429f6983a,SMD_machine-1-4_pcmci_val0.2_b18965_d910c62d40513b17,1.0,False,15,43,49f630ac8d324ba01390c1a1dcaa4386cd94ae84,49f630ac8d324ba01390c1a1dcaa4386cd94ae84,cuda,2.6.0+cu124,SMD/machine-1-4/seed0/smd_cf_val/eval/last/attempt1,,True,val,A_off,fusion,raw,P_raw + C_raw,0.1313671568994388,0.7073863526464927,0.117044161133973,0.7824881603898368,0.1774442319118479,0.1274382314694408,0.2857142857142854,0.148479427549195,0.6687312450985733
eval/SMD/machine-1-4/seed0/smd_cf_val/eval/last,val_ckpt_eval,val_pred_mae_v2,SMD,machine-1-4,0,scripts/configs/smd_cf_val.yaml,last,80,9ba9cb3e5a9befb5ae3f1b5557dff5e6e3d788a525345f700d024d63fdf28def,0.8931436573912274,val0.2_b18965,train_sub_val,79a03845d2f38468118cdb28198785fb7063d06198fa6fcfbf4b1b2429f6983a,SMD_machine-1-4_pcmci_val0.2_b18965_d910c62d40513b17,1.0,False,15,43,49f630ac8d324ba01390c1a1dcaa4386cd94ae84,49f630ac8d324ba01390c1a1dcaa4386cd94ae84,cuda,2.6.0+cu124,SMD/machine-1-4/seed0/smd_cf_val/eval/last/attempt1,,True,val,A_on,fusion,raw,P_raw + C_raw + 1*CF_raw,0.1471525245080625,0.7056109225249273,0.1396897273302214,0.7888607586386107,0.2232174321121239,0.1274382314694408,0.2857142857142854,0.1497206703910615,0.6687236619087669
eval/SMD/machine-1-4/seed0/smd_cf_val/eval/last,val_ckpt_eval,val_pred_mae_v2,SMD,machine-1-4,0,scripts/configs/smd_cf_val.yaml,last,80,9ba9cb3e5a9befb5ae3f1b5557dff5e6e3d788a525345f700d024d63fdf28def,0.8931436573912274,val0.2_b18965,train_sub_val,79a03845d2f38468118cdb28198785fb7063d06198fa6fcfbf4b1b2429f6983a,SMD_machine-1-4_pcmci_val0.2_b18965_d910c62d40513b17,1.0,False,15,43,49f630ac8d324ba01390c1a1dcaa4386cd94ae84,49f630ac8d324ba01390c1a1dcaa4386cd94ae84,cuda,2.6.0+cu124,SMD/machine-1-4/seed0/smd_cf_val/eval/last/attempt1,,True,val,P_raw,diagnostic,raw,P_raw,0.131432313844118,0.707909165530314,0.1171151606254562,0.782827586498001,0.1774442319118479,0.1274382314694408,0.2857142857142854,0.148479427549195,0.6687312450985733
eval/SMD/machine-1-4/seed0/smd_cf_val/eval/last,val_ckpt_eval,val_pred_mae_v2,SMD,machine-1-4,0,scripts/configs/smd_cf_val.yaml,last,80,9ba9cb3e5a9befb5ae3f1b5557dff5e6e3d788a525345f700d024d63fdf28def,0.8931436573912274,val0.2_b18965,train_sub_val,79a03845d2f38468118cdb28198785fb7063d06198fa6fcfbf4b1b2429f6983a,SMD_machine-1-4_pcmci_val0.2_b18965_d910c62d40513b17,1.0,False,15,43,49f630ac8d324ba01390c1a1dcaa4386cd94ae84,49f630ac8d324ba01390c1a1dcaa4386cd94ae84,cuda,2.6.0+cu124,SMD/machine-1-4/seed0/smd_cf_val/eval/last/attempt1,,True,val,C_raw,diagnostic,raw,C_raw,0.0285777360928119,0.4805704248508234,0.0362269507505655,0.542422942659349,0.059711000912881,0.3870246085011186,0.0599739243807039,0.0620472807004808,0.6753052604086768
eval/SMD/machine-1-4/seed0/smd_cf_val/eval/last,val_ckpt_eval,val_pred_mae_v2,SMD,machine-1-4,0,scripts/configs/smd_cf_val.yaml,last,80,9ba9cb3e5a9befb5ae3f1b5557dff5e6e3d788a525345f700d024d63fdf28def,0.8931436573912274,val0.2_b18965,train_sub_val,79a03845d2f38468118cdb28198785fb7063d06198fa6fcfbf4b1b2429f6983a,SMD_machine-1-4_pcmci_val0.2_b18965_d910c62d40513b17,1.0,False,15,43,49f630ac8d324ba01390c1a1dcaa4386cd94ae84,49f630ac8d324ba01390c1a1dcaa4386cd94ae84,cuda,2.6.0+cu124,SMD/machine-1-4/seed0/smd_cf_val/eval/last/attempt1,,True,val,G_raw,diagnostic,raw,G_raw,0.0384062778032457,0.4708324568911325,0.0441560933566744,0.5472158857274494,0.0802685348404467,0.5554502369668246,0.2916666666666662,0.6634125524629578,0.670347327984029
eval/SMD/machine-1-4/seed0/smd_cf_val/eval/last,val_ckpt_eval,val_pred_mae_v2,SMD,machine-1-4,0,scripts/configs/smd_cf_val.yaml,last,80,9ba9cb3e5a9befb5ae3f1b5557dff5e6e3d788a525345f700d024d63fdf28def,0.8931436573912274,val0.2_b18965,train_sub_val,79a03845d2f38468118cdb28198785fb7063d06198fa6fcfbf4b1b2429f6983a,SMD_machine-1-4_pcmci_val0.2_b18965_d910c62d40513b17,1.0,False,15,43,49f630ac8d324ba01390c1a1dcaa4386cd94ae84,49f630ac8d324ba01390c1a1dcaa4386cd94ae84,cuda,2.6.0+cu124,SMD/machine-1-4/seed0/smd_cf_val/eval/last/attempt1,,True,val,CF_raw,diagnostic,raw,CF_raw,0.1725553288444029,0.6745519869246912,0.161465912948451,0.7614480141529324,0.2268957095538141,0.8992248062015504,0.6056338028169009,0.2403740960484789,0.8469935932799838
eval/SMD/machine-1-4/seed0/smd_cf_val/eval/best_val,val_ckpt_eval,val_pred_mae_v2,SMD,machine-1-4,0,scripts/configs/smd_cf_val.yaml,best_val,75,0421ec8db5a7cbb5f29c48aff6941c34471508b56f7e8959f4dece10572372dd,0.8914337585886406,val0.2_b18965,train_sub_val,79a03845d2f38468118cdb28198785fb7063d06198fa6fcfbf4b1b2429f6983a,SMD_machine-1-4_pcmci_val0.2_b18965_d910c62d40513b17,1.0,False,15,43,49f630ac8d324ba01390c1a1dcaa4386cd94ae84,49f630ac8d324ba01390c1a1dcaa4386cd94ae84,cuda,2.6.0+cu124,SMD/machine-1-4/seed0/smd_cf_val/eval/best_val/attempt1,,True,val,A_off,fusion,raw,P_raw + C_raw,0.1315698190174854,0.7099754837960948,0.1173058947338587,0.7846048912600189,0.1775536327565738,0.1274382314694408,0.2857142857142854,0.148479427549195,0.6687312450985733
eval/SMD/machine-1-4/seed0/smd_cf_val/eval/best_val,val_ckpt_eval,val_pred_mae_v2,SMD,machine-1-4,0,scripts/configs/smd_cf_val.yaml,best_val,75,0421ec8db5a7cbb5f29c48aff6941c34471508b56f7e8959f4dece10572372dd,0.8914337585886406,val0.2_b18965,train_sub_val,79a03845d2f38468118cdb28198785fb7063d06198fa6fcfbf4b1b2429f6983a,SMD_machine-1-4_pcmci_val0.2_b18965_d910c62d40513b17,1.0,False,15,43,49f630ac8d324ba01390c1a1dcaa4386cd94ae84,49f630ac8d324ba01390c1a1dcaa4386cd94ae84,cuda,2.6.0+cu124,SMD/machine-1-4/seed0/smd_cf_val/eval/best_val/attempt1,,True,val,A_on,fusion,raw,P_raw + C_raw + 1*CF_raw,0.1484472572900742,0.7238976472664675,0.1414398725483389,0.8016130333454153,0.2159498323539268,0.1274382314694408,0.2857142857142854,0.148479427549195,0.6687507900648032
eval/SMD/machine-1-4/seed0/smd_cf_val/eval/best_val,val_ckpt_eval,val_pred_mae_v2,SMD,machine-1-4,0,scripts/configs/smd_cf_val.yaml,best_val,75,0421ec8db5a7cbb5f29c48aff6941c34471508b56f7e8959f4dece10572372dd,0.8914337585886406,val0.2_b18965,train_sub_val,79a03845d2f38468118cdb28198785fb7063d06198fa6fcfbf4b1b2429f6983a,SMD_machine-1-4_pcmci_val0.2_b18965_d910c62d40513b17,1.0,False,15,43,49f630ac8d324ba01390c1a1dcaa4386cd94ae84,49f630ac8d324ba01390c1a1dcaa4386cd94ae84,cuda,2.6.0+cu124,SMD/machine-1-4/seed0/smd_cf_val/eval/best_val/attempt1,,True,val,P_raw,diagnostic,raw,P_raw,0.1316700733021984,0.710637590545546,0.1174341564377397,0.7851249414929256,0.1775536327565738,0.1274382314694408,0.2857142857142854,0.148479427549195,0.6687312450985733
eval/SMD/machine-1-4/seed0/smd_cf_val/eval/best_val,val_ckpt_eval,val_pred_mae_v2,SMD,machine-1-4,0,scripts/configs/smd_cf_val.yaml,best_val,75,0421ec8db5a7cbb5f29c48aff6941c34471508b56f7e8959f4dece10572372dd,0.8914337585886406,val0.2_b18965,train_sub_val,79a03845d2f38468118cdb28198785fb7063d06198fa6fcfbf4b1b2429f6983a,SMD_machine-1-4_pcmci_val0.2_b18965_d910c62d40513b17,1.0,False,15,43,49f630ac8d324ba01390c1a1dcaa4386cd94ae84,49f630ac8d324ba01390c1a1dcaa4386cd94ae84,cuda,2.6.0+cu124,SMD/machine-1-4/seed0/smd_cf_val/eval/best_val/attempt1,,True,val,C_raw,diagnostic,raw,C_raw,0.0269380049111728,0.4639919464028395,0.0341295264109437,0.5297995462639999,0.0597160103485427,0.3953786906290115,0.0595525102567355,0.0728753304654978,0.6751023462352764
eval/SMD/machine-1-4/seed0/smd_cf_val/eval/best_val,val_ckpt_eval,val_pred_mae_v2,SMD,machine-1-4,0,scripts/configs/smd_cf_val.yaml,best_val,75,0421ec8db5a7cbb5f29c48aff6941c34471508b56f7e8959f4dece10572372dd,0.8914337585886406,val0.2_b18965,train_sub_val,79a03845d2f38468118cdb28198785fb7063d06198fa6fcfbf4b1b2429f6983a,SMD_machine-1-4_pcmci_val0.2_b18965_d910c62d40513b17,1.0,False,15,43,49f630ac8d324ba01390c1a1dcaa4386cd94ae84,49f630ac8d324ba01390c1a1dcaa4386cd94ae84,cuda,2.6.0+cu124,SMD/machine-1-4/seed0/smd_cf_val/eval/best_val/attempt1,,True,val,G_raw,diagnostic,raw,G_raw,0.0463978856347808,0.4887030831423294,0.0478695920175096,0.5670032587703301,0.0898104666838216,0.5507518796992481,0.3165467625899275,0.5662803388172784,0.6775354380220582
eval/SMD/machine-1-4/seed0/smd_cf_val/eval/best_val,val_ckpt_eval,val_pred_mae_v2,SMD,machine-1-4,0,scripts/configs/smd_cf_val.yaml,best_val,75,0421ec8db5a7cbb5f29c48aff6941c34471508b56f7e8959f4dece10572372dd,0.8914337585886406,val0.2_b18965,train_sub_val,79a03845d2f38468118cdb28198785fb7063d06198fa6fcfbf4b1b2429f6983a,SMD_machine-1-4_pcmci_val0.2_b18965_d910c62d40513b17,1.0,False,15,43,49f630ac8d324ba01390c1a1dcaa4386cd94ae84,49f630ac8d324ba01390c1a1dcaa4386cd94ae84,cuda,2.6.0+cu124,SMD/machine-1-4/seed0/smd_cf_val/eval/best_val/attempt1,,True,val,CF_raw,diagnostic,raw,CF_raw,0.1805297478317741,0.695643568485798,0.1736989069469151,0.7768502354294156,0.2209254247688142,0.8893805309734514,0.657681940700808,0.2484348469544813,0.8383725126400838
eval/SMD/machine-1-4/seed1/smd_cf_val/eval/last,val_ckpt_eval,val_pred_mae_v2,SMD,machine-1-4,1,scripts/configs/smd_cf_val.yaml,last,80,95fc9e540b01f8456d04ecbfc33b32d14fe116fe1a1a5ba2f205abc778d871ca,0.892065682360067,val0.2_b18965,train_sub_val,79a03845d2f38468118cdb28198785fb7063d06198fa6fcfbf4b1b2429f6983a,SMD_machine-1-4_pcmci_val0.2_b18965_d910c62d40513b17,1.0,False,15,43,49f630ac8d324ba01390c1a1dcaa4386cd94ae84,49f630ac8d324ba01390c1a1dcaa4386cd94ae84,cuda,2.6.0+cu124,SMD/machine-1-4/seed1/smd_cf_val/eval/last/attempt1,,True,val,A_off,fusion,raw,P_raw + C_raw,0.1293574066000744,0.6936327380779683,0.1149817636688286,0.7708351669807847,0.177524541263789,0.1274382314694408,0.2857142857142854,0.147236518236742,0.6687414922018196
eval/SMD/machine-1-4/seed1/smd_cf_val/eval/last,val_ckpt_eval,val_pred_mae_v2,SMD,machine-1-4,1,scripts/configs/smd_cf_val.yaml,last,80,95fc9e540b01f8456d04ecbfc33b32d14fe116fe1a1a5ba2f205abc778d871ca,0.892065682360067,val0.2_b18965,train_sub_val,79a03845d2f38468118cdb28198785fb7063d06198fa6fcfbf4b1b2429f6983a,SMD_machine-1-4_pcmci_val0.2_b18965_d910c62d40513b17,1.0,False,15,43,49f630ac8d324ba01390c1a1dcaa4386cd94ae84,49f630ac8d324ba01390c1a1dcaa4386cd94ae84,cuda,2.6.0+cu124,SMD/machine-1-4/seed1/smd_cf_val/eval/last/attempt1,,True,val,A_on,fusion,raw,P_raw + C_raw + 1*CF_raw,0.1636693442844397,0.765823680380267,0.1637850851008148,0.8368673535288594,0.2424464497126996,0.1274382314694408,0.2857142857142854,0.1497206703910615,0.6687438973805544
eval/SMD/machine-1-4/seed1/smd_cf_val/eval/last,val_ckpt_eval,val_pred_mae_v2,SMD,machine-1-4,1,scripts/configs/smd_cf_val.yaml,last,80,95fc9e540b01f8456d04ecbfc33b32d14fe116fe1a1a5ba2f205abc778d871ca,0.892065682360067,val0.2_b18965,train_sub_val,79a03845d2f38468118cdb28198785fb7063d06198fa6fcfbf4b1b2429f6983a,SMD_machine-1-4_pcmci_val0.2_b18965_d910c62d40513b17,1.0,False,15,43,49f630ac8d324ba01390c1a1dcaa4386cd94ae84,49f630ac8d324ba01390c1a1dcaa4386cd94ae84,cuda,2.6.0+cu124,SMD/machine-1-4/seed1/smd_cf_val/eval/last/attempt1,,True,val,P_raw,diagnostic,raw,P_raw,0.1295057229600378,0.6945508263943289,0.1151503006287022,0.7717615711640967,0.177524541263789,0.1274382314694408,0.2857142857142854,0.147236518236742,0.6687414922018196
eval/SMD/machine-1-4/seed1/smd_cf_val/eval/last,val_ckpt_eval,val_pred_mae_v2,SMD,machine-1-4,1,scripts/configs/smd_cf_val.yaml,last,80,95fc9e540b01f8456d04ecbfc33b32d14fe116fe1a1a5ba2f205abc778d871ca,0.892065682360067,val0.2_b18965,train_sub_val,79a03845d2f38468118cdb28198785fb7063d06198fa6fcfbf4b1b2429f6983a,SMD_machine-1-4_pcmci_val0.2_b18965_d910c62d40513b17,1.0,False,15,43,49f630ac8d324ba01390c1a1dcaa4386cd94ae84,49f630ac8d324ba01390c1a1dcaa4386cd94ae84,cuda,2.6.0+cu124,SMD/machine-1-4/seed1/smd_cf_val/eval/last/attempt1,,True,val,C_raw,diagnostic,raw,C_raw,0.0256330780097902,0.4474120475140472,0.0325334018867818,0.5164841848514945,0.0590223207684837,0.4256103178258867,0.0589777195281781,0.1185796037362979,0.6909605848930664
eval/SMD/machine-1-4/seed1/smd_cf_val/eval/last,val_ckpt_eval,val_pred_mae_v2,SMD,machine-1-4,1,scripts/configs/smd_cf_val.yaml,last,80,95fc9e540b01f8456d04ecbfc33b32d14fe116fe1a1a5ba2f205abc778d871ca,0.892065682360067,val0.2_b18965,train_sub_val,79a03845d2f38468118cdb28198785fb7063d06198fa6fcfbf4b1b2429f6983a,SMD_machine-1-4_pcmci_val0.2_b18965_d910c62d40513b17,1.0,False,15,43,49f630ac8d324ba01390c1a1dcaa4386cd94ae84,49f630ac8d324ba01390c1a1dcaa4386cd94ae84,cuda,2.6.0+cu124,SMD/machine-1-4/seed1/smd_cf_val/eval/last/attempt1,,True,val,G_raw,diagnostic,raw,G_raw,0.03191320297835,0.4767617999342366,0.0385309206527727,0.5570706862353876,0.0590815574230158,0.5274527452745275,0.2222222222222217,0.0988168527261631,0.6901945905447282
eval/SMD/machine-1-4/seed1/smd_cf_val/eval/last,val_ckpt_eval,val_pred_mae_v2,SMD,machine-1-4,1,scripts/configs/smd_cf_val.yaml,last,80,95fc9e540b01f8456d04ecbfc33b32d14fe116fe1a1a5ba2f205abc778d871ca,0.892065682360067,val0.2_b18965,train_sub_val,79a03845d2f38468118cdb28198785fb7063d06198fa6fcfbf4b1b2429f6983a,SMD_machine-1-4_pcmci_val0.2_b18965_d910c62d40513b17,1.0,False,15,43,49f630ac8d324ba01390c1a1dcaa4386cd94ae84,49f630ac8d324ba01390c1a1dcaa4386cd94ae84,cuda,2.6.0+cu124,SMD/machine-1-4/seed1/smd_cf_val/eval/last/attempt1,,True,val,CF_raw,diagnostic,raw,CF_raw,0.2699936923642483,0.7660773046198779,0.2855180075603681,0.8422411368690198,0.3074276662535853,0.9775051124744376,0.8442211055276376,0.3396244543206009,0.9651705205470325
eval/SMD/machine-1-4/seed1/smd_cf_val/eval/best_val,val_ckpt_eval,val_pred_mae_v2,SMD,machine-1-4,1,scripts/configs/smd_cf_val.yaml,best_val,68,e6f66cd2656bd9000e70819c26b3bf6c8ca91736287772150b9e8e31e16737d1,0.8831833136242395,val0.2_b18965,train_sub_val,79a03845d2f38468118cdb28198785fb7063d06198fa6fcfbf4b1b2429f6983a,SMD_machine-1-4_pcmci_val0.2_b18965_d910c62d40513b17,1.0,False,15,43,49f630ac8d324ba01390c1a1dcaa4386cd94ae84,49f630ac8d324ba01390c1a1dcaa4386cd94ae84,cuda,2.6.0+cu124,SMD/machine-1-4/seed1/smd_cf_val/eval/best_val/attempt1,,True,val,A_off,fusion,raw,P_raw + C_raw,0.1305256009110369,0.7029697790640321,0.1164195906316201,0.7794761630511993,0.1776385890499558,0.1274382314694408,0.2857142857142854,0.147236518236742,0.6687528169173466
eval/SMD/machine-1-4/seed1/smd_cf_val/eval/best_val,val_ckpt_eval,val_pred_mae_v2,SMD,machine-1-4,1,scripts/configs/smd_cf_val.yaml,best_val,68,e6f66cd2656bd9000e70819c26b3bf6c8ca91736287772150b9e8e31e16737d1,0.8831833136242395,val0.2_b18965,train_sub_val,79a03845d2f38468118cdb28198785fb7063d06198fa6fcfbf4b1b2429f6983a,SMD_machine-1-4_pcmci_val0.2_b18965_d910c62d40513b17,1.0,False,15,43,49f630ac8d324ba01390c1a1dcaa4386cd94ae84,49f630ac8d324ba01390c1a1dcaa4386cd94ae84,cuda,2.6.0+cu124,SMD/machine-1-4/seed1/smd_cf_val/eval/best_val/attempt1,,True,val,A_on,fusion,raw,P_raw + C_raw + 1*CF_raw,0.1504593708996146,0.7500805722381796,0.1441310154893886,0.8218719293388397,0.2103343228714273,0.1274382314694408,0.2857142857142854,0.1497206703910615,0.6687391495542647
eval/SMD/machine-1-4/seed1/smd_cf_val/eval/best_val,val_ckpt_eval,val_pred_mae_v2,SMD,machine-1-4,1,scripts/configs/smd_cf_val.yaml,best_val,68,e6f66cd2656bd9000e70819c26b3bf6c8ca91736287772150b9e8e31e16737d1,0.8831833136242395,val0.2_b18965,train_sub_val,79a03845d2f38468118cdb28198785fb7063d06198fa6fcfbf4b1b2429f6983a,SMD_machine-1-4_pcmci_val0.2_b18965_d910c62d40513b17,1.0,False,15,43,49f630ac8d324ba01390c1a1dcaa4386cd94ae84,49f630ac8d324ba01390c1a1dcaa4386cd94ae84,cuda,2.6.0+cu124,SMD/machine-1-4/seed1/smd_cf_val/eval/best_val/attempt1,,True,val,P_raw,diagnostic,raw,P_raw,0.130660453431663,0.7038360666241139,0.116557482277922,0.780208102854337,0.1776385890499558,0.1274382314694408,0.2857142857142854,0.147236518236742,0.6687332398374731
eval/SMD/machine-1-4/seed1/smd_cf_val/eval/best_val,val_ckpt_eval,val_pred_mae_v2,SMD,machine-1-4,1,scripts/configs/smd_cf_val.yaml,best_val,68,e6f66cd2656bd9000e70819c26b3bf6c8ca91736287772150b9e8e31e16737d1,0.8831833136242395,val0.2_b18965,train_sub_val,79a03845d2f38468118cdb28198785fb7063d06198fa6fcfbf4b1b2429f6983a,SMD_machine-1-4_pcmci_val0.2_b18965_d910c62d40513b17,1.0,False,15,43,49f630ac8d324ba01390c1a1dcaa4386cd94ae84,49f630ac8d324ba01390c1a1dcaa4386cd94ae84,cuda,2.6.0+cu124,SMD/machine-1-4/seed1/smd_cf_val/eval/best_val/attempt1,,True,val,C_raw,diagnostic,raw,C_raw,0.0252771970503692,0.4548717190839547,0.0318568206654247,0.5195270073852574,0.0614983546577472,0.4553967471660917,0.0613508900268226,0.0666765831438207,0.6799688100325745
eval/SMD/machine-1-4/seed1/smd_cf_val/eval/best_val,val_ckpt_eval,val_pred_mae_v2,SMD,machine-1-4,1,scripts/configs/smd_cf_val.yaml,best_val,68,e6f66cd2656bd9000e70819c26b3bf6c8ca91736287772150b9e8e31e16737d1,0.8831833136242395,val0.2_b18965,train_sub_val,79a03845d2f38468118cdb28198785fb7063d06198fa6fcfbf4b1b2429f6983a,SMD_machine-1-4_pcmci_val0.2_b18965_d910c62d40513b17,1.0,False,15,43,49f630ac8d324ba01390c1a1dcaa4386cd94ae84,49f630ac8d324ba01390c1a1dcaa4386cd94ae84,cuda,2.6.0+cu124,SMD/machine-1-4/seed1/smd_cf_val/eval/best_val/attempt1,,True,val,G_raw,diagnostic,raw,G_raw,0.0275090834173349,0.439710296563863,0.0339020933568609,0.5178500043108595,0.0589916437885942,0.5359605911330049,0.1578947368421048,0.2864775498047561,0.6722684879942642
eval/SMD/machine-1-4/seed1/smd_cf_val/eval/best_val,val_ckpt_eval,val_pred_mae_v2,SMD,machine-1-4,1,scripts/configs/smd_cf_val.yaml,best_val,68,e6f66cd2656bd9000e70819c26b3bf6c8ca91736287772150b9e8e31e16737d1,0.8831833136242395,val0.2_b18965,train_sub_val,79a03845d2f38468118cdb28198785fb7063d06198fa6fcfbf4b1b2429f6983a,SMD_machine-1-4_pcmci_val0.2_b18965_d910c62d40513b17,1.0,False,15,43,49f630ac8d324ba01390c1a1dcaa4386cd94ae84,49f630ac8d324ba01390c1a1dcaa4386cd94ae84,cuda,2.6.0+cu124,SMD/machine-1-4/seed1/smd_cf_val/eval/best_val/attempt1,,True,val,CF_raw,diagnostic,raw,CF_raw,0.1588098121800831,0.7408161248440538,0.1497207963169239,0.810198810636114,0.1900991863283947,0.8770203794799719,0.5917159763313604,0.2327937578774612,0.7962266489979867
eval/SMD/machine-1-4/seed2/smd_cf_val/eval/last,val_ckpt_eval,val_pred_mae_v2,SMD,machine-1-4,2,scripts/configs/smd_cf_val.yaml,last,80,428e339c86e14f1436c8ec4694013f27e83ba5f72679246b6cbce187bb60c89b,0.8951284872996041,val0.2_b18965,train_sub_val,79a03845d2f38468118cdb28198785fb7063d06198fa6fcfbf4b1b2429f6983a,SMD_machine-1-4_pcmci_val0.2_b18965_d910c62d40513b17,1.0,False,15,43,49f630ac8d324ba01390c1a1dcaa4386cd94ae84,49f630ac8d324ba01390c1a1dcaa4386cd94ae84,cuda,2.6.0+cu124,SMD/machine-1-4/seed2/smd_cf_val/eval/last/attempt1,,True,val,A_off,fusion,raw,P_raw + C_raw,0.1294870236296341,0.6995954765911354,0.1150965816461216,0.7758020028320516,0.17799258846278,0.1274382314694408,0.2857142857142854,0.147236518236742,0.6687312450985733
eval/SMD/machine-1-4/seed2/smd_cf_val/eval/last,val_ckpt_eval,val_pred_mae_v2,SMD,machine-1-4,2,scripts/configs/smd_cf_val.yaml,last,80,428e339c86e14f1436c8ec4694013f27e83ba5f72679246b6cbce187bb60c89b,0.8951284872996041,val0.2_b18965,train_sub_val,79a03845d2f38468118cdb28198785fb7063d06198fa6fcfbf4b1b2429f6983a,SMD_machine-1-4_pcmci_val0.2_b18965_d910c62d40513b17,1.0,False,15,43,49f630ac8d324ba01390c1a1dcaa4386cd94ae84,49f630ac8d324ba01390c1a1dcaa4386cd94ae84,cuda,2.6.0+cu124,SMD/machine-1-4/seed2/smd_cf_val/eval/last/attempt1,,True,val,A_on,fusion,raw,P_raw + C_raw + 1*CF_raw,0.1491793200958483,0.7482308560845641,0.1444219000591406,0.8183961986039697,0.2030412481332811,0.1274382314694408,0.2857142857142854,0.1497206703910615,0.6687429478180057
eval/SMD/machine-1-4/seed2/smd_cf_val/eval/last,val_ckpt_eval,val_pred_mae_v2,SMD,machine-1-4,2,scripts/configs/smd_cf_val.yaml,last,80,428e339c86e14f1436c8ec4694013f27e83ba5f72679246b6cbce187bb60c89b,0.8951284872996041,val0.2_b18965,train_sub_val,79a03845d2f38468118cdb28198785fb7063d06198fa6fcfbf4b1b2429f6983a,SMD_machine-1-4_pcmci_val0.2_b18965_d910c62d40513b17,1.0,False,15,43,49f630ac8d324ba01390c1a1dcaa4386cd94ae84,49f630ac8d324ba01390c1a1dcaa4386cd94ae84,cuda,2.6.0+cu124,SMD/machine-1-4/seed2/smd_cf_val/eval/last/attempt1,,True,val,P_raw,diagnostic,raw,P_raw,0.1294241745252169,0.6991675007978646,0.1150954786189036,0.7755446902615873,0.17799258846278,0.1274382314694408,0.2857142857142854,0.147236518236742,0.6687312450985733
eval/SMD/machine-1-4/seed2/smd_cf_val/eval/last,val_ckpt_eval,val_pred_mae_v2,SMD,machine-1-4,2,scripts/configs/smd_cf_val.yaml,last,80,428e339c86e14f1436c8ec4694013f27e83ba5f72679246b6cbce187bb60c89b,0.8951284872996041,val0.2_b18965,train_sub_val,79a03845d2f38468118cdb28198785fb7063d06198fa6fcfbf4b1b2429f6983a,SMD_machine-1-4_pcmci_val0.2_b18965_d910c62d40513b17,1.0,False,15,43,49f630ac8d324ba01390c1a1dcaa4386cd94ae84,49f630ac8d324ba01390c1a1dcaa4386cd94ae84,cuda,2.6.0+cu124,SMD/machine-1-4/seed2/smd_cf_val/eval/last/attempt1,,True,val,C_raw,diagnostic,raw,C_raw,0.0348597930719056,0.5671147401862652,0.0442283502524298,0.6122898307550845,0.0837502034755183,0.3109017496635262,0.0909090909090904,0.0997081335561222,0.6865919619055996
eval/SMD/machine-1-4/seed2/smd_cf_val/eval/last,val_ckpt_eval,val_pred_mae_v2,SMD,machine-1-4,2,scripts/configs/smd_cf_val.yaml,last,80,428e339c86e14f1436c8ec4694013f27e83ba5f72679246b6cbce187bb60c89b,0.8951284872996041,val0.2_b18965,train_sub_val,79a03845d2f38468118cdb28198785fb7063d06198fa6fcfbf4b1b2429f6983a,SMD_machine-1-4_pcmci_val0.2_b18965_d910c62d40513b17,1.0,False,15,43,49f630ac8d324ba01390c1a1dcaa4386cd94ae84,49f630ac8d324ba01390c1a1dcaa4386cd94ae84,cuda,2.6.0+cu124,SMD/machine-1-4/seed2/smd_cf_val/eval/last/attempt1,,True,val,G_raw,diagnostic,raw,G_raw,0.0497759068068091,0.4726205803135366,0.0487542550799416,0.5275222750335504,0.1054500233344225,0.6200432588320115,0.3088235294117642,0.1646246859245562,0.6709443261303065
eval/SMD/machine-1-4/seed2/smd_cf_val/eval/last,val_ckpt_eval,val_pred_mae_v2,SMD,machine-1-4,2,scripts/configs/smd_cf_val.yaml,last,80,428e339c86e14f1436c8ec4694013f27e83ba5f72679246b6cbce187bb60c89b,0.8951284872996041,val0.2_b18965,train_sub_val,79a03845d2f38468118cdb28198785fb7063d06198fa6fcfbf4b1b2429f6983a,SMD_machine-1-4_pcmci_val0.2_b18965_d910c62d40513b17,1.0,False,15,43,49f630ac8d324ba01390c1a1dcaa4386cd94ae84,49f630ac8d324ba01390c1a1dcaa4386cd94ae84,cuda,2.6.0+cu124,SMD/machine-1-4/seed2/smd_cf_val/eval/last/attempt1,,True,val,CF_raw,diagnostic,raw,CF_raw,0.1955386254112207,0.7246733288362782,0.1872263954251318,0.7946580011357256,0.2238655370190911,0.9421813403416556,0.7217125382262991,0.2978269755227158,0.8439321044561767
eval/SMD/machine-1-4/seed2/smd_cf_val/eval/best_val,val_ckpt_eval,val_pred_mae_v2,SMD,machine-1-4,2,scripts/configs/smd_cf_val.yaml,best_val,78,669b049a0ef449e273ece3617dc241aa2874649ffc666ecc048a8db97c81c47c,0.8942682403959551,val0.2_b18965,train_sub_val,79a03845d2f38468118cdb28198785fb7063d06198fa6fcfbf4b1b2429f6983a,SMD_machine-1-4_pcmci_val0.2_b18965_d910c62d40513b17,1.0,False,15,43,49f630ac8d324ba01390c1a1dcaa4386cd94ae84,49f630ac8d324ba01390c1a1dcaa4386cd94ae84,cuda,2.6.0+cu124,SMD/machine-1-4/seed2/smd_cf_val/eval/best_val/attempt1,,True,val,A_off,fusion,raw,P_raw + C_raw,0.1291392469559167,0.6975830141874837,0.1147195149037778,0.7741024205093896,0.1781026667256632,0.1274382314694408,0.2857142857142854,0.147236518236742,0.6687312450985733
eval/SMD/machine-1-4/seed2/smd_cf_val/eval/best_val,val_ckpt_eval,val_pred_mae_v2,SMD,machine-1-4,2,scripts/configs/smd_cf_val.yaml,best_val,78,669b049a0ef449e273ece3617dc241aa2874649ffc666ecc048a8db97c81c47c,0.8942682403959551,val0.2_b18965,train_sub_val,79a03845d2f38468118cdb28198785fb7063d06198fa6fcfbf4b1b2429f6983a,SMD_machine-1-4_pcmci_val0.2_b18965_d910c62d40513b17,1.0,False,15,43,49f630ac8d324ba01390c1a1dcaa4386cd94ae84,49f630ac8d324ba01390c1a1dcaa4386cd94ae84,cuda,2.6.0+cu124,SMD/machine-1-4/seed2/smd_cf_val/eval/best_val/attempt1,,True,val,A_on,fusion,raw,P_raw + C_raw + 1*CF_raw,0.1511032083698398,0.7521511820485296,0.146228327974166,0.8226643599126112,0.2080828308909956,0.1274382314694408,0.2857142857142854,0.1497206703910615,0.6687476032330426
eval/SMD/machine-1-4/seed2/smd_cf_val/eval/best_val,val_ckpt_eval,val_pred_mae_v2,SMD,machine-1-4,2,scripts/configs/smd_cf_val.yaml,best_val,78,669b049a0ef449e273ece3617dc241aa2874649ffc666ecc048a8db97c81c47c,0.8942682403959551,val0.2_b18965,train_sub_val,79a03845d2f38468118cdb28198785fb7063d06198fa6fcfbf4b1b2429f6983a,SMD_machine-1-4_pcmci_val0.2_b18965_d910c62d40513b17,1.0,False,15,43,49f630ac8d324ba01390c1a1dcaa4386cd94ae84,49f630ac8d324ba01390c1a1dcaa4386cd94ae84,cuda,2.6.0+cu124,SMD/machine-1-4/seed2/smd_cf_val/eval/best_val/attempt1,,True,val,P_raw,diagnostic,raw,P_raw,0.1290826087783204,0.6972270577653987,0.1146591880180599,0.7738496305870636,0.1781026667256632,0.1274382314694408,0.2857142857142854,0.147236518236742,0.6687312450985733
eval/SMD/machine-1-4/seed2/smd_cf_val/eval/best_val,val_ckpt_eval,val_pred_mae_v2,SMD,machine-1-4,2,scripts/configs/smd_cf_val.yaml,best_val,78,669b049a0ef449e273ece3617dc241aa2874649ffc666ecc048a8db97c81c47c,0.8942682403959551,val0.2_b18965,train_sub_val,79a03845d2f38468118cdb28198785fb7063d06198fa6fcfbf4b1b2429f6983a,SMD_machine-1-4_pcmci_val0.2_b18965_d910c62d40513b17,1.0,False,15,43,49f630ac8d324ba01390c1a1dcaa4386cd94ae84,49f630ac8d324ba01390c1a1dcaa4386cd94ae84,cuda,2.6.0+cu124,SMD/machine-1-4/seed2/smd_cf_val/eval/best_val/attempt1,,True,val,C_raw,diagnostic,raw,C_raw,0.0347653338436616,0.5656469412771636,0.0436040062627857,0.6049229532997537,0.0822090413421459,0.3167637984230373,0.0840316681327838,0.122119772459689,0.6917459569953656
eval/SMD/machine-1-4/seed2/smd_cf_val/eval/best_val,val_ckpt_eval,val_pred_mae_v2,SMD,machine-1-4,2,scripts/configs/smd_cf_val.yaml,best_val,78,669b049a0ef449e273ece3617dc241aa2874649ffc666ecc048a8db97c81c47c,0.8942682403959551,val0.2_b18965,train_sub_val,79a03845d2f38468118cdb28198785fb7063d06198fa6fcfbf4b1b2429f6983a,SMD_machine-1-4_pcmci_val0.2_b18965_d910c62d40513b17,1.0,False,15,43,49f630ac8d324ba01390c1a1dcaa4386cd94ae84,49f630ac8d324ba01390c1a1dcaa4386cd94ae84,cuda,2.6.0+cu124,SMD/machine-1-4/seed2/smd_cf_val/eval/best_val/attempt1,,True,val,G_raw,diagnostic,raw,G_raw,0.0532411302274178,0.4606678126903995,0.0494903779581832,0.512122003144076,0.107611078676948,0.5591603053435115,0.3529411764705878,0.2745393766493538,0.6687597072557379
eval/SMD/machine-1-4/seed2/smd_cf_val/eval/best_val,val_ckpt_eval,val_pred_mae_v2,SMD,machine-1-4,2,scripts/configs/smd_cf_val.yaml,best_val,78,669b049a0ef449e273ece3617dc241aa2874649ffc666ecc048a8db97c81c47c,0.8942682403959551,val0.2_b18965,train_sub_val,79a03845d2f38468118cdb28198785fb7063d06198fa6fcfbf4b1b2429f6983a,SMD_machine-1-4_pcmci_val0.2_b18965_d910c62d40513b17,1.0,False,15,43,49f630ac8d324ba01390c1a1dcaa4386cd94ae84,49f630ac8d324ba01390c1a1dcaa4386cd94ae84,cuda,2.6.0+cu124,SMD/machine-1-4/seed2/smd_cf_val/eval/best_val/attempt1,,True,val,CF_raw,diagnostic,raw,CF_raw,0.1996021915840401,0.7382044177522461,0.1880019798589504,0.8075580905098796,0.228606501292528,0.9415627051871308,0.658573596358118,0.2831794874087609,0.8302929871030957
eval/SMD/machine-1-4/seed3/smd_cf_val/eval/last,val_ckpt_eval,val_pred_mae_v2,SMD,machine-1-4,3,scripts/configs/smd_cf_val.yaml,last,80,ebe0f5a0973bbc1cee37878255d011d41ea400d3d1c04e3127f560ab1f7888e2,0.8923573032967554,val0.2_b18965,train_sub_val,79a03845d2f38468118cdb28198785fb7063d06198fa6fcfbf4b1b2429f6983a,SMD_machine-1-4_pcmci_val0.2_b18965_d910c62d40513b17,1.0,False,15,43,49f630ac8d324ba01390c1a1dcaa4386cd94ae84,49f630ac8d324ba01390c1a1dcaa4386cd94ae84,cuda,2.6.0+cu124,SMD/machine-1-4/seed3/smd_cf_val/eval/last/attempt1,,True,val,A_off,fusion,raw,P_raw + C_raw,0.1297468669664538,0.6961163334977418,0.1148928411793122,0.7724114990434529,0.1774144119006099,0.1274382314694408,0.2857142857142854,0.147236518236742,0.6687332398374731
eval/SMD/machine-1-4/seed3/smd_cf_val/eval/last,val_ckpt_eval,val_pred_mae_v2,SMD,machine-1-4,3,scripts/configs/smd_cf_val.yaml,last,80,ebe0f5a0973bbc1cee37878255d011d41ea400d3d1c04e3127f560ab1f7888e2,0.8923573032967554,val0.2_b18965,train_sub_val,79a03845d2f38468118cdb28198785fb7063d06198fa6fcfbf4b1b2429f6983a,SMD_machine-1-4_pcmci_val0.2_b18965_d910c62d40513b17,1.0,False,15,43,49f630ac8d324ba01390c1a1dcaa4386cd94ae84,49f630ac8d324ba01390c1a1dcaa4386cd94ae84,cuda,2.6.0+cu124,SMD/machine-1-4/seed3/smd_cf_val/eval/last/attempt1,,True,val,A_on,fusion,raw,P_raw + C_raw + 1*CF_raw,0.1568835009940127,0.7504997231651531,0.155529014311973,0.8285695202606366,0.2245780700548077,0.1274382314694408,0.2857142857142854,0.148479427549195,0.6687391495542647
eval/SMD/machine-1-4/seed3/smd_cf_val/eval/last,val_ckpt_eval,val_pred_mae_v2,SMD,machine-1-4,3,scripts/configs/smd_cf_val.yaml,last,80,ebe0f5a0973bbc1cee37878255d011d41ea400d3d1c04e3127f560ab1f7888e2,0.8923573032967554,val0.2_b18965,train_sub_val,79a03845d2f38468118cdb28198785fb7063d06198fa6fcfbf4b1b2429f6983a,SMD_machine-1-4_pcmci_val0.2_b18965_d910c62d40513b17,1.0,False,15,43,49f630ac8d324ba01390c1a1dcaa4386cd94ae84,49f630ac8d324ba01390c1a1dcaa4386cd94ae84,cuda,2.6.0+cu124,SMD/machine-1-4/seed3/smd_cf_val/eval/last/attempt1,,True,val,P_raw,diagnostic,raw,P_raw,0.129881405697706,0.6963912945716192,0.115064407091938,0.7729213240761174,0.1773044190927169,0.1274382314694408,0.2857142857142854,0.147236518236742,0.6687332398374731
eval/SMD/machine-1-4/seed3/smd_cf_val/eval/last,val_ckpt_eval,val_pred_mae_v2,SMD,machine-1-4,3,scripts/configs/smd_cf_val.yaml,last,80,ebe0f5a0973bbc1cee37878255d011d41ea400d3d1c04e3127f560ab1f7888e2,0.8923573032967554,val0.2_b18965,train_sub_val,79a03845d2f38468118cdb28198785fb7063d06198fa6fcfbf4b1b2429f6983a,SMD_machine-1-4_pcmci_val0.2_b18965_d910c62d40513b17,1.0,False,15,43,49f630ac8d324ba01390c1a1dcaa4386cd94ae84,49f630ac8d324ba01390c1a1dcaa4386cd94ae84,cuda,2.6.0+cu124,SMD/machine-1-4/seed3/smd_cf_val/eval/last/attempt1,,True,val,C_raw,diagnostic,raw,C_raw,0.0275922663154268,0.453264686753513,0.0338985912390578,0.506051175722045,0.061190526734161,0.3186608803471791,0.0952380952380947,0.0702108078235443,0.6835093593739268
eval/SMD/machine-1-4/seed3/smd_cf_val/eval/last,val_ckpt_eval,val_pred_mae_v2,SMD,machine-1-4,3,scripts/configs/smd_cf_val.yaml,last,80,ebe0f5a0973bbc1cee37878255d011d41ea400d3d1c04e3127f560ab1f7888e2,0.8923573032967554,val0.2_b18965,train_sub_val,79a03845d2f38468118cdb28198785fb7063d06198fa6fcfbf4b1b2429f6983a,SMD_machine-1-4_pcmci_val0.2_b18965_d910c62d40513b17,1.0,False,15,43,49f630ac8d324ba01390c1a1dcaa4386cd94ae84,49f630ac8d324ba01390c1a1dcaa4386cd94ae84,cuda,2.6.0+cu124,SMD/machine-1-4/seed3/smd_cf_val/eval/last/attempt1,,True,val,G_raw,diagnostic,raw,G_raw,0.0226286182240638,0.3813767516755157,0.0290245275552006,0.456473397763785,0.058974731734358,0.4700374531835206,0.0589753040914116,0.4009846176669545,0.705127351621269
eval/SMD/machine-1-4/seed3/smd_cf_val/eval/last,val_ckpt_eval,val_pred_mae_v2,SMD,machine-1-4,3,scripts/configs/smd_cf_val.yaml,last,80,ebe0f5a0973bbc1cee37878255d011d41ea400d3d1c04e3127f560ab1f7888e2,0.8923573032967554,val0.2_b18965,train_sub_val,79a03845d2f38468118cdb28198785fb7063d06198fa6fcfbf4b1b2429f6983a,SMD_machine-1-4_pcmci_val0.2_b18965_d910c62d40513b17,1.0,False,15,43,49f630ac8d324ba01390c1a1dcaa4386cd94ae84,49f630ac8d324ba01390c1a1dcaa4386cd94ae84,cuda,2.6.0+cu124,SMD/machine-1-4/seed3/smd_cf_val/eval/last/attempt1,,True,val,CF_raw,diagnostic,raw,CF_raw,0.2365387324823289,0.7500651287221594,0.2461076164308918,0.8300053447998477,0.2817584798591607,0.9109947643979056,0.6874251497005983,0.2754349937654153,0.8823952082084782
eval/SMD/machine-1-4/seed3/smd_cf_val/eval/best_val,val_ckpt_eval,val_pred_mae_v2,SMD,machine-1-4,3,scripts/configs/smd_cf_val.yaml,best_val,80,a5e44aea2dfa22303dbb1955cb950009f197d943c7cccd8d52139d9e0c372a23,0.8923573032967554,val0.2_b18965,train_sub_val,79a03845d2f38468118cdb28198785fb7063d06198fa6fcfbf4b1b2429f6983a,SMD_machine-1-4_pcmci_val0.2_b18965_d910c62d40513b17,1.0,False,15,43,49f630ac8d324ba01390c1a1dcaa4386cd94ae84,49f630ac8d324ba01390c1a1dcaa4386cd94ae84,cuda,2.6.0+cu124,SMD/machine-1-4/seed3/smd_cf_val/eval/best_val/attempt1,,True,val,A_off,fusion,raw,P_raw + C_raw,0.1297468669664538,0.6961163334977418,0.1148928411793122,0.7724114990434529,0.1774144119006099,0.1274382314694408,0.2857142857142854,0.147236518236742,0.6687332398374731
eval/SMD/machine-1-4/seed3/smd_cf_val/eval/best_val,val_ckpt_eval,val_pred_mae_v2,SMD,machine-1-4,3,scripts/configs/smd_cf_val.yaml,best_val,80,a5e44aea2dfa22303dbb1955cb950009f197d943c7cccd8d52139d9e0c372a23,0.8923573032967554,val0.2_b18965,train_sub_val,79a03845d2f38468118cdb28198785fb7063d06198fa6fcfbf4b1b2429f6983a,SMD_machine-1-4_pcmci_val0.2_b18965_d910c62d40513b17,1.0,False,15,43,49f630ac8d324ba01390c1a1dcaa4386cd94ae84,49f630ac8d324ba01390c1a1dcaa4386cd94ae84,cuda,2.6.0+cu124,SMD/machine-1-4/seed3/smd_cf_val/eval/best_val/attempt1,,True,val,A_on,fusion,raw,P_raw + C_raw + 1*CF_raw,0.1568835009940127,0.7504997231651531,0.155529014311973,0.8285695202606366,0.2245780700548077,0.1274382314694408,0.2857142857142854,0.148479427549195,0.6687391495542647
eval/SMD/machine-1-4/seed3/smd_cf_val/eval/best_val,val_ckpt_eval,val_pred_mae_v2,SMD,machine-1-4,3,scripts/configs/smd_cf_val.yaml,best_val,80,a5e44aea2dfa22303dbb1955cb950009f197d943c7cccd8d52139d9e0c372a23,0.8923573032967554,val0.2_b18965,train_sub_val,79a03845d2f38468118cdb28198785fb7063d06198fa6fcfbf4b1b2429f6983a,SMD_machine-1-4_pcmci_val0.2_b18965_d910c62d40513b17,1.0,False,15,43,49f630ac8d324ba01390c1a1dcaa4386cd94ae84,49f630ac8d324ba01390c1a1dcaa4386cd94ae84,cuda,2.6.0+cu124,SMD/machine-1-4/seed3/smd_cf_val/eval/best_val/attempt1,,True,val,P_raw,diagnostic,raw,P_raw,0.129881405697706,0.6963912945716192,0.115064407091938,0.7729213240761174,0.1773044190927169,0.1274382314694408,0.2857142857142854,0.147236518236742,0.6687332398374731
eval/SMD/machine-1-4/seed3/smd_cf_val/eval/best_val,val_ckpt_eval,val_pred_mae_v2,SMD,machine-1-4,3,scripts/configs/smd_cf_val.yaml,best_val,80,a5e44aea2dfa22303dbb1955cb950009f197d943c7cccd8d52139d9e0c372a23,0.8923573032967554,val0.2_b18965,train_sub_val,79a03845d2f38468118cdb28198785fb7063d06198fa6fcfbf4b1b2429f6983a,SMD_machine-1-4_pcmci_val0.2_b18965_d910c62d40513b17,1.0,False,15,43,49f630ac8d324ba01390c1a1dcaa4386cd94ae84,49f630ac8d324ba01390c1a1dcaa4386cd94ae84,cuda,2.6.0+cu124,SMD/machine-1-4/seed3/smd_cf_val/eval/best_val/attempt1,,True,val,C_raw,diagnostic,raw,C_raw,0.0275922663154268,0.453264686753513,0.0338985912390578,0.506051175722045,0.061190526734161,0.3186608803471791,0.0952380952380947,0.0702108078235443,0.6835093593739268
eval/SMD/machine-1-4/seed3/smd_cf_val/eval/best_val,val_ckpt_eval,val_pred_mae_v2,SMD,machine-1-4,3,scripts/configs/smd_cf_val.yaml,best_val,80,a5e44aea2dfa22303dbb1955cb950009f197d943c7cccd8d52139d9e0c372a23,0.8923573032967554,val0.2_b18965,train_sub_val,79a03845d2f38468118cdb28198785fb7063d06198fa6fcfbf4b1b2429f6983a,SMD_machine-1-4_pcmci_val0.2_b18965_d910c62d40513b17,1.0,False,15,43,49f630ac8d324ba01390c1a1dcaa4386cd94ae84,49f630ac8d324ba01390c1a1dcaa4386cd94ae84,cuda,2.6.0+cu124,SMD/machine-1-4/seed3/smd_cf_val/eval/best_val/attempt1,,True,val,G_raw,diagnostic,raw,G_raw,0.0226286182240638,0.3813767516755157,0.0290245275552006,0.456473397763785,0.058974731734358,0.4700374531835206,0.0589753040914116,0.4009846176669545,0.705127351621269
eval/SMD/machine-1-4/seed3/smd_cf_val/eval/best_val,val_ckpt_eval,val_pred_mae_v2,SMD,machine-1-4,3,scripts/configs/smd_cf_val.yaml,best_val,80,a5e44aea2dfa22303dbb1955cb950009f197d943c7cccd8d52139d9e0c372a23,0.8923573032967554,val0.2_b18965,train_sub_val,79a03845d2f38468118cdb28198785fb7063d06198fa6fcfbf4b1b2429f6983a,SMD_machine-1-4_pcmci_val0.2_b18965_d910c62d40513b17,1.0,False,15,43,49f630ac8d324ba01390c1a1dcaa4386cd94ae84,49f630ac8d324ba01390c1a1dcaa4386cd94ae84,cuda,2.6.0+cu124,SMD/machine-1-4/seed3/smd_cf_val/eval/best_val/attempt1,,True,val,CF_raw,diagnostic,raw,CF_raw,0.2365387324823289,0.7500651287221594,0.2461076164308918,0.8300053447998477,0.2817584798591607,0.9109947643979056,0.6874251497005983,0.2754349937654153,0.8823952082084782
eval/SMD/machine-1-5/seed0/smd_cf_val/eval/last,val_ckpt_eval,val_pred_mae_v2,SMD,machine-1-5,0,scripts/configs/smd_cf_val.yaml,last,80,2a6d58baffb08e8c5cc9b2dffee6eb228ca0b69d2933c6e8f5031c1d6d23b275,0.2175348394466644,val0.2_b18964,train_sub_val,4b6043a739de38f74ead02de0c8f98c2be762986d3b8b0a9832d3c6a20eeb8b2,SMD_machine-1-5_pcmci_val0.2_b18964_86c51395047ba38a,1.0,False,15,11,49f630ac8d324ba01390c1a1dcaa4386cd94ae84,49f630ac8d324ba01390c1a1dcaa4386cd94ae84,cuda,2.6.0+cu124,SMD/machine-1-5/seed0/smd_cf_val/eval/last/attempt1,,True,val,A_off,fusion,raw,P_raw + C_raw,0.5166794745166006,0.9092469381701064,0.3757311997505257,0.9575095090763144,0.5384569362655021,0.75,0.7272727272727267,0.4559083734489713,0.9037178376725786
eval/SMD/machine-1-5/seed0/smd_cf_val/eval/last,val_ckpt_eval,val_pred_mae_v2,SMD,machine-1-5,0,scripts/configs/smd_cf_val.yaml,last,80,2a6d58baffb08e8c5cc9b2dffee6eb228ca0b69d2933c6e8f5031c1d6d23b275,0.2175348394466644,val0.2_b18964,train_sub_val,4b6043a739de38f74ead02de0c8f98c2be762986d3b8b0a9832d3c6a20eeb8b2,SMD_machine-1-5_pcmci_val0.2_b18964_86c51395047ba38a,1.0,False,15,11,49f630ac8d324ba01390c1a1dcaa4386cd94ae84,49f630ac8d324ba01390c1a1dcaa4386cd94ae84,cuda,2.6.0+cu124,SMD/machine-1-5/seed0/smd_cf_val/eval/last/attempt1,,True,val,A_on,fusion,raw,P_raw + C_raw + 1*CF_raw,0.5223208581333723,0.8921324744670932,0.3997976903858409,0.9548155042454572,0.5505568741760851,0.7509881422924901,0.7272727272727267,0.4559083734489713,0.9301282303779528
eval/SMD/machine-1-5/seed0/smd_cf_val/eval/last,val_ckpt_eval,val_pred_mae_v2,SMD,machine-1-5,0,scripts/configs/smd_cf_val.yaml,last,80,2a6d58baffb08e8c5cc9b2dffee6eb228ca0b69d2933c6e8f5031c1d6d23b275,0.2175348394466644,val0.2_b18964,train_sub_val,4b6043a739de38f74ead02de0c8f98c2be762986d3b8b0a9832d3c6a20eeb8b2,SMD_machine-1-5_pcmci_val0.2_b18964_86c51395047ba38a,1.0,False,15,11,49f630ac8d324ba01390c1a1dcaa4386cd94ae84,49f630ac8d324ba01390c1a1dcaa4386cd94ae84,cuda,2.6.0+cu124,SMD/machine-1-5/seed0/smd_cf_val/eval/last/attempt1,,True,val,P_raw,diagnostic,raw,P_raw,0.516235160089916,0.9091109039284654,0.3755270402852518,0.9573083763590048,0.5384569362655021,0.75,0.7272727272727267,0.4559083734489713,0.9037178376725786
eval/SMD/machine-1-5/seed0/smd_cf_val/eval/last,val_ckpt_eval,val_pred_mae_v2,SMD,machine-1-5,0,scripts/configs/smd_cf_val.yaml,last,80,2a6d58baffb08e8c5cc9b2dffee6eb228ca0b69d2933c6e8f5031c1d6d23b275,0.2175348394466644,val0.2_b18964,train_sub_val,4b6043a739de38f74ead02de0c8f98c2be762986d3b8b0a9832d3c6a20eeb8b2,SMD_machine-1-5_pcmci_val0.2_b18964_86c51395047ba38a,1.0,False,15,11,49f630ac8d324ba01390c1a1dcaa4386cd94ae84,49f630ac8d324ba01390c1a1dcaa4386cd94ae84,cuda,2.6.0+cu124,SMD/machine-1-5/seed0/smd_cf_val/eval/last/attempt1,,True,val,C_raw,diagnostic,raw,C_raw,0.2532909675132028,0.8556252913505955,0.2173680026134535,0.9116338086854416,0.4162846379656509,0.9056603773584906,0.6554621848739491,0.3668066427591387,0.8891990985444129
eval/SMD/machine-1-5/seed0/smd_cf_val/eval/last,val_ckpt_eval,val_pred_mae_v2,SMD,machine-1-5,0,scripts/configs/smd_cf_val.yaml,last,80,2a6d58baffb08e8c5cc9b2dffee6eb228ca0b69d2933c6e8f5031c1d6d23b275,0.2175348394466644,val0.2_b18964,train_sub_val,4b6043a739de38f74ead02de0c8f98c2be762986d3b8b0a9832d3c6a20eeb8b2,SMD_machine-1-5_pcmci_val0.2_b18964_86c51395047ba38a,1.0,False,15,11,49f630ac8d324ba01390c1a1dcaa4386cd94ae84,49f630ac8d324ba01390c1a1dcaa4386cd94ae84,cuda,2.6.0+cu124,SMD/machine-1-5/seed0/smd_cf_val/eval/last/attempt1,,True,val,G_raw,diagnostic,raw,G_raw,0.2625607868346553,0.8705458320973005,0.2144198623553603,0.9325444427330724,0.3870918049439129,0.9191919191919192,0.6451612903225801,0.3282656764204153,0.9082017461762872
eval/SMD/machine-1-5/seed0/smd_cf_val/eval/last,val_ckpt_eval,val_pred_mae_v2,SMD,machine-1-5,0,scripts/configs/smd_cf_val.yaml,last,80,2a6d58baffb08e8c5cc9b2dffee6eb228ca0b69d2933c6e8f5031c1d6d23b275,0.2175348394466644,val0.2_b18964,train_sub_val,4b6043a739de38f74ead02de0c8f98c2be762986d3b8b0a9832d3c6a20eeb8b2,SMD_machine-1-5_pcmci_val0.2_b18964_86c51395047ba38a,1.0,False,15,11,49f630ac8d324ba01390c1a1dcaa4386cd94ae84,49f630ac8d324ba01390c1a1dcaa4386cd94ae84,cuda,2.6.0+cu124,SMD/machine-1-5/seed0/smd_cf_val/eval/last/attempt1,,True,val,CF_raw,diagnostic,raw,CF_raw,0.076291639850098,0.8205369326609315,0.0958040921166606,0.8916587782688555,0.1848690771709989,0.8495575221238938,0.3870967741935479,0.277858624619394,0.8909614798347364
eval/SMD/machine-1-5/seed0/smd_cf_val/eval/best_val,val_ckpt_eval,val_pred_mae_v2,SMD,machine-1-5,0,scripts/configs/smd_cf_val.yaml,best_val,74,727b0f704672c21ffbb30f7cea148d03350273dbd6bdfff9633f5cdc5c7d4817,0.21629616887182157,val0.2_b18964,train_sub_val,4b6043a739de38f74ead02de0c8f98c2be762986d3b8b0a9832d3c6a20eeb8b2,SMD_machine-1-5_pcmci_val0.2_b18964_86c51395047ba38a,1.0,False,15,11,49f630ac8d324ba01390c1a1dcaa4386cd94ae84,49f630ac8d324ba01390c1a1dcaa4386cd94ae84,cuda,2.6.0+cu124,SMD/machine-1-5/seed0/smd_cf_val/eval/best_val/attempt1,,True,val,A_off,fusion,raw,P_raw + C_raw,0.5175108276954508,0.9107475526549986,0.3760654847317699,0.9578842757348884,0.5384569362655021,0.75,0.7272727272727267,0.4559083734489713,0.9036971958115044
eval/SMD/machine-1-5/seed0/smd_cf_val/eval/best_val,val_ckpt_eval,val_pred_mae_v2,SMD,machine-1-5,0,scripts/configs/smd_cf_val.yaml,best_val,74,727b0f704672c21ffbb30f7cea148d03350273dbd6bdfff9633f5cdc5c7d4817,0.21629616887182157,val0.2_b18964,train_sub_val,4b6043a739de38f74ead02de0c8f98c2be762986d3b8b0a9832d3c6a20eeb8b2,SMD_machine-1-5_pcmci_val0.2_b18964_86c51395047ba38a,1.0,False,15,11,49f630ac8d324ba01390c1a1dcaa4386cd94ae84,49f630ac8d324ba01390c1a1dcaa4386cd94ae84,cuda,2.6.0+cu124,SMD/machine-1-5/seed0/smd_cf_val/eval/best_val/attempt1,,True,val,A_on,fusion,raw,P_raw + C_raw + 1*CF_raw,0.524774328504867,0.8886752553290673,0.4103501876772937,0.9539189246630736,0.553667400854391,0.75,0.7272727272727267,0.4559083734489713,0.9291540051694582
eval/SMD/machine-1-5/seed0/smd_cf_val/eval/best_val,val_ckpt_eval,val_pred_mae_v2,SMD,machine-1-5,0,scripts/configs/smd_cf_val.yaml,best_val,74,727b0f704672c21ffbb30f7cea148d03350273dbd6bdfff9633f5cdc5c7d4817,0.21629616887182157,val0.2_b18964,train_sub_val,4b6043a739de38f74ead02de0c8f98c2be762986d3b8b0a9832d3c6a20eeb8b2,SMD_machine-1-5_pcmci_val0.2_b18964_86c51395047ba38a,1.0,False,15,11,49f630ac8d324ba01390c1a1dcaa4386cd94ae84,49f630ac8d324ba01390c1a1dcaa4386cd94ae84,cuda,2.6.0+cu124,SMD/machine-1-5/seed0/smd_cf_val/eval/best_val/attempt1,,True,val,P_raw,diagnostic,raw,P_raw,0.5172538488462598,0.9106276221553588,0.3759677214455399,0.957822664306441,0.5384569362655021,0.75,0.7272727272727267,0.4559083734489713,0.9036971958115044
eval/SMD/machine-1-5/seed0/smd_cf_val/eval/best_val,val_ckpt_eval,val_pred_mae_v2,SMD,machine-1-5,0,scripts/configs/smd_cf_val.yaml,best_val,74,727b0f704672c21ffbb30f7cea148d03350273dbd6bdfff9633f5cdc5c7d4817,0.21629616887182157,val0.2_b18964,train_sub_val,4b6043a739de38f74ead02de0c8f98c2be762986d3b8b0a9832d3c6a20eeb8b2,SMD_machine-1-5_pcmci_val0.2_b18964_86c51395047ba38a,1.0,False,15,11,49f630ac8d324ba01390c1a1dcaa4386cd94ae84,49f630ac8d324ba01390c1a1dcaa4386cd94ae84,cuda,2.6.0+cu124,SMD/machine-1-5/seed0/smd_cf_val/eval/best_val/attempt1,,True,val,C_raw,diagnostic,raw,C_raw,0.2687913778303407,0.8522689324914183,0.2412528037653442,0.9106487066683496,0.4444394502183183,0.9014084507042254,0.6247755834829438,0.3627739549520977,0.8974693810793261
eval/SMD/machine-1-5/seed0/smd_cf_val/eval/best_val,val_ckpt_eval,val_pred_mae_v2,SMD,machine-1-5,0,scripts/configs/smd_cf_val.yaml,best_val,74,727b0f704672c21ffbb30f7cea148d03350273dbd6bdfff9633f5cdc5c7d4817,0.21629616887182157,val0.2_b18964,train_sub_val,4b6043a739de38f74ead02de0c8f98c2be762986d3b8b0a9832d3c6a20eeb8b2,SMD_machine-1-5_pcmci_val0.2_b18964_86c51395047ba38a,1.0,False,15,11,49f630ac8d324ba01390c1a1dcaa4386cd94ae84,49f630ac8d324ba01390c1a1dcaa4386cd94ae84,cuda,2.6.0+cu124,SMD/machine-1-5/seed0/smd_cf_val/eval/best_val/attempt1,,True,val,G_raw,diagnostic,raw,G_raw,0.2782959093114756,0.873816163071577,0.2289258842227515,0.932808436668762,0.3894686981247751,0.896551724137931,0.6270627062706265,0.3249369116274461,0.8991095091153222
eval/SMD/machine-1-5/seed0/smd_cf_val/eval/best_val,val_ckpt_eval,val_pred_mae_v2,SMD,machine-1-5,0,scripts/configs/smd_cf_val.yaml,best_val,74,727b0f704672c21ffbb30f7cea148d03350273dbd6bdfff9633f5cdc5c7d4817,0.21629616887182157,val0.2_b18964,train_sub_val,4b6043a739de38f74ead02de0c8f98c2be762986d3b8b0a9832d3c6a20eeb8b2,SMD_machine-1-5_pcmci_val0.2_b18964_86c51395047ba38a,1.0,False,15,11,49f630ac8d324ba01390c1a1dcaa4386cd94ae84,49f630ac8d324ba01390c1a1dcaa4386cd94ae84,cuda,2.6.0+cu124,SMD/machine-1-5/seed0/smd_cf_val/eval/best_val/attempt1,,True,val,CF_raw,diagnostic,raw,CF_raw,0.086931740590087,0.8152943170742043,0.1054527502671289,0.8904884526228242,0.1944394720064478,0.8438818565400844,0.4126984126984123,0.2800141380714201,0.8880135756460689
eval/SMD/machine-1-5/seed1/smd_cf_val/eval/last,val_ckpt_eval,val_pred_mae_v2,SMD,machine-1-5,1,scripts/configs/smd_cf_val.yaml,last,80,006a5e64f7e719ce60fe8c0e36f769849bfdffaf9e600e8fcc89ab6c0d2be0e6,0.2200957936960994,val0.2_b18964,train_sub_val,4b6043a739de38f74ead02de0c8f98c2be762986d3b8b0a9832d3c6a20eeb8b2,SMD_machine-1-5_pcmci_val0.2_b18964_86c51395047ba38a,1.0,False,15,11,49f630ac8d324ba01390c1a1dcaa4386cd94ae84,49f630ac8d324ba01390c1a1dcaa4386cd94ae84,cuda,2.6.0+cu124,SMD/machine-1-5/seed1/smd_cf_val/eval/last/attempt1,,True,val,A_off,fusion,raw,P_raw + C_raw,0.5207110635056484,0.9049129126583888,0.3813730758858303,0.956229548487757,0.5411716263409407,0.75,0.7272727272727267,0.4559083734489713,0.902408073089598
eval/SMD/machine-1-5/seed1/smd_cf_val/eval/last,val_ckpt_eval,val_pred_mae_v2,SMD,machine-1-5,1,scripts/configs/smd_cf_val.yaml,last,80,006a5e64f7e719ce60fe8c0e36f769849bfdffaf9e600e8fcc89ab6c0d2be0e6,0.2200957936960994,val0.2_b18964,train_sub_val,4b6043a739de38f74ead02de0c8f98c2be762986d3b8b0a9832d3c6a20eeb8b2,SMD_machine-1-5_pcmci_val0.2_b18964_86c51395047ba38a,1.0,False,15,11,49f630ac8d324ba01390c1a1dcaa4386cd94ae84,49f630ac8d324ba01390c1a1dcaa4386cd94ae84,cuda,2.6.0+cu124,SMD/machine-1-5/seed1/smd_cf_val/eval/last/attempt1,,True,val,A_on,fusion,raw,P_raw + C_raw + 1*CF_raw,0.5433721184310537,0.9015612154087383,0.42810024074088,0.958651150460984,0.5568132748366318,0.7843137254901961,0.7272727272727267,0.4559083734489713,0.933511091310243
eval/SMD/machine-1-5/seed1/smd_cf_val/eval/last,val_ckpt_eval,val_pred_mae_v2,SMD,machine-1-5,1,scripts/configs/smd_cf_val.yaml,last,80,006a5e64f7e719ce60fe8c0e36f769849bfdffaf9e600e8fcc89ab6c0d2be0e6,0.2200957936960994,val0.2_b18964,train_sub_val,4b6043a739de38f74ead02de0c8f98c2be762986d3b8b0a9832d3c6a20eeb8b2,SMD_machine-1-5_pcmci_val0.2_b18964_86c51395047ba38a,1.0,False,15,11,49f630ac8d324ba01390c1a1dcaa4386cd94ae84,49f630ac8d324ba01390c1a1dcaa4386cd94ae84,cuda,2.6.0+cu124,SMD/machine-1-5/seed1/smd_cf_val/eval/last/attempt1,,True,val,P_raw,diagnostic,raw,P_raw,0.5204303038009419,0.9050438615078188,0.3812316841336168,0.9562980774443856,0.5411716263409407,0.75,0.7272727272727267,0.4559083734489713,0.902408073089598
eval/SMD/machine-1-5/seed1/smd_cf_val/eval/last,val_ckpt_eval,val_pred_mae_v2,SMD,machine-1-5,1,scripts/configs/smd_cf_val.yaml,last,80,006a5e64f7e719ce60fe8c0e36f769849bfdffaf9e600e8fcc89ab6c0d2be0e6,0.2200957936960994,val0.2_b18964,train_sub_val,4b6043a739de38f74ead02de0c8f98c2be762986d3b8b0a9832d3c6a20eeb8b2,SMD_machine-1-5_pcmci_val0.2_b18964_86c51395047ba38a,1.0,False,15,11,49f630ac8d324ba01390c1a1dcaa4386cd94ae84,49f630ac8d324ba01390c1a1dcaa4386cd94ae84,cuda,2.6.0+cu124,SMD/machine-1-5/seed1/smd_cf_val/eval/last/attempt1,,True,val,C_raw,diagnostic,raw,C_raw,0.331092545100591,0.8574085688858754,0.2594542848974069,0.9209930178603088,0.4678849423976253,0.9238578680203046,0.7070707070707066,0.4132732151458515,0.8947387518927297
eval/SMD/machine-1-5/seed1/smd_cf_val/eval/last,val_ckpt_eval,val_pred_mae_v2,SMD,machine-1-5,1,scripts/configs/smd_cf_val.yaml,last,80,006a5e64f7e719ce60fe8c0e36f769849bfdffaf9e600e8fcc89ab6c0d2be0e6,0.2200957936960994,val0.2_b18964,train_sub_val,4b6043a739de38f74ead02de0c8f98c2be762986d3b8b0a9832d3c6a20eeb8b2,SMD_machine-1-5_pcmci_val0.2_b18964_86c51395047ba38a,1.0,False,15,11,49f630ac8d324ba01390c1a1dcaa4386cd94ae84,49f630ac8d324ba01390c1a1dcaa4386cd94ae84,cuda,2.6.0+cu124,SMD/machine-1-5/seed1/smd_cf_val/eval/last/attempt1,,True,val,G_raw,diagnostic,raw,G_raw,0.3904105513724304,0.8884231046319448,0.2742540244326165,0.942677527729438,0.4588695489740329,0.9528795811518324,0.8333333333333327,0.3952687689840689,0.8930554514898332
eval/SMD/machine-1-5/seed1/smd_cf_val/eval/last,val_ckpt_eval,val_pred_mae_v2,SMD,machine-1-5,1,scripts/configs/smd_cf_val.yaml,last,80,006a5e64f7e719ce60fe8c0e36f769849bfdffaf9e600e8fcc89ab6c0d2be0e6,0.2200957936960994,val0.2_b18964,train_sub_val,4b6043a739de38f74ead02de0c8f98c2be762986d3b8b0a9832d3c6a20eeb8b2,SMD_machine-1-5_pcmci_val0.2_b18964_86c51395047ba38a,1.0,False,15,11,49f630ac8d324ba01390c1a1dcaa4386cd94ae84,49f630ac8d324ba01390c1a1dcaa4386cd94ae84,cuda,2.6.0+cu124,SMD/machine-1-5/seed1/smd_cf_val/eval/last/attempt1,,True,val,CF_raw,diagnostic,raw,CF_raw,0.2315853148650813,0.8615349408823156,0.1854338934896803,0.9199941972185282,0.3396179740366951,0.8170212765957446,0.7100591715976327,0.3534428505049435,0.9356540196271548
eval/SMD/machine-1-5/seed1/smd_cf_val/eval/best_val,val_ckpt_eval,val_pred_mae_v2,SMD,machine-1-5,1,scripts/configs/smd_cf_val.yaml,best_val,79,bf3a41a5281a436864edbac38d3f3be7352eafa28eddb4fb768e73678bf1e009,0.21730747283149424,val0.2_b18964,train_sub_val,4b6043a739de38f74ead02de0c8f98c2be762986d3b8b0a9832d3c6a20eeb8b2,SMD_machine-1-5_pcmci_val0.2_b18964_86c51395047ba38a,1.0,False,15,11,49f630ac8d324ba01390c1a1dcaa4386cd94ae84,49f630ac8d324ba01390c1a1dcaa4386cd94ae84,cuda,2.6.0+cu124,SMD/machine-1-5/seed1/smd_cf_val/eval/best_val/attempt1,,True,val,A_off,fusion,raw,P_raw + C_raw,0.5206934877554883,0.9059410094503538,0.3812742807274019,0.956560063046963,0.5411716263409407,0.75,0.7272727272727267,0.4559083734489713,0.902408073089598
eval/SMD/machine-1-5/seed1/smd_cf_val/eval/best_val,val_ckpt_eval,val_pred_mae_v2,SMD,machine-1-5,1,scripts/configs/smd_cf_val.yaml,best_val,79,bf3a41a5281a436864edbac38d3f3be7352eafa28eddb4fb768e73678bf1e009,0.21730747283149424,val0.2_b18964,train_sub_val,4b6043a739de38f74ead02de0c8f98c2be762986d3b8b0a9832d3c6a20eeb8b2,SMD_machine-1-5_pcmci_val0.2_b18964_86c51395047ba38a,1.0,False,15,11,49f630ac8d324ba01390c1a1dcaa4386cd94ae84,49f630ac8d324ba01390c1a1dcaa4386cd94ae84,cuda,2.6.0+cu124,SMD/machine-1-5/seed1/smd_cf_val/eval/best_val/attempt1,,True,val,A_on,fusion,raw,P_raw + C_raw + 1*CF_raw,0.5425161772331313,0.9011043776751282,0.4247007908950102,0.9587562725285412,0.553667400854391,0.78125,0.7272727272727267,0.4559083734489713,0.933704245230965
eval/SMD/machine-1-5/seed1/smd_cf_val/eval/best_val,val_ckpt_eval,val_pred_mae_v2,SMD,machine-1-5,1,scripts/configs/smd_cf_val.yaml,best_val,79,bf3a41a5281a436864edbac38d3f3be7352eafa28eddb4fb768e73678bf1e009,0.21730747283149424,val0.2_b18964,train_sub_val,4b6043a739de38f74ead02de0c8f98c2be762986d3b8b0a9832d3c6a20eeb8b2,SMD_machine-1-5_pcmci_val0.2_b18964_86c51395047ba38a,1.0,False,15,11,49f630ac8d324ba01390c1a1dcaa4386cd94ae84,49f630ac8d324ba01390c1a1dcaa4386cd94ae84,cuda,2.6.0+cu124,SMD/machine-1-5/seed1/smd_cf_val/eval/best_val/attempt1,,True,val,P_raw,diagnostic,raw,P_raw,0.5203467982405352,0.905999491460779,0.3812216637888552,0.9566472745340224,0.5411716263409407,0.75,0.7272727272727267,0.4559083734489713,0.902408073089598
eval/SMD/machine-1-5/seed1/smd_cf_val/eval/best_val,val_ckpt_eval,val_pred_mae_v2,SMD,machine-1-5,1,scripts/configs/smd_cf_val.yaml,best_val,79,bf3a41a5281a436864edbac38d3f3be7352eafa28eddb4fb768e73678bf1e009,0.21730747283149424,val0.2_b18964,train_sub_val,4b6043a739de38f74ead02de0c8f98c2be762986d3b8b0a9832d3c6a20eeb8b2,SMD_machine-1-5_pcmci_val0.2_b18964_86c51395047ba38a,1.0,False,15,11,49f630ac8d324ba01390c1a1dcaa4386cd94ae84,49f630ac8d324ba01390c1a1dcaa4386cd94ae84,cuda,2.6.0+cu124,SMD/machine-1-5/seed1/smd_cf_val/eval/best_val/attempt1,,True,val,C_raw,diagnostic,raw,C_raw,0.3329795078367877,0.8568059499088867,0.2597117633379463,0.9212670128391036,0.4705832804927828,0.9238578680203046,0.7070707070707066,0.4256636412481592,0.903702179152282
eval/SMD/machine-1-5/seed1/smd_cf_val/eval/best_val,val_ckpt_eval,val_pred_mae_v2,SMD,machine-1-5,1,scripts/configs/smd_cf_val.yaml,best_val,79,bf3a41a5281a436864edbac38d3f3be7352eafa28eddb4fb768e73678bf1e009,0.21730747283149424,val0.2_b18964,train_sub_val,4b6043a739de38f74ead02de0c8f98c2be762986d3b8b0a9832d3c6a20eeb8b2,SMD_machine-1-5_pcmci_val0.2_b18964_86c51395047ba38a,1.0,False,15,11,49f630ac8d324ba01390c1a1dcaa4386cd94ae84,49f630ac8d324ba01390c1a1dcaa4386cd94ae84,cuda,2.6.0+cu124,SMD/machine-1-5/seed1/smd_cf_val/eval/best_val/attempt1,,True,val,G_raw,diagnostic,raw,G_raw,0.4004924731920631,0.8891969318133661,0.293384382064103,0.943771519550862,0.4757659958980683,0.9528795811518324,0.8333333333333327,0.4027822144395248,0.8947263734194746
eval/SMD/machine-1-5/seed1/smd_cf_val/eval/best_val,val_ckpt_eval,val_pred_mae_v2,SMD,machine-1-5,1,scripts/configs/smd_cf_val.yaml,best_val,79,bf3a41a5281a436864edbac38d3f3be7352eafa28eddb4fb768e73678bf1e009,0.21730747283149424,val0.2_b18964,train_sub_val,4b6043a739de38f74ead02de0c8f98c2be762986d3b8b0a9832d3c6a20eeb8b2,SMD_machine-1-5_pcmci_val0.2_b18964_86c51395047ba38a,1.0,False,15,11,49f630ac8d324ba01390c1a1dcaa4386cd94ae84,49f630ac8d324ba01390c1a1dcaa4386cd94ae84,cuda,2.6.0+cu124,SMD/machine-1-5/seed1/smd_cf_val/eval/best_val/attempt1,,True,val,CF_raw,diagnostic,raw,CF_raw,0.2049800026538508,0.8570589481713777,0.1852821969266946,0.9209162274283464,0.3255765279256623,0.8275862068965517,0.6050420168067221,0.3101773426402309,0.9409102488233207
eval/SMD/machine-1-5/seed2/smd_cf_val/eval/last,val_ckpt_eval,val_pred_mae_v2,SMD,machine-1-5,2,scripts/configs/smd_cf_val.yaml,last,80,880276899203798234bb8364eafac06a24acd4613881f624dc5814da711c8dc1,0.22182744392727322,val0.2_b18964,train_sub_val,4b6043a739de38f74ead02de0c8f98c2be762986d3b8b0a9832d3c6a20eeb8b2,SMD_machine-1-5_pcmci_val0.2_b18964_86c51395047ba38a,1.0,False,15,11,49f630ac8d324ba01390c1a1dcaa4386cd94ae84,49f630ac8d324ba01390c1a1dcaa4386cd94ae84,cuda,2.6.0+cu124,SMD/machine-1-5/seed2/smd_cf_val/eval/last/attempt1,,True,val,A_off,fusion,raw,P_raw + C_raw,0.5244121215574201,0.9107602661355256,0.3819785008552803,0.9592017859524864,0.5384569362655021,0.75,0.7272727272727267,0.4559083734489713,0.902408073089598
eval/SMD/machine-1-5/seed2/smd_cf_val/eval/last,val_ckpt_eval,val_pred_mae_v2,SMD,machine-1-5,2,scripts/configs/smd_cf_val.yaml,last,80,880276899203798234bb8364eafac06a24acd4613881f624dc5814da711c8dc1,0.22182744392727322,val0.2_b18964,train_sub_val,4b6043a739de38f74ead02de0c8f98c2be762986d3b8b0a9832d3c6a20eeb8b2,SMD_machine-1-5_pcmci_val0.2_b18964_86c51395047ba38a,1.0,False,15,11,49f630ac8d324ba01390c1a1dcaa4386cd94ae84,49f630ac8d324ba01390c1a1dcaa4386cd94ae84,cuda,2.6.0+cu124,SMD/machine-1-5/seed2/smd_cf_val/eval/last/attempt1,,True,val,A_on,fusion,raw,P_raw + C_raw + 1*CF_raw,0.5561573751132801,0.9035521464592956,0.4604123127506072,0.9607125703269546,0.5507196434442029,0.819672131147541,0.7272727272727267,0.4623688994546217,0.9689929621653202
eval/SMD/machine-1-5/seed2/smd_cf_val/eval/last,val_ckpt_eval,val_pred_mae_v2,SMD,machine-1-5,2,scripts/configs/smd_cf_val.yaml,last,80,880276899203798234bb8364eafac06a24acd4613881f624dc5814da711c8dc1,0.22182744392727322,val0.2_b18964,train_sub_val,4b6043a739de38f74ead02de0c8f98c2be762986d3b8b0a9832d3c6a20eeb8b2,SMD_machine-1-5_pcmci_val0.2_b18964_86c51395047ba38a,1.0,False,15,11,49f630ac8d324ba01390c1a1dcaa4386cd94ae84,49f630ac8d324ba01390c1a1dcaa4386cd94ae84,cuda,2.6.0+cu124,SMD/machine-1-5/seed2/smd_cf_val/eval/last/attempt1,,True,val,P_raw,diagnostic,raw,P_raw,0.5242685834259295,0.9103169894478113,0.3818335631725214,0.9589548413604706,0.5384569362655021,0.75,0.7272727272727267,0.4559083734489713,0.902408073089598
eval/SMD/machine-1-5/seed2/smd_cf_val/eval/last,val_ckpt_eval,val_pred_mae_v2,SMD,machine-1-5,2,scripts/configs/smd_cf_val.yaml,last,80,880276899203798234bb8364eafac06a24acd4613881f624dc5814da711c8dc1,0.22182744392727322,val0.2_b18964,train_sub_val,4b6043a739de38f74ead02de0c8f98c2be762986d3b8b0a9832d3c6a20eeb8b2,SMD_machine-1-5_pcmci_val0.2_b18964_86c51395047ba38a,1.0,False,15,11,49f630ac8d324ba01390c1a1dcaa4386cd94ae84,49f630ac8d324ba01390c1a1dcaa4386cd94ae84,cuda,2.6.0+cu124,SMD/machine-1-5/seed2/smd_cf_val/eval/last/attempt1,,True,val,C_raw,diagnostic,raw,C_raw,0.3195806847755605,0.8742501165402381,0.2541461408195947,0.935067769600514,0.4622591670170672,0.9381443298969072,0.7207207207207202,0.3503082290184637,0.8699858886177182
eval/SMD/machine-1-5/seed2/smd_cf_val/eval/last,val_ckpt_eval,val_pred_mae_v2,SMD,machine-1-5,2,scripts/configs/smd_cf_val.yaml,last,80,880276899203798234bb8364eafac06a24acd4613881f624dc5814da711c8dc1,0.22182744392727322,val0.2_b18964,train_sub_val,4b6043a739de38f74ead02de0c8f98c2be762986d3b8b0a9832d3c6a20eeb8b2,SMD_machine-1-5_pcmci_val0.2_b18964_86c51395047ba38a,1.0,False,15,11,49f630ac8d324ba01390c1a1dcaa4386cd94ae84,49f630ac8d324ba01390c1a1dcaa4386cd94ae84,cuda,2.6.0+cu124,SMD/machine-1-5/seed2/smd_cf_val/eval/last/attempt1,,True,val,G_raw,diagnostic,raw,G_raw,0.4047756957031777,0.8527588252743993,0.3255222387106923,0.91398219291904,0.5157844875828267,0.9191919191919192,0.7272727272727267,0.3899703750759079,0.8828460049771808
eval/SMD/machine-1-5/seed2/smd_cf_val/eval/last,val_ckpt_eval,val_pred_mae_v2,SMD,machine-1-5,2,scripts/configs/smd_cf_val.yaml,last,80,880276899203798234bb8364eafac06a24acd4613881f624dc5814da711c8dc1,0.22182744392727322,val0.2_b18964,train_sub_val,4b6043a739de38f74ead02de0c8f98c2be762986d3b8b0a9832d3c6a20eeb8b2,SMD_machine-1-5_pcmci_val0.2_b18964_86c51395047ba38a,1.0,False,15,11,49f630ac8d324ba01390c1a1dcaa4386cd94ae84,49f630ac8d324ba01390c1a1dcaa4386cd94ae84,cuda,2.6.0+cu124,SMD/machine-1-5/seed2/smd_cf_val/eval/last/attempt1,,True,val,CF_raw,diagnostic,raw,CF_raw,0.2356920659568168,0.8652159172776203,0.2070972806962614,0.9289422310913504,0.3467693809200697,0.9320388349514565,0.6774193548387092,0.3713786177013174,0.91111391833609
eval/SMD/machine-1-5/seed2/smd_cf_val/eval/best_val,val_ckpt_eval,val_pred_mae_v2,SMD,machine-1-5,2,scripts/configs/smd_cf_val.yaml,best_val,69,474378f7fbc1ddb27b55dc114835782df251b43e668a70190fc928c3bdee6655,0.21738942713108902,val0.2_b18964,train_sub_val,4b6043a739de38f74ead02de0c8f98c2be762986d3b8b0a9832d3c6a20eeb8b2,SMD_machine-1-5_pcmci_val0.2_b18964_86c51395047ba38a,1.0,False,15,11,49f630ac8d324ba01390c1a1dcaa4386cd94ae84,49f630ac8d324ba01390c1a1dcaa4386cd94ae84,cuda,2.6.0+cu124,SMD/machine-1-5/seed2/smd_cf_val/eval/best_val/attempt1,,True,val,A_off,fusion,raw,P_raw + C_raw,0.5241610998902395,0.9081874814595076,0.3877902170055753,0.9585966694365728,0.5384569362655021,0.75,0.7272727272727267,0.4559083734489713,0.9024763376924928
eval/SMD/machine-1-5/seed2/smd_cf_val/eval/best_val,val_ckpt_eval,val_pred_mae_v2,SMD,machine-1-5,2,scripts/configs/smd_cf_val.yaml,best_val,69,474378f7fbc1ddb27b55dc114835782df251b43e668a70190fc928c3bdee6655,0.21738942713108902,val0.2_b18964,train_sub_val,4b6043a739de38f74ead02de0c8f98c2be762986d3b8b0a9832d3c6a20eeb8b2,SMD_machine-1-5_pcmci_val0.2_b18964_86c51395047ba38a,1.0,False,15,11,49f630ac8d324ba01390c1a1dcaa4386cd94ae84,49f630ac8d324ba01390c1a1dcaa4386cd94ae84,cuda,2.6.0+cu124,SMD/machine-1-5/seed2/smd_cf_val/eval/best_val/attempt1,,True,val,A_on,fusion,raw,P_raw + C_raw + 1*CF_raw,0.5565491187193962,0.9001131499766919,0.4547459790289552,0.9590281939968902,0.5478211720667793,0.819672131147541,0.7272727272727267,0.4623688994546217,0.9689896174520154
eval/SMD/machine-1-5/seed2/smd_cf_val/eval/best_val,val_ckpt_eval,val_pred_mae_v2,SMD,machine-1-5,2,scripts/configs/smd_cf_val.yaml,best_val,69,474378f7fbc1ddb27b55dc114835782df251b43e668a70190fc928c3bdee6655,0.21738942713108902,val0.2_b18964,train_sub_val,4b6043a739de38f74ead02de0c8f98c2be762986d3b8b0a9832d3c6a20eeb8b2,SMD_machine-1-5_pcmci_val0.2_b18964_86c51395047ba38a,1.0,False,15,11,49f630ac8d324ba01390c1a1dcaa4386cd94ae84,49f630ac8d324ba01390c1a1dcaa4386cd94ae84,cuda,2.6.0+cu124,SMD/machine-1-5/seed2/smd_cf_val/eval/best_val/attempt1,,True,val,P_raw,diagnostic,raw,P_raw,0.5239694900854687,0.907763698775268,0.3875088010448608,0.9584568572982018,0.5384569362655021,0.75,0.7272727272727267,0.4559083734489713,0.9024763376924928
eval/SMD/machine-1-5/seed2/smd_cf_val/eval/best_val,val_ckpt_eval,val_pred_mae_v2,SMD,machine-1-5,2,scripts/configs/smd_cf_val.yaml,best_val,69,474378f7fbc1ddb27b55dc114835782df251b43e668a70190fc928c3bdee6655,0.21738942713108902,val0.2_b18964,train_sub_val,4b6043a739de38f74ead02de0c8f98c2be762986d3b8b0a9832d3c6a20eeb8b2,SMD_machine-1-5_pcmci_val0.2_b18964_86c51395047ba38a,1.0,False,15,11,49f630ac8d324ba01390c1a1dcaa4386cd94ae84,49f630ac8d324ba01390c1a1dcaa4386cd94ae84,cuda,2.6.0+cu124,SMD/machine-1-5/seed2/smd_cf_val/eval/best_val/attempt1,,True,val,C_raw,diagnostic,raw,C_raw,0.3206466179527064,0.8724458617620884,0.2438537603410906,0.9321647694422222,0.4388136873194448,0.9333333333333332,0.738636363636363,0.3427171999023649,0.8682299467416783
eval/SMD/machine-1-5/seed2/smd_cf_val/eval/best_val,val_ckpt_eval,val_pred_mae_v2,SMD,machine-1-5,2,scripts/configs/smd_cf_val.yaml,best_val,69,474378f7fbc1ddb27b55dc114835782df251b43e668a70190fc928c3bdee6655,0.21738942713108902,val0.2_b18964,train_sub_val,4b6043a739de38f74ead02de0c8f98c2be762986d3b8b0a9832d3c6a20eeb8b2,SMD_machine-1-5_pcmci_val0.2_b18964_86c51395047ba38a,1.0,False,15,11,49f630ac8d324ba01390c1a1dcaa4386cd94ae84,49f630ac8d324ba01390c1a1dcaa4386cd94ae84,cuda,2.6.0+cu124,SMD/machine-1-5/seed2/smd_cf_val/eval/best_val/attempt1,,True,val,G_raw,diagnostic,raw,G_raw,0.4155542695203163,0.8508064584481076,0.3404352635727585,0.9169499262051832,0.5154589223568349,0.9191919191919192,0.73170731707317,0.3808756490958142,0.8972371293698486
eval/SMD/machine-1-5/seed2/smd_cf_val/eval/best_val,val_ckpt_eval,val_pred_mae_v2,SMD,machine-1-5,2,scripts/configs/smd_cf_val.yaml,best_val,69,474378f7fbc1ddb27b55dc114835782df251b43e668a70190fc928c3bdee6655,0.21738942713108902,val0.2_b18964,train_sub_val,4b6043a739de38f74ead02de0c8f98c2be762986d3b8b0a9832d3c6a20eeb8b2,SMD_machine-1-5_pcmci_val0.2_b18964_86c51395047ba38a,1.0,False,15,11,49f630ac8d324ba01390c1a1dcaa4386cd94ae84,49f630ac8d324ba01390c1a1dcaa4386cd94ae84,cuda,2.6.0+cu124,SMD/machine-1-5/seed2/smd_cf_val/eval/best_val/attempt1,,True,val,CF_raw,diagnostic,raw,CF_raw,0.218309026416248,0.8593211001398484,0.1956472777942904,0.9259444594252728,0.3265261234362283,0.9230769230769232,0.6713286713286708,0.3571402764089894,0.905506979703074
eval/SMD/machine-1-5/seed3/smd_cf_val/eval/last,val_ckpt_eval,val_pred_mae_v2,SMD,machine-1-5,3,scripts/configs/smd_cf_val.yaml,last,80,c56e7fc7b815c589fb7fca0262362a42818b9a1b70719d276070b806521bed12,0.2194472917666314,val0.2_b18964,train_sub_val,4b6043a739de38f74ead02de0c8f98c2be762986d3b8b0a9832d3c6a20eeb8b2,SMD_machine-1-5_pcmci_val0.2_b18964_86c51395047ba38a,1.0,False,15,11,49f630ac8d324ba01390c1a1dcaa4386cd94ae84,49f630ac8d324ba01390c1a1dcaa4386cd94ae84,cuda,2.6.0+cu124,SMD/machine-1-5/seed3/smd_cf_val/eval/last/attempt1,,True,val,A_off,fusion,raw,P_raw + C_raw,0.5184872407546011,0.9065067593338136,0.3686096849765577,0.9558233261723528,0.5411716263409407,0.75,0.7272727272727267,0.4559083734489713,0.9037178376725786
eval/SMD/machine-1-5/seed3/smd_cf_val/eval/last,val_ckpt_eval,val_pred_mae_v2,SMD,machine-1-5,3,scripts/configs/smd_cf_val.yaml,last,80,c56e7fc7b815c589fb7fca0262362a42818b9a1b70719d276070b806521bed12,0.2194472917666314,val0.2_b18964,train_sub_val,4b6043a739de38f74ead02de0c8f98c2be762986d3b8b0a9832d3c6a20eeb8b2,SMD_machine-1-5_pcmci_val0.2_b18964_86c51395047ba38a,1.0,False,15,11,49f630ac8d324ba01390c1a1dcaa4386cd94ae84,49f630ac8d324ba01390c1a1dcaa4386cd94ae84,cuda,2.6.0+cu124,SMD/machine-1-5/seed3/smd_cf_val/eval/last/attempt1,,True,val,A_on,fusion,raw,P_raw + C_raw + 1*CF_raw,0.532461369055982,0.9006060092384625,0.4200047842907692,0.9608631481169572,0.5649668358817669,0.75,0.7272727272727267,0.4559083734489713,0.94019367078508
eval/SMD/machine-1-5/seed3/smd_cf_val/eval/last,val_ckpt_eval,val_pred_mae_v2,SMD,machine-1-5,3,scripts/configs/smd_cf_val.yaml,last,80,c56e7fc7b815c589fb7fca0262362a42818b9a1b70719d276070b806521bed12,0.2194472917666314,val0.2_b18964,train_sub_val,4b6043a739de38f74ead02de0c8f98c2be762986d3b8b0a9832d3c6a20eeb8b2,SMD_machine-1-5_pcmci_val0.2_b18964_86c51395047ba38a,1.0,False,15,11,49f630ac8d324ba01390c1a1dcaa4386cd94ae84,49f630ac8d324ba01390c1a1dcaa4386cd94ae84,cuda,2.6.0+cu124,SMD/machine-1-5/seed3/smd_cf_val/eval/last/attempt1,,True,val,P_raw,diagnostic,raw,P_raw,0.5183104524804771,0.9061266262660508,0.3685232430295386,0.9556097714151544,0.5411716263409407,0.75,0.7272727272727267,0.4559083734489713,0.90312120182905
eval/SMD/machine-1-5/seed3/smd_cf_val/eval/last,val_ckpt_eval,val_pred_mae_v2,SMD,machine-1-5,3,scripts/configs/smd_cf_val.yaml,last,80,c56e7fc7b815c589fb7fca0262362a42818b9a1b70719d276070b806521bed12,0.2194472917666314,val0.2_b18964,train_sub_val,4b6043a739de38f74ead02de0c8f98c2be762986d3b8b0a9832d3c6a20eeb8b2,SMD_machine-1-5_pcmci_val0.2_b18964_86c51395047ba38a,1.0,False,15,11,49f630ac8d324ba01390c1a1dcaa4386cd94ae84,49f630ac8d324ba01390c1a1dcaa4386cd94ae84,cuda,2.6.0+cu124,SMD/machine-1-5/seed3/smd_cf_val/eval/last/attempt1,,True,val,C_raw,diagnostic,raw,C_raw,0.2255137522718965,0.8685434589142687,0.2007647585239096,0.929445224584178,0.3482537066632021,0.8807339449541285,0.6315789473684205,0.3352834392274056,0.8657999767202793
eval/SMD/machine-1-5/seed3/smd_cf_val/eval/last,val_ckpt_eval,val_pred_mae_v2,SMD,machine-1-5,3,scripts/configs/smd_cf_val.yaml,last,80,c56e7fc7b815c589fb7fca0262362a42818b9a1b70719d276070b806521bed12,0.2194472917666314,val0.2_b18964,train_sub_val,4b6043a739de38f74ead02de0c8f98c2be762986d3b8b0a9832d3c6a20eeb8b2,SMD_machine-1-5_pcmci_val0.2_b18964_86c51395047ba38a,1.0,False,15,11,49f630ac8d324ba01390c1a1dcaa4386cd94ae84,49f630ac8d324ba01390c1a1dcaa4386cd94ae84,cuda,2.6.0+cu124,SMD/machine-1-5/seed3/smd_cf_val/eval/last/attempt1,,True,val,G_raw,diagnostic,raw,G_raw,0.4392358440052431,0.8709450353858542,0.4047616403121868,0.9427467552927472,0.5643514361780014,0.914572864321608,0.7651006711409389,0.4255328661700909,0.979742157840613
eval/SMD/machine-1-5/seed3/smd_cf_val/eval/last,val_ckpt_eval,val_pred_mae_v2,SMD,machine-1-5,3,scripts/configs/smd_cf_val.yaml,last,80,c56e7fc7b815c589fb7fca0262362a42818b9a1b70719d276070b806521bed12,0.2194472917666314,val0.2_b18964,train_sub_val,4b6043a739de38f74ead02de0c8f98c2be762986d3b8b0a9832d3c6a20eeb8b2,SMD_machine-1-5_pcmci_val0.2_b18964_86c51395047ba38a,1.0,False,15,11,49f630ac8d324ba01390c1a1dcaa4386cd94ae84,49f630ac8d324ba01390c1a1dcaa4386cd94ae84,cuda,2.6.0+cu124,SMD/machine-1-5/seed3/smd_cf_val/eval/last/attempt1,,True,val,CF_raw,diagnostic,raw,CF_raw,0.0996565361826144,0.8453087256854684,0.1216300685092659,0.9177191657990296,0.2352891628978923,0.7529411764705882,0.4210526315789469,0.2274462482582281,0.8863962164359309
eval/SMD/machine-1-5/seed3/smd_cf_val/eval/best_val,val_ckpt_eval,val_pred_mae_v2,SMD,machine-1-5,3,scripts/configs/smd_cf_val.yaml,best_val,76,6204f37a003e6d32a0cacfc89e5501e6fdd91ff4b91be750dc218e31c2c2aa63,0.21844330764025796,val0.2_b18964,train_sub_val,4b6043a739de38f74ead02de0c8f98c2be762986d3b8b0a9832d3c6a20eeb8b2,SMD_machine-1-5_pcmci_val0.2_b18964_86c51395047ba38a,1.0,False,15,11,49f630ac8d324ba01390c1a1dcaa4386cd94ae84,49f630ac8d324ba01390c1a1dcaa4386cd94ae84,cuda,2.6.0+cu124,SMD/machine-1-5/seed3/smd_cf_val/eval/best_val/attempt1,,True,val,A_off,fusion,raw,P_raw + C_raw,0.5189994993157063,0.9069911429418992,0.3687540743587248,0.9561660432712444,0.5411716263409407,0.75,0.7272727272727267,0.4559083734489713,0.90312120182905
eval/SMD/machine-1-5/seed3/smd_cf_val/eval/best_val,val_ckpt_eval,val_pred_mae_v2,SMD,machine-1-5,3,scripts/configs/smd_cf_val.yaml,best_val,76,6204f37a003e6d32a0cacfc89e5501e6fdd91ff4b91be750dc218e31c2c2aa63,0.21844330764025796,val0.2_b18964,train_sub_val,4b6043a739de38f74ead02de0c8f98c2be762986d3b8b0a9832d3c6a20eeb8b2,SMD_machine-1-5_pcmci_val0.2_b18964_86c51395047ba38a,1.0,False,15,11,49f630ac8d324ba01390c1a1dcaa4386cd94ae84,49f630ac8d324ba01390c1a1dcaa4386cd94ae84,cuda,2.6.0+cu124,SMD/machine-1-5/seed3/smd_cf_val/eval/best_val/attempt1,,True,val,A_on,fusion,raw,P_raw + C_raw + 1*CF_raw,0.5336576749325787,0.8978891384498029,0.4272893354806147,0.9593503669776378,0.5617928292313843,0.75,0.7272727272727267,0.4559083734489713,0.9440627023078366
eval/SMD/machine-1-5/seed3/smd_cf_val/eval/best_val,val_ckpt_eval,val_pred_mae_v2,SMD,machine-1-5,3,scripts/configs/smd_cf_val.yaml,best_val,76,6204f37a003e6d32a0cacfc89e5501e6fdd91ff4b91be750dc218e31c2c2aa63,0.21844330764025796,val0.2_b18964,train_sub_val,4b6043a739de38f74ead02de0c8f98c2be762986d3b8b0a9832d3c6a20eeb8b2,SMD_machine-1-5_pcmci_val0.2_b18964_86c51395047ba38a,1.0,False,15,11,49f630ac8d324ba01390c1a1dcaa4386cd94ae84,49f630ac8d324ba01390c1a1dcaa4386cd94ae84,cuda,2.6.0+cu124,SMD/machine-1-5/seed3/smd_cf_val/eval/best_val/attempt1,,True,val,P_raw,diagnostic,raw,P_raw,0.5187745413348814,0.9066923761495106,0.3687004385857726,0.95607061518977,0.5411716263409407,0.75,0.7272727272727267,0.4559083734489713,0.90312120182905
eval/SMD/machine-1-5/seed3/smd_cf_val/eval/best_val,val_ckpt_eval,val_pred_mae_v2,SMD,machine-1-5,3,scripts/configs/smd_cf_val.yaml,best_val,76,6204f37a003e6d32a0cacfc89e5501e6fdd91ff4b91be750dc218e31c2c2aa63,0.21844330764025796,val0.2_b18964,train_sub_val,4b6043a739de38f74ead02de0c8f98c2be762986d3b8b0a9832d3c6a20eeb8b2,SMD_machine-1-5_pcmci_val0.2_b18964_86c51395047ba38a,1.0,False,15,11,49f630ac8d324ba01390c1a1dcaa4386cd94ae84,49f630ac8d324ba01390c1a1dcaa4386cd94ae84,cuda,2.6.0+cu124,SMD/machine-1-5/seed3/smd_cf_val/eval/best_val/attempt1,,True,val,C_raw,diagnostic,raw,C_raw,0.2230490263164864,0.8645302368945205,0.2000292217697686,0.9253672990526524,0.3487129520768556,0.8695652173913043,0.6260869565217386,0.3274672945978692,0.8551377444653844
eval/SMD/machine-1-5/seed3/smd_cf_val/eval/best_val,val_ckpt_eval,val_pred_mae_v2,SMD,machine-1-5,3,scripts/configs/smd_cf_val.yaml,best_val,76,6204f37a003e6d32a0cacfc89e5501e6fdd91ff4b91be750dc218e31c2c2aa63,0.21844330764025796,val0.2_b18964,train_sub_val,4b6043a739de38f74ead02de0c8f98c2be762986d3b8b0a9832d3c6a20eeb8b2,SMD_machine-1-5_pcmci_val0.2_b18964_86c51395047ba38a,1.0,False,15,11,49f630ac8d324ba01390c1a1dcaa4386cd94ae84,49f630ac8d324ba01390c1a1dcaa4386cd94ae84,cuda,2.6.0+cu124,SMD/machine-1-5/seed3/smd_cf_val/eval/best_val/attempt1,,True,val,G_raw,diagnostic,raw,G_raw,0.435324209127483,0.8660630588634147,0.392042403003191,0.938727550063005,0.5612194919228919,0.914572864321608,0.7578947368421046,0.4416422605410462,0.9382797536742236
eval/SMD/machine-1-5/seed3/smd_cf_val/eval/best_val,val_ckpt_eval,val_pred_mae_v2,SMD,machine-1-5,3,scripts/configs/smd_cf_val.yaml,best_val,76,6204f37a003e6d32a0cacfc89e5501e6fdd91ff4b91be750dc218e31c2c2aa63,0.21844330764025796,val0.2_b18964,train_sub_val,4b6043a739de38f74ead02de0c8f98c2be762986d3b8b0a9832d3c6a20eeb8b2,SMD_machine-1-5_pcmci_val0.2_b18964_86c51395047ba38a,1.0,False,15,11,49f630ac8d324ba01390c1a1dcaa4386cd94ae84,49f630ac8d324ba01390c1a1dcaa4386cd94ae84,cuda,2.6.0+cu124,SMD/machine-1-5/seed3/smd_cf_val/eval/best_val/attempt1,,True,val,CF_raw,diagnostic,raw,CF_raw,0.1177699829241753,0.8427350934440819,0.1351182422985682,0.9164711425149044,0.2475197530663737,0.7966804979253111,0.4705882352941171,0.2584265927716335,0.8974353104001129
eval/SMD/machine-1-6/seed0/smd_cf_val/eval/last,val_ckpt_eval,val_pred_mae_v2,SMD,machine-1-6,0,scripts/configs/smd_cf_val.yaml,last,80,52db4769ab683102229b6824e4270b04cda12bfcae06d42886ab721022bf01c7,0.19456599841877978,val0.2_b18950,train_sub_val,9aa0ac3e7e3ef903ea806b8412c8127e2711c1714da61e3d9c29389edc3e4719,SMD_machine-1-6_pcmci_val0.2_b18950_687624957b233605,1.0,False,15,5,49f630ac8d324ba01390c1a1dcaa4386cd94ae84,49f630ac8d324ba01390c1a1dcaa4386cd94ae84,cuda,2.6.0+cu124,SMD/machine-1-6/seed0/smd_cf_val/eval/last/attempt1,,True,val,A_off,fusion,raw,P_raw + C_raw,0.860428824719911,0.9148372986474482,0.8391700460984478,0.892194504923593,0.8422596831341554,0.9952811109613052,0.973753692356899,0.6198023044973354,0.9282942625572732
eval/SMD/machine-1-6/seed0/smd_cf_val/eval/last,val_ckpt_eval,val_pred_mae_v2,SMD,machine-1-6,0,scripts/configs/smd_cf_val.yaml,last,80,52db4769ab683102229b6824e4270b04cda12bfcae06d42886ab721022bf01c7,0.19456599841877978,val0.2_b18950,train_sub_val,9aa0ac3e7e3ef903ea806b8412c8127e2711c1714da61e3d9c29389edc3e4719,SMD_machine-1-6_pcmci_val0.2_b18950_687624957b233605,1.0,False,15,5,49f630ac8d324ba01390c1a1dcaa4386cd94ae84,49f630ac8d324ba01390c1a1dcaa4386cd94ae84,cuda,2.6.0+cu124,SMD/machine-1-6/seed0/smd_cf_val/eval/last/attempt1,,True,val,A_on,fusion,raw,P_raw + C_raw + 1*CF_raw,0.8469021593365657,0.929168027795548,0.8215949323067725,0.9047027936802882,0.7816948187137174,0.9958136394328156,0.9534572490706312,0.6878271929125257,0.9101095832381272
eval/SMD/machine-1-6/seed0/smd_cf_val/eval/last,val_ckpt_eval,val_pred_mae_v2,SMD,machine-1-6,0,scripts/configs/smd_cf_val.yaml,last,80,52db4769ab683102229b6824e4270b04cda12bfcae06d42886ab721022bf01c7,0.19456599841877978,val0.2_b18950,train_sub_val,9aa0ac3e7e3ef903ea806b8412c8127e2711c1714da61e3d9c29389edc3e4719,SMD_machine-1-6_pcmci_val0.2_b18950_687624957b233605,1.0,False,15,5,49f630ac8d324ba01390c1a1dcaa4386cd94ae84,49f630ac8d324ba01390c1a1dcaa4386cd94ae84,cuda,2.6.0+cu124,SMD/machine-1-6/seed0/smd_cf_val/eval/last/attempt1,,True,val,P_raw,diagnostic,raw,P_raw,0.8601760822031518,0.9145796023818458,0.8388933960161172,0.8919364071698253,0.8420844016785028,0.9952811109613052,0.9737433604982604,0.619894517483948,0.9282942492977332
eval/SMD/machine-1-6/seed0/smd_cf_val/eval/last,val_ckpt_eval,val_pred_mae_v2,SMD,machine-1-6,0,scripts/configs/smd_cf_val.yaml,last,80,52db4769ab683102229b6824e4270b04cda12bfcae06d42886ab721022bf01c7,0.19456599841877978,val0.2_b18950,train_sub_val,9aa0ac3e7e3ef903ea806b8412c8127e2711c1714da61e3d9c29389edc3e4719,SMD_machine-1-6_pcmci_val0.2_b18950_687624957b233605,1.0,False,15,5,49f630ac8d324ba01390c1a1dcaa4386cd94ae84,49f630ac8d324ba01390c1a1dcaa4386cd94ae84,cuda,2.6.0+cu124,SMD/machine-1-6/seed0/smd_cf_val/eval/last/attempt1,,True,val,C_raw,diagnostic,raw,C_raw,0.2818155890574618,0.7632888916651598,0.2844453353395492,0.719236915929339,0.4274487696124103,0.9738446944030356,0.4443993747402991,0.3215943128067577,0.6961208030689469
eval/SMD/machine-1-6/seed0/smd_cf_val/eval/last,val_ckpt_eval,val_pred_mae_v2,SMD,machine-1-6,0,scripts/configs/smd_cf_val.yaml,last,80,52db4769ab683102229b6824e4270b04cda12bfcae06d42886ab721022bf01c7,0.19456599841877978,val0.2_b18950,train_sub_val,9aa0ac3e7e3ef903ea806b8412c8127e2711c1714da61e3d9c29389edc3e4719,SMD_machine-1-6_pcmci_val0.2_b18950_687624957b233605,1.0,False,15,5,49f630ac8d324ba01390c1a1dcaa4386cd94ae84,49f630ac8d324ba01390c1a1dcaa4386cd94ae84,cuda,2.6.0+cu124,SMD/machine-1-6/seed0/smd_cf_val/eval/last/attempt1,,True,val,G_raw,diagnostic,raw,G_raw,0.3438751693702905,0.8220135549532022,0.3595964641379838,0.7749981299203438,0.6111673027130452,0.9293133294864396,0.5608414551770716,0.5269890798865203,0.8028930063576092
eval/SMD/machine-1-6/seed0/smd_cf_val/eval/last,val_ckpt_eval,val_pred_mae_v2,SMD,machine-1-6,0,scripts/configs/smd_cf_val.yaml,last,80,52db4769ab683102229b6824e4270b04cda12bfcae06d42886ab721022bf01c7,0.19456599841877978,val0.2_b18950,train_sub_val,9aa0ac3e7e3ef903ea806b8412c8127e2711c1714da61e3d9c29389edc3e4719,SMD_machine-1-6_pcmci_val0.2_b18950_687624957b233605,1.0,False,15,5,49f630ac8d324ba01390c1a1dcaa4386cd94ae84,49f630ac8d324ba01390c1a1dcaa4386cd94ae84,cuda,2.6.0+cu124,SMD/machine-1-6/seed0/smd_cf_val/eval/last/attempt1,,True,val,CF_raw,diagnostic,raw,CF_raw,0.2332127390863362,0.6645344002099163,0.2281021872441445,0.6449921409986143,0.3449441422075494,0.990623726049735,0.628571428571428,0.3580669419644826,0.7725009812379164
eval/SMD/machine-1-6/seed0/smd_cf_val/eval/best_val,val_ckpt_eval,val_pred_mae_v2,SMD,machine-1-6,0,scripts/configs/smd_cf_val.yaml,best_val,68,81423adc661924805ec5c1ef6a184767b01161de0cf430c7cd775de060bf8434,0.19398237771552,val0.2_b18950,train_sub_val,9aa0ac3e7e3ef903ea806b8412c8127e2711c1714da61e3d9c29389edc3e4719,SMD_machine-1-6_pcmci_val0.2_b18950_687624957b233605,1.0,False,15,5,49f630ac8d324ba01390c1a1dcaa4386cd94ae84,49f630ac8d324ba01390c1a1dcaa4386cd94ae84,cuda,2.6.0+cu124,SMD/machine-1-6/seed0/smd_cf_val/eval/best_val/attempt1,,True,val,A_off,fusion,raw,P_raw + C_raw,0.8610445077908279,0.915951371834268,0.8399589789563161,0.8934374560499055,0.8426561053488312,0.9962345346960731,0.9783421079797662,0.6324549334936875,0.9455110037601326
eval/SMD/machine-1-6/seed0/smd_cf_val/eval/best_val,val_ckpt_eval,val_pred_mae_v2,SMD,machine-1-6,0,scripts/configs/smd_cf_val.yaml,best_val,68,81423adc661924805ec5c1ef6a184767b01161de0cf430c7cd775de060bf8434,0.19398237771552,val0.2_b18950,train_sub_val,9aa0ac3e7e3ef903ea806b8412c8127e2711c1714da61e3d9c29389edc3e4719,SMD_machine-1-6_pcmci_val0.2_b18950_687624957b233605,1.0,False,15,5,49f630ac8d324ba01390c1a1dcaa4386cd94ae84,49f630ac8d324ba01390c1a1dcaa4386cd94ae84,cuda,2.6.0+cu124,SMD/machine-1-6/seed0/smd_cf_val/eval/best_val/attempt1,,True,val,A_on,fusion,raw,P_raw + C_raw + 1*CF_raw,0.8254628452881801,0.9210687033043672,0.7959015971180459,0.8958836763268617,0.7588141518709136,0.9947389720760824,0.94426000349467,0.6637565064405143,0.8892158265578196
eval/SMD/machine-1-6/seed0/smd_cf_val/eval/best_val,val_ckpt_eval,val_pred_mae_v2,SMD,machine-1-6,0,scripts/configs/smd_cf_val.yaml,best_val,68,81423adc661924805ec5c1ef6a184767b01161de0cf430c7cd775de060bf8434,0.19398237771552,val0.2_b18950,train_sub_val,9aa0ac3e7e3ef903ea806b8412c8127e2711c1714da61e3d9c29389edc3e4719,SMD_machine-1-6_pcmci_val0.2_b18950_687624957b233605,1.0,False,15,5,49f630ac8d324ba01390c1a1dcaa4386cd94ae84,49f630ac8d324ba01390c1a1dcaa4386cd94ae84,cuda,2.6.0+cu124,SMD/machine-1-6/seed0/smd_cf_val/eval/best_val/attempt1,,True,val,P_raw,diagnostic,raw,P_raw,0.8608257598908574,0.9156991511416954,0.8397097216701738,0.89318512840827,0.8424019468927706,0.9962345346960731,0.978334447745555,0.6326432088918562,0.9455109773387098
eval/SMD/machine-1-6/seed0/smd_cf_val/eval/best_val,val_ckpt_eval,val_pred_mae_v2,SMD,machine-1-6,0,scripts/configs/smd_cf_val.yaml,best_val,68,81423adc661924805ec5c1ef6a184767b01161de0cf430c7cd775de060bf8434,0.19398237771552,val0.2_b18950,train_sub_val,9aa0ac3e7e3ef903ea806b8412c8127e2711c1714da61e3d9c29389edc3e4719,SMD_machine-1-6_pcmci_val0.2_b18950_687624957b233605,1.0,False,15,5,49f630ac8d324ba01390c1a1dcaa4386cd94ae84,49f630ac8d324ba01390c1a1dcaa4386cd94ae84,cuda,2.6.0+cu124,SMD/machine-1-6/seed0/smd_cf_val/eval/best_val/attempt1,,True,val,C_raw,diagnostic,raw,C_raw,0.2382174396870736,0.7040951925468039,0.2430015652123359,0.6603776270032832,0.3784360277308163,0.9715824915824915,0.3922965979468902,0.28270419917683,0.6891787903425082
eval/SMD/machine-1-6/seed0/smd_cf_val/eval/best_val,val_ckpt_eval,val_pred_mae_v2,SMD,machine-1-6,0,scripts/configs/smd_cf_val.yaml,best_val,68,81423adc661924805ec5c1ef6a184767b01161de0cf430c7cd775de060bf8434,0.19398237771552,val0.2_b18950,train_sub_val,9aa0ac3e7e3ef903ea806b8412c8127e2711c1714da61e3d9c29389edc3e4719,SMD_machine-1-6_pcmci_val0.2_b18950_687624957b233605,1.0,False,15,5,49f630ac8d324ba01390c1a1dcaa4386cd94ae84,49f630ac8d324ba01390c1a1dcaa4386cd94ae84,cuda,2.6.0+cu124,SMD/machine-1-6/seed0/smd_cf_val/eval/best_val/attempt1,,True,val,G_raw,diagnostic,raw,G_raw,0.3263955751794595,0.809048579553986,0.3511235588860787,0.7690072995683432,0.6006122149590727,0.927674317886531,0.5616030186715237,0.5130050801129843,0.7548167730823199
eval/SMD/machine-1-6/seed0/smd_cf_val/eval/best_val,val_ckpt_eval,val_pred_mae_v2,SMD,machine-1-6,0,scripts/configs/smd_cf_val.yaml,best_val,68,81423adc661924805ec5c1ef6a184767b01161de0cf430c7cd775de060bf8434,0.19398237771552,val0.2_b18950,train_sub_val,9aa0ac3e7e3ef903ea806b8412c8127e2711c1714da61e3d9c29389edc3e4719,SMD_machine-1-6_pcmci_val0.2_b18950_687624957b233605,1.0,False,15,5,49f630ac8d324ba01390c1a1dcaa4386cd94ae84,49f630ac8d324ba01390c1a1dcaa4386cd94ae84,cuda,2.6.0+cu124,SMD/machine-1-6/seed0/smd_cf_val/eval/best_val/attempt1,,True,val,CF_raw,diagnostic,raw,CF_raw,0.1896382393088661,0.5960639866147017,0.187958315288357,0.577378256090073,0.3418290472354847,0.988427501701838,0.5537037037037031,0.3762093518708106,0.7628268943236844
eval/SMD/machine-1-6/seed1/smd_cf_val/eval/last,val_ckpt_eval,val_pred_mae_v2,SMD,machine-1-6,1,scripts/configs/smd_cf_val.yaml,last,80,b1369ce5a4e71c3afa622693b9d72e98c66a10e964641e41d2832690cbd43fa1,0.19579734980135952,val0.2_b18950,train_sub_val,9aa0ac3e7e3ef903ea806b8412c8127e2711c1714da61e3d9c29389edc3e4719,SMD_machine-1-6_pcmci_val0.2_b18950_687624957b233605,1.0,False,15,5,49f630ac8d324ba01390c1a1dcaa4386cd94ae84,49f630ac8d324ba01390c1a1dcaa4386cd94ae84,cuda,2.6.0+cu124,SMD/machine-1-6/seed1/smd_cf_val/eval/last/attempt1,,True,val,A_off,fusion,raw,P_raw + C_raw,0.8663759692231041,0.9185736311850616,0.845241522085558,0.8976586109931927,0.847322162099428,0.9954153182308522,0.9749439160794964,0.6384599424361992,0.9292962264101344
eval/SMD/machine-1-6/seed1/smd_cf_val/eval/last,val_ckpt_eval,val_pred_mae_v2,SMD,machine-1-6,1,scripts/configs/smd_cf_val.yaml,last,80,b1369ce5a4e71c3afa622693b9d72e98c66a10e964641e41d2832690cbd43fa1,0.19579734980135952,val0.2_b18950,train_sub_val,9aa0ac3e7e3ef903ea806b8412c8127e2711c1714da61e3d9c29389edc3e4719,SMD_machine-1-6_pcmci_val0.2_b18950_687624957b233605,1.0,False,15,5,49f630ac8d324ba01390c1a1dcaa4386cd94ae84,49f630ac8d324ba01390c1a1dcaa4386cd94ae84,cuda,2.6.0+cu124,SMD/machine-1-6/seed1/smd_cf_val/eval/last/attempt1,,True,val,A_on,fusion,raw,P_raw + C_raw + 1*CF_raw,0.8153298305287986,0.916680264452218,0.7936684616465327,0.8926509860266396,0.7573251288584044,0.9932723358449946,0.9396604207535676,0.6755950027174149,0.8975350745966199
eval/SMD/machine-1-6/seed1/smd_cf_val/eval/last,val_ckpt_eval,val_pred_mae_v2,SMD,machine-1-6,1,scripts/configs/smd_cf_val.yaml,last,80,b1369ce5a4e71c3afa622693b9d72e98c66a10e964641e41d2832690cbd43fa1,0.19579734980135952,val0.2_b18950,train_sub_val,9aa0ac3e7e3ef903ea806b8412c8127e2711c1714da61e3d9c29389edc3e4719,SMD_machine-1-6_pcmci_val0.2_b18950_687624957b233605,1.0,False,15,5,49f630ac8d324ba01390c1a1dcaa4386cd94ae84,49f630ac8d324ba01390c1a1dcaa4386cd94ae84,cuda,2.6.0+cu124,SMD/machine-1-6/seed1/smd_cf_val/eval/last/attempt1,,True,val,P_raw,diagnostic,raw,P_raw,0.8662133964166023,0.9185032656830674,0.845060379467608,0.8975885163485723,0.847102482650477,0.9954153182308522,0.9749439160794964,0.6384599424361992,0.9292961705342636
eval/SMD/machine-1-6/seed1/smd_cf_val/eval/last,val_ckpt_eval,val_pred_mae_v2,SMD,machine-1-6,1,scripts/configs/smd_cf_val.yaml,last,80,b1369ce5a4e71c3afa622693b9d72e98c66a10e964641e41d2832690cbd43fa1,0.19579734980135952,val0.2_b18950,train_sub_val,9aa0ac3e7e3ef903ea806b8412c8127e2711c1714da61e3d9c29389edc3e4719,SMD_machine-1-6_pcmci_val0.2_b18950_687624957b233605,1.0,False,15,5,49f630ac8d324ba01390c1a1dcaa4386cd94ae84,49f630ac8d324ba01390c1a1dcaa4386cd94ae84,cuda,2.6.0+cu124,SMD/machine-1-6/seed1/smd_cf_val/eval/last/attempt1,,True,val,C_raw,diagnostic,raw,C_raw,0.2258294082951152,0.6595800936305433,0.2276779412436279,0.6404150606261778,0.3343488513264551,0.96970509383378,0.3894657462729852,0.3055049092712625,0.7232289972316859
eval/SMD/machine-1-6/seed1/smd_cf_val/eval/last,val_ckpt_eval,val_pred_mae_v2,SMD,machine-1-6,1,scripts/configs/smd_cf_val.yaml,last,80,b1369ce5a4e71c3afa622693b9d72e98c66a10e964641e41d2832690cbd43fa1,0.19579734980135952,val0.2_b18950,train_sub_val,9aa0ac3e7e3ef903ea806b8412c8127e2711c1714da61e3d9c29389edc3e4719,SMD_machine-1-6_pcmci_val0.2_b18950_687624957b233605,1.0,False,15,5,49f630ac8d324ba01390c1a1dcaa4386cd94ae84,49f630ac8d324ba01390c1a1dcaa4386cd94ae84,cuda,2.6.0+cu124,SMD/machine-1-6/seed1/smd_cf_val/eval/last/attempt1,,True,val,G_raw,diagnostic,raw,G_raw,0.604870540139875,0.8366510579752323,0.5477985746679873,0.8122568300687929,0.5699069707077087,0.9300316729052692,0.7160790064209375,0.4423572563984762,0.7987316378557721
eval/SMD/machine-1-6/seed1/smd_cf_val/eval/last,val_ckpt_eval,val_pred_mae_v2,SMD,machine-1-6,1,scripts/configs/smd_cf_val.yaml,last,80,b1369ce5a4e71c3afa622693b9d72e98c66a10e964641e41d2832690cbd43fa1,0.19579734980135952,val0.2_b18950,train_sub_val,9aa0ac3e7e3ef903ea806b8412c8127e2711c1714da61e3d9c29389edc3e4719,SMD_machine-1-6_pcmci_val0.2_b18950_687624957b233605,1.0,False,15,5,49f630ac8d324ba01390c1a1dcaa4386cd94ae84,49f630ac8d324ba01390c1a1dcaa4386cd94ae84,cuda,2.6.0+cu124,SMD/machine-1-6/seed1/smd_cf_val/eval/last/attempt1,,True,val,CF_raw,diagnostic,raw,CF_raw,0.2997805654184212,0.7026005839134876,0.2947930414740096,0.6773351493774967,0.3647410432448567,0.9904968775454792,0.6601756395570822,0.4066220543733874,0.8247988337357093
eval/SMD/machine-1-6/seed1/smd_cf_val/eval/best_val,val_ckpt_eval,val_pred_mae_v2,SMD,machine-1-6,1,scripts/configs/smd_cf_val.yaml,best_val,80,54c38f87c3eba06d6b369d9097557b961fbbfa62a51d7065fa78109b2d077f43,0.19579734980135952,val0.2_b18950,train_sub_val,9aa0ac3e7e3ef903ea806b8412c8127e2711c1714da61e3d9c29389edc3e4719,SMD_machine-1-6_pcmci_val0.2_b18950_687624957b233605,1.0,False,15,5,49f630ac8d324ba01390c1a1dcaa4386cd94ae84,49f630ac8d324ba01390c1a1dcaa4386cd94ae84,cuda,2.6.0+cu124,SMD/machine-1-6/seed1/smd_cf_val/eval/best_val/attempt1,,True,val,A_off,fusion,raw,P_raw + C_raw,0.8663759692231041,0.9185736311850616,0.845241522085558,0.8976586109931927,0.847322162099428,0.9954153182308522,0.9749439160794964,0.6384599424361992,0.9292962264101344
eval/SMD/machine-1-6/seed1/smd_cf_val/eval/best_val,val_ckpt_eval,val_pred_mae_v2,SMD,machine-1-6,1,scripts/configs/smd_cf_val.yaml,best_val,80,54c38f87c3eba06d6b369d9097557b961fbbfa62a51d7065fa78109b2d077f43,0.19579734980135952,val0.2_b18950,train_sub_val,9aa0ac3e7e3ef903ea806b8412c8127e2711c1714da61e3d9c29389edc3e4719,SMD_machine-1-6_pcmci_val0.2_b18950_687624957b233605,1.0,False,15,5,49f630ac8d324ba01390c1a1dcaa4386cd94ae84,49f630ac8d324ba01390c1a1dcaa4386cd94ae84,cuda,2.6.0+cu124,SMD/machine-1-6/seed1/smd_cf_val/eval/best_val/attempt1,,True,val,A_on,fusion,raw,P_raw + C_raw + 1*CF_raw,0.8153298305287986,0.916680264452218,0.7936684616465327,0.8926509860266396,0.7573251288584044,0.9932723358449946,0.9396604207535676,0.6755950027174149,0.8975350745966199
eval/SMD/machine-1-6/seed1/smd_cf_val/eval/best_val,val_ckpt_eval,val_pred_mae_v2,SMD,machine-1-6,1,scripts/configs/smd_cf_val.yaml,best_val,80,54c38f87c3eba06d6b369d9097557b961fbbfa62a51d7065fa78109b2d077f43,0.19579734980135952,val0.2_b18950,train_sub_val,9aa0ac3e7e3ef903ea806b8412c8127e2711c1714da61e3d9c29389edc3e4719,SMD_machine-1-6_pcmci_val0.2_b18950_687624957b233605,1.0,False,15,5,49f630ac8d324ba01390c1a1dcaa4386cd94ae84,49f630ac8d324ba01390c1a1dcaa4386cd94ae84,cuda,2.6.0+cu124,SMD/machine-1-6/seed1/smd_cf_val/eval/best_val/attempt1,,True,val,P_raw,diagnostic,raw,P_raw,0.8662133964166023,0.9185032656830674,0.845060379467608,0.8975885163485723,0.847102482650477,0.9954153182308522,0.9749439160794964,0.6384599424361992,0.9292961705342636
eval/SMD/machine-1-6/seed1/smd_cf_val/eval/best_val,val_ckpt_eval,val_pred_mae_v2,SMD,machine-1-6,1,scripts/configs/smd_cf_val.yaml,best_val,80,54c38f87c3eba06d6b369d9097557b961fbbfa62a51d7065fa78109b2d077f43,0.19579734980135952,val0.2_b18950,train_sub_val,9aa0ac3e7e3ef903ea806b8412c8127e2711c1714da61e3d9c29389edc3e4719,SMD_machine-1-6_pcmci_val0.2_b18950_687624957b233605,1.0,False,15,5,49f630ac8d324ba01390c1a1dcaa4386cd94ae84,49f630ac8d324ba01390c1a1dcaa4386cd94ae84,cuda,2.6.0+cu124,SMD/machine-1-6/seed1/smd_cf_val/eval/best_val/attempt1,,True,val,C_raw,diagnostic,raw,C_raw,0.2258294082951152,0.6595800936305433,0.2276779412436279,0.6404150606261778,0.3343488513264551,0.96970509383378,0.3894657462729852,0.3055049092712625,0.7232289972316859
eval/SMD/machine-1-6/seed1/smd_cf_val/eval/best_val,val_ckpt_eval,val_pred_mae_v2,SMD,machine-1-6,1,scripts/configs/smd_cf_val.yaml,best_val,80,54c38f87c3eba06d6b369d9097557b961fbbfa62a51d7065fa78109b2d077f43,0.19579734980135952,val0.2_b18950,train_sub_val,9aa0ac3e7e3ef903ea806b8412c8127e2711c1714da61e3d9c29389edc3e4719,SMD_machine-1-6_pcmci_val0.2_b18950_687624957b233605,1.0,False,15,5,49f630ac8d324ba01390c1a1dcaa4386cd94ae84,49f630ac8d324ba01390c1a1dcaa4386cd94ae84,cuda,2.6.0+cu124,SMD/machine-1-6/seed1/smd_cf_val/eval/best_val/attempt1,,True,val,G_raw,diagnostic,raw,G_raw,0.604870540139875,0.8366510579752323,0.5477985746679873,0.8122568300687929,0.5699069707077087,0.9300316729052692,0.7160790064209375,0.4423572563984762,0.7987316378557721
eval/SMD/machine-1-6/seed1/smd_cf_val/eval/best_val,val_ckpt_eval,val_pred_mae_v2,SMD,machine-1-6,1,scripts/configs/smd_cf_val.yaml,best_val,80,54c38f87c3eba06d6b369d9097557b961fbbfa62a51d7065fa78109b2d077f43,0.19579734980135952,val0.2_b18950,train_sub_val,9aa0ac3e7e3ef903ea806b8412c8127e2711c1714da61e3d9c29389edc3e4719,SMD_machine-1-6_pcmci_val0.2_b18950_687624957b233605,1.0,False,15,5,49f630ac8d324ba01390c1a1dcaa4386cd94ae84,49f630ac8d324ba01390c1a1dcaa4386cd94ae84,cuda,2.6.0+cu124,SMD/machine-1-6/seed1/smd_cf_val/eval/best_val/attempt1,,True,val,CF_raw,diagnostic,raw,CF_raw,0.2997805654184212,0.7026005839134876,0.2947930414740096,0.6773351493774967,0.3647410432448567,0.9904968775454792,0.6601756395570822,0.4066220543733874,0.8247988337357093
eval/SMD/machine-1-6/seed2/smd_cf_val/eval/last,val_ckpt_eval,val_pred_mae_v2,SMD,machine-1-6,2,scripts/configs/smd_cf_val.yaml,last,80,69c9c73df8a41255dcab69ae71785d9670d480026ccf81295ced3908f460bc40,0.19652461889923142,val0.2_b18950,train_sub_val,9aa0ac3e7e3ef903ea806b8412c8127e2711c1714da61e3d9c29389edc3e4719,SMD_machine-1-6_pcmci_val0.2_b18950_687624957b233605,1.0,False,15,5,49f630ac8d324ba01390c1a1dcaa4386cd94ae84,49f630ac8d324ba01390c1a1dcaa4386cd94ae84,cuda,2.6.0+cu124,SMD/machine-1-6/seed2/smd_cf_val/eval/last/attempt1,,True,val,A_off,fusion,raw,P_raw + C_raw,0.8655487958425241,0.919770729182668,0.8447823974946296,0.8976420583205146,0.8436466888309297,0.9963685272360456,0.9784723240533194,0.6653170951507257,0.9511936348290044
eval/SMD/machine-1-6/seed2/smd_cf_val/eval/last,val_ckpt_eval,val_pred_mae_v2,SMD,machine-1-6,2,scripts/configs/smd_cf_val.yaml,last,80,69c9c73df8a41255dcab69ae71785d9670d480026ccf81295ced3908f460bc40,0.19652461889923142,val0.2_b18950,train_sub_val,9aa0ac3e7e3ef903ea806b8412c8127e2711c1714da61e3d9c29389edc3e4719,SMD_machine-1-6_pcmci_val0.2_b18950_687624957b233605,1.0,False,15,5,49f630ac8d324ba01390c1a1dcaa4386cd94ae84,49f630ac8d324ba01390c1a1dcaa4386cd94ae84,cuda,2.6.0+cu124,SMD/machine-1-6/seed2/smd_cf_val/eval/last/attempt1,,True,val,A_on,fusion,raw,P_raw + C_raw + 1*CF_raw,0.7901506843621496,0.9002229267144444,0.7473094497705901,0.8684155096840872,0.745789208636822,0.9935344827586208,0.9365482233502532,0.6313535790060344,0.906780130267622
eval/SMD/machine-1-6/seed2/smd_cf_val/eval/last,val_ckpt_eval,val_pred_mae_v2,SMD,machine-1-6,2,scripts/configs/smd_cf_val.yaml,last,80,69c9c73df8a41255dcab69ae71785d9670d480026ccf81295ced3908f460bc40,0.19652461889923142,val0.2_b18950,train_sub_val,9aa0ac3e7e3ef903ea806b8412c8127e2711c1714da61e3d9c29389edc3e4719,SMD_machine-1-6_pcmci_val0.2_b18950_687624957b233605,1.0,False,15,5,49f630ac8d324ba01390c1a1dcaa4386cd94ae84,49f630ac8d324ba01390c1a1dcaa4386cd94ae84,cuda,2.6.0+cu124,SMD/machine-1-6/seed2/smd_cf_val/eval/last/attempt1,,True,val,P_raw,diagnostic,raw,P_raw,0.8653348097382724,0.9195950382315176,0.8445563940877241,0.8974580979098149,0.8435202420583028,0.9963685272360456,0.9784685484265472,0.6650976198090256,0.9511768304206736
eval/SMD/machine-1-6/seed2/smd_cf_val/eval/last,val_ckpt_eval,val_pred_mae_v2,SMD,machine-1-6,2,scripts/configs/smd_cf_val.yaml,last,80,69c9c73df8a41255dcab69ae71785d9670d480026ccf81295ced3908f460bc40,0.19652461889923142,val0.2_b18950,train_sub_val,9aa0ac3e7e3ef903ea806b8412c8127e2711c1714da61e3d9c29389edc3e4719,SMD_machine-1-6_pcmci_val0.2_b18950_687624957b233605,1.0,False,15,5,49f630ac8d324ba01390c1a1dcaa4386cd94ae84,49f630ac8d324ba01390c1a1dcaa4386cd94ae84,cuda,2.6.0+cu124,SMD/machine-1-6/seed2/smd_cf_val/eval/last/attempt1,,True,val,C_raw,diagnostic,raw,C_raw,0.1757405124712654,0.5583923479926914,0.1780979598602026,0.5314406747920138,0.2907122023387492,0.98236092265943,0.3804878048780483,0.2910115703283891,0.7319810686234751
eval/SMD/machine-1-6/seed2/smd_cf_val/eval/last,val_ckpt_eval,val_pred_mae_v2,SMD,machine-1-6,2,scripts/configs/smd_cf_val.yaml,last,80,69c9c73df8a41255dcab69ae71785d9670d480026ccf81295ced3908f460bc40,0.19652461889923142,val0.2_b18950,train_sub_val,9aa0ac3e7e3ef903ea806b8412c8127e2711c1714da61e3d9c29389edc3e4719,SMD_machine-1-6_pcmci_val0.2_b18950_687624957b233605,1.0,False,15,5,49f630ac8d324ba01390c1a1dcaa4386cd94ae84,49f630ac8d324ba01390c1a1dcaa4386cd94ae84,cuda,2.6.0+cu124,SMD/machine-1-6/seed2/smd_cf_val/eval/last/attempt1,,True,val,G_raw,diagnostic,raw,G_raw,0.4434980824220816,0.8629691398054364,0.4289026491210714,0.8195732581558929,0.5991107240280318,0.9531065283068436,0.599664126081901,0.4581621150210968,0.796038064675339
eval/SMD/machine-1-6/seed2/smd_cf_val/eval/last,val_ckpt_eval,val_pred_mae_v2,SMD,machine-1-6,2,scripts/configs/smd_cf_val.yaml,last,80,69c9c73df8a41255dcab69ae71785d9670d480026ccf81295ced3908f460bc40,0.19652461889923142,val0.2_b18950,train_sub_val,9aa0ac3e7e3ef903ea806b8412c8127e2711c1714da61e3d9c29389edc3e4719,SMD_machine-1-6_pcmci_val0.2_b18950_687624957b233605,1.0,False,15,5,49f630ac8d324ba01390c1a1dcaa4386cd94ae84,49f630ac8d324ba01390c1a1dcaa4386cd94ae84,cuda,2.6.0+cu124,SMD/machine-1-6/seed2/smd_cf_val/eval/last/attempt1,,True,val,CF_raw,diagnostic,raw,CF_raw,0.2122311890162575,0.5993644810933797,0.2125314038701529,0.5758641492059003,0.3472150885950436,0.9866956285636708,0.5774877650897222,0.3712579422575793,0.8272333363945844
eval/SMD/machine-1-6/seed2/smd_cf_val/eval/best_val,val_ckpt_eval,val_pred_mae_v2,SMD,machine-1-6,2,scripts/configs/smd_cf_val.yaml,best_val,77,25a004ae918bddf082a9b7f0fe83df9aebd4dcc71d96b3c3a5d2edf533cc629a,0.1956309118055517,val0.2_b18950,train_sub_val,9aa0ac3e7e3ef903ea806b8412c8127e2711c1714da61e3d9c29389edc3e4719,SMD_machine-1-6_pcmci_val0.2_b18950_687624957b233605,1.0,False,15,5,49f630ac8d324ba01390c1a1dcaa4386cd94ae84,49f630ac8d324ba01390c1a1dcaa4386cd94ae84,cuda,2.6.0+cu124,SMD/machine-1-6/seed2/smd_cf_val/eval/best_val/attempt1,,True,val,A_off,fusion,raw,P_raw + C_raw,0.8647161218340784,0.9193770955713404,0.8441074984893211,0.8977284687233246,0.8430618475566001,0.9969048580271834,0.979078822899632,0.6645796022391619,0.958611888498684
eval/SMD/machine-1-6/seed2/smd_cf_val/eval/best_val,val_ckpt_eval,val_pred_mae_v2,SMD,machine-1-6,2,scripts/configs/smd_cf_val.yaml,best_val,77,25a004ae918bddf082a9b7f0fe83df9aebd4dcc71d96b3c3a5d2edf533cc629a,0.1956309118055517,val0.2_b18950,train_sub_val,9aa0ac3e7e3ef903ea806b8412c8127e2711c1714da61e3d9c29389edc3e4719,SMD_machine-1-6_pcmci_val0.2_b18950_687624957b233605,1.0,False,15,5,49f630ac8d324ba01390c1a1dcaa4386cd94ae84,49f630ac8d324ba01390c1a1dcaa4386cd94ae84,cuda,2.6.0+cu124,SMD/machine-1-6/seed2/smd_cf_val/eval/best_val/attempt1,,True,val,A_on,fusion,raw,P_raw + C_raw + 1*CF_raw,0.786292692534755,0.8980048875329454,0.7446353291111553,0.8670717483825195,0.7438298742114214,0.993391773432232,0.9354638535525902,0.608588567564915,0.8960546628363016
eval/SMD/machine-1-6/seed2/smd_cf_val/eval/best_val,val_ckpt_eval,val_pred_mae_v2,SMD,machine-1-6,2,scripts/configs/smd_cf_val.yaml,best_val,77,25a004ae918bddf082a9b7f0fe83df9aebd4dcc71d96b3c3a5d2edf533cc629a,0.1956309118055517,val0.2_b18950,train_sub_val,9aa0ac3e7e3ef903ea806b8412c8127e2711c1714da61e3d9c29389edc3e4719,SMD_machine-1-6_pcmci_val0.2_b18950_687624957b233605,1.0,False,15,5,49f630ac8d324ba01390c1a1dcaa4386cd94ae84,49f630ac8d324ba01390c1a1dcaa4386cd94ae84,cuda,2.6.0+cu124,SMD/machine-1-6/seed2/smd_cf_val/eval/best_val/attempt1,,True,val,P_raw,diagnostic,raw,P_raw,0.8645268475320388,0.919217480254449,0.8438762250710877,0.8975645089420451,0.8427001159923877,0.9969048580271834,0.9790805406514788,0.6646895600290419,0.9586119053250012
eval/SMD/machine-1-6/seed2/smd_cf_val/eval/best_val,val_ckpt_eval,val_pred_mae_v2,SMD,machine-1-6,2,scripts/configs/smd_cf_val.yaml,best_val,77,25a004ae918bddf082a9b7f0fe83df9aebd4dcc71d96b3c3a5d2edf533cc629a,0.1956309118055517,val0.2_b18950,train_sub_val,9aa0ac3e7e3ef903ea806b8412c8127e2711c1714da61e3d9c29389edc3e4719,SMD_machine-1-6_pcmci_val0.2_b18950_687624957b233605,1.0,False,15,5,49f630ac8d324ba01390c1a1dcaa4386cd94ae84,49f630ac8d324ba01390c1a1dcaa4386cd94ae84,cuda,2.6.0+cu124,SMD/machine-1-6/seed2/smd_cf_val/eval/best_val/attempt1,,True,val,C_raw,diagnostic,raw,C_raw,0.172715596576964,0.5467683276003882,0.1746259697835952,0.5216674247712714,0.2864533901797899,0.976875504167787,0.342465753424657,0.2817199031714943,0.7336454818985595
eval/SMD/machine-1-6/seed2/smd_cf_val/eval/best_val,val_ckpt_eval,val_pred_mae_v2,SMD,machine-1-6,2,scripts/configs/smd_cf_val.yaml,best_val,77,25a004ae918bddf082a9b7f0fe83df9aebd4dcc71d96b3c3a5d2edf533cc629a,0.1956309118055517,val0.2_b18950,train_sub_val,9aa0ac3e7e3ef903ea806b8412c8127e2711c1714da61e3d9c29389edc3e4719,SMD_machine-1-6_pcmci_val0.2_b18950_687624957b233605,1.0,False,15,5,49f630ac8d324ba01390c1a1dcaa4386cd94ae84,49f630ac8d324ba01390c1a1dcaa4386cd94ae84,cuda,2.6.0+cu124,SMD/machine-1-6/seed2/smd_cf_val/eval/best_val/attempt1,,True,val,G_raw,diagnostic,raw,G_raw,0.432918462184287,0.8602144134474348,0.4230968240924508,0.8177826707792777,0.5897492508915864,0.9486507728582656,0.5996106154150481,0.4309976686473573,0.8001030454071006
eval/SMD/machine-1-6/seed2/smd_cf_val/eval/best_val,val_ckpt_eval,val_pred_mae_v2,SMD,machine-1-6,2,scripts/configs/smd_cf_val.yaml,best_val,77,25a004ae918bddf082a9b7f0fe83df9aebd4dcc71d96b3c3a5d2edf533cc629a,0.1956309118055517,val0.2_b18950,train_sub_val,9aa0ac3e7e3ef903ea806b8412c8127e2711c1714da61e3d9c29389edc3e4719,SMD_machine-1-6_pcmci_val0.2_b18950_687624957b233605,1.0,False,15,5,49f630ac8d324ba01390c1a1dcaa4386cd94ae84,49f630ac8d324ba01390c1a1dcaa4386cd94ae84,cuda,2.6.0+cu124,SMD/machine-1-6/seed2/smd_cf_val/eval/best_val/attempt1,,True,val,CF_raw,diagnostic,raw,CF_raw,0.2099853277641474,0.6035195768142282,0.2107327989785894,0.5791157764437039,0.3482889828768781,0.9876743871055128,0.5737051792828679,0.3729387203365861,0.8494808862090533
eval/SMD/machine-1-6/seed3/smd_cf_val/eval/last,val_ckpt_eval,val_pred_mae_v2,SMD,machine-1-6,3,scripts/configs/smd_cf_val.yaml,last,80,8c0d3bc8a5174146fbaca120726943254719f0d4ce325944b1cefb2b97094826,0.19328150730260638,val0.2_b18950,train_sub_val,9aa0ac3e7e3ef903ea806b8412c8127e2711c1714da61e3d9c29389edc3e4719,SMD_machine-1-6_pcmci_val0.2_b18950_687624957b233605,1.0,False,15,5,49f630ac8d324ba01390c1a1dcaa4386cd94ae84,49f630ac8d324ba01390c1a1dcaa4386cd94ae84,cuda,2.6.0+cu124,SMD/machine-1-6/seed3/smd_cf_val/eval/last/attempt1,,True,val,A_off,fusion,raw,P_raw + C_raw,0.8673646237358431,0.9205559709159166,0.8459948769293183,0.897723987577031,0.8506249369728797,0.9970390309555854,0.9792542172240304,0.6621950845503328,0.9605474319428896
eval/SMD/machine-1-6/seed3/smd_cf_val/eval/last,val_ckpt_eval,val_pred_mae_v2,SMD,machine-1-6,3,scripts/configs/smd_cf_val.yaml,last,80,8c0d3bc8a5174146fbaca120726943254719f0d4ce325944b1cefb2b97094826,0.19328150730260638,val0.2_b18950,train_sub_val,9aa0ac3e7e3ef903ea806b8412c8127e2711c1714da61e3d9c29389edc3e4719,SMD_machine-1-6_pcmci_val0.2_b18950_687624957b233605,1.0,False,15,5,49f630ac8d324ba01390c1a1dcaa4386cd94ae84,49f630ac8d324ba01390c1a1dcaa4386cd94ae84,cuda,2.6.0+cu124,SMD/machine-1-6/seed3/smd_cf_val/eval/last/attempt1,,True,val,A_on,fusion,raw,P_raw + C_raw + 1*CF_raw,0.7786317802628673,0.886880811939304,0.7343688379070471,0.854380148938127,0.755950342343038,0.9891921102404756,0.9180779834580538,0.5362489250417769,0.8353000626350091
eval/SMD/machine-1-6/seed3/smd_cf_val/eval/last,val_ckpt_eval,val_pred_mae_v2,SMD,machine-1-6,3,scripts/configs/smd_cf_val.yaml,last,80,8c0d3bc8a5174146fbaca120726943254719f0d4ce325944b1cefb2b97094826,0.19328150730260638,val0.2_b18950,train_sub_val,9aa0ac3e7e3ef903ea806b8412c8127e2711c1714da61e3d9c29389edc3e4719,SMD_machine-1-6_pcmci_val0.2_b18950_687624957b233605,1.0,False,15,5,49f630ac8d324ba01390c1a1dcaa4386cd94ae84,49f630ac8d324ba01390c1a1dcaa4386cd94ae84,cuda,2.6.0+cu124,SMD/machine-1-6/seed3/smd_cf_val/eval/last/attempt1,,True,val,P_raw,diagnostic,raw,P_raw,0.8672177293291873,0.9203050330333016,0.8458578121017268,0.8974085412418326,0.8505422067440517,0.9970390309555854,0.979242580539826,0.6612596247267841,0.9605041792399672
eval/SMD/machine-1-6/seed3/smd_cf_val/eval/last,val_ckpt_eval,val_pred_mae_v2,SMD,machine-1-6,3,scripts/configs/smd_cf_val.yaml,last,80,8c0d3bc8a5174146fbaca120726943254719f0d4ce325944b1cefb2b97094826,0.19328150730260638,val0.2_b18950,train_sub_val,9aa0ac3e7e3ef903ea806b8412c8127e2711c1714da61e3d9c29389edc3e4719,SMD_machine-1-6_pcmci_val0.2_b18950_687624957b233605,1.0,False,15,5,49f630ac8d324ba01390c1a1dcaa4386cd94ae84,49f630ac8d324ba01390c1a1dcaa4386cd94ae84,cuda,2.6.0+cu124,SMD/machine-1-6/seed3/smd_cf_val/eval/last/attempt1,,True,val,C_raw,diagnostic,raw,C_raw,0.2001207174007961,0.6178148396428139,0.2003176693330394,0.6042021563190987,0.3236179051573536,0.9797482211275316,0.3913840513290554,0.3375421000839291,0.7137721085681459
eval/SMD/machine-1-6/seed3/smd_cf_val/eval/last,val_ckpt_eval,val_pred_mae_v2,SMD,machine-1-6,3,scripts/configs/smd_cf_val.yaml,last,80,8c0d3bc8a5174146fbaca120726943254719f0d4ce325944b1cefb2b97094826,0.19328150730260638,val0.2_b18950,train_sub_val,9aa0ac3e7e3ef903ea806b8412c8127e2711c1714da61e3d9c29389edc3e4719,SMD_machine-1-6_pcmci_val0.2_b18950_687624957b233605,1.0,False,15,5,49f630ac8d324ba01390c1a1dcaa4386cd94ae84,49f630ac8d324ba01390c1a1dcaa4386cd94ae84,cuda,2.6.0+cu124,SMD/machine-1-6/seed3/smd_cf_val/eval/last/attempt1,,True,val,G_raw,diagnostic,raw,G_raw,0.4353330496377595,0.7780546621796944,0.4188939781034679,0.7605609370583323,0.4451826957498446,0.9917444850453376,0.7891044160132062,0.5305144237863827,0.8539666062652286
eval/SMD/machine-1-6/seed3/smd_cf_val/eval/last,val_ckpt_eval,val_pred_mae_v2,SMD,machine-1-6,3,scripts/configs/smd_cf_val.yaml,last,80,8c0d3bc8a5174146fbaca120726943254719f0d4ce325944b1cefb2b97094826,0.19328150730260638,val0.2_b18950,train_sub_val,9aa0ac3e7e3ef903ea806b8412c8127e2711c1714da61e3d9c29389edc3e4719,SMD_machine-1-6_pcmci_val0.2_b18950_687624957b233605,1.0,False,15,5,49f630ac8d324ba01390c1a1dcaa4386cd94ae84,49f630ac8d324ba01390c1a1dcaa4386cd94ae84,cuda,2.6.0+cu124,SMD/machine-1-6/seed3/smd_cf_val/eval/last/attempt1,,True,val,CF_raw,diagnostic,raw,CF_raw,0.3792005317490824,0.7266204306849439,0.3516901724746024,0.6809048782730178,0.4029196688892828,0.9831658973662776,0.6429182103163289,0.401311306494761,0.7536932001106189
eval/SMD/machine-1-6/seed3/smd_cf_val/eval/best_val,val_ckpt_eval,val_pred_mae_v2,SMD,machine-1-6,3,scripts/configs/smd_cf_val.yaml,best_val,79,c9397e05178983975ad988e0ec6d982490cb5d432736ce92477e86a1985cf9e5,0.1932473242593989,val0.2_b18950,train_sub_val,9aa0ac3e7e3ef903ea806b8412c8127e2711c1714da61e3d9c29389edc3e4719,SMD_machine-1-6_pcmci_val0.2_b18950_687624957b233605,1.0,False,15,5,49f630ac8d324ba01390c1a1dcaa4386cd94ae84,49f630ac8d324ba01390c1a1dcaa4386cd94ae84,cuda,2.6.0+cu124,SMD/machine-1-6/seed3/smd_cf_val/eval/best_val/attempt1,,True,val,A_off,fusion,raw,P_raw + C_raw,0.8675764819593983,0.9204363590148106,0.8462252682674466,0.8975728509347695,0.8506007122118538,0.9970390309555854,0.9792919563131326,0.6597670650845382,0.9605502868576488
eval/SMD/machine-1-6/seed3/smd_cf_val/eval/best_val,val_ckpt_eval,val_pred_mae_v2,SMD,machine-1-6,3,scripts/configs/smd_cf_val.yaml,best_val,79,c9397e05178983975ad988e0ec6d982490cb5d432736ce92477e86a1985cf9e5,0.1932473242593989,val0.2_b18950,train_sub_val,9aa0ac3e7e3ef903ea806b8412c8127e2711c1714da61e3d9c29389edc3e4719,SMD_machine-1-6_pcmci_val0.2_b18950_687624957b233605,1.0,False,15,5,49f630ac8d324ba01390c1a1dcaa4386cd94ae84,49f630ac8d324ba01390c1a1dcaa4386cd94ae84,cuda,2.6.0+cu124,SMD/machine-1-6/seed3/smd_cf_val/eval/best_val/attempt1,,True,val,A_on,fusion,raw,P_raw + C_raw + 1*CF_raw,0.7828886882524854,0.8892269565741553,0.7388376239742468,0.8569309303632685,0.7590803437241143,0.9883658008658008,0.9040822271232988,0.5317220694235893,0.8252027675790748
eval/SMD/machine-1-6/seed3/smd_cf_val/eval/best_val,val_ckpt_eval,val_pred_mae_v2,SMD,machine-1-6,3,scripts/configs/smd_cf_val.yaml,best_val,79,c9397e05178983975ad988e0ec6d982490cb5d432736ce92477e86a1985cf9e5,0.1932473242593989,val0.2_b18950,train_sub_val,9aa0ac3e7e3ef903ea806b8412c8127e2711c1714da61e3d9c29389edc3e4719,SMD_machine-1-6_pcmci_val0.2_b18950_687624957b233605,1.0,False,15,5,49f630ac8d324ba01390c1a1dcaa4386cd94ae84,49f630ac8d324ba01390c1a1dcaa4386cd94ae84,cuda,2.6.0+cu124,SMD/machine-1-6/seed3/smd_cf_val/eval/best_val/attempt1,,True,val,P_raw,diagnostic,raw,P_raw,0.8674366247038259,0.9201907819274924,0.8460931646841292,0.8972542717501563,0.8506832706489523,0.9970390309555854,0.9792789150648676,0.6614406679911247,0.960550156354262
eval/SMD/machine-1-6/seed3/smd_cf_val/eval/best_val,val_ckpt_eval,val_pred_mae_v2,SMD,machine-1-6,3,scripts/configs/smd_cf_val.yaml,best_val,79,c9397e05178983975ad988e0ec6d982490cb5d432736ce92477e86a1985cf9e5,0.1932473242593989,val0.2_b18950,train_sub_val,9aa0ac3e7e3ef903ea806b8412c8127e2711c1714da61e3d9c29389edc3e4719,SMD_machine-1-6_pcmci_val0.2_b18950_687624957b233605,1.0,False,15,5,49f630ac8d324ba01390c1a1dcaa4386cd94ae84,49f630ac8d324ba01390c1a1dcaa4386cd94ae84,cuda,2.6.0+cu124,SMD/machine-1-6/seed3/smd_cf_val/eval/best_val/attempt1,,True,val,C_raw,diagnostic,raw,C_raw,0.1978634214310179,0.6166912399041505,0.1988103614231943,0.6047488482799638,0.3250609600482264,0.979720471362017,0.3587786259541979,0.3322176897507551,0.7183379104358927
eval/SMD/machine-1-6/seed3/smd_cf_val/eval/best_val,val_ckpt_eval,val_pred_mae_v2,SMD,machine-1-6,3,scripts/configs/smd_cf_val.yaml,best_val,79,c9397e05178983975ad988e0ec6d982490cb5d432736ce92477e86a1985cf9e5,0.1932473242593989,val0.2_b18950,train_sub_val,9aa0ac3e7e3ef903ea806b8412c8127e2711c1714da61e3d9c29389edc3e4719,SMD_machine-1-6_pcmci_val0.2_b18950_687624957b233605,1.0,False,15,5,49f630ac8d324ba01390c1a1dcaa4386cd94ae84,49f630ac8d324ba01390c1a1dcaa4386cd94ae84,cuda,2.6.0+cu124,SMD/machine-1-6/seed3/smd_cf_val/eval/best_val/attempt1,,True,val,G_raw,diagnostic,raw,G_raw,0.4296212905085138,0.7803305763451789,0.4140053119724152,0.7600515585972886,0.4426496920733744,0.9914761196049248,0.7731092436974785,0.5419496139130736,0.8510959994636466
eval/SMD/machine-1-6/seed3/smd_cf_val/eval/best_val,val_ckpt_eval,val_pred_mae_v2,SMD,machine-1-6,3,scripts/configs/smd_cf_val.yaml,best_val,79,c9397e05178983975ad988e0ec6d982490cb5d432736ce92477e86a1985cf9e5,0.1932473242593989,val0.2_b18950,train_sub_val,9aa0ac3e7e3ef903ea806b8412c8127e2711c1714da61e3d9c29389edc3e4719,SMD_machine-1-6_pcmci_val0.2_b18950_687624957b233605,1.0,False,15,5,49f630ac8d324ba01390c1a1dcaa4386cd94ae84,49f630ac8d324ba01390c1a1dcaa4386cd94ae84,cuda,2.6.0+cu124,SMD/machine-1-6/seed3/smd_cf_val/eval/best_val/attempt1,,True,val,CF_raw,diagnostic,raw,CF_raw,0.3662853055439502,0.7286232886234905,0.3435112683776017,0.6831660375795411,0.4075780120493915,0.9829769848835626,0.5884117757359829,0.3723179140892645,0.7553155152473671
eval/SMD/machine-1-7/seed0/smd_cf_val/eval/last,val_ckpt_eval,val_pred_mae_v2,SMD,machine-1-7,0,scripts/configs/smd_cf_val.yaml,last,80,7eff1594e8d082338c3a198b4bfd0db41736f4d7af9717f8c1cd08ca29570785,0.08758995350733395,val0.2_b18958,train_sub_val,e2754fe5f08b322ea0bafc9a9627b8be9d2fe565e524c7d06fe102499d4eb861,SMD_machine-1-7_pcmci_val0.2_b18958_cb7120d79ca28f75,1.0,False,15,26,49f630ac8d324ba01390c1a1dcaa4386cd94ae84,49f630ac8d324ba01390c1a1dcaa4386cd94ae84,cuda,2.6.0+cu124,SMD/machine-1-7/seed0/smd_cf_val/eval/last/attempt1,,True,val,A_off,fusion,raw,P_raw + C_raw,0.6388088727895791,0.825234342772727,0.6477974806211757,0.8416114835009312,0.7143550674973164,0.997708810664445,0.9618320610687018,0.4740368127229719,0.9386015251482368
eval/SMD/machine-1-7/seed0/smd_cf_val/eval/last,val_ckpt_eval,val_pred_mae_v2,SMD,machine-1-7,0,scripts/configs/smd_cf_val.yaml,last,80,7eff1594e8d082338c3a198b4bfd0db41736f4d7af9717f8c1cd08ca29570785,0.08758995350733395,val0.2_b18958,train_sub_val,e2754fe5f08b322ea0bafc9a9627b8be9d2fe565e524c7d06fe102499d4eb861,SMD_machine-1-7_pcmci_val0.2_b18958_cb7120d79ca28f75,1.0,False,15,26,49f630ac8d324ba01390c1a1dcaa4386cd94ae84,49f630ac8d324ba01390c1a1dcaa4386cd94ae84,cuda,2.6.0+cu124,SMD/machine-1-7/seed0/smd_cf_val/eval/last/attempt1,,True,val,A_on,fusion,raw,P_raw + C_raw + 1*CF_raw,0.5381851719901759,0.8279404200541316,0.5428607838895886,0.8445799643109664,0.5979519066316664,0.992734066846585,0.8508795669824082,0.5814684432930792,0.9123868000017916
eval/SMD/machine-1-7/seed0/smd_cf_val/eval/last,val_ckpt_eval,val_pred_mae_v2,SMD,machine-1-7,0,scripts/configs/smd_cf_val.yaml,last,80,7eff1594e8d082338c3a198b4bfd0db41736f4d7af9717f8c1cd08ca29570785,0.08758995350733395,val0.2_b18958,train_sub_val,e2754fe5f08b322ea0bafc9a9627b8be9d2fe565e524c7d06fe102499d4eb861,SMD_machine-1-7_pcmci_val0.2_b18958_cb7120d79ca28f75,1.0,False,15,26,49f630ac8d324ba01390c1a1dcaa4386cd94ae84,49f630ac8d324ba01390c1a1dcaa4386cd94ae84,cuda,2.6.0+cu124,SMD/machine-1-7/seed0/smd_cf_val/eval/last/attempt1,,True,val,P_raw,diagnostic,raw,P_raw,0.6371463842207634,0.820828634007281,0.6458403777420559,0.8376236234209951,0.7143550674973164,0.997708810664445,0.9618320610687018,0.4740796623675647,0.9379971728933324
eval/SMD/machine-1-7/seed0/smd_cf_val/eval/last,val_ckpt_eval,val_pred_mae_v2,SMD,machine-1-7,0,scripts/configs/smd_cf_val.yaml,last,80,7eff1594e8d082338c3a198b4bfd0db41736f4d7af9717f8c1cd08ca29570785,0.08758995350733395,val0.2_b18958,train_sub_val,e2754fe5f08b322ea0bafc9a9627b8be9d2fe565e524c7d06fe102499d4eb861,SMD_machine-1-7_pcmci_val0.2_b18958_cb7120d79ca28f75,1.0,False,15,26,49f630ac8d324ba01390c1a1dcaa4386cd94ae84,49f630ac8d324ba01390c1a1dcaa4386cd94ae84,cuda,2.6.0+cu124,SMD/machine-1-7/seed0/smd_cf_val/eval/last/attempt1,,True,val,C_raw,diagnostic,raw,C_raw,0.1272395755514052,0.5767634567870282,0.1325998925391295,0.5890667215320584,0.2074430003906469,0.9548574994799252,0.27906976744186,0.1865779135298655,0.7344721624574316
eval/SMD/machine-1-7/seed0/smd_cf_val/eval/last,val_ckpt_eval,val_pred_mae_v2,SMD,machine-1-7,0,scripts/configs/smd_cf_val.yaml,last,80,7eff1594e8d082338c3a198b4bfd0db41736f4d7af9717f8c1cd08ca29570785,0.08758995350733395,val0.2_b18958,train_sub_val,e2754fe5f08b322ea0bafc9a9627b8be9d2fe565e524c7d06fe102499d4eb861,SMD_machine-1-7_pcmci_val0.2_b18958_cb7120d79ca28f75,1.0,False,15,26,49f630ac8d324ba01390c1a1dcaa4386cd94ae84,49f630ac8d324ba01390c1a1dcaa4386cd94ae84,cuda,2.6.0+cu124,SMD/machine-1-7/seed0/smd_cf_val/eval/last/attempt1,,True,val,G_raw,diagnostic,raw,G_raw,0.1742045315992078,0.5877441413327452,0.1732893097850834,0.6064860401406513,0.2190363017586646,0.9130185432995604,0.7525702535983545,0.4604564915878904,0.8524531516692466
eval/SMD/machine-1-7/seed0/smd_cf_val/eval/last,val_ckpt_eval,val_pred_mae_v2,SMD,machine-1-7,0,scripts/configs/smd_cf_val.yaml,last,80,7eff1594e8d082338c3a198b4bfd0db41736f4d7af9717f8c1cd08ca29570785,0.08758995350733395,val0.2_b18958,train_sub_val,e2754fe5f08b322ea0bafc9a9627b8be9d2fe565e524c7d06fe102499d4eb861,SMD_machine-1-7_pcmci_val0.2_b18958_cb7120d79ca28f75,1.0,False,15,26,49f630ac8d324ba01390c1a1dcaa4386cd94ae84,49f630ac8d324ba01390c1a1dcaa4386cd94ae84,cuda,2.6.0+cu124,SMD/machine-1-7/seed0/smd_cf_val/eval/last/attempt1,,True,val,CF_raw,diagnostic,raw,CF_raw,0.168864116892027,0.603954358003832,0.1615038366326544,0.6236911144352911,0.2247814967412638,0.8396839332748025,0.7594936708860756,0.4203016829203397,0.8177014217189863
eval/SMD/machine-1-7/seed0/smd_cf_val/eval/best_val,val_ckpt_eval,val_pred_mae_v2,SMD,machine-1-7,0,scripts/configs/smd_cf_val.yaml,best_val,73,64f0c60a02f1c32197d34348be78521bfb48ebdf42594f254a531cb537dd4379,0.08564556763197884,val0.2_b18958,train_sub_val,e2754fe5f08b322ea0bafc9a9627b8be9d2fe565e524c7d06fe102499d4eb861,SMD_machine-1-7_pcmci_val0.2_b18958_cb7120d79ca28f75,1.0,False,15,26,49f630ac8d324ba01390c1a1dcaa4386cd94ae84,49f630ac8d324ba01390c1a1dcaa4386cd94ae84,cuda,2.6.0+cu124,SMD/machine-1-7/seed0/smd_cf_val/eval/best_val/attempt1,,True,val,A_off,fusion,raw,P_raw + C_raw,0.6393568800297165,0.8292557090200814,0.6478227957493674,0.8454738987939019,0.7139859905230858,0.997708810664445,0.9618585298196944,0.4797933732610921,0.9494034862287588
eval/SMD/machine-1-7/seed0/smd_cf_val/eval/best_val,val_ckpt_eval,val_pred_mae_v2,SMD,machine-1-7,0,scripts/configs/smd_cf_val.yaml,best_val,73,64f0c60a02f1c32197d34348be78521bfb48ebdf42594f254a531cb537dd4379,0.08564556763197884,val0.2_b18958,train_sub_val,e2754fe5f08b322ea0bafc9a9627b8be9d2fe565e524c7d06fe102499d4eb861,SMD_machine-1-7_pcmci_val0.2_b18958_cb7120d79ca28f75,1.0,False,15,26,49f630ac8d324ba01390c1a1dcaa4386cd94ae84,49f630ac8d324ba01390c1a1dcaa4386cd94ae84,cuda,2.6.0+cu124,SMD/machine-1-7/seed0/smd_cf_val/eval/best_val/attempt1,,True,val,A_on,fusion,raw,P_raw + C_raw + 1*CF_raw,0.5370563132996101,0.8236910573277951,0.5416564514553704,0.8405253992356136,0.603596593534055,0.9919103920348477,0.8447653429602883,0.5781012148282326,0.9091997640765218
eval/SMD/machine-1-7/seed0/smd_cf_val/eval/best_val,val_ckpt_eval,val_pred_mae_v2,SMD,machine-1-7,0,scripts/configs/smd_cf_val.yaml,best_val,73,64f0c60a02f1c32197d34348be78521bfb48ebdf42594f254a531cb537dd4379,0.08564556763197884,val0.2_b18958,train_sub_val,e2754fe5f08b322ea0bafc9a9627b8be9d2fe565e524c7d06fe102499d4eb861,SMD_machine-1-7_pcmci_val0.2_b18958_cb7120d79ca28f75,1.0,False,15,26,49f630ac8d324ba01390c1a1dcaa4386cd94ae84,49f630ac8d324ba01390c1a1dcaa4386cd94ae84,cuda,2.6.0+cu124,SMD/machine-1-7/seed0/smd_cf_val/eval/best_val/attempt1,,True,val,P_raw,diagnostic,raw,P_raw,0.6379531974306444,0.825473455059426,0.646705278057985,0.8421101615070234,0.7140594036547084,0.997708810664445,0.9618320610687018,0.4797078172115035,0.9491988282076854
eval/SMD/machine-1-7/seed0/smd_cf_val/eval/best_val,val_ckpt_eval,val_pred_mae_v2,SMD,machine-1-7,0,scripts/configs/smd_cf_val.yaml,best_val,73,64f0c60a02f1c32197d34348be78521bfb48ebdf42594f254a531cb537dd4379,0.08564556763197884,val0.2_b18958,train_sub_val,e2754fe5f08b322ea0bafc9a9627b8be9d2fe565e524c7d06fe102499d4eb861,SMD_machine-1-7_pcmci_val0.2_b18958_cb7120d79ca28f75,1.0,False,15,26,49f630ac8d324ba01390c1a1dcaa4386cd94ae84,49f630ac8d324ba01390c1a1dcaa4386cd94ae84,cuda,2.6.0+cu124,SMD/machine-1-7/seed0/smd_cf_val/eval/best_val/attempt1,,True,val,C_raw,diagnostic,raw,C_raw,0.1275673406819195,0.568982538290285,0.1316007207032977,0.5798469639992847,0.204474840371831,0.9542676501580613,0.2824711574246368,0.1929588830127139,0.7131371110260576
eval/SMD/machine-1-7/seed0/smd_cf_val/eval/best_val,val_ckpt_eval,val_pred_mae_v2,SMD,machine-1-7,0,scripts/configs/smd_cf_val.yaml,best_val,73,64f0c60a02f1c32197d34348be78521bfb48ebdf42594f254a531cb537dd4379,0.08564556763197884,val0.2_b18958,train_sub_val,e2754fe5f08b322ea0bafc9a9627b8be9d2fe565e524c7d06fe102499d4eb861,SMD_machine-1-7_pcmci_val0.2_b18958_cb7120d79ca28f75,1.0,False,15,26,49f630ac8d324ba01390c1a1dcaa4386cd94ae84,49f630ac8d324ba01390c1a1dcaa4386cd94ae84,cuda,2.6.0+cu124,SMD/machine-1-7/seed0/smd_cf_val/eval/best_val/attempt1,,True,val,G_raw,diagnostic,raw,G_raw,0.1780954575173278,0.6059805591868282,0.178224460915292,0.6249216719338245,0.2283815384988906,0.9623211767076364,0.7534626038781157,0.4537376143515288,0.843744927512055
eval/SMD/machine-1-7/seed0/smd_cf_val/eval/best_val,val_ckpt_eval,val_pred_mae_v2,SMD,machine-1-7,0,scripts/configs/smd_cf_val.yaml,best_val,73,64f0c60a02f1c32197d34348be78521bfb48ebdf42594f254a531cb537dd4379,0.08564556763197884,val0.2_b18958,train_sub_val,e2754fe5f08b322ea0bafc9a9627b8be9d2fe565e524c7d06fe102499d4eb861,SMD_machine-1-7_pcmci_val0.2_b18958_cb7120d79ca28f75,1.0,False,15,26,49f630ac8d324ba01390c1a1dcaa4386cd94ae84,49f630ac8d324ba01390c1a1dcaa4386cd94ae84,cuda,2.6.0+cu124,SMD/machine-1-7/seed0/smd_cf_val/eval/best_val/attempt1,,True,val,CF_raw,diagnostic,raw,CF_raw,0.1698183340622323,0.6029275707680308,0.1630817663352906,0.6226862172651331,0.223926906976615,0.8650506512301013,0.7408431237042151,0.4167320835726993,0.8113196331514213
eval/SMD/machine-1-7/seed1/smd_cf_val/eval/last,val_ckpt_eval,val_pred_mae_v2,SMD,machine-1-7,1,scripts/configs/smd_cf_val.yaml,last,80,db05ed844a23d81e25c64c1b2f7a2b939601d3f6a44a989cbbe564064dcb66d3,0.08983476077858991,val0.2_b18958,train_sub_val,e2754fe5f08b322ea0bafc9a9627b8be9d2fe565e524c7d06fe102499d4eb861,SMD_machine-1-7_pcmci_val0.2_b18958_cb7120d79ca28f75,1.0,False,15,26,49f630ac8d324ba01390c1a1dcaa4386cd94ae84,49f630ac8d324ba01390c1a1dcaa4386cd94ae84,cuda,2.6.0+cu124,SMD/machine-1-7/seed1/smd_cf_val/eval/last/attempt1,,True,val,A_off,fusion,raw,P_raw + C_raw,0.6488495648265147,0.8468816976414115,0.6564055944875576,0.8615493201604333,0.7144665939486814,0.997708810664445,0.9585921325051756,0.4513432848636556,0.9439078082028388
eval/SMD/machine-1-7/seed1/smd_cf_val/eval/last,val_ckpt_eval,val_pred_mae_v2,SMD,machine-1-7,1,scripts/configs/smd_cf_val.yaml,last,80,db05ed844a23d81e25c64c1b2f7a2b939601d3f6a44a989cbbe564064dcb66d3,0.08983476077858991,val0.2_b18958,train_sub_val,e2754fe5f08b322ea0bafc9a9627b8be9d2fe565e524c7d06fe102499d4eb861,SMD_machine-1-7_pcmci_val0.2_b18958_cb7120d79ca28f75,1.0,False,15,26,49f630ac8d324ba01390c1a1dcaa4386cd94ae84,49f630ac8d324ba01390c1a1dcaa4386cd94ae84,cuda,2.6.0+cu124,SMD/machine-1-7/seed1/smd_cf_val/eval/last/attempt1,,True,val,A_on,fusion,raw,P_raw + C_raw + 1*CF_raw,0.537873710785961,0.7869993528347367,0.5460233248712487,0.8063735324659698,0.6206055626197987,0.9910880829015544,0.8681102362204718,0.5944043741807152,0.9297526002687724
eval/SMD/machine-1-7/seed1/smd_cf_val/eval/last,val_ckpt_eval,val_pred_mae_v2,SMD,machine-1-7,1,scripts/configs/smd_cf_val.yaml,last,80,db05ed844a23d81e25c64c1b2f7a2b939601d3f6a44a989cbbe564064dcb66d3,0.08983476077858991,val0.2_b18958,train_sub_val,e2754fe5f08b322ea0bafc9a9627b8be9d2fe565e524c7d06fe102499d4eb861,SMD_machine-1-7_pcmci_val0.2_b18958_cb7120d79ca28f75,1.0,False,15,26,49f630ac8d324ba01390c1a1dcaa4386cd94ae84,49f630ac8d324ba01390c1a1dcaa4386cd94ae84,cuda,2.6.0+cu124,SMD/machine-1-7/seed1/smd_cf_val/eval/last/attempt1,,True,val,P_raw,diagnostic,raw,P_raw,0.6471662753406331,0.8438325679259098,0.6548956757531395,0.8587779469850242,0.7145030660515594,0.997708810664445,0.9602213766862672,0.4513432848636556,0.9439078082028388
eval/SMD/machine-1-7/seed1/smd_cf_val/eval/last,val_ckpt_eval,val_pred_mae_v2,SMD,machine-1-7,1,scripts/configs/smd_cf_val.yaml,last,80,db05ed844a23d81e25c64c1b2f7a2b939601d3f6a44a989cbbe564064dcb66d3,0.08983476077858991,val0.2_b18958,train_sub_val,e2754fe5f08b322ea0bafc9a9627b8be9d2fe565e524c7d06fe102499d4eb861,SMD_machine-1-7_pcmci_val0.2_b18958_cb7120d79ca28f75,1.0,False,15,26,49f630ac8d324ba01390c1a1dcaa4386cd94ae84,49f630ac8d324ba01390c1a1dcaa4386cd94ae84,cuda,2.6.0+cu124,SMD/machine-1-7/seed1/smd_cf_val/eval/last/attempt1,,True,val,C_raw,diagnostic,raw,C_raw,0.1716184370868926,0.6461868470319911,0.1702863186872529,0.6543574276332904,0.2315630048115845,0.9625850340136054,0.4244210526315785,0.2203998378284003,0.7500104311032755
eval/SMD/machine-1-7/seed1/smd_cf_val/eval/last,val_ckpt_eval,val_pred_mae_v2,SMD,machine-1-7,1,scripts/configs/smd_cf_val.yaml,last,80,db05ed844a23d81e25c64c1b2f7a2b939601d3f6a44a989cbbe564064dcb66d3,0.08983476077858991,val0.2_b18958,train_sub_val,e2754fe5f08b322ea0bafc9a9627b8be9d2fe565e524c7d06fe102499d4eb861,SMD_machine-1-7_pcmci_val0.2_b18958_cb7120d79ca28f75,1.0,False,15,26,49f630ac8d324ba01390c1a1dcaa4386cd94ae84,49f630ac8d324ba01390c1a1dcaa4386cd94ae84,cuda,2.6.0+cu124,SMD/machine-1-7/seed1/smd_cf_val/eval/last/attempt1,,True,val,G_raw,diagnostic,raw,G_raw,0.2406800421103084,0.6999211708050116,0.2391193152438253,0.7116721528835576,0.2970948581231837,0.9865730221028712,0.7506835694755152,0.4502298323154345,0.8883861944169809
eval/SMD/machine-1-7/seed1/smd_cf_val/eval/last,val_ckpt_eval,val_pred_mae_v2,SMD,machine-1-7,1,scripts/configs/smd_cf_val.yaml,last,80,db05ed844a23d81e25c64c1b2f7a2b939601d3f6a44a989cbbe564064dcb66d3,0.08983476077858991,val0.2_b18958,train_sub_val,e2754fe5f08b322ea0bafc9a9627b8be9d2fe565e524c7d06fe102499d4eb861,SMD_machine-1-7_pcmci_val0.2_b18958_cb7120d79ca28f75,1.0,False,15,26,49f630ac8d324ba01390c1a1dcaa4386cd94ae84,49f630ac8d324ba01390c1a1dcaa4386cd94ae84,cuda,2.6.0+cu124,SMD/machine-1-7/seed1/smd_cf_val/eval/last/attempt1,,True,val,CF_raw,diagnostic,raw,CF_raw,0.180248628777194,0.5926065579935682,0.1748705392680997,0.6104794147094573,0.215482967256877,0.9394891944990176,0.7392090979581282,0.4156760832355717,0.8247716671616575
eval/SMD/machine-1-7/seed1/smd_cf_val/eval/best_val,val_ckpt_eval,val_pred_mae_v2,SMD,machine-1-7,1,scripts/configs/smd_cf_val.yaml,best_val,70,208a5199f5f1f3074bfedf6248b044c9128879937c259b10e8a62f592a2d0c83,0.08585301687126631,val0.2_b18958,train_sub_val,e2754fe5f08b322ea0bafc9a9627b8be9d2fe565e524c7d06fe102499d4eb861,SMD_machine-1-7_pcmci_val0.2_b18958_cb7120d79ca28f75,1.0,False,15,26,49f630ac8d324ba01390c1a1dcaa4386cd94ae84,49f630ac8d324ba01390c1a1dcaa4386cd94ae84,cuda,2.6.0+cu124,SMD/machine-1-7/seed1/smd_cf_val/eval/best_val/attempt1,,True,val,A_off,fusion,raw,P_raw + C_raw,0.6477400644046583,0.8471076962131039,0.6559777773666471,0.8614764749629772,0.714910991855514,0.9975010412328196,0.9616315243691664,0.4846172377858389,0.9518776624912404
eval/SMD/machine-1-7/seed1/smd_cf_val/eval/best_val,val_ckpt_eval,val_pred_mae_v2,SMD,machine-1-7,1,scripts/configs/smd_cf_val.yaml,best_val,70,208a5199f5f1f3074bfedf6248b044c9128879937c259b10e8a62f592a2d0c83,0.08585301687126631,val0.2_b18958,train_sub_val,e2754fe5f08b322ea0bafc9a9627b8be9d2fe565e524c7d06fe102499d4eb861,SMD_machine-1-7_pcmci_val0.2_b18958_cb7120d79ca28f75,1.0,False,15,26,49f630ac8d324ba01390c1a1dcaa4386cd94ae84,49f630ac8d324ba01390c1a1dcaa4386cd94ae84,cuda,2.6.0+cu124,SMD/machine-1-7/seed1/smd_cf_val/eval/best_val/attempt1,,True,val,A_on,fusion,raw,P_raw + C_raw + 1*CF_raw,0.527866379850276,0.7846871081310518,0.5339797244045265,0.8032402991981512,0.6019908866039233,0.9925280199252802,0.8609625668449192,0.5950161379908201,0.9107037819954544
eval/SMD/machine-1-7/seed1/smd_cf_val/eval/best_val,val_ckpt_eval,val_pred_mae_v2,SMD,machine-1-7,1,scripts/configs/smd_cf_val.yaml,best_val,70,208a5199f5f1f3074bfedf6248b044c9128879937c259b10e8a62f592a2d0c83,0.08585301687126631,val0.2_b18958,train_sub_val,e2754fe5f08b322ea0bafc9a9627b8be9d2fe565e524c7d06fe102499d4eb861,SMD_machine-1-7_pcmci_val0.2_b18958_cb7120d79ca28f75,1.0,False,15,26,49f630ac8d324ba01390c1a1dcaa4386cd94ae84,49f630ac8d324ba01390c1a1dcaa4386cd94ae84,cuda,2.6.0+cu124,SMD/machine-1-7/seed1/smd_cf_val/eval/best_val/attempt1,,True,val,P_raw,diagnostic,raw,P_raw,0.6459695774225502,0.8438779517611161,0.6539935319186396,0.8584128099515766,0.7147255876209049,0.997708810664445,0.9625520110957,0.4838074099874551,0.9518256655967264
eval/SMD/machine-1-7/seed1/smd_cf_val/eval/best_val,val_ckpt_eval,val_pred_mae_v2,SMD,machine-1-7,1,scripts/configs/smd_cf_val.yaml,best_val,70,208a5199f5f1f3074bfedf6248b044c9128879937c259b10e8a62f592a2d0c83,0.08585301687126631,val0.2_b18958,train_sub_val,e2754fe5f08b322ea0bafc9a9627b8be9d2fe565e524c7d06fe102499d4eb861,SMD_machine-1-7_pcmci_val0.2_b18958_cb7120d79ca28f75,1.0,False,15,26,49f630ac8d324ba01390c1a1dcaa4386cd94ae84,49f630ac8d324ba01390c1a1dcaa4386cd94ae84,cuda,2.6.0+cu124,SMD/machine-1-7/seed1/smd_cf_val/eval/best_val/attempt1,,True,val,C_raw,diagnostic,raw,C_raw,0.1603457963334452,0.6510155245231367,0.1627759753782596,0.6607085556215245,0.2416168408829262,0.964542000844238,0.3710937499999995,0.220632642260288,0.7613904367518911
eval/SMD/machine-1-7/seed1/smd_cf_val/eval/best_val,val_ckpt_eval,val_pred_mae_v2,SMD,machine-1-7,1,scripts/configs/smd_cf_val.yaml,best_val,70,208a5199f5f1f3074bfedf6248b044c9128879937c259b10e8a62f592a2d0c83,0.08585301687126631,val0.2_b18958,train_sub_val,e2754fe5f08b322ea0bafc9a9627b8be9d2fe565e524c7d06fe102499d4eb861,SMD_machine-1-7_pcmci_val0.2_b18958_cb7120d79ca28f75,1.0,False,15,26,49f630ac8d324ba01390c1a1dcaa4386cd94ae84,49f630ac8d324ba01390c1a1dcaa4386cd94ae84,cuda,2.6.0+cu124,SMD/machine-1-7/seed1/smd_cf_val/eval/best_val/attempt1,,True,val,G_raw,diagnostic,raw,G_raw,0.1915748594349085,0.6163074285718763,0.1891662558546257,0.6312016068967324,0.2364679838266003,0.9792905474677056,0.7378129117259546,0.4487345874328292,0.8345398906599497
eval/SMD/machine-1-7/seed1/smd_cf_val/eval/best_val,val_ckpt_eval,val_pred_mae_v2,SMD,machine-1-7,1,scripts/configs/smd_cf_val.yaml,best_val,70,208a5199f5f1f3074bfedf6248b044c9128879937c259b10e8a62f592a2d0c83,0.08585301687126631,val0.2_b18958,train_sub_val,e2754fe5f08b322ea0bafc9a9627b8be9d2fe565e524c7d06fe102499d4eb861,SMD_machine-1-7_pcmci_val0.2_b18958_cb7120d79ca28f75,1.0,False,15,26,49f630ac8d324ba01390c1a1dcaa4386cd94ae84,49f630ac8d324ba01390c1a1dcaa4386cd94ae84,cuda,2.6.0+cu124,SMD/machine-1-7/seed1/smd_cf_val/eval/best_val/attempt1,,True,val,CF_raw,diagnostic,raw,CF_raw,0.1788905978809123,0.5888870618266122,0.1738828439015914,0.6083928617591199,0.2127975608841715,0.969193352249696,0.7551934826883904,0.395776992336364,0.8558042619500085
eval/SMD/machine-1-7/seed2/smd_cf_val/eval/last,val_ckpt_eval,val_pred_mae_v2,SMD,machine-1-7,2,scripts/configs/smd_cf_val.yaml,last,80,e960b81d2a39cb9286243a0d728e8169005041a028b3d9b33d038056460e28ea,0.08538512096954716,val0.2_b18958,train_sub_val,e2754fe5f08b322ea0bafc9a9627b8be9d2fe565e524c7d06fe102499d4eb861,SMD_machine-1-7_pcmci_val0.2_b18958_cb7120d79ca28f75,1.0,False,15,26,49f630ac8d324ba01390c1a1dcaa4386cd94ae84,49f630ac8d324ba01390c1a1dcaa4386cd94ae84,cuda,2.6.0+cu124,SMD/machine-1-7/seed2/smd_cf_val/eval/last/attempt1,,True,val,A_off,fusion,raw,P_raw + C_raw,0.6442997697498625,0.8401686605912004,0.6530115425358269,0.8553579663435298,0.7150588172500225,0.997708810664445,0.9605536332179924,0.4833577218416199,0.9493698235866572
eval/SMD/machine-1-7/seed2/smd_cf_val/eval/last,val_ckpt_eval,val_pred_mae_v2,SMD,machine-1-7,2,scripts/configs/smd_cf_val.yaml,last,80,e960b81d2a39cb9286243a0d728e8169005041a028b3d9b33d038056460e28ea,0.08538512096954716,val0.2_b18958,train_sub_val,e2754fe5f08b322ea0bafc9a9627b8be9d2fe565e524c7d06fe102499d4eb861,SMD_machine-1-7_pcmci_val0.2_b18958_cb7120d79ca28f75,1.0,False,15,26,49f630ac8d324ba01390c1a1dcaa4386cd94ae84,49f630ac8d324ba01390c1a1dcaa4386cd94ae84,cuda,2.6.0+cu124,SMD/machine-1-7/seed2/smd_cf_val/eval/last/attempt1,,True,val,A_on,fusion,raw,P_raw + C_raw + 1*CF_raw,0.4991951038040021,0.7929962870264128,0.5051650751609991,0.8110782793841282,0.5643251003093451,0.9896523178807948,0.8325791855203616,0.588494102808128,0.9357476251247472
eval/SMD/machine-1-7/seed2/smd_cf_val/eval/last,val_ckpt_eval,val_pred_mae_v2,SMD,machine-1-7,2,scripts/configs/smd_cf_val.yaml,last,80,e960b81d2a39cb9286243a0d728e8169005041a028b3d9b33d038056460e28ea,0.08538512096954716,val0.2_b18958,train_sub_val,e2754fe5f08b322ea0bafc9a9627b8be9d2fe565e524c7d06fe102499d4eb861,SMD_machine-1-7_pcmci_val0.2_b18958_cb7120d79ca28f75,1.0,False,15,26,49f630ac8d324ba01390c1a1dcaa4386cd94ae84,49f630ac8d324ba01390c1a1dcaa4386cd94ae84,cuda,2.6.0+cu124,SMD/machine-1-7/seed2/smd_cf_val/eval/last/attempt1,,True,val,P_raw,diagnostic,raw,P_raw,0.6427179689645751,0.8362205215634917,0.6513623671782418,0.8519111682269399,0.7152442598200525,0.997708810664445,0.962192160943461,0.48267347548791,0.948838184456944
eval/SMD/machine-1-7/seed2/smd_cf_val/eval/last,val_ckpt_eval,val_pred_mae_v2,SMD,machine-1-7,2,scripts/configs/smd_cf_val.yaml,last,80,e960b81d2a39cb9286243a0d728e8169005041a028b3d9b33d038056460e28ea,0.08538512096954716,val0.2_b18958,train_sub_val,e2754fe5f08b322ea0bafc9a9627b8be9d2fe565e524c7d06fe102499d4eb861,SMD_machine-1-7_pcmci_val0.2_b18958_cb7120d79ca28f75,1.0,False,15,26,49f630ac8d324ba01390c1a1dcaa4386cd94ae84,49f630ac8d324ba01390c1a1dcaa4386cd94ae84,cuda,2.6.0+cu124,SMD/machine-1-7/seed2/smd_cf_val/eval/last/attempt1,,True,val,C_raw,diagnostic,raw,C_raw,0.1213670714325414,0.5624169154583571,0.1264537906222938,0.5726645097732496,0.1992534494632808,0.9364903739765434,0.2529186899473083,0.1830621770903999,0.7118735120114554
eval/SMD/machine-1-7/seed2/smd_cf_val/eval/last,val_ckpt_eval,val_pred_mae_v2,SMD,machine-1-7,2,scripts/configs/smd_cf_val.yaml,last,80,e960b81d2a39cb9286243a0d728e8169005041a028b3d9b33d038056460e28ea,0.08538512096954716,val0.2_b18958,train_sub_val,e2754fe5f08b322ea0bafc9a9627b8be9d2fe565e524c7d06fe102499d4eb861,SMD_machine-1-7_pcmci_val0.2_b18958_cb7120d79ca28f75,1.0,False,15,26,49f630ac8d324ba01390c1a1dcaa4386cd94ae84,49f630ac8d324ba01390c1a1dcaa4386cd94ae84,cuda,2.6.0+cu124,SMD/machine-1-7/seed2/smd_cf_val/eval/last/attempt1,,True,val,G_raw,diagnostic,raw,G_raw,0.1868786145550128,0.6464351849494119,0.1789082130145118,0.6574188490437611,0.2504207488881232,0.9822138522703494,0.6898470097357435,0.4216809216827148,0.7836680506307057
eval/SMD/machine-1-7/seed2/smd_cf_val/eval/last,val_ckpt_eval,val_pred_mae_v2,SMD,machine-1-7,2,scripts/configs/smd_cf_val.yaml,last,80,e960b81d2a39cb9286243a0d728e8169005041a028b3d9b33d038056460e28ea,0.08538512096954716,val0.2_b18958,train_sub_val,e2754fe5f08b322ea0bafc9a9627b8be9d2fe565e524c7d06fe102499d4eb861,SMD_machine-1-7_pcmci_val0.2_b18958_cb7120d79ca28f75,1.0,False,15,26,49f630ac8d324ba01390c1a1dcaa4386cd94ae84,49f630ac8d324ba01390c1a1dcaa4386cd94ae84,cuda,2.6.0+cu124,SMD/machine-1-7/seed2/smd_cf_val/eval/last/attempt1,,True,val,CF_raw,diagnostic,raw,CF_raw,0.1539751386035769,0.5373648817258472,0.1472095525925154,0.555539769391017,0.1930349806778399,0.8945005611672279,0.6913580246913575,0.4022233482093594,0.8137455804896007
eval/SMD/machine-1-7/seed2/smd_cf_val/eval/best_val,val_ckpt_eval,val_pred_mae_v2,SMD,machine-1-7,2,scripts/configs/smd_cf_val.yaml,best_val,73,3980390574a1d366bbbd3e2174daa410208bdba409ffab1181f40efc4f1ef8a8,0.08517317576125584,val0.2_b18958,train_sub_val,e2754fe5f08b322ea0bafc9a9627b8be9d2fe565e524c7d06fe102499d4eb861,SMD_machine-1-7_pcmci_val0.2_b18958_cb7120d79ca28f75,1.0,False,15,26,49f630ac8d324ba01390c1a1dcaa4386cd94ae84,49f630ac8d324ba01390c1a1dcaa4386cd94ae84,cuda,2.6.0+cu124,SMD/machine-1-7/seed2/smd_cf_val/eval/best_val/attempt1,,True,val,A_off,fusion,raw,P_raw + C_raw,0.6442684515845865,0.8415159160737908,0.6529928813361908,0.8567725868453854,0.7134304457211452,0.997708810664445,0.9609131788308538,0.4843627209275381,0.9500786872245144
eval/SMD/machine-1-7/seed2/smd_cf_val/eval/best_val,val_ckpt_eval,val_pred_mae_v2,SMD,machine-1-7,2,scripts/configs/smd_cf_val.yaml,best_val,73,3980390574a1d366bbbd3e2174daa410208bdba409ffab1181f40efc4f1ef8a8,0.08517317576125584,val0.2_b18958,train_sub_val,e2754fe5f08b322ea0bafc9a9627b8be9d2fe565e524c7d06fe102499d4eb861,SMD_machine-1-7_pcmci_val0.2_b18958_cb7120d79ca28f75,1.0,False,15,26,49f630ac8d324ba01390c1a1dcaa4386cd94ae84,49f630ac8d324ba01390c1a1dcaa4386cd94ae84,cuda,2.6.0+cu124,SMD/machine-1-7/seed2/smd_cf_val/eval/best_val/attempt1,,True,val,A_on,fusion,raw,P_raw + C_raw + 1*CF_raw,0.4990976181326436,0.7843308244579893,0.5047529675534977,0.8020437500345386,0.5709090345002543,0.9886293156915444,0.8021917808219172,0.5614956249127259,0.9131328444052704
eval/SMD/machine-1-7/seed2/smd_cf_val/eval/best_val,val_ckpt_eval,val_pred_mae_v2,SMD,machine-1-7,2,scripts/configs/smd_cf_val.yaml,best_val,73,3980390574a1d366bbbd3e2174daa410208bdba409ffab1181f40efc4f1ef8a8,0.08517317576125584,val0.2_b18958,train_sub_val,e2754fe5f08b322ea0bafc9a9627b8be9d2fe565e524c7d06fe102499d4eb861,SMD_machine-1-7_pcmci_val0.2_b18958_cb7120d79ca28f75,1.0,False,15,26,49f630ac8d324ba01390c1a1dcaa4386cd94ae84,49f630ac8d324ba01390c1a1dcaa4386cd94ae84,cuda,2.6.0+cu124,SMD/machine-1-7/seed2/smd_cf_val/eval/best_val/attempt1,,True,val,P_raw,diagnostic,raw,P_raw,0.6430177450171275,0.8383359136371276,0.651481814061969,0.8541788072553288,0.7134304457211452,0.997708810664445,0.96149843912591,0.4836693717370117,0.9500524957998212
eval/SMD/machine-1-7/seed2/smd_cf_val/eval/best_val,val_ckpt_eval,val_pred_mae_v2,SMD,machine-1-7,2,scripts/configs/smd_cf_val.yaml,best_val,73,3980390574a1d366bbbd3e2174daa410208bdba409ffab1181f40efc4f1ef8a8,0.08517317576125584,val0.2_b18958,train_sub_val,e2754fe5f08b322ea0bafc9a9627b8be9d2fe565e524c7d06fe102499d4eb861,SMD_machine-1-7_pcmci_val0.2_b18958_cb7120d79ca28f75,1.0,False,15,26,49f630ac8d324ba01390c1a1dcaa4386cd94ae84,49f630ac8d324ba01390c1a1dcaa4386cd94ae84,cuda,2.6.0+cu124,SMD/machine-1-7/seed2/smd_cf_val/eval/best_val/attempt1,,True,val,C_raw,diagnostic,raw,C_raw,0.1181648999391758,0.552378146263267,0.1231541921634424,0.5597230374636629,0.2000791147805292,0.9455550829434284,0.2533532041728759,0.1687109401566566,0.7109431017541403
eval/SMD/machine-1-7/seed2/smd_cf_val/eval/best_val,val_ckpt_eval,val_pred_mae_v2,SMD,machine-1-7,2,scripts/configs/smd_cf_val.yaml,best_val,73,3980390574a1d366bbbd3e2174daa410208bdba409ffab1181f40efc4f1ef8a8,0.08517317576125584,val0.2_b18958,train_sub_val,e2754fe5f08b322ea0bafc9a9627b8be9d2fe565e524c7d06fe102499d4eb861,SMD_machine-1-7_pcmci_val0.2_b18958_cb7120d79ca28f75,1.0,False,15,26,49f630ac8d324ba01390c1a1dcaa4386cd94ae84,49f630ac8d324ba01390c1a1dcaa4386cd94ae84,cuda,2.6.0+cu124,SMD/machine-1-7/seed2/smd_cf_val/eval/best_val/attempt1,,True,val,G_raw,diagnostic,raw,G_raw,0.1844349040949157,0.6402828351166289,0.1760040853768353,0.6527046606000944,0.2481969801628836,0.9805723835387508,0.6917922948073697,0.4070335281765548,0.7981998577923687
eval/SMD/machine-1-7/seed2/smd_cf_val/eval/best_val,val_ckpt_eval,val_pred_mae_v2,SMD,machine-1-7,2,scripts/configs/smd_cf_val.yaml,best_val,73,3980390574a1d366bbbd3e2174daa410208bdba409ffab1181f40efc4f1ef8a8,0.08517317576125584,val0.2_b18958,train_sub_val,e2754fe5f08b322ea0bafc9a9627b8be9d2fe565e524c7d06fe102499d4eb861,SMD_machine-1-7_pcmci_val0.2_b18958_cb7120d79ca28f75,1.0,False,15,26,49f630ac8d324ba01390c1a1dcaa4386cd94ae84,49f630ac8d324ba01390c1a1dcaa4386cd94ae84,cuda,2.6.0+cu124,SMD/machine-1-7/seed2/smd_cf_val/eval/best_val/attempt1,,True,val,CF_raw,diagnostic,raw,CF_raw,0.1541910419168471,0.5383240828919982,0.1467614440061484,0.5533689260897298,0.1937084755603101,0.8438327157226045,0.6762828091747453,0.38449303224412,0.8078540661442513
eval/SMD/machine-1-7/seed3/smd_cf_val/eval/last,val_ckpt_eval,val_pred_mae_v2,SMD,machine-1-7,3,scripts/configs/smd_cf_val.yaml,last,80,1e2f546e8ffec57ea09709bd0851e6feadc5e61f9da1e321c640251068364218,0.08584442648033923,val0.2_b18958,train_sub_val,e2754fe5f08b322ea0bafc9a9627b8be9d2fe565e524c7d06fe102499d4eb861,SMD_machine-1-7_pcmci_val0.2_b18958_cb7120d79ca28f75,1.0,False,15,26,49f630ac8d324ba01390c1a1dcaa4386cd94ae84,49f630ac8d324ba01390c1a1dcaa4386cd94ae84,cuda,2.6.0+cu124,SMD/machine-1-7/seed3/smd_cf_val/eval/last/attempt1,,True,val,A_off,fusion,raw,P_raw + C_raw,0.6471690201569562,0.8459951164877887,0.6552339184052741,0.8605322108812855,0.7130930165991951,0.9983326385994165,0.9595015576323984,0.4777979303216396,0.9513852683288252
eval/SMD/machine-1-7/seed3/smd_cf_val/eval/last,val_ckpt_eval,val_pred_mae_v2,SMD,machine-1-7,3,scripts/configs/smd_cf_val.yaml,last,80,1e2f546e8ffec57ea09709bd0851e6feadc5e61f9da1e321c640251068364218,0.08584442648033923,val0.2_b18958,train_sub_val,e2754fe5f08b322ea0bafc9a9627b8be9d2fe565e524c7d06fe102499d4eb861,SMD_machine-1-7_pcmci_val0.2_b18958_cb7120d79ca28f75,1.0,False,15,26,49f630ac8d324ba01390c1a1dcaa4386cd94ae84,49f630ac8d324ba01390c1a1dcaa4386cd94ae84,cuda,2.6.0+cu124,SMD/machine-1-7/seed3/smd_cf_val/eval/last/attempt1,,True,val,A_on,fusion,raw,P_raw + C_raw + 1*CF_raw,0.4724580300281976,0.75658815805092,0.4774842370811574,0.7756545822476055,0.5570051359825103,0.9923220585183647,0.8362588420225302,0.5739297918048567,0.9150014973938768
eval/SMD/machine-1-7/seed3/smd_cf_val/eval/last,val_ckpt_eval,val_pred_mae_v2,SMD,machine-1-7,3,scripts/configs/smd_cf_val.yaml,last,80,1e2f546e8ffec57ea09709bd0851e6feadc5e61f9da1e321c640251068364218,0.08584442648033923,val0.2_b18958,train_sub_val,e2754fe5f08b322ea0bafc9a9627b8be9d2fe565e524c7d06fe102499d4eb861,SMD_machine-1-7_pcmci_val0.2_b18958_cb7120d79ca28f75,1.0,False,15,26,49f630ac8d324ba01390c1a1dcaa4386cd94ae84,49f630ac8d324ba01390c1a1dcaa4386cd94ae84,cuda,2.6.0+cu124,SMD/machine-1-7/seed3/smd_cf_val/eval/last/attempt1,,True,val,P_raw,diagnostic,raw,P_raw,0.6462329118684196,0.8441699302416958,0.6541801524983315,0.8588960772969971,0.7127584963979189,0.997708810664445,0.9604441360166546,0.4769713332905804,0.9512844734708186
eval/SMD/machine-1-7/seed3/smd_cf_val/eval/last,val_ckpt_eval,val_pred_mae_v2,SMD,machine-1-7,3,scripts/configs/smd_cf_val.yaml,last,80,1e2f546e8ffec57ea09709bd0851e6feadc5e61f9da1e321c640251068364218,0.08584442648033923,val0.2_b18958,train_sub_val,e2754fe5f08b322ea0bafc9a9627b8be9d2fe565e524c7d06fe102499d4eb861,SMD_machine-1-7_pcmci_val0.2_b18958_cb7120d79ca28f75,1.0,False,15,26,49f630ac8d324ba01390c1a1dcaa4386cd94ae84,49f630ac8d324ba01390c1a1dcaa4386cd94ae84,cuda,2.6.0+cu124,SMD/machine-1-7/seed3/smd_cf_val/eval/last/attempt1,,True,val,C_raw,diagnostic,raw,C_raw,0.1278809771578574,0.5991847363017012,0.1347532715364363,0.6146156180415672,0.2131868368183153,0.9278394534585824,0.2488634665869846,0.1941757295451626,0.7102913776504479
eval/SMD/machine-1-7/seed3/smd_cf_val/eval/last,val_ckpt_eval,val_pred_mae_v2,SMD,machine-1-7,3,scripts/configs/smd_cf_val.yaml,last,80,1e2f546e8ffec57ea09709bd0851e6feadc5e61f9da1e321c640251068364218,0.08584442648033923,val0.2_b18958,train_sub_val,e2754fe5f08b322ea0bafc9a9627b8be9d2fe565e524c7d06fe102499d4eb861,SMD_machine-1-7_pcmci_val0.2_b18958_cb7120d79ca28f75,1.0,False,15,26,49f630ac8d324ba01390c1a1dcaa4386cd94ae84,49f630ac8d324ba01390c1a1dcaa4386cd94ae84,cuda,2.6.0+cu124,SMD/machine-1-7/seed3/smd_cf_val/eval/last/attempt1,,True,val,G_raw,diagnostic,raw,G_raw,0.1566808830912804,0.5248871476191017,0.1565218181205146,0.5428510765044321,0.1924891116320248,0.9799582463465554,0.6702596766291028,0.3481622406021564,0.8687066726050563
eval/SMD/machine-1-7/seed3/smd_cf_val/eval/last,val_ckpt_eval,val_pred_mae_v2,SMD,machine-1-7,3,scripts/configs/smd_cf_val.yaml,last,80,1e2f546e8ffec57ea09709bd0851e6feadc5e61f9da1e321c640251068364218,0.08584442648033923,val0.2_b18958,train_sub_val,e2754fe5f08b322ea0bafc9a9627b8be9d2fe565e524c7d06fe102499d4eb861,SMD_machine-1-7_pcmci_val0.2_b18958_cb7120d79ca28f75,1.0,False,15,26,49f630ac8d324ba01390c1a1dcaa4386cd94ae84,49f630ac8d324ba01390c1a1dcaa4386cd94ae84,cuda,2.6.0+cu124,SMD/machine-1-7/seed3/smd_cf_val/eval/last/attempt1,,True,val,CF_raw,diagnostic,raw,CF_raw,0.1519889037081389,0.5345998857667126,0.1455466398908891,0.5551299324462109,0.1901767041371057,0.8117467323035138,0.7088444157520977,0.3973271391154153,0.8003530599045549
eval/SMD/machine-1-7/seed3/smd_cf_val/eval/best_val,val_ckpt_eval,val_pred_mae_v2,SMD,machine-1-7,3,scripts/configs/smd_cf_val.yaml,best_val,77,bd873f7e10162b61c97c4a59faf53974763b5c43ee81ed1fa5ba427f0a313927,0.08495618735933458,val0.2_b18958,train_sub_val,e2754fe5f08b322ea0bafc9a9627b8be9d2fe565e524c7d06fe102499d4eb861,SMD_machine-1-7_pcmci_val0.2_b18958_cb7120d79ca28f75,1.0,False,15,26,49f630ac8d324ba01390c1a1dcaa4386cd94ae84,49f630ac8d324ba01390c1a1dcaa4386cd94ae84,cuda,2.6.0+cu124,SMD/machine-1-7/seed3/smd_cf_val/eval/best_val/attempt1,,True,val,A_off,fusion,raw,P_raw + C_raw,0.6473729830991727,0.8472747663134027,0.6553078630880849,0.8620041586882904,0.7133579130658088,0.9981246092936028,0.9598615916955012,0.4762344672187545,0.9520570682257712
eval/SMD/machine-1-7/seed3/smd_cf_val/eval/best_val,val_ckpt_eval,val_pred_mae_v2,SMD,machine-1-7,3,scripts/configs/smd_cf_val.yaml,best_val,77,bd873f7e10162b61c97c4a59faf53974763b5c43ee81ed1fa5ba427f0a313927,0.08495618735933458,val0.2_b18958,train_sub_val,e2754fe5f08b322ea0bafc9a9627b8be9d2fe565e524c7d06fe102499d4eb861,SMD_machine-1-7_pcmci_val0.2_b18958_cb7120d79ca28f75,1.0,False,15,26,49f630ac8d324ba01390c1a1dcaa4386cd94ae84,49f630ac8d324ba01390c1a1dcaa4386cd94ae84,cuda,2.6.0+cu124,SMD/machine-1-7/seed3/smd_cf_val/eval/best_val/attempt1,,True,val,A_on,fusion,raw,P_raw + C_raw + 1*CF_raw,0.4702656333797005,0.7555513323103524,0.4754527364874121,0.7745359574387214,0.5537905162652074,0.9925280199252802,0.8407643312101905,0.5768946216035223,0.9150735673565
eval/SMD/machine-1-7/seed3/smd_cf_val/eval/best_val,val_ckpt_eval,val_pred_mae_v2,SMD,machine-1-7,3,scripts/configs/smd_cf_val.yaml,best_val,77,bd873f7e10162b61c97c4a59faf53974763b5c43ee81ed1fa5ba427f0a313927,0.08495618735933458,val0.2_b18958,train_sub_val,e2754fe5f08b322ea0bafc9a9627b8be9d2fe565e524c7d06fe102499d4eb861,SMD_machine-1-7_pcmci_val0.2_b18958_cb7120d79ca28f75,1.0,False,15,26,49f630ac8d324ba01390c1a1dcaa4386cd94ae84,49f630ac8d324ba01390c1a1dcaa4386cd94ae84,cuda,2.6.0+cu124,SMD/machine-1-7/seed3/smd_cf_val/eval/best_val/attempt1,,True,val,P_raw,diagnostic,raw,P_raw,0.6464224142863843,0.8454561712026344,0.6544297959166733,0.8604170909633062,0.713061266860334,0.9983326385994165,0.960193838698511,0.4738665345338284,0.9516462050187108
eval/SMD/machine-1-7/seed3/smd_cf_val/eval/best_val,val_ckpt_eval,val_pred_mae_v2,SMD,machine-1-7,3,scripts/configs/smd_cf_val.yaml,best_val,77,bd873f7e10162b61c97c4a59faf53974763b5c43ee81ed1fa5ba427f0a313927,0.08495618735933458,val0.2_b18958,train_sub_val,e2754fe5f08b322ea0bafc9a9627b8be9d2fe565e524c7d06fe102499d4eb861,SMD_machine-1-7_pcmci_val0.2_b18958_cb7120d79ca28f75,1.0,False,15,26,49f630ac8d324ba01390c1a1dcaa4386cd94ae84,49f630ac8d324ba01390c1a1dcaa4386cd94ae84,cuda,2.6.0+cu124,SMD/machine-1-7/seed3/smd_cf_val/eval/best_val/attempt1,,True,val,C_raw,diagnostic,raw,C_raw,0.1293118860599348,0.5999152064641311,0.1364795399924377,0.6156981324900206,0.2120277911245135,0.9382556131260794,0.2533562678301726,0.1910327403491193,0.7124499211386802
eval/SMD/machine-1-7/seed3/smd_cf_val/eval/best_val,val_ckpt_eval,val_pred_mae_v2,SMD,machine-1-7,3,scripts/configs/smd_cf_val.yaml,best_val,77,bd873f7e10162b61c97c4a59faf53974763b5c43ee81ed1fa5ba427f0a313927,0.08495618735933458,val0.2_b18958,train_sub_val,e2754fe5f08b322ea0bafc9a9627b8be9d2fe565e524c7d06fe102499d4eb861,SMD_machine-1-7_pcmci_val0.2_b18958_cb7120d79ca28f75,1.0,False,15,26,49f630ac8d324ba01390c1a1dcaa4386cd94ae84,49f630ac8d324ba01390c1a1dcaa4386cd94ae84,cuda,2.6.0+cu124,SMD/machine-1-7/seed3/smd_cf_val/eval/best_val/attempt1,,True,val,G_raw,diagnostic,raw,G_raw,0.1528920679557376,0.5182694127053584,0.1526698675059828,0.536920222126506,0.194161026287386,0.9789363920750782,0.6724393864423547,0.3519167106045752,0.8527911362804359
eval/SMD/machine-1-7/seed3/smd_cf_val/eval/best_val,val_ckpt_eval,val_pred_mae_v2,SMD,machine-1-7,3,scripts/configs/smd_cf_val.yaml,best_val,77,bd873f7e10162b61c97c4a59faf53974763b5c43ee81ed1fa5ba427f0a313927,0.08495618735933458,val0.2_b18958,train_sub_val,e2754fe5f08b322ea0bafc9a9627b8be9d2fe565e524c7d06fe102499d4eb861,SMD_machine-1-7_pcmci_val0.2_b18958_cb7120d79ca28f75,1.0,False,15,26,49f630ac8d324ba01390c1a1dcaa4386cd94ae84,49f630ac8d324ba01390c1a1dcaa4386cd94ae84,cuda,2.6.0+cu124,SMD/machine-1-7/seed3/smd_cf_val/eval/best_val/attempt1,,True,val,CF_raw,diagnostic,raw,CF_raw,0.1502162355215067,0.5294064237028586,0.1424917977936599,0.5495886418895031,0.189437262367135,0.7427772600186393,0.713500305436774,0.4057084335917663,0.8098152432734392
eval/SMD/machine-1-8/seed0/smd_cf_val/eval/last,val_ckpt_eval,val_pred_mae_v2,SMD,machine-1-8,0,scripts/configs/smd_cf_val.yaml,last,80,8d0651c5decde413dbfd28b0de3d7ca8e5f84704a5627e25dacec04edf6c4979,0.1644503063788438,val0.2_b18958,train_sub_val,b9d62f23091ef5c4564634a28ceb3d9aa8e4d4b3d87f043fa4eb9491e40e86a2,SMD_machine-1-8_pcmci_val0.2_b18958_043574fb1e490afd,1.0,False,15,4,49f630ac8d324ba01390c1a1dcaa4386cd94ae84,49f630ac8d324ba01390c1a1dcaa4386cd94ae84,cuda,2.6.0+cu124,SMD/machine-1-8/seed0/smd_cf_val/eval/last/attempt1,,True,val,A_off,fusion,raw,P_raw + C_raw,0.2575496559950154,0.5542097514928714,0.2131693235991677,0.566482692338238,0.3216336143956662,0.9753168779186124,0.8454349388928823,0.4527128479663116,0.9193387789477432
eval/SMD/machine-1-8/seed0/smd_cf_val/eval/last,val_ckpt_eval,val_pred_mae_v2,SMD,machine-1-8,0,scripts/configs/smd_cf_val.yaml,last,80,8d0651c5decde413dbfd28b0de3d7ca8e5f84704a5627e25dacec04edf6c4979,0.1644503063788438,val0.2_b18958,train_sub_val,b9d62f23091ef5c4564634a28ceb3d9aa8e4d4b3d87f043fa4eb9491e40e86a2,SMD_machine-1-8_pcmci_val0.2_b18958_043574fb1e490afd,1.0,False,15,4,49f630ac8d324ba01390c1a1dcaa4386cd94ae84,49f630ac8d324ba01390c1a1dcaa4386cd94ae84,cuda,2.6.0+cu124,SMD/machine-1-8/seed0/smd_cf_val/eval/last/attempt1,,True,val,A_on,fusion,raw,P_raw + C_raw + 1*CF_raw,0.1905101029317107,0.468959489121007,0.0898663730303503,0.4637902258439922,0.2404654170716259,0.5961361545538179,0.3999999999999996,0.2872674855067846,0.7861574273544283
eval/SMD/machine-1-8/seed0/smd_cf_val/eval/last,val_ckpt_eval,val_pred_mae_v2,SMD,machine-1-8,0,scripts/configs/smd_cf_val.yaml,last,80,8d0651c5decde413dbfd28b0de3d7ca8e5f84704a5627e25dacec04edf6c4979,0.1644503063788438,val0.2_b18958,train_sub_val,b9d62f23091ef5c4564634a28ceb3d9aa8e4d4b3d87f043fa4eb9491e40e86a2,SMD_machine-1-8_pcmci_val0.2_b18958_043574fb1e490afd,1.0,False,15,4,49f630ac8d324ba01390c1a1dcaa4386cd94ae84,49f630ac8d324ba01390c1a1dcaa4386cd94ae84,cuda,2.6.0+cu124,SMD/machine-1-8/seed0/smd_cf_val/eval/last/attempt1,,True,val,P_raw,diagnostic,raw,P_raw,0.2579139056312058,0.5568677403995964,0.2135111300458928,0.5690284392957079,0.32132042582302,0.9753168779186124,0.8454349388928823,0.4527128479663116,0.9193387789477432
eval/SMD/machine-1-8/seed0/smd_cf_val/eval/last,val_ckpt_eval,val_pred_mae_v2,SMD,machine-1-8,0,scripts/configs/smd_cf_val.yaml,last,80,8d0651c5decde413dbfd28b0de3d7ca8e5f84704a5627e25dacec04edf6c4979,0.1644503063788438,val0.2_b18958,train_sub_val,b9d62f23091ef5c4564634a28ceb3d9aa8e4d4b3d87f043fa4eb9491e40e86a2,SMD_machine-1-8_pcmci_val0.2_b18958_043574fb1e490afd,1.0,False,15,4,49f630ac8d324ba01390c1a1dcaa4386cd94ae84,49f630ac8d324ba01390c1a1dcaa4386cd94ae84,cuda,2.6.0+cu124,SMD/machine-1-8/seed0/smd_cf_val/eval/last/attempt1,,True,val,C_raw,diagnostic,raw,C_raw,0.0222573514222133,0.3491579719573795,0.0235897753523394,0.3451523989055382,0.0624633382730867,0.385600976205003,0.0624207469219126,0.1449110093203637,0.6782474033357746
eval/SMD/machine-1-8/seed0/smd_cf_val/eval/last,val_ckpt_eval,val_pred_mae_v2,SMD,machine-1-8,0,scripts/configs/smd_cf_val.yaml,last,80,8d0651c5decde413dbfd28b0de3d7ca8e5f84704a5627e25dacec04edf6c4979,0.1644503063788438,val0.2_b18958,train_sub_val,b9d62f23091ef5c4564634a28ceb3d9aa8e4d4b3d87f043fa4eb9491e40e86a2,SMD_machine-1-8_pcmci_val0.2_b18958_043574fb1e490afd,1.0,False,15,4,49f630ac8d324ba01390c1a1dcaa4386cd94ae84,49f630ac8d324ba01390c1a1dcaa4386cd94ae84,cuda,2.6.0+cu124,SMD/machine-1-8/seed0/smd_cf_val/eval/last/attempt1,,True,val,G_raw,diagnostic,raw,G_raw,0.112650519136018,0.5364123958079725,0.048306937543705,0.4839566198010778,0.1598995748102311,0.5009823182711198,0.2608695652173911,0.1732644442193582,0.7400345436009343
eval/SMD/machine-1-8/seed0/smd_cf_val/eval/last,val_ckpt_eval,val_pred_mae_v2,SMD,machine-1-8,0,scripts/configs/smd_cf_val.yaml,last,80,8d0651c5decde413dbfd28b0de3d7ca8e5f84704a5627e25dacec04edf6c4979,0.1644503063788438,val0.2_b18958,train_sub_val,b9d62f23091ef5c4564634a28ceb3d9aa8e4d4b3d87f043fa4eb9491e40e86a2,SMD_machine-1-8_pcmci_val0.2_b18958_043574fb1e490afd,1.0,False,15,4,49f630ac8d324ba01390c1a1dcaa4386cd94ae84,49f630ac8d324ba01390c1a1dcaa4386cd94ae84,cuda,2.6.0+cu124,SMD/machine-1-8/seed0/smd_cf_val/eval/last/attempt1,,True,val,CF_raw,diagnostic,raw,CF_raw,0.0618186802149593,0.4263468055571672,0.0380155038038245,0.3526832580742383,0.1530562876436199,0.432937181663837,0.176943699731903,0.2872674855067846,0.7375231790911325
eval/SMD/machine-1-8/seed0/smd_cf_val/eval/best_val,val_ckpt_eval,val_pred_mae_v2,SMD,machine-1-8,0,scripts/configs/smd_cf_val.yaml,best_val,72,eb8aa1588ceb548e7e68496b8de568b373d57663b01d5d652f13961630ecef72,0.1601497967284651,val0.2_b18958,train_sub_val,b9d62f23091ef5c4564634a28ceb3d9aa8e4d4b3d87f043fa4eb9491e40e86a2,SMD_machine-1-8_pcmci_val0.2_b18958_043574fb1e490afd,1.0,False,15,4,49f630ac8d324ba01390c1a1dcaa4386cd94ae84,49f630ac8d324ba01390c1a1dcaa4386cd94ae84,cuda,2.6.0+cu124,SMD/machine-1-8/seed0/smd_cf_val/eval/best_val/attempt1,,True,val,A_off,fusion,raw,P_raw + C_raw,0.2576418591332664,0.5544022251717957,0.2132550496885248,0.5666226194966911,0.3208844492036936,0.9746666666666668,0.8427128427128422,0.4671055107072624,0.9224838087694476
eval/SMD/machine-1-8/seed0/smd_cf_val/eval/best_val,val_ckpt_eval,val_pred_mae_v2,SMD,machine-1-8,0,scripts/configs/smd_cf_val.yaml,best_val,72,eb8aa1588ceb548e7e68496b8de568b373d57663b01d5d652f13961630ecef72,0.1601497967284651,val0.2_b18958,train_sub_val,b9d62f23091ef5c4564634a28ceb3d9aa8e4d4b3d87f043fa4eb9491e40e86a2,SMD_machine-1-8_pcmci_val0.2_b18958_043574fb1e490afd,1.0,False,15,4,49f630ac8d324ba01390c1a1dcaa4386cd94ae84,49f630ac8d324ba01390c1a1dcaa4386cd94ae84,cuda,2.6.0+cu124,SMD/machine-1-8/seed0/smd_cf_val/eval/best_val/attempt1,,True,val,A_on,fusion,raw,P_raw + C_raw + 1*CF_raw,0.190691150277089,0.460637160476459,0.0887174681891123,0.4576196720684983,0.2408649891576164,0.5961361545538179,0.3999999999999996,0.2872674855067846,0.7835740389922616
eval/SMD/machine-1-8/seed0/smd_cf_val/eval/best_val,val_ckpt_eval,val_pred_mae_v2,SMD,machine-1-8,0,scripts/configs/smd_cf_val.yaml,best_val,72,eb8aa1588ceb548e7e68496b8de568b373d57663b01d5d652f13961630ecef72,0.1601497967284651,val0.2_b18958,train_sub_val,b9d62f23091ef5c4564634a28ceb3d9aa8e4d4b3d87f043fa4eb9491e40e86a2,SMD_machine-1-8_pcmci_val0.2_b18958_043574fb1e490afd,1.0,False,15,4,49f630ac8d324ba01390c1a1dcaa4386cd94ae84,49f630ac8d324ba01390c1a1dcaa4386cd94ae84,cuda,2.6.0+cu124,SMD/machine-1-8/seed0/smd_cf_val/eval/best_val/attempt1,,True,val,P_raw,diagnostic,raw,P_raw,0.2581846209822951,0.5579920565020862,0.2137766471526413,0.5701582176261017,0.3207883842990042,0.9746666666666668,0.8427128427128422,0.4710734789565993,0.9224959806424062
eval/SMD/machine-1-8/seed0/smd_cf_val/eval/best_val,val_ckpt_eval,val_pred_mae_v2,SMD,machine-1-8,0,scripts/configs/smd_cf_val.yaml,best_val,72,eb8aa1588ceb548e7e68496b8de568b373d57663b01d5d652f13961630ecef72,0.1601497967284651,val0.2_b18958,train_sub_val,b9d62f23091ef5c4564634a28ceb3d9aa8e4d4b3d87f043fa4eb9491e40e86a2,SMD_machine-1-8_pcmci_val0.2_b18958_043574fb1e490afd,1.0,False,15,4,49f630ac8d324ba01390c1a1dcaa4386cd94ae84,49f630ac8d324ba01390c1a1dcaa4386cd94ae84,cuda,2.6.0+cu124,SMD/machine-1-8/seed0/smd_cf_val/eval/best_val/attempt1,,True,val,C_raw,diagnostic,raw,C_raw,0.0212683004823234,0.3186828775198003,0.0226079705300673,0.3075992289797701,0.0624150360495137,0.3466059916571862,0.0624156407215018,0.3106202373841641,0.6712448642172681
eval/SMD/machine-1-8/seed0/smd_cf_val/eval/best_val,val_ckpt_eval,val_pred_mae_v2,SMD,machine-1-8,0,scripts/configs/smd_cf_val.yaml,best_val,72,eb8aa1588ceb548e7e68496b8de568b373d57663b01d5d652f13961630ecef72,0.1601497967284651,val0.2_b18958,train_sub_val,b9d62f23091ef5c4564634a28ceb3d9aa8e4d4b3d87f043fa4eb9491e40e86a2,SMD_machine-1-8_pcmci_val0.2_b18958_043574fb1e490afd,1.0,False,15,4,49f630ac8d324ba01390c1a1dcaa4386cd94ae84,49f630ac8d324ba01390c1a1dcaa4386cd94ae84,cuda,2.6.0+cu124,SMD/machine-1-8/seed0/smd_cf_val/eval/best_val/attempt1,,True,val,G_raw,diagnostic,raw,G_raw,0.1297562672662556,0.5456350405220833,0.051829572943974,0.4850888929773164,0.1932104179449833,0.5009823182711198,0.2608695652173911,0.1536920267160189,0.7178716727980097
eval/SMD/machine-1-8/seed0/smd_cf_val/eval/best_val,val_ckpt_eval,val_pred_mae_v2,SMD,machine-1-8,0,scripts/configs/smd_cf_val.yaml,best_val,72,eb8aa1588ceb548e7e68496b8de568b373d57663b01d5d652f13961630ecef72,0.1601497967284651,val0.2_b18958,train_sub_val,b9d62f23091ef5c4564634a28ceb3d9aa8e4d4b3d87f043fa4eb9491e40e86a2,SMD_machine-1-8_pcmci_val0.2_b18958_043574fb1e490afd,1.0,False,15,4,49f630ac8d324ba01390c1a1dcaa4386cd94ae84,49f630ac8d324ba01390c1a1dcaa4386cd94ae84,cuda,2.6.0+cu124,SMD/machine-1-8/seed0/smd_cf_val/eval/best_val/attempt1,,True,val,CF_raw,diagnostic,raw,CF_raw,0.0671905342733514,0.4176793162136751,0.0373631404206715,0.3474287003726508,0.1575996181445725,0.4119547657512116,0.1809744779582361,0.2870464631520507,0.7440856855288077
eval/SMD/machine-1-8/seed1/smd_cf_val/eval/last,val_ckpt_eval,val_pred_mae_v2,SMD,machine-1-8,1,scripts/configs/smd_cf_val.yaml,last,80,9c57f63c9ce408b9e68b536db30de69c1f2d25c67a86b43918d43e91841be498,0.15896373444457365,val0.2_b18958,train_sub_val,b9d62f23091ef5c4564634a28ceb3d9aa8e4d4b3d87f043fa4eb9491e40e86a2,SMD_machine-1-8_pcmci_val0.2_b18958_043574fb1e490afd,1.0,False,15,4,49f630ac8d324ba01390c1a1dcaa4386cd94ae84,49f630ac8d324ba01390c1a1dcaa4386cd94ae84,cuda,2.6.0+cu124,SMD/machine-1-8/seed1/smd_cf_val/eval/last/attempt1,,True,val,A_off,fusion,raw,P_raw + C_raw,0.2657305195737298,0.5880826894821052,0.2232410940733765,0.6005235782105723,0.3250212847410125,0.9754152823920266,0.8409090909090904,0.4843554299732209,0.9216122869890424
eval/SMD/machine-1-8/seed1/smd_cf_val/eval/last,val_ckpt_eval,val_pred_mae_v2,SMD,machine-1-8,1,scripts/configs/smd_cf_val.yaml,last,80,9c57f63c9ce408b9e68b536db30de69c1f2d25c67a86b43918d43e91841be498,0.15896373444457365,val0.2_b18958,train_sub_val,b9d62f23091ef5c4564634a28ceb3d9aa8e4d4b3d87f043fa4eb9491e40e86a2,SMD_machine-1-8_pcmci_val0.2_b18958_043574fb1e490afd,1.0,False,15,4,49f630ac8d324ba01390c1a1dcaa4386cd94ae84,49f630ac8d324ba01390c1a1dcaa4386cd94ae84,cuda,2.6.0+cu124,SMD/machine-1-8/seed1/smd_cf_val/eval/last/attempt1,,True,val,A_on,fusion,raw,P_raw + C_raw + 1*CF_raw,0.1983168236287095,0.4902823943862854,0.0927428936378401,0.4908414241698888,0.2588205271073766,0.6095890410958904,0.3974630021141645,0.2872674855067846,0.8323276011760409
eval/SMD/machine-1-8/seed1/smd_cf_val/eval/last,val_ckpt_eval,val_pred_mae_v2,SMD,machine-1-8,1,scripts/configs/smd_cf_val.yaml,last,80,9c57f63c9ce408b9e68b536db30de69c1f2d25c67a86b43918d43e91841be498,0.15896373444457365,val0.2_b18958,train_sub_val,b9d62f23091ef5c4564634a28ceb3d9aa8e4d4b3d87f043fa4eb9491e40e86a2,SMD_machine-1-8_pcmci_val0.2_b18958_043574fb1e490afd,1.0,False,15,4,49f630ac8d324ba01390c1a1dcaa4386cd94ae84,49f630ac8d324ba01390c1a1dcaa4386cd94ae84,cuda,2.6.0+cu124,SMD/machine-1-8/seed1/smd_cf_val/eval/last/attempt1,,True,val,P_raw,diagnostic,raw,P_raw,0.2660902141126783,0.5906998341822391,0.223574833664712,0.6031926284271076,0.3250212847410125,0.9754152823920266,0.8409090909090904,0.4846214511926804,0.921683686420095
eval/SMD/machine-1-8/seed1/smd_cf_val/eval/last,val_ckpt_eval,val_pred_mae_v2,SMD,machine-1-8,1,scripts/configs/smd_cf_val.yaml,last,80,9c57f63c9ce408b9e68b536db30de69c1f2d25c67a86b43918d43e91841be498,0.15896373444457365,val0.2_b18958,train_sub_val,b9d62f23091ef5c4564634a28ceb3d9aa8e4d4b3d87f043fa4eb9491e40e86a2,SMD_machine-1-8_pcmci_val0.2_b18958_043574fb1e490afd,1.0,False,15,4,49f630ac8d324ba01390c1a1dcaa4386cd94ae84,49f630ac8d324ba01390c1a1dcaa4386cd94ae84,cuda,2.6.0+cu124,SMD/machine-1-8/seed1/smd_cf_val/eval/last/attempt1,,True,val,C_raw,diagnostic,raw,C_raw,0.0221338381223803,0.3463850819236461,0.0239841249728489,0.3242236673367019,0.0624252491901201,0.1971535580524344,0.0624156407215018,0.1706433755403039,0.6686414159588323
eval/SMD/machine-1-8/seed1/smd_cf_val/eval/last,val_ckpt_eval,val_pred_mae_v2,SMD,machine-1-8,1,scripts/configs/smd_cf_val.yaml,last,80,9c57f63c9ce408b9e68b536db30de69c1f2d25c67a86b43918d43e91841be498,0.15896373444457365,val0.2_b18958,train_sub_val,b9d62f23091ef5c4564634a28ceb3d9aa8e4d4b3d87f043fa4eb9491e40e86a2,SMD_machine-1-8_pcmci_val0.2_b18958_043574fb1e490afd,1.0,False,15,4,49f630ac8d324ba01390c1a1dcaa4386cd94ae84,49f630ac8d324ba01390c1a1dcaa4386cd94ae84,cuda,2.6.0+cu124,SMD/machine-1-8/seed1/smd_cf_val/eval/last/attempt1,,True,val,G_raw,diagnostic,raw,G_raw,0.1165930746386857,0.6383957493214116,0.073950699911789,0.5835791961211678,0.174628163368923,0.7550702028081123,0.3636363636363632,0.1522328362419257,0.7864534569291466
eval/SMD/machine-1-8/seed1/smd_cf_val/eval/last,val_ckpt_eval,val_pred_mae_v2,SMD,machine-1-8,1,scripts/configs/smd_cf_val.yaml,last,80,9c57f63c9ce408b9e68b536db30de69c1f2d25c67a86b43918d43e91841be498,0.15896373444457365,val0.2_b18958,train_sub_val,b9d62f23091ef5c4564634a28ceb3d9aa8e4d4b3d87f043fa4eb9491e40e86a2,SMD_machine-1-8_pcmci_val0.2_b18958_043574fb1e490afd,1.0,False,15,4,49f630ac8d324ba01390c1a1dcaa4386cd94ae84,49f630ac8d324ba01390c1a1dcaa4386cd94ae84,cuda,2.6.0+cu124,SMD/machine-1-8/seed1/smd_cf_val/eval/last/attempt1,,True,val,CF_raw,diagnostic,raw,CF_raw,0.0509729884130195,0.4470055137106484,0.0382414860472175,0.3858340611972347,0.1427686092865809,0.407673860911271,0.160127464648476,0.2872674855067846,0.747691278956149
eval/SMD/machine-1-8/seed1/smd_cf_val/eval/best_val,val_ckpt_eval,val_pred_mae_v2,SMD,machine-1-8,1,scripts/configs/smd_cf_val.yaml,best_val,78,c67a7c2105291efba9eab7472aa155f4b1fcbd6aebd385cae2ff6112958867bc,0.15892908749241252,val0.2_b18958,train_sub_val,b9d62f23091ef5c4564634a28ceb3d9aa8e4d4b3d87f043fa4eb9491e40e86a2,SMD_machine-1-8_pcmci_val0.2_b18958_043574fb1e490afd,1.0,False,15,4,49f630ac8d324ba01390c1a1dcaa4386cd94ae84,49f630ac8d324ba01390c1a1dcaa4386cd94ae84,cuda,2.6.0+cu124,SMD/machine-1-8/seed1/smd_cf_val/eval/best_val/attempt1,,True,val,A_off,fusion,raw,P_raw + C_raw,0.2635424188852818,0.572023084722546,0.220456634000881,0.5845970609317447,0.3248178071210414,0.9747675962815404,0.8347826086956516,0.4743293159156352,0.921483475135831
eval/SMD/machine-1-8/seed1/smd_cf_val/eval/best_val,val_ckpt_eval,val_pred_mae_v2,SMD,machine-1-8,1,scripts/configs/smd_cf_val.yaml,best_val,78,c67a7c2105291efba9eab7472aa155f4b1fcbd6aebd385cae2ff6112958867bc,0.15892908749241252,val0.2_b18958,train_sub_val,b9d62f23091ef5c4564634a28ceb3d9aa8e4d4b3d87f043fa4eb9491e40e86a2,SMD_machine-1-8_pcmci_val0.2_b18958_043574fb1e490afd,1.0,False,15,4,49f630ac8d324ba01390c1a1dcaa4386cd94ae84,49f630ac8d324ba01390c1a1dcaa4386cd94ae84,cuda,2.6.0+cu124,SMD/machine-1-8/seed1/smd_cf_val/eval/best_val/attempt1,,True,val,A_on,fusion,raw,P_raw + C_raw + 1*CF_raw,0.203064037656123,0.5057850430859219,0.0960837956212593,0.5088290531649549,0.2631547328690156,0.6550298576022049,0.3991228070175435,0.2850725145645351,0.7966898307996687
eval/SMD/machine-1-8/seed1/smd_cf_val/eval/best_val,val_ckpt_eval,val_pred_mae_v2,SMD,machine-1-8,1,scripts/configs/smd_cf_val.yaml,best_val,78,c67a7c2105291efba9eab7472aa155f4b1fcbd6aebd385cae2ff6112958867bc,0.15892908749241252,val0.2_b18958,train_sub_val,b9d62f23091ef5c4564634a28ceb3d9aa8e4d4b3d87f043fa4eb9491e40e86a2,SMD_machine-1-8_pcmci_val0.2_b18958_043574fb1e490afd,1.0,False,15,4,49f630ac8d324ba01390c1a1dcaa4386cd94ae84,49f630ac8d324ba01390c1a1dcaa4386cd94ae84,cuda,2.6.0+cu124,SMD/machine-1-8/seed1/smd_cf_val/eval/best_val/attempt1,,True,val,P_raw,diagnostic,raw,P_raw,0.2637396478418612,0.574149184307753,0.2215926901634504,0.586729316015423,0.3248178071210414,0.9747675962815404,0.838845883180858,0.4701575924796735,0.9215110989054018
eval/SMD/machine-1-8/seed1/smd_cf_val/eval/best_val,val_ckpt_eval,val_pred_mae_v2,SMD,machine-1-8,1,scripts/configs/smd_cf_val.yaml,best_val,78,c67a7c2105291efba9eab7472aa155f4b1fcbd6aebd385cae2ff6112958867bc,0.15892908749241252,val0.2_b18958,train_sub_val,b9d62f23091ef5c4564634a28ceb3d9aa8e4d4b3d87f043fa4eb9491e40e86a2,SMD_machine-1-8_pcmci_val0.2_b18958_043574fb1e490afd,1.0,False,15,4,49f630ac8d324ba01390c1a1dcaa4386cd94ae84,49f630ac8d324ba01390c1a1dcaa4386cd94ae84,cuda,2.6.0+cu124,SMD/machine-1-8/seed1/smd_cf_val/eval/best_val/attempt1,,True,val,C_raw,diagnostic,raw,C_raw,0.0226799548664505,0.3623070339897541,0.0247298589439504,0.3330305484933885,0.0624993945371154,0.2502692224854619,0.0624565137314287,0.1493052608533473,0.6685887824565627
eval/SMD/machine-1-8/seed1/smd_cf_val/eval/best_val,val_ckpt_eval,val_pred_mae_v2,SMD,machine-1-8,1,scripts/configs/smd_cf_val.yaml,best_val,78,c67a7c2105291efba9eab7472aa155f4b1fcbd6aebd385cae2ff6112958867bc,0.15892908749241252,val0.2_b18958,train_sub_val,b9d62f23091ef5c4564634a28ceb3d9aa8e4d4b3d87f043fa4eb9491e40e86a2,SMD_machine-1-8_pcmci_val0.2_b18958_043574fb1e490afd,1.0,False,15,4,49f630ac8d324ba01390c1a1dcaa4386cd94ae84,49f630ac8d324ba01390c1a1dcaa4386cd94ae84,cuda,2.6.0+cu124,SMD/machine-1-8/seed1/smd_cf_val/eval/best_val/attempt1,,True,val,G_raw,diagnostic,raw,G_raw,0.1159657482629914,0.6595033435942136,0.0775258613039367,0.606270400156105,0.1819466490440955,0.7969264544456641,0.354430379746835,0.1424766025678574,0.7855525182475904
eval/SMD/machine-1-8/seed1/smd_cf_val/eval/best_val,val_ckpt_eval,val_pred_mae_v2,SMD,machine-1-8,1,scripts/configs/smd_cf_val.yaml,best_val,78,c67a7c2105291efba9eab7472aa155f4b1fcbd6aebd385cae2ff6112958867bc,0.15892908749241252,val0.2_b18958,train_sub_val,b9d62f23091ef5c4564634a28ceb3d9aa8e4d4b3d87f043fa4eb9491e40e86a2,SMD_machine-1-8_pcmci_val0.2_b18958_043574fb1e490afd,1.0,False,15,4,49f630ac8d324ba01390c1a1dcaa4386cd94ae84,49f630ac8d324ba01390c1a1dcaa4386cd94ae84,cuda,2.6.0+cu124,SMD/machine-1-8/seed1/smd_cf_val/eval/best_val/attempt1,,True,val,CF_raw,diagnostic,raw,CF_raw,0.0725042263002113,0.4694114621362771,0.0429483182184106,0.4110722008938742,0.1709831111057506,0.4565801253357207,0.1920731707317068,0.2850725145645351,0.7520925570317143
eval/SMD/machine-1-8/seed2/smd_cf_val/eval/last,val_ckpt_eval,val_pred_mae_v2,SMD,machine-1-8,2,scripts/configs/smd_cf_val.yaml,last,80,a0f8ee909f4dcb0fc283586257f970138bdc5fa5d08906933144804b82987016,0.17159383148884927,val0.2_b18958,train_sub_val,b9d62f23091ef5c4564634a28ceb3d9aa8e4d4b3d87f043fa4eb9491e40e86a2,SMD_machine-1-8_pcmci_val0.2_b18958_043574fb1e490afd,1.0,False,15,4,49f630ac8d324ba01390c1a1dcaa4386cd94ae84,49f630ac8d324ba01390c1a1dcaa4386cd94ae84,cuda,2.6.0+cu124,SMD/machine-1-8/seed2/smd_cf_val/eval/last/attempt1,,True,val,A_off,fusion,raw,P_raw + C_raw,0.2560427383711001,0.5547266922349303,0.2113327686492271,0.5666053669222998,0.3188081862794665,0.9740173217854764,0.8252148997134666,0.4671055107072624,0.920652319373663
eval/SMD/machine-1-8/seed2/smd_cf_val/eval/last,val_ckpt_eval,val_pred_mae_v2,SMD,machine-1-8,2,scripts/configs/smd_cf_val.yaml,last,80,a0f8ee909f4dcb0fc283586257f970138bdc5fa5d08906933144804b82987016,0.17159383148884927,val0.2_b18958,train_sub_val,b9d62f23091ef5c4564634a28ceb3d9aa8e4d4b3d87f043fa4eb9491e40e86a2,SMD_machine-1-8_pcmci_val0.2_b18958_043574fb1e490afd,1.0,False,15,4,49f630ac8d324ba01390c1a1dcaa4386cd94ae84,49f630ac8d324ba01390c1a1dcaa4386cd94ae84,cuda,2.6.0+cu124,SMD/machine-1-8/seed2/smd_cf_val/eval/last/attempt1,,True,val,A_on,fusion,raw,P_raw + C_raw + 1*CF_raw,0.1991925176629942,0.5476651890915272,0.1029913098408424,0.5443060727773178,0.2419319327922698,0.643140714600794,0.3956989247311824,0.2906242891993493,0.8074422818611408
eval/SMD/machine-1-8/seed2/smd_cf_val/eval/last,val_ckpt_eval,val_pred_mae_v2,SMD,machine-1-8,2,scripts/configs/smd_cf_val.yaml,last,80,a0f8ee909f4dcb0fc283586257f970138bdc5fa5d08906933144804b82987016,0.17159383148884927,val0.2_b18958,train_sub_val,b9d62f23091ef5c4564634a28ceb3d9aa8e4d4b3d87f043fa4eb9491e40e86a2,SMD_machine-1-8_pcmci_val0.2_b18958_043574fb1e490afd,1.0,False,15,4,49f630ac8d324ba01390c1a1dcaa4386cd94ae84,49f630ac8d324ba01390c1a1dcaa4386cd94ae84,cuda,2.6.0+cu124,SMD/machine-1-8/seed2/smd_cf_val/eval/last/attempt1,,True,val,P_raw,diagnostic,raw,P_raw,0.2562422989693865,0.5552739302890861,0.21139665045251,0.567218348342818,0.3191241621082937,0.9740173217854764,0.8252148997134666,0.4632038304507749,0.9206095491732688
eval/SMD/machine-1-8/seed2/smd_cf_val/eval/last,val_ckpt_eval,val_pred_mae_v2,SMD,machine-1-8,2,scripts/configs/smd_cf_val.yaml,last,80,a0f8ee909f4dcb0fc283586257f970138bdc5fa5d08906933144804b82987016,0.17159383148884927,val0.2_b18958,train_sub_val,b9d62f23091ef5c4564634a28ceb3d9aa8e4d4b3d87f043fa4eb9491e40e86a2,SMD_machine-1-8_pcmci_val0.2_b18958_043574fb1e490afd,1.0,False,15,4,49f630ac8d324ba01390c1a1dcaa4386cd94ae84,49f630ac8d324ba01390c1a1dcaa4386cd94ae84,cuda,2.6.0+cu124,SMD/machine-1-8/seed2/smd_cf_val/eval/last/attempt1,,True,val,C_raw,diagnostic,raw,C_raw,0.0261442608017687,0.447803161907521,0.0282240784864082,0.4220018091168178,0.0720559431795009,0.367206676485027,0.0718172440132609,0.1526760203453645,0.6686531121648889
eval/SMD/machine-1-8/seed2/smd_cf_val/eval/last,val_ckpt_eval,val_pred_mae_v2,SMD,machine-1-8,2,scripts/configs/smd_cf_val.yaml,last,80,a0f8ee909f4dcb0fc283586257f970138bdc5fa5d08906933144804b82987016,0.17159383148884927,val0.2_b18958,train_sub_val,b9d62f23091ef5c4564634a28ceb3d9aa8e4d4b3d87f043fa4eb9491e40e86a2,SMD_machine-1-8_pcmci_val0.2_b18958_043574fb1e490afd,1.0,False,15,4,49f630ac8d324ba01390c1a1dcaa4386cd94ae84,49f630ac8d324ba01390c1a1dcaa4386cd94ae84,cuda,2.6.0+cu124,SMD/machine-1-8/seed2/smd_cf_val/eval/last/attempt1,,True,val,G_raw,diagnostic,raw,G_raw,0.1047644499997433,0.4306357044905361,0.044289946427125,0.3590859464324041,0.1660118267356144,0.4995102840352595,0.2542372881355929,0.225234037958854,0.6945450038547828
eval/SMD/machine-1-8/seed2/smd_cf_val/eval/last,val_ckpt_eval,val_pred_mae_v2,SMD,machine-1-8,2,scripts/configs/smd_cf_val.yaml,last,80,a0f8ee909f4dcb0fc283586257f970138bdc5fa5d08906933144804b82987016,0.17159383148884927,val0.2_b18958,train_sub_val,b9d62f23091ef5c4564634a28ceb3d9aa8e4d4b3d87f043fa4eb9491e40e86a2,SMD_machine-1-8_pcmci_val0.2_b18958_043574fb1e490afd,1.0,False,15,4,49f630ac8d324ba01390c1a1dcaa4386cd94ae84,49f630ac8d324ba01390c1a1dcaa4386cd94ae84,cuda,2.6.0+cu124,SMD/machine-1-8/seed2/smd_cf_val/eval/last/attempt1,,True,val,CF_raw,diagnostic,raw,CF_raw,0.0658534062014776,0.5211775067495837,0.0502355971084697,0.483224914981351,0.15764754865679,0.6971046770601337,0.1891604675876722,0.2906242891993493,0.7608947003965686
eval/SMD/machine-1-8/seed2/smd_cf_val/eval/best_val,val_ckpt_eval,val_pred_mae_v2,SMD,machine-1-8,2,scripts/configs/smd_cf_val.yaml,best_val,78,5622052f080ae30dc6006a3178f2e96ba8a37097625298d3ae2c75e950ecfcd4,0.160976558317324,val0.2_b18958,train_sub_val,b9d62f23091ef5c4564634a28ceb3d9aa8e4d4b3d87f043fa4eb9491e40e86a2,SMD_machine-1-8_pcmci_val0.2_b18958_043574fb1e490afd,1.0,False,15,4,49f630ac8d324ba01390c1a1dcaa4386cd94ae84,49f630ac8d324ba01390c1a1dcaa4386cd94ae84,cuda,2.6.0+cu124,SMD/machine-1-8/seed2/smd_cf_val/eval/best_val/attempt1,,True,val,A_off,fusion,raw,P_raw + C_raw,0.2560523057798244,0.5578908749126309,0.2085726404810179,0.569714844284445,0.318087787255309,0.9720744680851064,0.8181818181818177,0.4666719711571628,0.920741657761449
eval/SMD/machine-1-8/seed2/smd_cf_val/eval/best_val,val_ckpt_eval,val_pred_mae_v2,SMD,machine-1-8,2,scripts/configs/smd_cf_val.yaml,best_val,78,5622052f080ae30dc6006a3178f2e96ba8a37097625298d3ae2c75e950ecfcd4,0.160976558317324,val0.2_b18958,train_sub_val,b9d62f23091ef5c4564634a28ceb3d9aa8e4d4b3d87f043fa4eb9491e40e86a2,SMD_machine-1-8_pcmci_val0.2_b18958_043574fb1e490afd,1.0,False,15,4,49f630ac8d324ba01390c1a1dcaa4386cd94ae84,49f630ac8d324ba01390c1a1dcaa4386cd94ae84,cuda,2.6.0+cu124,SMD/machine-1-8/seed2/smd_cf_val/eval/best_val/attempt1,,True,val,A_on,fusion,raw,P_raw + C_raw + 1*CF_raw,0.2033124616736008,0.5589186111872195,0.1058133876907899,0.5604391076651131,0.2472620119867753,0.7936687394007914,0.3999999999999996,0.2906242891993493,0.8352277200042191
eval/SMD/machine-1-8/seed2/smd_cf_val/eval/best_val,val_ckpt_eval,val_pred_mae_v2,SMD,machine-1-8,2,scripts/configs/smd_cf_val.yaml,best_val,78,5622052f080ae30dc6006a3178f2e96ba8a37097625298d3ae2c75e950ecfcd4,0.160976558317324,val0.2_b18958,train_sub_val,b9d62f23091ef5c4564634a28ceb3d9aa8e4d4b3d87f043fa4eb9491e40e86a2,SMD_machine-1-8_pcmci_val0.2_b18958_043574fb1e490afd,1.0,False,15,4,49f630ac8d324ba01390c1a1dcaa4386cd94ae84,49f630ac8d324ba01390c1a1dcaa4386cd94ae84,cuda,2.6.0+cu124,SMD/machine-1-8/seed2/smd_cf_val/eval/best_val/attempt1,,True,val,P_raw,diagnostic,raw,P_raw,0.2561801670645725,0.5584125603280936,0.2087472783308027,0.5702401203581042,0.3171681828574639,0.9720744680851064,0.8181818181818177,0.4666719711571628,0.9207659457574532
eval/SMD/machine-1-8/seed2/smd_cf_val/eval/best_val,val_ckpt_eval,val_pred_mae_v2,SMD,machine-1-8,2,scripts/configs/smd_cf_val.yaml,best_val,78,5622052f080ae30dc6006a3178f2e96ba8a37097625298d3ae2c75e950ecfcd4,0.160976558317324,val0.2_b18958,train_sub_val,b9d62f23091ef5c4564634a28ceb3d9aa8e4d4b3d87f043fa4eb9491e40e86a2,SMD_machine-1-8_pcmci_val0.2_b18958_043574fb1e490afd,1.0,False,15,4,49f630ac8d324ba01390c1a1dcaa4386cd94ae84,49f630ac8d324ba01390c1a1dcaa4386cd94ae84,cuda,2.6.0+cu124,SMD/machine-1-8/seed2/smd_cf_val/eval/best_val/attempt1,,True,val,C_raw,diagnostic,raw,C_raw,0.0263400597189374,0.4504325112796035,0.0283732380453966,0.4267317212460496,0.0701837727396203,0.4786821705426357,0.0700478789154642,0.1496670841214573,0.668738520407563
eval/SMD/machine-1-8/seed2/smd_cf_val/eval/best_val,val_ckpt_eval,val_pred_mae_v2,SMD,machine-1-8,2,scripts/configs/smd_cf_val.yaml,best_val,78,5622052f080ae30dc6006a3178f2e96ba8a37097625298d3ae2c75e950ecfcd4,0.160976558317324,val0.2_b18958,train_sub_val,b9d62f23091ef5c4564634a28ceb3d9aa8e4d4b3d87f043fa4eb9491e40e86a2,SMD_machine-1-8_pcmci_val0.2_b18958_043574fb1e490afd,1.0,False,15,4,49f630ac8d324ba01390c1a1dcaa4386cd94ae84,49f630ac8d324ba01390c1a1dcaa4386cd94ae84,cuda,2.6.0+cu124,SMD/machine-1-8/seed2/smd_cf_val/eval/best_val/attempt1,,True,val,G_raw,diagnostic,raw,G_raw,0.0681285030234496,0.4287134257851048,0.0390827576624437,0.3560086540976309,0.1492953298217931,0.4770813844714686,0.1923474663908992,0.230342789735896,0.7008326165266401
eval/SMD/machine-1-8/seed2/smd_cf_val/eval/best_val,val_ckpt_eval,val_pred_mae_v2,SMD,machine-1-8,2,scripts/configs/smd_cf_val.yaml,best_val,78,5622052f080ae30dc6006a3178f2e96ba8a37097625298d3ae2c75e950ecfcd4,0.160976558317324,val0.2_b18958,train_sub_val,b9d62f23091ef5c4564634a28ceb3d9aa8e4d4b3d87f043fa4eb9491e40e86a2,SMD_machine-1-8_pcmci_val0.2_b18958_043574fb1e490afd,1.0,False,15,4,49f630ac8d324ba01390c1a1dcaa4386cd94ae84,49f630ac8d324ba01390c1a1dcaa4386cd94ae84,cuda,2.6.0+cu124,SMD/machine-1-8/seed2/smd_cf_val/eval/best_val/attempt1,,True,val,CF_raw,diagnostic,raw,CF_raw,0.0843557190377951,0.5357264760950492,0.0539232283388088,0.5074181760712242,0.1799478531060519,0.8397048960429242,0.2461538461538456,0.2906242891993493,0.7590826669264021
eval/SMD/machine-1-8/seed3/smd_cf_val/eval/last,val_ckpt_eval,val_pred_mae_v2,SMD,machine-1-8,3,scripts/configs/smd_cf_val.yaml,last,80,91bda95522a139280ab461fd01240f430139942c91e7a5fb7aafe4ac936cf179,0.16896810944218354,val0.2_b18958,train_sub_val,b9d62f23091ef5c4564634a28ceb3d9aa8e4d4b3d87f043fa4eb9491e40e86a2,SMD_machine-1-8_pcmci_val0.2_b18958_043574fb1e490afd,1.0,False,15,4,49f630ac8d324ba01390c1a1dcaa4386cd94ae84,49f630ac8d324ba01390c1a1dcaa4386cd94ae84,cuda,2.6.0+cu124,SMD/machine-1-8/seed3/smd_cf_val/eval/last/attempt1,,True,val,A_off,fusion,raw,P_raw + C_raw,0.2549326705513862,0.5336954128897684,0.2083854150917222,0.5459837178203374,0.3215333801010487,0.972829688535454,0.8314606741573028,0.4671055107072624,0.9215456747287716
eval/SMD/machine-1-8/seed3/smd_cf_val/eval/last,val_ckpt_eval,val_pred_mae_v2,SMD,machine-1-8,3,scripts/configs/smd_cf_val.yaml,last,80,91bda95522a139280ab461fd01240f430139942c91e7a5fb7aafe4ac936cf179,0.16896810944218354,val0.2_b18958,train_sub_val,b9d62f23091ef5c4564634a28ceb3d9aa8e4d4b3d87f043fa4eb9491e40e86a2,SMD_machine-1-8_pcmci_val0.2_b18958_043574fb1e490afd,1.0,False,15,4,49f630ac8d324ba01390c1a1dcaa4386cd94ae84,49f630ac8d324ba01390c1a1dcaa4386cd94ae84,cuda,2.6.0+cu124,SMD/machine-1-8/seed3/smd_cf_val/eval/last/attempt1,,True,val,A_on,fusion,raw,P_raw + C_raw + 1*CF_raw,0.2068934342432713,0.5240808467195528,0.1016721930503861,0.5262269807219309,0.2629873671291861,0.5955882352941176,0.3991507430997873,0.2906242891993493,0.8158699472169606
eval/SMD/machine-1-8/seed3/smd_cf_val/eval/last,val_ckpt_eval,val_pred_mae_v2,SMD,machine-1-8,3,scripts/configs/smd_cf_val.yaml,last,80,91bda95522a139280ab461fd01240f430139942c91e7a5fb7aafe4ac936cf179,0.16896810944218354,val0.2_b18958,train_sub_val,b9d62f23091ef5c4564634a28ceb3d9aa8e4d4b3d87f043fa4eb9491e40e86a2,SMD_machine-1-8_pcmci_val0.2_b18958_043574fb1e490afd,1.0,False,15,4,49f630ac8d324ba01390c1a1dcaa4386cd94ae84,49f630ac8d324ba01390c1a1dcaa4386cd94ae84,cuda,2.6.0+cu124,SMD/machine-1-8/seed3/smd_cf_val/eval/last/attempt1,,True,val,P_raw,diagnostic,raw,P_raw,0.2550724368048578,0.534631656998299,0.2084688491297764,0.546938513119928,0.321858830805211,0.972829688535454,0.8338028169014079,0.4671055107072624,0.9215309071808376
eval/SMD/machine-1-8/seed3/smd_cf_val/eval/last,val_ckpt_eval,val_pred_mae_v2,SMD,machine-1-8,3,scripts/configs/smd_cf_val.yaml,last,80,91bda95522a139280ab461fd01240f430139942c91e7a5fb7aafe4ac936cf179,0.16896810944218354,val0.2_b18958,train_sub_val,b9d62f23091ef5c4564634a28ceb3d9aa8e4d4b3d87f043fa4eb9491e40e86a2,SMD_machine-1-8_pcmci_val0.2_b18958_043574fb1e490afd,1.0,False,15,4,49f630ac8d324ba01390c1a1dcaa4386cd94ae84,49f630ac8d324ba01390c1a1dcaa4386cd94ae84,cuda,2.6.0+cu124,SMD/machine-1-8/seed3/smd_cf_val/eval/last/attempt1,,True,val,C_raw,diagnostic,raw,C_raw,0.0243251238927326,0.4042921344576418,0.0262341943429567,0.3815879483624662,0.0635739842496794,0.4260263361735089,0.0635205487563253,0.1395697101945101,0.6824679282358181
eval/SMD/machine-1-8/seed3/smd_cf_val/eval/last,val_ckpt_eval,val_pred_mae_v2,SMD,machine-1-8,3,scripts/configs/smd_cf_val.yaml,last,80,91bda95522a139280ab461fd01240f430139942c91e7a5fb7aafe4ac936cf179,0.16896810944218354,val0.2_b18958,train_sub_val,b9d62f23091ef5c4564634a28ceb3d9aa8e4d4b3d87f043fa4eb9491e40e86a2,SMD_machine-1-8_pcmci_val0.2_b18958_043574fb1e490afd,1.0,False,15,4,49f630ac8d324ba01390c1a1dcaa4386cd94ae84,49f630ac8d324ba01390c1a1dcaa4386cd94ae84,cuda,2.6.0+cu124,SMD/machine-1-8/seed3/smd_cf_val/eval/last/attempt1,,True,val,G_raw,diagnostic,raw,G_raw,0.1429342336287182,0.5965329242319675,0.0579536257951425,0.4981199335872937,0.2083296538072719,0.4956268221574344,0.2529789184234644,0.1389075358127723,0.7454416623477016
eval/SMD/machine-1-8/seed3/smd_cf_val/eval/last,val_ckpt_eval,val_pred_mae_v2,SMD,machine-1-8,3,scripts/configs/smd_cf_val.yaml,last,80,91bda95522a139280ab461fd01240f430139942c91e7a5fb7aafe4ac936cf179,0.16896810944218354,val0.2_b18958,train_sub_val,b9d62f23091ef5c4564634a28ceb3d9aa8e4d4b3d87f043fa4eb9491e40e86a2,SMD_machine-1-8_pcmci_val0.2_b18958_043574fb1e490afd,1.0,False,15,4,49f630ac8d324ba01390c1a1dcaa4386cd94ae84,49f630ac8d324ba01390c1a1dcaa4386cd94ae84,cuda,2.6.0+cu124,SMD/machine-1-8/seed3/smd_cf_val/eval/last/attempt1,,True,val,CF_raw,diagnostic,raw,CF_raw,0.1058245830093987,0.4994869178778779,0.0479339226778169,0.4183230516340602,0.1643565614570101,0.4221854304635761,0.2003257328990223,0.1298911669259745,0.7582835348029555
eval/SMD/machine-1-8/seed3/smd_cf_val/eval/best_val,val_ckpt_eval,val_pred_mae_v2,SMD,machine-1-8,3,scripts/configs/smd_cf_val.yaml,best_val,75,791bbb5b66fe8ba6a172e75003f1e85f544d7467e2b8b11b569fa3c1773e863e,0.1620210264941996,val0.2_b18958,train_sub_val,b9d62f23091ef5c4564634a28ceb3d9aa8e4d4b3d87f043fa4eb9491e40e86a2,SMD_machine-1-8_pcmci_val0.2_b18958_043574fb1e490afd,1.0,False,15,4,49f630ac8d324ba01390c1a1dcaa4386cd94ae84,49f630ac8d324ba01390c1a1dcaa4386cd94ae84,cuda,2.6.0+cu124,SMD/machine-1-8/seed3/smd_cf_val/eval/best_val/attempt1,,True,val,A_off,fusion,raw,P_raw + C_raw,0.2562008145693132,0.5449422610403833,0.208957626306202,0.5570795568194906,0.3186336741022337,0.9740173217854764,0.8230842005676438,0.474463572102916,0.9209737369848402
eval/SMD/machine-1-8/seed3/smd_cf_val/eval/best_val,val_ckpt_eval,val_pred_mae_v2,SMD,machine-1-8,3,scripts/configs/smd_cf_val.yaml,best_val,75,791bbb5b66fe8ba6a172e75003f1e85f544d7467e2b8b11b569fa3c1773e863e,0.1620210264941996,val0.2_b18958,train_sub_val,b9d62f23091ef5c4564634a28ceb3d9aa8e4d4b3d87f043fa4eb9491e40e86a2,SMD_machine-1-8_pcmci_val0.2_b18958_043574fb1e490afd,1.0,False,15,4,49f630ac8d324ba01390c1a1dcaa4386cd94ae84,49f630ac8d324ba01390c1a1dcaa4386cd94ae84,cuda,2.6.0+cu124,SMD/machine-1-8/seed3/smd_cf_val/eval/best_val/attempt1,,True,val,A_on,fusion,raw,P_raw + C_raw + 1*CF_raw,0.2056285401304657,0.542088625811675,0.1011590858415594,0.5461449394188846,0.2598719785295963,0.5961361545538179,0.3999999999999996,0.2906242891993493,0.8109167257768062
eval/SMD/machine-1-8/seed3/smd_cf_val/eval/best_val,val_ckpt_eval,val_pred_mae_v2,SMD,machine-1-8,3,scripts/configs/smd_cf_val.yaml,best_val,75,791bbb5b66fe8ba6a172e75003f1e85f544d7467e2b8b11b569fa3c1773e863e,0.1620210264941996,val0.2_b18958,train_sub_val,b9d62f23091ef5c4564634a28ceb3d9aa8e4d4b3d87f043fa4eb9491e40e86a2,SMD_machine-1-8_pcmci_val0.2_b18958_043574fb1e490afd,1.0,False,15,4,49f630ac8d324ba01390c1a1dcaa4386cd94ae84,49f630ac8d324ba01390c1a1dcaa4386cd94ae84,cuda,2.6.0+cu124,SMD/machine-1-8/seed3/smd_cf_val/eval/best_val/attempt1,,True,val,P_raw,diagnostic,raw,P_raw,0.256294650113375,0.5456865459526479,0.2091860615686436,0.5578024938704871,0.3186336741022337,0.9740173217854764,0.8230842005676438,0.4787841817466453,0.9219558644624232
eval/SMD/machine-1-8/seed3/smd_cf_val/eval/best_val,val_ckpt_eval,val_pred_mae_v2,SMD,machine-1-8,3,scripts/configs/smd_cf_val.yaml,best_val,75,791bbb5b66fe8ba6a172e75003f1e85f544d7467e2b8b11b569fa3c1773e863e,0.1620210264941996,val0.2_b18958,train_sub_val,b9d62f23091ef5c4564634a28ceb3d9aa8e4d4b3d87f043fa4eb9491e40e86a2,SMD_machine-1-8_pcmci_val0.2_b18958_043574fb1e490afd,1.0,False,15,4,49f630ac8d324ba01390c1a1dcaa4386cd94ae84,49f630ac8d324ba01390c1a1dcaa4386cd94ae84,cuda,2.6.0+cu124,SMD/machine-1-8/seed3/smd_cf_val/eval/best_val/attempt1,,True,val,C_raw,diagnostic,raw,C_raw,0.0252534078392217,0.4235674559078358,0.0271622534674824,0.401866141594648,0.064249231194933,0.4465188642551536,0.0643365657867751,0.146583652455827,0.6785075955842044
eval/SMD/machine-1-8/seed3/smd_cf_val/eval/best_val,val_ckpt_eval,val_pred_mae_v2,SMD,machine-1-8,3,scripts/configs/smd_cf_val.yaml,best_val,75,791bbb5b66fe8ba6a172e75003f1e85f544d7467e2b8b11b569fa3c1773e863e,0.1620210264941996,val0.2_b18958,train_sub_val,b9d62f23091ef5c4564634a28ceb3d9aa8e4d4b3d87f043fa4eb9491e40e86a2,SMD_machine-1-8_pcmci_val0.2_b18958_043574fb1e490afd,1.0,False,15,4,49f630ac8d324ba01390c1a1dcaa4386cd94ae84,49f630ac8d324ba01390c1a1dcaa4386cd94ae84,cuda,2.6.0+cu124,SMD/machine-1-8/seed3/smd_cf_val/eval/best_val/attempt1,,True,val,G_raw,diagnostic,raw,G_raw,0.1353977907591264,0.5965554757218207,0.056467814374961,0.4971863902981351,0.1968389517466637,0.4965920155793573,0.2537764350453169,0.1469891244690122,0.7492018972046625
eval/SMD/machine-1-8/seed3/smd_cf_val/eval/best_val,val_ckpt_eval,val_pred_mae_v2,SMD,machine-1-8,3,scripts/configs/smd_cf_val.yaml,best_val,75,791bbb5b66fe8ba6a172e75003f1e85f544d7467e2b8b11b569fa3c1773e863e,0.1620210264941996,val0.2_b18958,train_sub_val,b9d62f23091ef5c4564634a28ceb3d9aa8e4d4b3d87f043fa4eb9491e40e86a2,SMD_machine-1-8_pcmci_val0.2_b18958_043574fb1e490afd,1.0,False,15,4,49f630ac8d324ba01390c1a1dcaa4386cd94ae84,49f630ac8d324ba01390c1a1dcaa4386cd94ae84,cuda,2.6.0+cu124,SMD/machine-1-8/seed3/smd_cf_val/eval/best_val/attempt1,,True,val,CF_raw,diagnostic,raw,CF_raw,0.0984789936624513,0.5194865737461443,0.048714395825497,0.4487161535794534,0.1662422470945237,0.4292929292929293,0.2042553191489357,0.1593035134231063,0.7638489002743614
