entity,epoch,AUC_PR_mean,AUC_ROC_mean,F1_mean,PA_F1_mean,Event_F1_mean,R_F1_mean,Aff_F_mean,VUS_ROC_mean,VUS_PR_mean,AUC_PR_std,AUC_ROC_std,F1_std,PA_F1_std,Event_F1_std,R_F1_std,Aff_F_std,VUS_ROC_std,VUS_PR_std
machine-1-1,5,0.48507839724269447,0.8651444338483294,0.49710668121672996,0.9445029726626843,0.7095177699720497,0.20350841394778144,0.7236987676851423,0.9016826142151038,0.5289125087082694,0.21584480301049427,0.11701428990883254,0.14176214491159644,0.10802118213654142,0.11085831339678852,0.04098962427590251,0.014638824259635107,0.09571519307276585,0.21768897123294997
machine-1-1,10,0.32963034701633853,0.8173663933277943,0.3813918241377592,0.9445957540754077,0.7265320772963957,0.22996813097568655,0.7357023146020045,0.8751045385015377,0.408610366970651,0.13683995841755411,0.06842321430679453,0.11981616796935958,0.10808307180994399,0.12575574218753385,0.07618503481234404,0.03572730498608063,0.04864948527148042,0.1232287541034864
machine-1-1,15,0.4013698722398241,0.8557622744862137,0.43468231192836426,0.9780149944975174,0.7620172264063139,0.24150263695320834,0.7465305031470382,0.9060255720535266,0.4831558037977368,0.10716147292145282,0.052105486662556155,0.11417492067738831,0.04124529301012546,0.07615366769000419,0.06350972174682087,0.049806640944458136,0.031969606502004054,0.08348108267937272
machine-1-1,20,0.4244428590884298,0.8569175469737104,0.4507423605841624,0.9781082752281814,0.8130973032051695,0.30707909278598616,0.7986714060477635,0.9097820284627447,0.5106568355368907,0.1525159059769736,0.056937025061500016,0.10756646831549802,0.041307482520771766,0.13017487738737288,0.13514862639392594,0.10377132016643038,0.03539513198188458,0.12795837754100045
machine-1-1,25,0.42139597707374193,0.8490058506022072,0.43971584331281466,0.9780149945455876,0.7631926494220012,0.28784375461659883,0.7887232534693442,0.9026717291233942,0.5044579589039034,0.1818800216796244,0.06770921722257027,0.11548106931077752,0.041245850742752305,0.07764382392100419,0.1021050342668678,0.09050403670687035,0.04916492377344005,0.16819920624255078
machine-1-1,30,0.423409997412513,0.8433952414744907,0.4345919038815522,0.9781080002958337,0.8165172563253301,0.31729081392657793,0.7992956710923079,0.8996462473231528,0.5086453469893534,0.19770007305061532,0.06823046629293551,0.13007337294149415,0.041307296666903484,0.10425160717541539,0.09695680692004102,0.06776543252070363,0.04924513027412838,0.1815041989201752
machine-1-1,35,0.40848597214167104,0.838282092087297,0.4256835836796826,0.9987461385000038,0.8260046402888332,0.3376957706998788,0.8126845017298417,0.8967962204078588,0.49568422496024295,0.1765175409809884,0.06064606749716219,0.10633490270637606,0.000279111163634487,0.07648785300480619,0.08520023482367076,0.08459212911344254,0.04429791895993736,0.16285379805570946
machine-1-1,40,0.41750510456580053,0.84368706486516,0.4285646261060729,0.9703379750867911,0.7719178092529865,0.2606423196256158,0.7530211593743734,0.9014541952871391,0.5042464756318354,0.16080026405678166,0.052447196596165514,0.09560860621596237,0.056474953584651516,0.08954022276711,0.09939853163213277,0.07024697136361491,0.03707402865872672,0.1455667893273171
machine-1-1,45,0.4402890659964148,0.8518868224160225,0.44631898801405895,0.959785757146726,0.7771623081573756,0.26463328024305344,0.7664592206566334,0.9109229858494514,0.5342752606320365,0.12843455620569996,0.03444516513544153,0.08101138968650164,0.07758065950219344,0.10578128751767173,0.1094241876745214,0.09175661888087877,0.022482938686888852,0.10328528405659175
machine-1-1,50,0.501393176008157,0.8734631852826498,0.4854450324018256,0.9986531499376922,0.804948919470571,0.27546426569597104,0.7681593169515157,0.9272564051860661,0.595884782058964,0.08574173891198679,0.023238891920915578,0.05555901310763261,0.00031758267545727373,0.08041653240665131,0.10298698079867412,0.09447667826187961,0.011780112934651832,0.053431566673529315
machine-1-1,55,0.5021409149455545,0.8703135969816135,0.48565384974286807,0.9216525617412318,0.7514940330370024,0.25570490073799323,0.7690028450462063,0.9258942623962731,0.5957217088140654,0.0818368745312529,0.018122504990992695,0.055884795094892664,0.15421807117571693,0.15617681245661025,0.12248285529688123,0.09419402606574724,0.008798086753896116,0.0489791314499268
machine-1-1,60,0.5130687441369572,0.8760794234273279,0.4955419925230603,0.9705239176111633,0.7826707077856678,0.2665240913522654,0.769181746688441,0.929601170613887,0.6052407233881922,0.07978621769256362,0.016076269113808054,0.05263578108435857,0.05659973016207593,0.10846008961805059,0.11109623865774798,0.09408152570337679,0.008654247055937807,0.05084563447555185
machine-1-1,65,0.5359417781875935,0.8863529910566369,0.5093643834070857,0.9215174438828717,0.7116098427907817,0.20415775149178286,0.7235387141244085,0.9341567027024587,0.6192520867155371,0.08563859192151334,0.023355761995366372,0.05942504813686928,0.15423968160199836,0.11302127415634722,0.0417255073523418,0.015264537085697022,0.013948507573142341,0.0607812253991861
machine-1-1,70,0.5406080845986644,0.884297668016541,0.5146407629085469,0.9163257984792808,0.6863062247350168,0.1940058812109,0.7190669165774078,0.933435858922024,0.6229185989459952,0.08503508275715795,0.025335171768250554,0.06985056378094973,0.1038648607120635,0.1058177749638026,0.039235883802674364,0.018466698200855204,0.016558774462575573,0.06701901899167491
machine-1-1,75,0.5458002113931126,0.8832264548503537,0.5161030995261509,0.9163257984792808,0.6862504211635883,0.19392375522757713,0.7188820331448708,0.9328410929163263,0.6245140481304234,0.08842405626578399,0.030205635039045393,0.0795889789537281,0.1038648607120635,0.10583331619163365,0.039223084410070046,0.01873744819585797,0.019073449453957586,0.07272453559749695
machine-1-1,80,0.5554607202153559,0.8890646417602949,0.5234984792127391,0.8059470524220596,0.6054114311175918,0.17143230642432006,0.7180767832002111,0.9358345026797507,0.6296468256151153,0.07756081749117076,0.02589143324864679,0.07494448166749582,0.314434333683687,0.2600986946000673,0.0815551871678008,0.0178473683999983,0.018601823783199925,0.07296498380113446
machine-1-2,5,0.23492587505645368,0.8522600160593059,0.34595567700336194,0.911820504199787,0.6859029688041236,0.26963457402079777,0.8791765443717319,0.9101473818819857,0.25383470460302887,0.0034174544725624435,0.018227294022876987,0.02323321947674906,0.0031217126201133643,0.02663520271650782,0.014096083064437562,0.014667633967206514,0.010289675088954668,0.00485147808289665
machine-1-2,10,0.32071035096160605,0.8783224562574451,0.4099140067297246,0.9680326147791815,0.741689351741067,0.29321974321083794,0.9245594598918977,0.929338093321644,0.33813747490963364,0.03573912397104717,0.008231743044782653,0.026407017624287963,0.02319661584060106,0.06252961063707924,0.013377785471588214,0.011018301735281018,0.0029260825048090214,0.0328412263315931
machine-1-2,15,0.2848555353749263,0.8865588496549529,0.37253872648992115,0.9361911757950189,0.7522227061670915,0.2656977295203471,0.9012645175873168,0.9308549231565978,0.295824285127138,0.0706199339981949,0.01433525259215078,0.04503280539294052,0.0325429832752809,0.05749753566119869,0.01699226809957628,0.01967532815223018,0.007441654297149182,0.06821015445192082
machine-1-2,20,0.2640808327880741,0.878951247761192,0.36202638024616973,0.9155855610977619,0.7330417380930394,0.25615409982511617,0.8929987189414411,0.9234037836501979,0.2718629567399808,0.017714531643268756,0.011938155163274837,0.011184851985792534,0.008112080839315744,0.035802030683751464,0.005077598432386984,0.013732339075742546,0.008010734434877811,0.015778577753276297
machine-1-2,25,0.2939747776223367,0.8766937250239288,0.370129883618451,0.9357662870658903,0.7574002868408949,0.27009891141234416,0.8907034263525694,0.9253856202427128,0.30085260080976073,0.0833315597863633,0.007711256510413447,0.06564702600105184,0.036607922811425914,0.07378011400529103,0.025928650259107205,0.03234662240925007,0.006159057101561255,0.08118621128130042
machine-1-2,30,0.2900238451281324,0.879876816338271,0.3682470836711311,0.9328083800117368,0.722412970583403,0.275947451797273,0.90868296807767,0.929402700913541,0.29896932102900975,0.045717471594824075,0.010471655567243535,0.0314919700187156,0.02490531818319164,0.037357638821752435,0.012936958284844069,0.02174386375675675,0.004694411459090801,0.04000119524732958
machine-1-2,35,0.2912264640360954,0.8827529858876777,0.3680533419098297,0.9241219251106324,0.7441210724551486,0.2661707218032876,0.8897236658520753,0.9306243334690064,0.29917046479613646,0.022026628262078934,0.007750193876261539,0.02453598814643614,0.01838715407834433,0.0274518453911218,0.016415335550166988,0.028882031833787136,0.0038928314564034877,0.024195219702927487
machine-1-2,40,0.29947619487464616,0.8844530687831615,0.3768871603031416,0.9336552030232319,0.781896802604761,0.26351294609430986,0.9008656878776905,0.9317636154686078,0.3073148047811975,0.019303574947247985,0.007990758785012188,0.032258055341177275,0.01250489750845584,0.039642314593596614,0.00837892960848579,0.020973431480304547,0.004032905924167266,0.01803520415530103
machine-1-2,45,0.2963250984009315,0.8829746842708888,0.38078843846904586,0.9402151898840723,0.755080031998385,0.2682905197335416,0.8914025752141232,0.9313638049033071,0.3055811461635066,0.029588908126946555,0.011550306203022121,0.04446261443684374,0.027668633567608993,0.01600579530114187,0.013302945194587967,0.02883606750669625,0.006311229589869371,0.030773953554515263
machine-1-2,50,0.2883509990123332,0.8834787897418792,0.3590509956804403,0.9450831227515512,0.7645309131598665,0.26934938444330475,0.8927526207878592,0.9311468830654341,0.29576415945280865,0.01803137544588095,0.007313249204750965,0.03167475852551821,0.029626423597341276,0.036163899988388586,0.01260170294287355,0.01730812873466107,0.002923606796656809,0.018543848428483237
machine-1-2,55,0.28551961745276916,0.8889070567670634,0.3609444430879486,0.9458514394278698,0.7843049784969744,0.2746838492595179,0.9117632995788835,0.9317990324757057,0.2948134478180886,0.02964619001896927,0.012769962231209837,0.03551105661511711,0.026554357760159256,0.04531098550803175,0.008751468065891808,0.013226132271332602,0.005794216556316322,0.02720198007244791
machine-1-2,60,0.2758644409970918,0.885883918738509,0.351533966242174,0.9445868546139096,0.7820978189807999,0.2773056235682649,0.8917492754828706,0.9282363190709071,0.2821552483014749,0.04247362561392657,0.011440488325536739,0.049664038625463876,0.033647305101287495,0.028772290800140977,0.020932541360900732,0.036687677736712866,0.009448865040130781,0.041188327182565744
machine-1-2,65,0.27486835800046416,0.8865171547731552,0.35431153427691964,0.9406455682359471,0.7768102985875196,0.2786964581046041,0.8875838419639349,0.9277836109772573,0.2782130330607956,0.04018446220421699,0.009150461345954713,0.04981270886720809,0.02857403325504009,0.06498543579786958,0.015717052077938193,0.03916819767825706,0.007655274110181282,0.036489732748655114
machine-1-2,70,0.25165649739832574,0.8826261473466829,0.3359647342856221,0.9277134224251954,0.7787518853695319,0.25988502816136116,0.8768079434976119,0.9244078245811609,0.2542464647155652,0.03183171033928282,0.01150728795057549,0.038687731930451955,0.012163380507723361,0.05333463484093374,0.004743505555335728,0.033735358498984264,0.009221993769039327,0.03049332095562122
machine-1-2,75,0.24509329413959619,0.8775734631131042,0.3384018230908029,0.9311394317766544,0.7819685869926447,0.2714995231179783,0.8714152008235558,0.9210831549882335,0.2490240776299944,0.03548385043664079,0.01300832206416422,0.04285605112642635,0.027294508043628683,0.06329917720959094,0.006141695752232497,0.029851988082496332,0.010545582523883216,0.036424400023279915
machine-1-2,80,0.2453829418916391,0.8801212755030372,0.3261049757386161,0.9277888781355483,0.757416711284274,0.2629594921893025,0.8735161840083624,0.9229855864342881,0.2504347388018167,0.04312815994448516,0.01329891101918014,0.05493229998060129,0.027778614559037938,0.0777854179236918,0.014706681391011188,0.038774218071678725,0.01068298609135426,0.04378463750116004
machine-1-3,5,0.17320101560700946,0.6900880882912285,0.2711791571259541,0.2378570386579139,0.18842988287432705,0.11611977545867813,0.6701520729639702,0.7766490455126315,0.15978315203490392,0.013456596956305873,0.022585766254725026,0.028155223515341058,0.051206418672501794,0.06916745805634675,0.04377242583224566,1.4155184311698137e-05,0.019475261526741266,0.015206468655493001
machine-1-3,10,0.18045319337659976,0.7368006203041341,0.27754636337455385,0.3383562738963007,0.21739307707783473,0.14618909114712095,0.7115597330659241,0.8046776818233243,0.16486739583264703,0.02122577773845313,0.022939566452094353,0.032405641066697764,0.19059170614738036,0.07338078047519157,0.10291762206162476,0.08281356177941548,0.02977110433258636,0.026756453671450207
machine-1-3,15,0.16824965823608787,0.7151400076905342,0.23343936743583082,0.35334095772443763,0.2505135970224382,0.1225406991655838,0.703781826206373,0.7880018334513609,0.14849119379762019,0.016668217083890702,0.037991864712696104,0.061091881256816374,0.1951181288450895,0.10660917975592366,0.06421122819164968,0.06725863610318655,0.03584776470014382,0.022841819675404672
machine-1-3,20,0.16657971805931254,0.7357576912431866,0.2022376131512768,0.6220479648538156,0.33029302592287935,0.28214249641466305,0.8339963138750522,0.7990749649631653,0.14682987369605816,0.020598367118912473,0.03618133272995866,0.02669161756210606,0.020622334867737842,0.10419921837777074,0.07511321069092504,0.10986202299473279,0.03460805057577826,0.023730017639268484
machine-1-3,25,0.17160339471784744,0.7225640096264901,0.2007034356771848,0.6989631128569885,0.40422056637512316,0.2809667933852184,0.8282926020269082,0.786820940102027,0.15107020028601603,0.022045876085206154,0.051262485256956584,0.03330419928374876,0.07343915487648085,0.09065340225804139,0.05523053424486493,0.06820461592283418,0.048095739111415244,0.02865143772866109
machine-1-3,30,0.17416488227670834,0.7270728154059367,0.21247172816003046,0.7504427515673004,0.3849658128429656,0.27135320908739147,0.8196399059892984,0.7960244705863702,0.15912110700483934,0.03056744068405924,0.026916720118065795,0.06014302239707982,0.08767054287925466,0.09787403652836026,0.04599659841329024,0.10704153938647182,0.025597244094879238,0.04243993735356795
machine-1-3,35,0.1752909070850708,0.7456062793688497,0.22541466075895045,0.7186843181984257,0.3691843540667116,0.26338103901219123,0.8125474723305498,0.8159400808219421,0.1635816771324352,0.012843425022356598,0.014197887869750077,0.04634661818991984,0.08307827231524999,0.0981114847545302,0.07485180209191128,0.055483099915649675,0.014125297722998089,0.019706157703624914
machine-1-3,40,0.16589217816791765,0.7404517782260505,0.22316848464124528,0.58116274577358,0.3015782690948003,0.30291380993161904,0.807253180669281,0.8085573416484411,0.15397499598567566,0.014019133019621766,0.01335137306628098,0.05861546680172347,0.0785395669248599,0.10960705563140753,0.035194973482286146,0.09866991574123357,0.013251962309420353,0.02642591080407787
machine-1-3,45,0.17709453326933638,0.7344982819890031,0.23770602186704334,0.6244437918422815,0.3395092356856283,0.30632887743032217,0.8164341063559009,0.805415950748885,0.15790715639609662,0.006100071905210577,0.02574507003177435,0.02923820337034535,0.026505515223669507,0.05010316784152299,0.037848223267167386,0.09820056139981839,0.025027256658888098,0.009464626925113214
machine-1-3,50,0.1752122099690005,0.7229804308700207,0.24199704758660423,0.6466409968489789,0.3201659853900001,0.27755930798988365,0.8096833238388905,0.7951713116465572,0.1593653728927456,0.03124182061009032,0.02102921908509799,0.048750931299003306,0.17818236193256654,0.11625629980068729,0.07810966975441375,0.09725006791065657,0.02250898751853305,0.03344932128933752
machine-1-3,55,0.17515748146183568,0.7280003516758158,0.22673918596945075,0.5436612234290824,0.2819553818793576,0.24148727386114438,0.7516528138806512,0.7981039562607122,0.15809663507756527,0.05192416724642877,0.03350628473105881,0.07451531803740773,0.2260170777199997,0.1687067289256306,0.08727334785479844,0.09555309348448428,0.03136164569507245,0.06109498020725459
machine-1-3,60,0.1766862656734836,0.7288387517964332,0.23483137122417208,0.531122657555923,0.35864014166954805,0.2118096522854008,0.7566141348116546,0.7995654546404224,0.16317400716323185,0.032850015311837365,0.027633578129489387,0.04539866264374656,0.22362126840015964,0.19827277334749757,0.1401530761412993,0.11765049044117416,0.029318604380017377,0.04386519758085442
machine-1-3,65,0.1657323145331811,0.7076334036702799,0.2195745983460237,0.5515346265726893,0.32622035666304783,0.19250977772454445,0.772006322723251,0.7851366129681847,0.15380630047961205,0.028732479176245187,0.01812381832477682,0.020658777127949692,0.29064867414842877,0.1963188421652475,0.062125723710465576,0.1298021285209436,0.020452160890520352,0.039930293117284646
machine-1-3,70,0.17445343708280503,0.7209258586804672,0.2274070943140054,0.5302102714848078,0.3560664331062519,0.23844830701728892,0.7527519727687845,0.795081159552987,0.15837429277390008,0.02349521275915514,0.012105284183430222,0.02072491671415605,0.2136487991703847,0.13896475814378675,0.0903138948444123,0.09546666154099394,0.01127247485512406,0.02577783403407643
machine-1-3,75,0.174279131412361,0.7196160160753247,0.22199840113092148,0.44790777593489617,0.29764423356803255,0.17268163515699483,0.7287693993065223,0.7927725626942389,0.16587873647531953,0.02657544593839303,0.018318139791713765,0.01287379305500401,0.20916112641234047,0.06285881859493601,0.06475688998544984,0.11723811045046721,0.019351602049729515,0.040581110219160436
machine-1-3,80,0.1620392849011525,0.71425435765286,0.20220892393562553,0.4291004730377014,0.2710364371721709,0.15974424179830538,0.7209632717182338,0.790457770927263,0.14394325506486025,0.0177444458833424,0.024916578776783282,0.028803049280668513,0.20211550928904426,0.08934093869767755,0.11987708088520281,0.10161302172447331,0.019499738803077128,0.02172131441777596
machine-1-4,5,0.15915486568514822,0.7279819963660894,0.24563718407617574,0.20637019324032435,0.29444875776397483,0.22362230744505754,0.6687506954781003,0.8160801193697926,0.15736391694394994,0.015327505546451344,0.01956160637482571,0.010092427700969825,0.07129633234743833,0.0174689440993788,0.03785517234768469,3.0689786631596564e-06,0.02249529230948193,0.011405904029041576
machine-1-4,10,0.14968050259798427,0.7255886064931674,0.24082193322294193,0.19759189477824607,0.30714285714285683,0.22457394658863272,0.6687505119301995,0.8086515538890361,0.14687231737367135,0.03279166865097891,0.04956117106753423,0.07773776793891554,0.08884315464042516,0.04285714285714279,0.04742775429574525,6.423350682156012e-06,0.04437331318865336,0.04398343981671232
machine-1-4,15,0.16910196237611694,0.7410427909304552,0.25766876143029294,0.31147456926761086,0.3232822540781015,0.248309624556969,0.6776268441800488,0.8214377044310451,0.16569609048215023,0.016141425281253143,0.020481668634152718,0.025616670677767003,0.13466679453026797,0.07513593672763214,0.05140153115204412,0.017763176441009196,0.020149414564141918,0.017567722923646303
machine-1-4,20,0.17174226088201966,0.7713515902288179,0.27419104874933453,0.49560014082780157,0.3152661259789168,0.21328007668144539,0.6788900230092401,0.8446761146545136,0.17175364397585524,0.011989655960684126,0.04080313799404202,0.025055135523717638,0.13601285281584632,0.04362679298283608,0.02132594481853343,0.02027960310591615,0.030561485861399725,0.012681117379012103
machine-1-4,25,0.17161485976216118,0.7648853356713184,0.24896406731763704,0.4755492420129279,0.3290816326530609,0.2363324462332162,0.7076455165078293,0.8404453109258511,0.1671198069130623,0.01701650097704532,0.042675029559878,0.03555531631555007,0.14582139689861498,0.0867346938775509,0.0758047209318008,0.07779512000723184,0.03414851893296635,0.015853129880897085
machine-1-4,30,0.15407205232302323,0.7576905914231971,0.22429053221244427,0.5637998237713643,0.35233317407230413,0.2779912943522105,0.793092010268252,0.8305003946843887,0.1501106826234706,0.016851751952656365,0.04702305848632837,0.04054237871317685,0.10512576487161573,0.1275688157738498,0.030804074603022653,0.08496726457222238,0.04249694884220807,0.02627690631587655
machine-1-4,35,0.17517742929331942,0.7759939534554792,0.26135271964363493,0.5649533951081344,0.35821745520593284,0.29335540469283583,0.7861377797972188,0.8497632818610968,0.1744003850083303,0.019430663141104032,0.04863604277067971,0.022191463323527543,0.03549105682829494,0.08859082474605523,0.08752184618163944,0.06850975816001473,0.041721701708685305,0.025637585692019745
machine-1-4,40,0.15154736956648934,0.7563048985261265,0.22818979516975357,0.4862407866271093,0.28805620608899263,0.3054905110322129,0.7530563505324857,0.8337453815880571,0.14705533701505025,0.013309835863905991,0.04717537861677577,0.047762993797182234,0.06871784492462567,0.004683840749414392,0.07922585616905248,0.09736168889847095,0.04143826979929257,0.02225140794294985
machine-1-4,45,0.16720877568445888,0.7811333576319378,0.22637401593640005,0.591951115108577,0.4299858576867919,0.32001227890105505,0.7749899363879441,0.849541357228812,0.1602972324098872,0.020892519245606613,0.029937965761946916,0.032135046614791864,0.09359339551711558,0.11833238639047963,0.04287267385490649,0.08473208290596873,0.022383899581497977,0.021890438204918244
machine-1-4,50,0.15190086492185148,0.7661318782579472,0.2064687805372465,0.5121325091074753,0.3078341013824882,0.31967630335623787,0.7673634899391547,0.8376843616849501,0.14281365901403484,0.012151076575470003,0.03525283768289908,0.03945135642633585,0.0635247583079386,0.04423963133640548,0.05533828815624624,0.06650592469542076,0.02995309108834512,0.01933200763610622
machine-1-4,55,0.15808534241068556,0.7780239522586823,0.20131796517835515,0.6170045386794709,0.3935622098070679,0.31940121725771353,0.8151231672608832,0.8445720596927566,0.15154967826841442,0.0022140456520540626,0.022869308692461024,0.03293655925972894,0.13417221312052707,0.10674014845388817,0.05978941947881335,0.06431132086703499,0.01795910829344826,0.011532770955785495
machine-1-4,60,0.15175433815813572,0.7764381283183915,0.21222510697447747,0.4782565569802092,0.2857142857142854,0.27880085381543734,0.769300901230099,0.8456025888048132,0.14572584344322398,0.004765677744820817,0.009629215179320715,0.021453680320153302,0.11628695913252585,0.0,0.07366696940047045,0.11664155675040991,0.007800691601861462,0.005954352908223565
machine-1-4,65,0.16550651890759585,0.7845027490062959,0.2384952865935065,0.4906010501642022,0.33322465876469953,0.2664507182813992,0.7501788326666204,0.8537506714145418,0.15839432469115722,0.021289476702695258,0.01668101948875346,0.02230163173068056,0.12342059613194269,0.05674076612126345,0.05532972392333755,0.09403515575677061,0.01513282575252252,0.0223712118126709
machine-1-4,70,0.16500906331090903,0.7822601071919033,0.22931637954067915,0.5318713032425866,0.37560320749642606,0.2449482243630699,0.7903688889706908,0.8543643187337927,0.15977391785461925,0.011311013389660441,0.015214614330519877,0.007256729180598896,0.2388116980161189,0.0918616648469547,0.04884697693681198,0.10894981699746671,0.01445768573980523,0.011263619318299011
machine-1-4,75,0.15863279784836912,0.7737602725070356,0.21693083313879236,0.4490342897366145,0.3518477124854251,0.20818994297522064,0.7576626374571621,0.8439031909247394,0.1523527137731074,0.007645303428866087,0.03062035742276002,0.008811097887987689,0.24046783128049673,0.07914273421802398,0.03257034968534108,0.10915304849458152,0.02410952973467443,0.004889448343939731
machine-1-4,80,0.1631985570211868,0.7656549954787671,0.21937194082890504,0.43877596385033757,0.3803972149869762,0.21890990572423769,0.723649834838965,0.8397106639526575,0.15933671879124692,0.02701863184645697,0.041475292444958844,0.05181208367081884,0.2271633119834869,0.0750883485860052,0.016069418107875703,0.06591656574681215,0.03776466331391927,0.03588888589783119
machine-1-5,5,0.5684278338778572,0.9241563546213503,0.5898584505038854,0.8517443430459037,0.7351846219924391,0.581744462171362,0.9062552891035766,0.970075968765308,0.4258285923956675,0.01369455302144696,0.005763458012416343,0.013070748915381116,0.05663641220545418,0.02042665582617918,0.01380355788923697,0.04646807841923478,0.0024280256362614262,0.023751623693055248
machine-1-5,10,0.5283512032641332,0.9242165317625122,0.5531054889550696,0.8315004801722963,0.7165685395311916,0.5026618548568212,0.9308935904102766,0.9691956254474624,0.4135737846867109,0.04709835427470116,0.0060817306073082415,0.028798013184912596,0.051528367697602565,0.007927998152147306,0.07119835038205158,0.030648386609203878,0.0022040822932845087,0.0472641701864065
machine-1-5,15,0.5380873770711286,0.9296967834894266,0.5501201290937655,0.8680858322028204,0.7258062750615292,0.508434124900699,0.9565508178528094,0.9713867823741892,0.42788130567992705,0.031130251899544582,0.009675152252465295,0.023929509999886665,0.052393068943089524,0.04365257380089688,0.053680058826885646,0.02780177849904332,0.004153218224880665,0.029871700711835245
machine-1-5,20,0.5164863094693012,0.9267071025977878,0.5299393886836591,0.8081996477809508,0.7208232288766201,0.45178608880154303,0.9494945828035434,0.9694926853862279,0.3930569710821368,0.07604136078789803,0.008842710366681343,0.06577793385939965,0.07046203021857596,0.025544110232469348,0.0629505196870741,0.03043885872460443,0.0060250817132879424,0.08847871659188491
machine-1-5,25,0.5199596035736265,0.9253339407551807,0.5242763392499611,0.8187234868234803,0.7223252937538647,0.46291790489320994,0.9481108739235904,0.9693699450312876,0.3969716173637235,0.06229414044076141,0.011709201469536508,0.05578632654468902,0.04467539850723445,0.009894867037724141,0.05240433652174403,0.02010604776245279,0.005332768559806195,0.04418835755281834
machine-1-5,30,0.5514288395345532,0.9291219222782556,0.5595150064817322,0.8093038686614145,0.7272727272727267,0.47381656428713276,0.9462597330712946,0.9715957116286085,0.4334537356738774,0.019263213769357117,0.010537381136547917,0.016344551628833328,0.034719379710738345,0.0,0.029094003050554654,0.021532464793541234,0.0051605566677078345,0.020554256923855766
machine-1-5,35,0.5392457126960548,0.9272614103487731,0.5542015937913254,0.8378981010779543,0.723610174199436,0.4887377429607176,0.9268467873075651,0.9710131829158032,0.4271246526377996,0.022543427542411718,0.008142777775177789,0.02144052909592051,0.02929684058066568,0.009991566139732953,0.039155305895013315,0.019153231096540355,0.004763840443696428,0.02389653921315115
machine-1-5,40,0.536747665581154,0.9263458278594736,0.5434723827420612,0.8275758899878098,0.7278128375689346,0.5023148302957336,0.9483049869502587,0.9705505169465971,0.43349345766129166,0.03288221763344443,0.008832925929677294,0.030897331758664413,0.01730008323798884,0.010555975918324894,0.04160463379129916,0.017214351466226713,0.005890884917069558,0.03605365996794338
machine-1-5,45,0.5415701162593811,0.9297651184472603,0.5416781010803562,0.8213572514783223,0.7293541854185412,0.47588525300704393,0.9532389056881975,0.9717821825486102,0.4289635943502016,0.02352861823184282,0.0109255928756921,0.02288935810747759,0.03924144332903218,0.01534710104862754,0.0101051248083065,0.016276603168164996,0.006313330371624874,0.02871969738908098
machine-1-5,50,0.5415238988592459,0.9291615459592322,0.5450002802075504,0.8541744060362966,0.7447237080229582,0.49691975519487436,0.9577357132055826,0.9716921208319875,0.42922243336536114,0.03043827738431899,0.00905214409385054,0.031501006918694834,0.04811748951230175,0.020307977482614842,0.03209726283907856,0.00916378488275642,0.005956875397118724,0.029172503452203694
machine-1-5,55,0.5404638020941823,0.9262351146332161,0.5445424713803734,0.8529512630156231,0.7283813747228376,0.47573640019895025,0.9475924687862227,0.9706236947940786,0.4202763818283107,0.032787794164765315,0.00782155365799793,0.031760144893126466,0.028484814630246474,0.0022172949002216033,0.02670455580899745,0.02768637821612587,0.005430083210139488,0.022950028109400642
machine-1-5,60,0.5413284763078094,0.9235948425647328,0.540022084298076,0.8276836331589799,0.7349852313751226,0.4894384457754292,0.9504805571969996,0.9696387634137122,0.4111986500774208,0.036195614362671095,0.0036622753677589704,0.03893747167832926,0.06582202190795952,0.015425008204791653,0.016945386190400997,0.013020029870710438,0.003612059056185635,0.039836786209760035
machine-1-5,65,0.5322661149819751,0.9229005805822774,0.5269433452981549,0.8151403153333868,0.7268016957136123,0.48464285487041836,0.9399580341878948,0.9693453717649066,0.39766933975654084,0.03376712775979471,0.00430827034660241,0.027614754339729344,0.07411068302258857,0.0009420631182289413,0.042204876948266884,0.014355628629458266,0.0037360439359545084,0.03314552884101689
machine-1-5,70,0.5297837164735366,0.9228208034919693,0.5334332684605281,0.8211213111602422,0.7318994017458977,0.4973656134665375,0.9364272418693247,0.9692621258156668,0.39456622257332463,0.03901998972138258,0.004714915280118387,0.03389630634474742,0.08243381244261314,0.010546898021341532,0.052547104883601606,0.014420165780494772,0.0034609744675897416,0.0492802464109463
machine-1-5,75,0.5321200557588337,0.9208803025808365,0.5331257920037156,0.8070919083947269,0.7221388708171236,0.508876817124152,0.9208881978612767,0.9686489283400044,0.39948312955785853,0.04068524525344732,0.008065739771223018,0.037549177697008704,0.06665586381200263,0.006062996599607259,0.04335219695969154,0.019624172929339018,0.0053860306951241665,0.045049355869573364
machine-1-5,80,0.5324411996667326,0.9235903928465483,0.534993948180803,0.799948116219668,0.7266773247016403,0.5049970346160386,0.9182966310289853,0.9695515742324083,0.39065402466255045,0.034749154543206935,0.006173692192802588,0.03013500797186362,0.07185665006167163,0.015201516720563114,0.056975236324642825,0.01894800513337004,0.0048568780031209655,0.03210373775702939
machine-1-6,5,0.8662288442309529,0.9201977141649874,0.8458336599782035,0.9904912743518894,0.9030856593191581,0.5156437629484956,0.8452417697836013,0.8771242773831925,0.8041839513626602,0.01669587454216072,0.00888785781865727,0.023457766981362402,0.0033326752832882373,0.03286948544477059,0.13487468318161258,0.038734239196678184,0.011572923389192174,0.017107718020203617
machine-1-6,10,0.7729146685626757,0.9052442820569078,0.7149553816339376,0.9872069274708695,0.7844767025677044,0.47455483355554856,0.7852628950146899,0.8580375594197575,0.6891092222911629,0.07501054731182322,0.013986833593234115,0.11163503610117506,0.005732481156505467,0.09576706772280562,0.11683472165796398,0.07072173943480421,0.01987436034408936,0.09566902636869501
machine-1-6,15,0.7031598676036376,0.8676472438976595,0.6361743456725298,0.9851814063997828,0.6919363492703245,0.45548090595673457,0.7629091571491586,0.7907010146161765,0.6061277957533562,0.19884444413610666,0.09626117921925378,0.1820320025637699,0.0021298077928275775,0.2174871372059991,0.024988114166947815,0.02502917116232284,0.16117563807777915,0.23089739594748007
machine-1-6,20,0.7412506091928357,0.8842277921560517,0.6899508257253286,0.9854773097029632,0.6823504987379998,0.4067353233374539,0.7538122961800583,0.7948560441101462,0.6232791560180684,0.18108348395777998,0.07423127180883293,0.17180302291454314,0.0025743226690331114,0.2037159510269061,0.07291389996225074,0.031849145406935835,0.1556803789866883,0.21577238468636534
machine-1-6,25,0.7342051166399137,0.880983130292874,0.6719956514254442,0.9856432535876193,0.6833804387584562,0.45384993412617614,0.76400092502742,0.7925294224904532,0.6111324356756426,0.12677162627978203,0.05347084757644627,0.1206138132297839,0.004979327149647916,0.20957795235504406,0.021565109869587238,0.028251006877778886,0.13730135764841447,0.19217957906877806
machine-1-6,30,0.7558006355678326,0.8915371318929566,0.6962809762579829,0.9838946227147086,0.7559215726612618,0.4147648723699791,0.7779984336370542,0.8346167350609698,0.6558829181269077,0.061751085514176775,0.016562872579921648,0.062392000369250175,0.0038951855410180943,0.1228698742629243,0.08906639602880695,0.01764414736002774,0.057929018555956266,0.10959415280517537
machine-1-6,35,0.7416378458339792,0.8890215297506046,0.6952648739627675,0.9856542750342702,0.7539587130358193,0.43174678117242266,0.7890982376674879,0.8398349944648723,0.657022727667788,0.08996679691824726,0.01203022732032307,0.09476958649523759,0.005907796759599188,0.14144808667426323,0.11308479961347717,0.03696313999166938,0.04118382360172581,0.1281267523265206
machine-1-6,40,0.7584675756705723,0.8940280922687663,0.716931614703744,0.9848080240681687,0.7771538807128062,0.4212847822050795,0.7809232307861118,0.8434131029708801,0.6692641465774651,0.07095595557230149,0.007827466307694106,0.07597949541334886,0.005432850160273509,0.07690257917986432,0.0740831152807716,0.0355480993987671,0.029372832694600323,0.09049360793889498
machine-1-6,45,0.7771530254515784,0.9028761085368491,0.7186353771749868,0.9855677902756581,0.7905618013709342,0.4390727522400638,0.7759390513526319,0.8604754017169904,0.6946116676352683,0.07933688149661679,0.016563670546165896,0.08078889112189833,0.004341079148891188,0.05147214499640163,0.05117773037696607,0.01315880566711354,0.01442067258158341,0.06751713118945252
machine-1-6,50,0.7901862659048069,0.901809271450905,0.7322119221737085,0.9857686129679604,0.7888966582436163,0.43470557163813894,0.7846128846169728,0.8578714058438287,0.7057527540636719,0.04112747492663323,0.004703330922563306,0.05396135819311809,0.0035020013488560905,0.05280697914195345,0.061170454574254386,0.015602587104805445,0.014170129314905699,0.04585261370052939
machine-1-6,55,0.7764074553866176,0.8990639298604887,0.7133552647353528,0.9835121131553731,0.755306378568043,0.39786145989300314,0.7703179957222293,0.8459423396060103,0.6694581855964707,0.057235240837464806,0.013885295678678116,0.07666596200207779,0.0023712057810147983,0.07479655302392593,0.057294127575006445,0.010387166396259154,0.02843305003081789,0.06659336272941839
machine-1-6,60,0.8064658871188458,0.909519504490753,0.7427418631785855,0.9840711232935129,0.7838653598270306,0.39815919134202804,0.7758823307237274,0.8609502094177092,0.7097129975949912,0.019741594484355463,0.013102000067170053,0.027575663069697196,0.0019984353425690294,0.022959325035892496,0.02900629313950409,0.013427154056574166,0.02734503210751338,0.025265349378134842
machine-1-6,65,0.7967214313163427,0.9043509011321351,0.7454739452292589,0.9843885904412422,0.7784747661520989,0.40043665511403576,0.7763557930125019,0.8481081340266208,0.6912988801474039,0.038467320820534744,0.009056279903367364,0.05246501208864024,0.00348191579872784,0.05709980635048021,0.07300817559744842,0.026526844501413144,0.026855083581706747,0.056017149869206376
machine-1-6,70,0.7966383653031898,0.9048783385736796,0.7416942782695047,0.9836100338330483,0.7843691787136509,0.3935991428754181,0.7773050004533791,0.854392698168673,0.693082364271596,0.03939290568642085,0.01612423982658472,0.044405107962796724,0.0035247910487746386,0.04493722399345144,0.08062270156382118,0.016101107854483276,0.02460371960139124,0.052561126950260106
machine-1-6,75,0.8077551586370655,0.9062188716036323,0.7520558295055493,0.9846340610026985,0.785258391512013,0.41298425719210347,0.7708407663566874,0.8555924510855628,0.7031367841195755,0.035387464777071685,0.008596361605951728,0.05239031395230413,0.004063089636672345,0.06562632063091041,0.08532513825808784,0.0168336866666104,0.013342116370458791,0.04134285855442668
machine-1-6,80,0.7918861040618589,0.9006376237276956,0.7364392267454197,0.9848785857714438,0.7713158457371159,0.4176048161706069,0.776700199209791,0.8507592171510436,0.6908454364197986,0.05880293725741613,0.01168316592857196,0.07267702322928173,0.0032137989668639738,0.07779950425367403,0.06422902718471744,0.02452836861338445,0.022692589084982104,0.07336679153757762
machine-1-7,5,0.56013549223373,0.7873484944789203,0.5820775608248363,0.9974988032116929,0.9271802364323548,0.53924934423803,0.9386321117417926,0.8049329934124658,0.5684055619529873,0.05048165313484406,0.017762329641949532,0.0777767444214291,0.0005079509981596532,0.022772894807103844,0.03964266849893982,0.018868051492661273,0.01718680846950279,0.051950205660516696
machine-1-7,10,0.5206876896837046,0.8057595308992032,0.5693974512424363,0.9950871252683985,0.8840314687968476,0.5433957111891194,0.9297421099225133,0.8222097235034831,0.5279121356935803,0.09368992309021865,0.019200650375308152,0.08002407296881495,0.0022610728310755194,0.039588934283022376,0.03852086663538317,0.022594507918734498,0.019292480752297534,0.09595978322971378
machine-1-7,15,0.5022364178620548,0.8057016797307606,0.5528441023521495,0.9939228525852811,0.857647983754584,0.5012021267780101,0.9255605994451447,0.8224854140168072,0.5104307100560747,0.08575663402121475,0.02595165092285497,0.08464199220673232,0.004278056565355852,0.047836446899190976,0.050700262882510005,0.021522354670773045,0.024965915841077543,0.08720216541319978
machine-1-7,20,0.4214460409126997,0.7842784234631097,0.48340971904735175,0.9942426786431945,0.8660508691652988,0.486460937557016,0.8963963514929266,0.8018095717458933,0.4281260645645186,0.11267317200246194,0.004704971010322549,0.1252193715942899,0.004157459553103516,0.056003786489736,0.07077990716082525,0.036966995806182776,0.0051982547307218695,0.11552583591490634
machine-1-7,25,0.4310901907579874,0.7904525299186617,0.4859838657768827,0.9921514772222306,0.8275584521028596,0.5028244784634053,0.9389016135080877,0.8097734410064223,0.43945614532674776,0.08203559445363823,0.020850092321164648,0.09270217008059242,0.005756079191140951,0.08981892416887781,0.05043417382409148,0.012976067242969024,0.022113352974084115,0.08624941842590213
machine-1-7,30,0.4014365433028585,0.8011021054025371,0.47708525427265863,0.9898460364536101,0.799562649428585,0.4727700567757893,0.8997656007596522,0.8194343988112577,0.40608091147173697,0.04521091679867583,0.022782509680217847,0.041964543583248394,0.008726831596701784,0.10741579384110772,0.035973016940646,0.03970167678448174,0.02371269297468056,0.04717664120177447
machine-1-7,35,0.41328927501702056,0.8083953043694232,0.4810158260583116,0.9926197267077843,0.8080367235018387,0.4600501319950359,0.9035600654258541,0.8278060437384454,0.41848073081795906,0.05412713426501185,0.030846529883022333,0.029931250865278033,0.0022557844592728206,0.011410483726698032,0.012192902452438174,0.024896338419728468,0.031656958674046144,0.05851469026945247
machine-1-7,40,0.4101633094839259,0.8025714854166479,0.4953539931756321,0.9921869336614542,0.7983526307590574,0.4535689400346068,0.9045428376149891,0.8216429440652453,0.41530206067143316,0.03845858917169375,0.033901020812287234,0.03332061418057312,0.005161996168654414,0.09533527987966482,0.053253140682470834,0.034954187566859314,0.03380443829881968,0.04145540980445417
machine-1-7,45,0.42838210018721523,0.7985422034410231,0.500395711914401,0.992127797253485,0.8119117123494808,0.4600135039664933,0.9002045552594704,0.8174646742621949,0.43413185651716313,0.06978163147714089,0.036101359975532134,0.05338063500834485,0.0028566812932149855,0.04081374044425561,0.050624230797192804,0.02544448185485864,0.03726629284416819,0.0743304448113054
machine-1-7,50,0.4519223122639223,0.807078010150936,0.5076810067425779,0.9950308710108506,0.863777663544316,0.49156724337613633,0.9006697766501379,0.8265984253809151,0.45818897861011554,0.09890084655958963,0.02815937291122051,0.0735594746236744,0.0016850145882786932,0.05036383149412648,0.08802157386657784,0.047677542858160435,0.0288193166005783,0.10281666986862538
machine-1-7,55,0.46607553075992914,0.8101557863312585,0.5146983464340905,0.9955572283836582,0.8506273042645045,0.4677189267600655,0.9058487820930979,0.8280948546290932,0.4722499232916995,0.07693148802927509,0.029768496382973946,0.061600090527141986,0.0014004729894274768,0.02647464334832085,0.03561142369982617,0.03465664261010442,0.031006720683043228,0.08088446191043495
machine-1-7,60,0.43514788486989053,0.8063333073474803,0.49666284999481125,0.9916345424022003,0.8218908584946063,0.4941919941797285,0.9006502118910955,0.8238933823973301,0.4398429266720132,0.07996515668512741,0.04599993575282862,0.04631597745617795,0.002360596906930285,0.05166055753869754,0.06716768948648441,0.03225855611287446,0.0463101472019913,0.08501338324751694
machine-1-7,65,0.4494940880122814,0.8080260220568964,0.5146676368307402,0.9942487785167242,0.8438920839789288,0.4843632384020884,0.913477540117418,0.8264407950070052,0.4560540559160929,0.06006642804685721,0.032286241524004305,0.02450953773542532,0.0018841461978439862,0.057236283865720515,0.07565243122019011,0.020625794087930253,0.031972047875743675,0.06097458147771925
machine-1-7,70,0.43848645307259076,0.8100906290900787,0.48584411480242623,0.9931355879022671,0.8498436994151347,0.481410530035349,0.8973516970609775,0.827844863907863,0.44432809768864945,0.0773271264977875,0.04020495568824636,0.05671759294926163,0.0030359651695043522,0.05241227023384661,0.07481706424510211,0.03371792280689247,0.039769526310486886,0.08130609974250415
machine-1-7,75,0.4541061724435752,0.8049628017084849,0.5034844110971346,0.9916539928331392,0.8139725174580072,0.4602609092134372,0.8858344482671107,0.8229970910476863,0.4603211684128644,0.09157716058057402,0.029533492683817487,0.05948567825722957,0.0037518048382409737,0.05930650592927741,0.056984686551909844,0.02175459922464969,0.030343867056935588,0.09378481815869284
machine-1-7,80,0.4688846313681314,0.8086093816046016,0.5157836770507404,0.9929285742833126,0.8559018149296226,0.4791057937390638,0.9160317315384079,0.8259964155538426,0.47494162248103544,0.11208610533024052,0.04398070472649427,0.07242460520979754,0.0029649654954949623,0.05318691433734395,0.07499335602841835,0.029682071523068242,0.04428383938891914,0.11857095708652783
machine-1-8,5,0.10563618494223458,0.6447535473722198,0.2126318626601583,0.45280133626112384,0.25717132365804346,0.17642220346847368,0.8248410868938549,0.6377517536084413,0.07318053698958217,0.014377497073065366,0.02967616849416963,0.009192880986873386,0.0317821906715955,0.028399735607978344,0.011577453349486294,0.011412325455593031,0.02503701816705278,0.008697386426758807
machine-1-8,10,0.12086924445120155,0.6334925009293557,0.2124577461067557,0.6294393674252358,0.35921329983829936,0.22724290771113903,0.8465609586078645,0.630729272690904,0.08329487084143307,0.024279541986437284,0.03316417923930404,0.01998791846224206,0.13469149383720344,0.08622496015759697,0.052774038118715366,0.012167513886038475,0.03461199652241063,0.00924175900582233
machine-1-8,15,0.09213471344415344,0.586247108250181,0.183523215134576,0.5870642633127311,0.2803476849723055,0.209376761276365,0.8379011154609577,0.5854231790312191,0.07030132135386093,0.018308504312092095,0.05279656842279235,0.04267763167399058,0.11015186764100554,0.031242093322454416,0.03965962693641992,0.023916065211826116,0.0525051513052987,0.014930376836375084
machine-1-8,20,0.10915475665202376,0.5846091526693561,0.18577609642329634,0.6175029450195343,0.31074329001052886,0.20687304930534792,0.8263995908900124,0.585774661214712,0.07595099583613754,0.026969491304209652,0.06335502711971439,0.03459733705921125,0.16434289390507842,0.06813480633152941,0.02312477451559867,0.01384915523740667,0.0638385175829461,0.020458810604273327
machine-1-8,25,0.13406423593142086,0.5860280458216548,0.19465909671707118,0.669715892881904,0.3315932168435245,0.17573868430714792,0.8342865948354414,0.5894427969414149,0.08306556813197635,0.04443162295351892,0.04367024277265342,0.04422487574724266,0.1106153917128105,0.05186823843744025,0.02600471395257961,0.024760325230083174,0.04091302855930344,0.017677498163055836
machine-1-8,30,0.15982685068661473,0.5875608754459779,0.22734207600504744,0.7361628464192911,0.4083124580446521,0.23422237044892052,0.8453766527688247,0.5901770152472171,0.1049414119413167,0.03677751416329681,0.04916743339204287,0.027011374541790197,0.14348907115551846,0.06288953936205305,0.06209125181253053,0.03373465262410659,0.04357282739654842,0.021875829344372367
machine-1-8,35,0.1711638279597071,0.5911350579287465,0.23830740882132811,0.7456102347549676,0.43052677104120096,0.24249179537896165,0.856086540614183,0.5953632906705904,0.1139897428151603,0.029778350160779767,0.028774053160407074,0.0220360456264227,0.13937604058391986,0.1120361987611517,0.08075501801213515,0.0461488646717396,0.027660401626256,0.024679616863782294
machine-1-8,40,0.18655754029110833,0.592031358175338,0.2613984879331608,0.7731965921023095,0.46114841658885575,0.26431945433547566,0.847452299702331,0.5970446039374078,0.12836190160185057,0.03435905144998985,0.02046292937852463,0.018115899217524805,0.11135222750306809,0.0720806133986455,0.06809392709167118,0.04798288443902147,0.02093181103342627,0.02135858205598903
machine-1-8,45,0.19346612075991776,0.5976409126556503,0.2718730606951045,0.8296810867445005,0.4644437580085793,0.2610667564152991,0.8477791052011678,0.6043938782669915,0.13305762476864624,0.03331921322233311,0.026906789410310966,0.022375601445514502,0.05008725592266863,0.043942139196972804,0.06166616784948586,0.05515122529946596,0.028104007625201263,0.023031632776117056
machine-1-8,50,0.1856712957711005,0.5816362575022289,0.2665427251394683,0.795964628283681,0.46607974166625965,0.27205384644416825,0.8369131621110089,0.5889030773468171,0.12508098681639201,0.030508079082795812,0.02092188338428244,0.025352714643167337,0.08468210212250227,0.053508169681720376,0.03644760522967256,0.048587700551800304,0.021289059709475127,0.01840207360270027
machine-1-8,55,0.1804366716617783,0.5775107711231859,0.26803821522250615,0.7792877142208294,0.4706291584077017,0.2703220185315434,0.8457799461430269,0.585657704926247,0.12333683029152732,0.01947970426024131,0.011596250308873828,0.020855628284344688,0.10098253382768282,0.07087777536160311,0.047042733581881185,0.04571603715016951,0.012774354875130848,0.01837175066354686
machine-1-8,60,0.1898146137296821,0.5755991893696907,0.27195824408322566,0.8011174891824547,0.47962467846994816,0.26159293800583805,0.8345621589480898,0.5837854694652236,0.12861942240737767,0.034792257528209865,0.017469543106907404,0.016679941481535027,0.09208283771529714,0.07417918884698936,0.05649019220693033,0.03842530625013686,0.0189048188264471,0.02102763946029883
machine-1-8,65,0.191609615076161,0.5776295165789465,0.27641888982305274,0.8579500724183114,0.4990279121316225,0.2732023640909136,0.8257212478344172,0.5864132872319063,0.1331013981584506,0.034410172246522854,0.020775969922299884,0.015026530545617662,0.04486662706013674,0.04966046084555948,0.03977926832243399,0.030479874828306205,0.021549081120498862,0.019676364858047253
machine-1-8,70,0.187166282584845,0.5725123577305392,0.26664714842970005,0.8412452750007786,0.49614835270224655,0.2771249015328049,0.8347427999282558,0.5817228597278867,0.12796265924204167,0.030534811836119714,0.015026133051717202,0.006144075188222431,0.06266715793511035,0.07202314407934683,0.05963705620597686,0.029378109982109633,0.013816610346638013,0.01793602100399462
machine-1-8,75,0.18455809433776604,0.5777233453537443,0.26123745726608477,0.8607248145090766,0.4973010255878179,0.2624573631858195,0.8327903570107088,0.5860878569802471,0.1275594804096318,0.0351279090232412,0.012992201457943239,0.016041639534449783,0.03823990090020496,0.06174229738097716,0.05368133713293353,0.025677043682948302,0.011145560061199761,0.020032047599182323
machine-1-8,80,0.19086820416814457,0.5831451994109059,0.2621661202479856,0.8265261970834888,0.48625931706079484,0.27239407365310825,0.8316416330866071,0.5910830239646319,0.12961685258888547,0.027201468491217518,0.014750025936077424,0.01878130672205996,0.05729408171698029,0.07978760410955146,0.05936997344348047,0.028042274270430864,0.016158357135146708,0.015377344010424183
machine-2-1,5,0.1796093749245482,0.6948856982334664,0.2544477324571299,0.9836248787666659,0.7105574379181185,0.30846069524552466,0.892037570352386,0.7399804398986913,0.19071591097008717,0.01359516653135841,0.011421411468724647,0.014651909118032706,0.004303389552002871,0.03126707520947918,0.01721557018615376,0.024470091660175598,0.011241773808610163,0.0140546497989166
machine-2-1,10,0.19758647517239497,0.7056605330539374,0.2690871715412233,0.9784581476731602,0.7148624141792239,0.3243881843434291,0.8943958044613425,0.7484751017419846,0.20582690472006304,0.006827083983876881,0.017692828555490564,0.007656732464693671,0.007599734282721076,0.026729915316695604,0.013892378270040175,0.023725099336658412,0.015774953782511127,0.008699709260203099
machine-2-1,15,0.2107229243141454,0.7132367500488753,0.2989168699413237,0.9581445662565682,0.6941007707657576,0.3206718280961175,0.887467424917728,0.7565519568393271,0.22731869663868018,0.023995641531759756,0.021759521824129123,0.03994154818902878,0.04564253087382276,0.11575536492841347,0.02750662690902965,0.023232098756718517,0.023541451477162963,0.031523381670344464
machine-2-1,20,0.21392333694713836,0.7315878540612052,0.2949238130572869,0.9476736613584342,0.6672132703894518,0.2894546903787147,0.8621890272687391,0.7752377942107316,0.22692655832598413,0.03232931549425945,0.010792716889808634,0.040409591963072006,0.02417512329083399,0.06132498391247751,0.013133006288809892,0.009165410066026121,0.011153156063328507,0.03370129286982787
machine-2-1,25,0.22268266368689477,0.7340245391960916,0.3034437032272199,0.9455279647854539,0.6558323876112591,0.2885267489674751,0.8564656469233116,0.776143818108536,0.23135978297623572,0.03535392508032492,0.017194376141745533,0.04080071831540628,0.012293921280565027,0.016775040319174223,0.010630028151934718,0.030638676097284347,0.017291068881991504,0.03766171015543505
machine-2-1,30,0.2132766706860929,0.7371379336852355,0.3026057212574215,0.9378004517645873,0.6420993183134588,0.2807343402786815,0.8689437424270585,0.7782621552914626,0.22283287742410063,0.03117605996232274,0.013217244335642959,0.03105268435981014,0.027190340978522246,0.07176866090128885,0.015045882665279274,0.014790954344019617,0.012623749744700468,0.027556678557763982
machine-2-1,35,0.2051262828549329,0.730781952582419,0.2879525901228772,0.9308728352590376,0.6419553747870387,0.2924462384050923,0.8834291261563038,0.7715475435543268,0.21328200499816333,0.043660729365881126,0.02402661718971728,0.048873349304399655,0.02421441126302199,0.07979189694633121,0.026601406229013233,0.022304366543216946,0.026740588032952633,0.045531122995123616
machine-2-1,40,0.22477440246182398,0.7313103182873336,0.3066194591694378,0.9310272787600643,0.6574243263078052,0.2899208832419654,0.8663977696705945,0.7714920038649788,0.230906985701987,0.045909093989182206,0.021030392309218812,0.0621385806681905,0.009943418417052582,0.06098553361123212,0.021956922277183558,0.024220037677631093,0.023413618398952774,0.04914283919000856
machine-2-1,45,0.20800488822535906,0.7300844166567018,0.29731749270163177,0.9248589593207786,0.6467470274768354,0.27615209264966867,0.8614199278534873,0.7693768723537171,0.21376216164355039,0.02827160685572001,0.011947275641580858,0.03318159663732644,0.011222336376109886,0.06779682027420662,0.014950775620013295,0.003175630071040056,0.013457790362027612,0.025896128036217422
machine-2-1,50,0.21461623875745334,0.7311031439629041,0.28877765338796646,0.9358659973445047,0.6806061972398826,0.28312610205268623,0.8650044032936588,0.7700499798106232,0.22032698159446948,0.04267368974969432,0.01806908984250843,0.04391936124017691,0.010746092986570458,0.03370968424086175,0.021099177646900343,0.007093551609160423,0.01786168692048766,0.043728838588239186
machine-2-1,55,0.20241275777886691,0.728522637330099,0.28406630827454105,0.9280696055126444,0.6584458200170051,0.2863567764119115,0.8629242271935208,0.7675556745425374,0.20763115952318045,0.03022498032005196,0.017800061320657274,0.030861288279912767,0.009588883953227179,0.03269783359036121,0.017914852273387592,0.016702746115188762,0.016781144443393455,0.028373160725919718
machine-2-1,60,0.20851434114734418,0.7263744540676587,0.2911807825611148,0.9382268404553203,0.6541778647750458,0.2963222077693808,0.8542260881157391,0.7655668760066509,0.21443959397233703,0.03709662628845846,0.02305621260746268,0.04750035022254568,0.007825949575346419,0.05672225939926018,0.018651536216156877,0.04325144369818486,0.024311784966802183,0.03903192242027048
machine-2-1,65,0.20699774582514752,0.7245726258467764,0.2870388976738243,0.9384006645609391,0.6618646115369671,0.29877258964363895,0.876427359783329,0.7627518262642905,0.21050891004006822,0.030659121565668197,0.021405215521115743,0.03762294427864888,0.027871407491956126,0.06123907427183166,0.012495765438427014,0.013944937599308597,0.022281205439492142,0.03354676177012171
machine-2-1,70,0.2016715184738983,0.722566223657163,0.27343023724856375,0.9486318131020265,0.6753560225490414,0.3022543567391992,0.8774731185935897,0.7608195680344704,0.20597614481142024,0.03878619290795324,0.02998690435380664,0.051881100299038016,0.00785025005762408,0.06149950263509601,0.019192969075825628,0.017507468731225332,0.0314112119621862,0.041747552877108
machine-2-1,75,0.2159877559298001,0.7248083708676647,0.287055934286251,0.9536296158357238,0.687264050901378,0.30698742312641586,0.8827737696211453,0.7635333239721505,0.21981220610223037,0.041048519975714064,0.02279702199812996,0.05340907240213992,0.014955068973847284,0.04197921529327265,0.031307259621698676,0.022541037280498423,0.023799296765859422,0.04315653768500438
machine-2-1,80,0.19906332958146414,0.713852635754701,0.26636110751742903,0.9561218486571709,0.6885399241297983,0.301519317864679,0.8821948026110962,0.7519728718780389,0.20279867561194115,0.03616960102499139,0.02671766173882556,0.0464476485218222,0.016412830691902285,0.058777028991294805,0.028105248061129753,0.026137227406663313,0.028564520142643195,0.03886234769902669
machine-2-2,5,0.1725887522470179,0.6289201146731787,0.2578601128396706,0.9835110652391912,0.5327985876895075,0.4524490662324096,0.8833285557738579,0.639788465832735,0.1762065016820429,0.006949738062580784,0.015968649921502737,0.007344479973258055,0.004069752505847438,0.02797577886599313,0.010280405079182552,0.013440906325531167,0.015833306403947516,0.007393670062625453
machine-2-2,10,0.1686687192457793,0.6267112693036676,0.2664524928977722,0.982651522838871,0.5786187653534144,0.4521959543097797,0.8862831260224443,0.6375006547717841,0.17226782181247205,0.017414757478265513,0.04843458955369621,0.030316203107528472,0.004068849675701169,0.028574434439589545,0.005417343655766112,0.011875166299680289,0.047274126770839815,0.01765986652006702
machine-2-2,15,0.1699575445380032,0.6323264599578201,0.26423767208337634,0.9806461476246884,0.5764027213711671,0.4319808170314151,0.8757370070116147,0.6431750570777702,0.17309241235810818,0.007598357278558617,0.018472299733703595,0.011225866512719956,0.003175540780663847,0.05264980644458205,0.014920175008959329,0.016174845925252205,0.018254430532993624,0.007927338275728855
machine-2-2,20,0.1634279072616169,0.6198254242620931,0.261354188845793,0.981418386349902,0.5762810351392859,0.4299680839568871,0.8859709762805814,0.630938160016105,0.16622344031462483,0.0037864940002881133,0.012173850852469548,0.007733530828486381,0.0023797131223076188,0.037996972328735404,0.03705223067606502,0.01744633026962013,0.011777023209441828,0.004377864251105169
machine-2-2,25,0.16108628248539844,0.6135906057929846,0.25847645778358225,0.9801853554709414,0.5864430508541081,0.43185766053351216,0.8831867286630244,0.6249430110910968,0.1639621486484344,0.001536666562644431,0.009426064522965384,0.007805671650024777,0.0032027398848133923,0.07154268910876749,0.03111315075642206,0.007243552772350432,0.009093159605644063,0.0016878527317079194
machine-2-2,30,0.16475869633031814,0.6171204518699842,0.25927822084036073,0.9815018854817081,0.5964218966431396,0.44749148912926123,0.8982503757133116,0.6284235618018046,0.16792053412768482,0.00812491634471794,0.0066738861831634674,0.003971559453036265,0.0019807975656850347,0.053596527165112616,0.025169644320713298,0.009634868289174701,0.0066663262089154685,0.008667917537088453
machine-2-2,35,0.16058778545276708,0.6081026474819715,0.2570968995634829,0.983341544452911,0.615756360103208,0.44726277644262513,0.8969144269145495,0.6193487322699802,0.163332652491983,0.004797598350791641,0.007579655973524198,0.0035340217748958992,0.002844670103038342,0.05754364699877681,0.014093293693425999,0.010702257022454899,0.007838758827142028,0.005192424320875678
machine-2-2,40,0.16052779944130982,0.6080511757735741,0.25714482800986066,0.9829116149577866,0.5930052793380094,0.44558765213021956,0.8966677344647935,0.6192924042797642,0.16340692460265033,0.00609816717808481,0.01592176423046732,0.006941256084480393,0.0020636961700578405,0.05901779585767738,0.011148472861754813,0.009484138993251533,0.015824551586724203,0.006540031465158935
machine-2-2,45,0.1592031473953246,0.6033762872623268,0.2541341796688869,0.9813881905081641,0.5997215304083372,0.4387597948595606,0.8950027546713106,0.6147329893874225,0.16199852912010435,0.008316139852958477,0.01983164692107082,0.009132342738310772,0.003840304785403816,0.07925339441654812,0.018782860120953024,0.014035957126946172,0.019852544537870297,0.008689283840202478
machine-2-2,50,0.15807851492910166,0.6001879732744472,0.25312105606731927,0.9843228991659165,0.5874791612492156,0.46584181608097064,0.9026030351678239,0.6115917379499722,0.1609425751826865,0.008253004086273982,0.02192098510659668,0.012201437440693018,0.002491968261247703,0.08763141275589206,0.017741719998841183,0.01159476558125147,0.021874618580516543,0.008813394754697437
machine-2-2,55,0.16242760361845876,0.6097517115802662,0.2578701085316732,0.9831886328733687,0.6134485599343229,0.4465623939788941,0.8919308702610267,0.6210898265962576,0.1657317844866497,0.009106815790837375,0.022408366468923153,0.013309001100961683,0.005876997152873054,0.08454839664044105,0.02007549419909467,0.011532513265780244,0.022125677099118498,0.00968841724434941
machine-2-2,60,0.16192871216397126,0.6073998657386337,0.256269498360425,0.9813154552323391,0.6130715454700341,0.4490676969468834,0.8971198861937307,0.618860182664047,0.16506578560769455,0.007940560642311302,0.018598718911278574,0.011563700840505375,0.005532956250289801,0.12230785562325414,0.014952582703724767,0.012899011570384143,0.01832541757102825,0.008408808568921232
machine-2-2,65,0.16295570840443796,0.6109780210135893,0.25793639136341856,0.9826642300033576,0.633619315452911,0.4424536443749685,0.8987842152311658,0.6223345603034469,0.16606148533476173,0.008173960195234878,0.021046827109118055,0.011099949348298816,0.003688311897078227,0.10104904023652655,0.008676565678574244,0.014668224638832014,0.02074395057090612,0.008524659447844122
machine-2-2,70,0.16539883224135465,0.6163131063198863,0.2604056331913789,0.9833194631836215,0.6352188400873434,0.44880091007468836,0.9042155513866479,0.627616484931439,0.1687242514411615,0.011801645029965146,0.02984186094325829,0.01563715240770154,0.005784646279895945,0.1249436123685214,0.015829207433557594,0.004349622862525605,0.029427762556911964,0.01221264275848752
machine-2-2,75,0.1645636992171834,0.6134562953495535,0.25920660678339685,0.9836599676650298,0.6262605389050422,0.4404117554317596,0.8930750417909662,0.6248337733270011,0.16782934841744285,0.010502065132105262,0.029331950905028315,0.016407648077016092,0.006532420001857338,0.10910062651096723,0.01450926293026525,0.01370469054191441,0.028956936802369625,0.011032702563290824
machine-2-2,80,0.1649313577212033,0.6177781482721634,0.2619096954412714,0.9842742135579154,0.5994570260559963,0.4524745556416785,0.8948224490129305,0.6291779186203488,0.1683333748999739,0.009056860745407586,0.02532508236608053,0.014487222117925448,0.003081122751509493,0.10103548616015938,0.015797742315510906,0.01409790985967212,0.024965317536430474,0.009424300105960794
machine-2-3,5,0.6131610653259909,0.9401905166747943,0.5805365228508345,0.96989862491854,0.8802773458418337,0.4563814793212595,0.9421859426496275,0.9572849453459571,0.5459786446987898,0.012270357539838218,0.004188634057745967,0.009949514514465858,0.0029756434626474937,0.013894733578289341,0.010995355636990554,0.028520250881071,0.003336043913062099,0.0168707316000412
machine-2-3,10,0.5635856871185753,0.9397432798962264,0.5351371997074048,0.9615901544321016,0.8322503786518839,0.42100909854804847,0.890875448851641,0.9567076378475152,0.49106056567336165,0.01285175902847373,0.003216437229012927,0.016595407540922424,0.00023365862878077658,0.02512569636340937,0.01239841964493204,0.027193357406879077,0.002737852815105544,0.01750654205978766
machine-2-3,15,0.49676238462532957,0.9429368188531462,0.47053281222420384,0.9711993279378723,0.8555726609764389,0.42877199063889465,0.9088823112502835,0.9584274723049676,0.4225009448097273,0.06260442892838206,0.008785180547436102,0.053615902274745796,0.008880238569683414,0.04160894316942152,0.021714631502434037,0.04116186080490213,0.008041512330513121,0.06138017313810438
machine-2-3,20,0.4869277831146861,0.9312605288811109,0.47232428185705605,0.965679172684189,0.8276019490251149,0.4109094224068253,0.8531984530208296,0.9481030430526226,0.41353333314346075,0.06613826186368406,0.0177883294773967,0.030791034127775466,0.004679014285221389,0.03134387761280988,0.019467165825538483,0.020482438659593753,0.01658590715080501,0.06335542809588343
machine-2-3,25,0.4650838904524096,0.9295403385661015,0.45635347896270223,0.9669342268344432,0.8451748690947356,0.4195618568041495,0.8949142085222771,0.9460607526811216,0.39351045492296743,0.05821571866138098,0.015395682356621665,0.04135297313428878,0.006924960813379148,0.03815169389377992,0.03353007066858553,0.030247663584305178,0.014299249331238058,0.05583359035061945
machine-2-3,30,0.47360753549706447,0.9276458942266361,0.45608511111930855,0.9646763278555186,0.8247377853361657,0.4054066191984657,0.8837197939471184,0.945148911741727,0.40098245732752913,0.06100682234976252,0.011465833755616283,0.050615076901998755,0.008769702502601269,0.05228862004821351,0.049612994146994306,0.06358827481451113,0.010645420159307108,0.053983113410667916
machine-2-3,35,0.47749647520987826,0.9301458311069416,0.46185648836382,0.9569166799088935,0.8153265586167129,0.40606100754175894,0.8469565072996934,0.9474029744086034,0.4017687434752507,0.05687659396309546,0.007939380375690853,0.038890152273471035,0.026538851181109407,0.0644833785371144,0.035244578288670954,0.062486413596726985,0.008074433056619288,0.04818357464363181
machine-2-3,40,0.4849114492712216,0.9279060744012084,0.46876577572866096,0.9592583323558467,0.8112188341732127,0.4023488036240526,0.8492745118722369,0.9452344454409924,0.40757070300571374,0.04555546299454735,0.010094431858701514,0.02952793497866885,0.008090661747449861,0.009659889049067403,0.015807356276650524,0.019954307325939464,0.009648516677758326,0.03889336864051085
machine-2-3,45,0.48626967893581274,0.9312953241089126,0.4685018288295717,0.9632523741448136,0.8250082602291015,0.4032644431035011,0.8664551387128511,0.9485143659637789,0.411602750066308,0.04340337198275066,0.008624865206393,0.023032053356384016,0.00533569195681452,0.031029217245626222,0.022750945502213654,0.04746761244575736,0.007893906138006218,0.04386091502077584
machine-2-3,50,0.4804604388399796,0.9287518783071345,0.4662779869852518,0.9606208895575665,0.8095767064832582,0.4076130000758915,0.8718689341954629,0.9456440637314674,0.405300767726985,0.06185936543832348,0.011704034808119119,0.043003370223626526,0.004145442084543451,0.04866526990376085,0.032708290999375125,0.0466879509252555,0.011132619262182264,0.059682487968944306
machine-2-3,55,0.514245790566078,0.9325624023530387,0.4952021673260542,0.9632645526302177,0.8118986338202033,0.39325463081437395,0.8809083615603256,0.9502776907395307,0.4423973463549729,0.04170171975401263,0.006336090620306887,0.03372312737726124,0.0051855185204660375,0.032166395093076346,0.01960615486761176,0.03863504551845727,0.006140698141498915,0.04143653226612219
machine-2-3,60,0.5094275380963234,0.9332563220130211,0.4861846016201149,0.9626972050344568,0.7982794022214372,0.3929875013330104,0.871695962475738,0.951387746848549,0.4407833767860256,0.030068532102144784,0.0027029041406481697,0.029923404504935743,0.003885945137717446,0.04325798587981279,0.04048243515556165,0.020825967958728316,0.0026944985185582996,0.025348907634148054
machine-2-3,65,0.4983450705796953,0.9301048033055348,0.48903630742411264,0.9616389491063172,0.7931771457576223,0.38359645339590487,0.8392207914349441,0.9482709188441409,0.4305306410263756,0.025765978580436985,0.0055462349909952404,0.03542276838428436,0.002427118688308605,0.054410468710740414,0.06129352764509988,0.04580755878376499,0.005684330130779616,0.029599552836078197
machine-2-3,70,0.5018561963935522,0.9307931851055307,0.48730850046797336,0.9594611158259864,0.7873147342549054,0.3756511335730547,0.8559570051800047,0.9487584898039501,0.4299044839318375,0.02254166552368352,0.0033880265986000213,0.02787094783675325,0.002471107988045362,0.0464943993241212,0.026288481016847283,0.020973867683719765,0.0037686214982944203,0.02997760205175277
machine-2-3,75,0.4890101426436367,0.9299740582025512,0.4832046399710085,0.953600575097992,0.7779182378397298,0.3860675501896784,0.8341632016470337,0.9479928357253105,0.4195725214529797,0.017520492294918616,0.0051546201492294165,0.012624681670807715,0.005816737105515802,0.047437102633179073,0.035586145502011994,0.058360609260338425,0.005179515406302944,0.024797878162765075
machine-2-3,80,0.4896976575837506,0.9303823513205672,0.4887445059952731,0.9597134741073345,0.7895124627906859,0.38782113769618476,0.8711496359046897,0.9479664500893643,0.42613986838315593,0.013979805896045347,0.004036319963007541,0.015412487611001098,0.005482778907935336,0.07091069960438348,0.04497768235193244,0.0450040360070926,0.00452876548897912,0.0218645852919907
machine-2-4,5,0.22359768812402117,0.6590077923098213,0.2853992034398025,0.634099363405213,0.30963809597637093,0.2483676434900819,0.6806246375463927,0.6454658374154597,0.1362906933060022,0.06968171969067015,0.037530528496329325,0.03878006013374747,0.15460240071162165,0.08875532150507433,0.04673044570260583,9.78947901109293e-06,0.046934843270927104,0.02752231037206256
machine-2-4,10,0.14584955780016978,0.661979671162426,0.217907734024492,0.6420698280220634,0.3131647431737388,0.23812743277642304,0.6892805491267198,0.6565926342747576,0.12541855894526419,0.04992701886804923,0.0481519508774115,0.031169142702650022,0.17331734663238615,0.11962852754695028,0.028520440807404922,0.017298858745869884,0.04946158769234404,0.02605461649488593
machine-2-4,15,0.2235418613516891,0.703394996128802,0.2585795562475153,0.7499845051936584,0.47950902734391904,0.2726685213608733,0.7254786588883035,0.7007093857171495,0.19490950801289023,0.11468301325382821,0.04671634108107005,0.0772707747082232,0.20273946847448732,0.2884648253067935,0.086730232768505,0.06065022938127022,0.05064882467788784,0.09927425403244408
machine-2-4,20,0.2570129382783489,0.7218102951046126,0.26703493750172036,0.7423248925919509,0.4638218518620606,0.2514658879565419,0.7322966466280674,0.7193668787270986,0.2152959700594781,0.1257644445002773,0.07334713196093268,0.08874780113099055,0.2083140818298357,0.2941976534000862,0.08596492675557285,0.07059778729750027,0.07762833004844061,0.13164890134226115
machine-2-4,25,0.24184243959678037,0.7187135111793262,0.26036919249696777,0.7604168195389822,0.45828431439660866,0.2547246906828449,0.7317805966657109,0.7169529036109838,0.20656748998478036,0.11649225196027654,0.056612078901767164,0.08392728357782302,0.14973553900945955,0.2760343463269044,0.094601370108174,0.06237607311555683,0.06033489772266962,0.12709498502989522
machine-2-4,30,0.25594246867105175,0.7162335467369972,0.2717962538921916,0.7989452986512513,0.4916654749902934,0.26337114367766046,0.7251931004477993,0.7134911270460421,0.2166085559305597,0.11432272516149443,0.05992900335634179,0.08099483756700634,0.12584366132698746,0.27897945772075183,0.07383590099104292,0.05574160729299042,0.06472518681966391,0.12680432257566332
machine-2-4,35,0.26877754622605754,0.7350981327765624,0.27669988737375206,0.8192856667506078,0.5207805575153128,0.2665263852296878,0.7392812361980389,0.7325071322868508,0.2237059621252126,0.07558722399920571,0.042123449462395386,0.06055178016392672,0.08639652601355398,0.24040393215198214,0.07413598527198656,0.03282671958575575,0.042937855667884064,0.08620179880597763
machine-2-4,40,0.2708633627503012,0.7413038769922387,0.279348693846414,0.8303057100315548,0.5463518240432066,0.2910409583697464,0.7382480136691694,0.7387077637518428,0.232283428027092,0.08944553350693096,0.03668261649085193,0.06407890550435195,0.07135038832016319,0.27801690293900727,0.0713130300327541,0.027606498943744964,0.039348060630222434,0.09728416640168172
machine-2-4,45,0.2867708505352659,0.745369846551487,0.29231459759415024,0.8144406537809157,0.5827924210441924,0.28220637126178827,0.7648665910637338,0.7442012802693685,0.24246921374420347,0.07863430881992237,0.03936241282965388,0.05002806678026128,0.10616673224799852,0.2689803747299418,0.07506599041000886,0.02524188101738442,0.041871069318185974,0.09464135745389425
machine-2-4,50,0.29773588248841976,0.7433986715921294,0.29438493177176306,0.8607421031726368,0.6120958704533037,0.28151242749452043,0.7741505294737654,0.7429394956274178,0.25119449470548083,0.06896239270967312,0.04232686709419885,0.04757899476288886,0.07085490090879079,0.2278290273881431,0.08022190386041606,0.029141048620896472,0.04539820339051834,0.0869613135727564
machine-2-4,55,0.3029159412720376,0.751860154567611,0.2928493129840655,0.8465512217371698,0.6260898225513736,0.2858074986035814,0.7661233814633359,0.7518625845838751,0.26058023031127353,0.08185923922592545,0.043576750363515125,0.05288514888716368,0.10120525814053156,0.22378822325469253,0.08382169206984204,0.04553306024801409,0.04691939050786492,0.09739588914703493
machine-2-4,60,0.3256589558997053,0.7497376644426833,0.31649017499957666,0.8951419715041248,0.7090239375113596,0.2898063383581484,0.7877224754224798,0.7513220184219602,0.28394143359403223,0.05178150821683772,0.0362893908605723,0.027454625720837938,0.07005702539395617,0.15582568382570855,0.07844875406807035,0.047148393935302166,0.03797284838950984,0.06935227363244495
machine-2-4,65,0.3623238950805565,0.7685835496260313,0.3434734809439104,0.8860930878243861,0.7098662538331676,0.31317926018534614,0.7810229144350445,0.7698566477497989,0.3231461968835233,0.09385612707578517,0.04785983988244539,0.07092347995951315,0.10963875597252642,0.1921654702051894,0.06950688591820303,0.04682741087435997,0.05006470038037362,0.11159528141548972
machine-2-4,70,0.34768522265282253,0.7683619988506155,0.32680544386380145,0.908777172932533,0.7223231023368287,0.30394981541889443,0.7783394151910052,0.7699900543717997,0.3043096701174271,0.04937447913850099,0.023790355582769807,0.03508364414540129,0.09127051729323064,0.1470741424015319,0.05459379014359133,0.05113320346096397,0.025687327197748622,0.0677646986979324
machine-2-4,75,0.3466960085207866,0.76622934273619,0.32867100598070237,0.893356629677571,0.7263409974132181,0.29477751765961024,0.7932760674318671,0.768095619722971,0.3031451775964199,0.03779311681095224,0.025327336379205298,0.02523392533386718,0.06835439549494392,0.10094850547993756,0.05347359045942903,0.0309643604133314,0.026342557198625903,0.05269291406378742
machine-2-4,80,0.35115065505703336,0.7611301441584969,0.3357503613488526,0.8937692748073824,0.7238112307261975,0.3084563812470545,0.769538445198497,0.76293824800156,0.3093906803715588,0.06651314606895853,0.04675255877984449,0.04394548210014661,0.07998490995678052,0.14657744310168275,0.0752192625722505,0.052972134966997486,0.04810347338765159,0.08292694452138091
machine-2-5,5,0.35107767556561553,0.9083708700440529,0.37649019635469716,0.9005299815624959,0.6697588761943671,0.530127542457353,0.9209974813574342,0.9164092341486867,0.3183836448842354,0.01608946160941439,0.011401841645535022,0.02208233997226403,0.0019311502887227052,0.010399900175040411,0.018334689669198333,0.012254414007677947,0.01091589201473749,0.014266929064175808
machine-2-5,10,0.3325709816301808,0.8909471534208397,0.3538560932084912,0.9212638677861478,0.6829952819585011,0.5136646769304465,0.9140399929630849,0.9017930007465197,0.3017785237768763,0.04274976788365174,0.015251881991445797,0.0397824691611997,0.02726051726134292,0.050694037367218676,0.05684192917563387,0.03909257819463341,0.014942296920124928,0.03924887243655645
machine-2-5,15,0.332422124620975,0.86630966241122,0.3485207932597294,0.9389721850378677,0.7578297015318385,0.5269752724609776,0.9363935915280525,0.878246761042597,0.30889162580218243,0.024987914059234895,0.036251154437285445,0.030717696948874353,0.04176879409576511,0.10276788665075175,0.04416450069977935,0.01079356850469194,0.035374438710632304,0.01688438219748943
machine-2-5,20,0.35230869233665024,0.862406410141149,0.3694813948229624,0.9512781146594336,0.7841972076974184,0.536437462356582,0.9426356050513138,0.8761106336746254,0.3328637629078159,0.038514110005191886,0.02293422961482246,0.054168891051536466,0.03774654487485985,0.11671271729848044,0.03282012910928674,0.020004867329169375,0.020931765806706994,0.0474057563532195
machine-2-5,25,0.34344749190462065,0.8426904218735952,0.36220627153772067,0.9603568624891125,0.8300456781099248,0.5338465030370512,0.9389377968723934,0.8574290585308392,0.32380986039177634,0.03646997803190326,0.01486259624715841,0.03385853494065881,0.03863270161127844,0.12029415938257632,0.008835743209196346,0.022051303584145844,0.01472684716759549,0.044232885896006456
machine-2-5,30,0.372223952515351,0.8557686438011327,0.38799174361885896,0.9668141317302859,0.8402219363636002,0.5237300684170595,0.9431993247959612,0.8709805112403994,0.35356162846239503,0.03912267245786057,0.003409713226997881,0.05817496033207633,0.03195767808827919,0.11859286641948229,0.020001999903783593,0.02440276947206177,0.0037751735641470096,0.04694284156689045
machine-2-5,35,0.3841534282895017,0.8708927840960172,0.4041358609847885,0.9729129711397644,0.8399422739296122,0.5230588040946401,0.9418188120641334,0.8850792756058785,0.3678414090797016,0.04869439636510854,0.011734641242443868,0.07330165300681832,0.016280601514078563,0.08693489703735836,0.03777205429582643,0.021162285267262458,0.012040023027730919,0.05193115877911448
machine-2-5,40,0.3692034132000028,0.8644355502112739,0.3869239406214943,0.96071348631195,0.7825909643780943,0.5199112888646527,0.9333692879146414,0.8787393827893584,0.3494140962533739,0.04573615857051129,0.02777068602187379,0.05064091329529251,0.023773163732879615,0.11068557257958468,0.032315524808047925,0.030008768613944165,0.027570092900143506,0.053064530371499524
machine-2-5,45,0.3593627450409878,0.8506111267194102,0.3723253960088495,0.9564914884510962,0.8233712334630656,0.5246630613267934,0.9413858992480599,0.8651068988763284,0.3390520043049946,0.03883071197827689,0.03166932706083131,0.027496818732679354,0.03607261874140958,0.10908250717046229,0.030282487086673932,0.024830905853444236,0.030520532063195726,0.04456423812839261
machine-2-5,50,0.36171375379074905,0.8488160624381911,0.37065096347371457,0.9672466996124413,0.8408988247405798,0.5221026363759729,0.9433808087661478,0.8628808441351136,0.3410278646716982,0.019584433927698815,0.022505952288567155,0.020169952512960256,0.01847061186854717,0.10116540044147528,0.03630357251017038,0.0178117381155335,0.021711406353039267,0.021769055384715505
machine-2-5,55,0.3667097035539674,0.8465193349366179,0.38673383275256523,0.9631802582391746,0.8111699810539041,0.5386160997385974,0.9467328572931766,0.8607875718622784,0.34853436285252515,0.021358088370775134,0.022081230783654426,0.002086075989359179,0.01848217363315852,0.07914557032379474,0.026091805644417952,0.008801451090566065,0.021554378335501057,0.026350845028566192
machine-2-5,60,0.3645290567544252,0.8402308673469387,0.38370647031436533,0.97006612257891,0.8262444052863673,0.5274377192348921,0.9479948981850447,0.8539834987206566,0.3459148326526032,0.03299224772348001,0.02765619343494411,0.022975370718080583,0.014881686301244071,0.09648882885368258,0.028209211997208373,0.007051439588822886,0.027695217073862792,0.03699628864169351
machine-2-5,65,0.37172023449050423,0.8461035691809764,0.3921220782051869,0.9631596180082094,0.8302734367911877,0.5369366211291726,0.9422772893956937,0.8599956604242056,0.350521624639797,0.02868666230829924,0.023890931175863234,0.01837092112429862,0.027102475450558428,0.09166247562892028,0.019850271284341612,0.005437664032985265,0.02360042544369744,0.03331082593013263
machine-2-5,70,0.37006437948308285,0.8462581531511283,0.38835705477052984,0.9649061770100449,0.8141598283163132,0.5362246082165154,0.9356918801988161,0.8599678498572522,0.3493734029652732,0.02958112884508701,0.029130742416892914,0.02160457376187389,0.014997199124531815,0.06528742309628353,0.035540985711674355,0.007187054440318052,0.02855658424284521,0.03247602426564038
machine-2-5,75,0.37513199730251345,0.8492060932302437,0.39590987362047514,0.966175571623743,0.8154527808664311,0.549829567654498,0.9431179741647069,0.8634651777180897,0.3537052200735694,0.03605931279893346,0.025338411931299952,0.021855475819720492,0.014075911187063904,0.062103395470431866,0.02094513042006001,0.007109128574425291,0.02447901029313653,0.03504352895494505
machine-2-5,80,0.3830117800995492,0.8528253056729299,0.41019175159417054,0.9681704686066694,0.8184185113592364,0.5546653949738816,0.9490771956731198,0.8670713404853825,0.3624231805739445,0.044773065374853635,0.03274294827166553,0.035013288268133984,0.008808349322892676,0.03686689094780224,0.004369578068841481,0.007993367127373821,0.031824933468731956,0.0467916833972702
machine-2-6,5,0.377676728159434,0.8472674083429418,0.4782619434448008,0.9119148394475668,0.797930401400489,0.42141922504632723,0.8159971806376564,0.8842729113928942,0.3052057649342146,0.006782470215179379,0.018437746782218947,0.009620294774186165,0.06225039903048586,0.06134993561224535,0.020428887342693117,0.04388359971327131,0.015667909486849565,0.021865401228012348
machine-2-6,10,0.2804806510925534,0.8028427267516645,0.3742109453058686,0.8271244502383038,0.6868855741241954,0.30005369880258437,0.8106780635937235,0.844569772870445,0.23728277236589135,0.12985834885275196,0.05768442808187325,0.1289787289552214,0.11275022408559916,0.1257535602579752,0.12231740069910896,0.05715669903161062,0.056145802706495926,0.12434686128751747
machine-2-6,15,0.3141653916999803,0.8205791214851743,0.39914883272305096,0.8665457405557602,0.7301475738753223,0.3241134339273418,0.8202535365833582,0.864158803745147,0.26361911638789953,0.0467742262248712,0.039595239678061625,0.07030540093968836,0.1060716153091534,0.08239102581095825,0.0615560517421604,0.023544470361858912,0.03171192852561788,0.06376509163866718
machine-2-6,20,0.312289885571861,0.8220850022993408,0.3905461686569744,0.868098937115804,0.7142012878379246,0.2886444111737403,0.8333914547757446,0.8642035646591288,0.25579392479391094,0.05542777755432096,0.04425366991293267,0.07407016720744508,0.10068233437286635,0.06573775205934843,0.05793760608656175,0.042701814875746466,0.03859816941182869,0.07270753474436338
machine-2-6,25,0.31606433955507945,0.8309940837793166,0.39327868675712274,0.8926740743279633,0.7773950455719529,0.31718923552354966,0.8439999878049921,0.8723980372222926,0.2666592543721294,0.054304823135536244,0.03209808303634551,0.08282530211549581,0.08369400138164194,0.08104457581358845,0.07360203532778185,0.051271843953729634,0.02796948721826678,0.06443163173261666
machine-2-6,30,0.32114674048142733,0.8330816936644828,0.39838411955541186,0.8836656995431922,0.7323198662317101,0.2977883009977947,0.8330245260689542,0.8765923159939085,0.27272200141526604,0.03928921655012937,0.03164777025926004,0.053829825918207515,0.0808448826406264,0.020638908515615704,0.046115126922862085,0.04207393268479078,0.02482138514780345,0.05992204505154449
machine-2-6,35,0.3294923159050486,0.8362379867771239,0.4051043417856109,0.8850410130183123,0.7589789460885106,0.2980574408479092,0.8514937709373196,0.8798217306897984,0.27939021358807214,0.03269352922946219,0.03156989265199137,0.0424745280604376,0.07683650491827844,0.037106331676960105,0.04507213332961245,0.02403322294242467,0.024323622254279104,0.051610049192861954
machine-2-6,40,0.3372664317821116,0.8378001847803629,0.41887906660552054,0.8899974090994452,0.7832591312076271,0.32677338130066613,0.8565504073572661,0.8823700130543448,0.29345039052461924,0.027640043828312512,0.027567891736790237,0.028909984010692644,0.06536134162019798,0.07188076704216496,0.06763869333915044,0.025454342801604524,0.02113726246990576,0.03566876732417498
machine-2-6,45,0.33540625149245956,0.8401348488433316,0.4208377825106919,0.877541970724973,0.7629172174139172,0.3153847588299004,0.8548625585291401,0.8823001602623245,0.29763053673387946,0.029647673561542076,0.02904228313695964,0.03212269726447599,0.07293549955356768,0.032916528003406303,0.04036493516339625,0.017933185861485082,0.02297842776069616,0.04419891507986492
machine-2-6,50,0.3406379040850976,0.8406222820291516,0.42361601471442684,0.8780330248480448,0.7623498540088451,0.3069395578928682,0.8762818664739823,0.8826522711920952,0.30390155770137084,0.03291862748812731,0.03308887096143835,0.02901912908387702,0.05480642288664966,0.06598102284189816,0.045008284121460296,0.021116386713875827,0.026758520396740856,0.0379414965518406
machine-2-6,55,0.33562258059448663,0.8462423167858547,0.4181467182089037,0.8839345109334267,0.7298496876051153,0.2900330376712813,0.8449481017210101,0.8872015138704205,0.29976603854286477,0.04135696124457464,0.030900629248066303,0.037403853385668845,0.05046344544686901,0.08072225140893906,0.05448210569743831,0.05081031203246934,0.02641942378771318,0.04219273401023225
machine-2-6,60,0.3359288144247107,0.8537061667322033,0.41914748769614985,0.871981376574335,0.7272939189188338,0.2920110425883952,0.8364122027933835,0.8915252758108146,0.2968200843419096,0.0428749945721131,0.025740332690139207,0.035681361064150485,0.0627159967511694,0.0852033366345083,0.03656897141576732,0.05786651439433093,0.02221784300242583,0.045038850143539796
machine-2-6,65,0.33869870945138464,0.8504278669281472,0.421977824564464,0.8765275066318923,0.7425539424808049,0.3212118253353971,0.8500603306001135,0.8893056546139826,0.29888533496071507,0.03739998194331981,0.03059005446327506,0.03659027414192359,0.07358717878831393,0.07703813319722871,0.052138312727256685,0.024390334423944414,0.025785674151968013,0.04859476617656855
machine-2-6,70,0.339984553218992,0.8463241995627919,0.41610226327222555,0.8735445644832833,0.7325820465179014,0.3264643539017805,0.8528591583058078,0.886859339812207,0.2972214912780811,0.03248442132503783,0.033848276515051894,0.033667451481739656,0.075844041971617,0.04888563286481647,0.0429144106989918,0.026565898274000185,0.027530407699377958,0.042175185465468064
machine-2-6,75,0.33500396679462996,0.8458420148724033,0.4131376623731385,0.8769465772554186,0.7463342004908436,0.3087295749726804,0.8425968196294821,0.8855440545355727,0.29225620322159557,0.02987478057100573,0.03159480461850969,0.03334944992151107,0.07766109987945945,0.026895623657307806,0.029611276727995732,0.047827007856650436,0.024646447714907305,0.042271849829213635
machine-2-6,80,0.34340153738088264,0.8461752839186101,0.42366395133579293,0.8825084576111288,0.7636391601714145,0.3135981348996494,0.8399032691051278,0.8868471455570225,0.30671224013714116,0.029245569471181617,0.03308874788019011,0.02616772165541237,0.082187201535771,0.03418602120712808,0.033982856827954336,0.04234771244497721,0.02695663585021628,0.04229739016097316
machine-2-7,5,0.7953724427042071,0.9314540546333883,0.8186267130819205,0.9033431194757835,0.721370922259676,0.3887018184669248,0.8379704321815263,0.9119563645104243,0.6452267344785269,0.004921729826019141,0.003051635007614066,0.004525106930795374,0.04009970466460179,0.26450309057313254,0.1278798192612016,0.11367998106548362,0.002522962483356205,0.02532879173483921
machine-2-7,10,0.7756798617313749,0.9316737671315461,0.7971620912974308,0.8867414706693852,0.7743486920029106,0.3838174294861626,0.8341481375912524,0.9185496758237139,0.5834938319237539,0.026607572896730627,0.007424674519435735,0.017049756255734176,0.035288938515272324,0.11051975423818416,0.039379730855946905,0.06787769326682265,0.015768525072259017,0.07117312431210505
machine-2-7,15,0.793678829184829,0.9359968836276058,0.810557520538846,0.9024313696169731,0.7838136462386089,0.3936320795996203,0.8393716086318249,0.9238818423355246,0.6314498221186953,0.01393795393495558,0.0075047114817496305,0.007230976355628195,0.03857011722182927,0.11306083935493295,0.08285446588803169,0.07336387563192152,0.015020481614583246,0.07615694611594283
machine-2-7,20,0.7922078966197401,0.9354312424576883,0.8090646683959575,0.9192627165702425,0.8325349900015135,0.4255020976432649,0.8553465005916451,0.9274927718712739,0.660654406170567,0.007543898840169603,0.007680858737218633,0.006945995843105017,0.009366844155537258,0.03125575323948375,0.026847456428884982,0.039363318829576166,0.007553154558366104,0.020365271083635984
machine-2-7,25,0.7875917209504674,0.9378722977784512,0.8117509466998882,0.9218732571841761,0.8303974752441929,0.4239461777903464,0.846089860648293,0.9293790486928614,0.6553364021233197,0.01973187556797835,0.004948452593396938,0.002489144859862587,0.011589488372032535,0.03517784832162985,0.03522045285550236,0.05847553600093247,0.006178052318461902,0.031194120574647145
machine-2-7,30,0.8068264279815993,0.9404417076566508,0.8161506095783483,0.9254990697054415,0.8423821950177687,0.4422203687951734,0.8668795872443008,0.9345925543039857,0.6771730074318509,0.00500868266740613,0.006950384388365188,0.0050929198038387365,0.005952965744919765,0.03974062198247015,0.0390516819926648,0.050718145419426056,0.003606588473973606,0.03296972054005805
machine-2-7,35,0.8079839671937336,0.9421581084938667,0.818780707865804,0.9236203233296756,0.8474728973606547,0.45224295300283623,0.8771574268397622,0.9403934706853768,0.6844664371769402,0.014758746403354239,0.007521403160315548,0.0018546724048471624,0.0030940063465572988,0.025476396971920025,0.015752094182003497,0.03532814342829713,0.004730920879399082,0.019434014456580464
machine-2-7,40,0.8034451904686963,0.9406686339797952,0.8188336360948489,0.9260520455149105,0.8487145183645461,0.45661343822299705,0.8721665741340501,0.9371486252983483,0.6811408497110364,0.015202831818535907,0.010610442537245777,0.004795699768254782,0.0054844639887813565,0.021753614301715445,0.040872231627824246,0.02960719382623931,0.01135087988464585,0.022276401164186853
machine-2-7,45,0.804609757462609,0.9427747101845811,0.8160893977976267,0.9259437810811458,0.8568944429312322,0.44510656484438854,0.8853949871629667,0.9391978460201937,0.6866036600995882,0.015519194940043803,0.009531524334975684,0.0034805668710924083,0.014102992151980014,0.021435928404877975,0.05644781433907904,0.03135723486110884,0.012006541459114069,0.022665253135554654
machine-2-7,50,0.7873407631493221,0.9429876983673053,0.8144042670055438,0.9351971352340731,0.8600670605320743,0.4629836361447189,0.8916840076956014,0.9372184068420322,0.6889312675194788,0.04072889905171566,0.00957454623594995,0.008295999029911679,0.01760060977450318,0.01784773059080796,0.021246282634264684,0.02850113689413576,0.013046610505123719,0.033709738136482384
machine-2-7,55,0.7945544358165049,0.9427924871104406,0.8147796231099912,0.9300770396783715,0.8643483265548232,0.460491906279435,0.8904357962709888,0.9355707480011545,0.6877166910949917,0.037532314038173475,0.009706257004517944,0.006255299701593254,0.009808684471285552,0.01618209749620141,0.02304346334832105,0.024703457847441657,0.012554720003027252,0.03074239259248663
machine-2-7,60,0.8071726067109712,0.9427522313906502,0.8191722543242764,0.9328610864197207,0.860460299268344,0.4747856627189043,0.8925275364451698,0.9369122273179358,0.6912315370068911,0.028478630909394922,0.009915654864284147,0.007091144914408811,0.007909065064697452,0.024619153268476968,0.020059922748078843,0.030154021423551197,0.011264514812891618,0.021246336739867675
machine-2-7,65,0.8122343034976479,0.9406651558856052,0.8218341586470194,0.9324368292398786,0.8721975625289714,0.47962970873718563,0.9071088552231582,0.9348725633905774,0.6991874981010401,0.010963064288407048,0.00895937613978617,0.005686505048726358,0.005236131957331819,0.014143148077838692,0.026615608905861746,0.024169149072789543,0.009040605496450152,0.01788225487998131
machine-2-7,70,0.8128821312032273,0.9420045441944682,0.8222374380098643,0.931921078625962,0.8646870291726609,0.48205524143507,0.898562329660695,0.9342981039976624,0.6980812982356412,0.007624648744973475,0.010270305004144685,0.002082994432074568,0.0037763548773379904,0.02381994920398214,0.02218681327217436,0.02653276014928787,0.009467055107289814,0.010068285952283306
machine-2-7,75,0.8121343211565718,0.9413086806017155,0.8234932933472436,0.9352047909144846,0.8684449068973406,0.4962789609820268,0.9153015603345184,0.9352832915767549,0.7033292454201856,0.007573365886578123,0.0108208369208546,0.0016760131351788426,0.002845695160241398,0.016233917994735825,0.007879239607991228,0.012713553411693605,0.007841623250294225,0.006819369309395142
machine-2-7,80,0.816554395233914,0.9437892573779395,0.8226971058504421,0.9313715809596215,0.8731773388060521,0.48178137753556416,0.9139853863908296,0.9397519962238982,0.7000963996752347,0.012633726301624952,0.014131384550177591,0.0015408915204314319,0.007097013136414232,0.015543749061823526,0.02969304623335809,0.01695233508606893,0.011180280332108236,0.012164740376774555
machine-2-8,5,0.9695156186582331,0.9905071192481656,0.9803235528017149,1.0,0.9999999999999996,0.9569090944035198,0.9999938887891506,0.9989559044211649,0.9369703880152026,0.00015335781519400994,0.0004941465475665062,0.0016070469731272925,0.0,0.0,0.021898365104747828,6.839560841008848e-07,0.000175979634236756,0.0100614657806639
machine-2-8,10,0.8197833166640822,0.9795585715103912,0.8521762311303167,1.0,0.9999999999999996,0.43400191238578095,0.9999326410523185,0.9918346880031264,0.7824719840256765,0.07800830100925339,0.009588634409174514,0.056899871234599476,0.0,0.0,0.027228532254173946,2.4095793299990713e-05,0.005863324370446776,0.06495450116296685
machine-2-8,15,0.8690258526545127,0.9818829142530918,0.890444465151502,1.0,0.9999999999999996,0.4694201186905088,0.9999578991060134,0.9945864092929163,0.8234116438535681,0.04314568322260677,0.006386525645142694,0.042609108965111955,0.0,0.0,0.08923220041432386,1.8418175117339e-05,0.002655971017554262,0.049640637629462456
machine-2-8,20,0.8752922970908135,0.9822423935939831,0.896392357296213,1.0,0.9999999999999996,0.47583513857512105,0.9999520742491276,0.9946519033202796,0.833261287600553,0.06079562944636132,0.006645058825478047,0.03391503216754983,0.0,0.0,0.08307761705400724,3.089112960912483e-05,0.005629604980211128,0.0634754491753142
machine-2-8,25,0.9120546185547174,0.9843348695224599,0.9180657462947892,1.0,0.9999999999999996,0.488270436634644,0.9999375394237693,0.9977206340519551,0.8879910450628644,0.04327478502139198,0.00476700742468857,0.04040824412527181,0.0,0.0,0.09058562346552518,4.425508427446592e-05,0.0011289605810393694,0.03649501098381914
machine-2-8,30,0.9364790269227298,0.9848612217071678,0.9229404152924381,1.0,0.9999999999999996,0.46705050229023964,0.9999432580589518,0.998188398300156,0.8958896628551416,0.027948118210274413,0.0053284337560214395,0.044456003204522816,0.0,0.0,0.10485093966071492,4.436516647918072e-05,0.0007899936881278236,0.029346266621354842
machine-2-8,35,0.9430981051602905,0.9857921201178311,0.9373336926707551,1.0,0.9999999999999996,0.5109285788970516,0.9999385226113015,0.9983328164375692,0.9051564404315464,0.021496317557212333,0.004030269708911155,0.034812591806497324,0.0,0.0,0.15079393592444845,4.3721165366329046e-05,0.00045039390492055786,0.025403534969521878
machine-2-8,40,0.9410483218379178,0.9851161828255974,0.94555602337487,1.0,0.9999999999999996,0.5014690261534789,0.9999631675234208,0.9981885893682165,0.908223750566796,0.020122188905236867,0.0034265396886372455,0.022081007782313006,0.0,0.0,0.10888706334669869,1.7988658874019676e-05,0.0007046137052593044,0.03657645898226003
machine-2-8,45,0.9177256738955932,0.9827893327012972,0.9271308438889427,1.0,0.9999999999999996,0.4884046884872614,0.9999557591731149,0.9965198757325454,0.875939358601277,0.051851247338003,0.007506152281104733,0.04357862753280745,0.0,0.0,0.11510063780295512,5.769086576068741e-05,0.003446244908985429,0.06520286877825708
machine-2-8,50,0.9163151013641961,0.9837574459335945,0.928277736955016,1.0,0.9999999999999996,0.46233507087340275,0.9999851887447022,0.9967116595589307,0.8770591161089274,0.042251455290275505,0.005762212202174361,0.04189875723325892,0.0,0.0,0.06550842611712183,7.532560671427887e-06,0.0029269292496093657,0.05884551199584294
machine-2-8,55,0.9119788712123813,0.982709426408746,0.9242781049221463,1.0,0.9999999999999996,0.49554919689042976,0.9999831079707782,0.9965950329426742,0.866756788174514,0.04023748031075758,0.004652932293009935,0.035149053151723356,0.0,0.0,0.11228309710957902,1.8431293061534504e-06,0.002603123211286422,0.055719734163152616
machine-2-8,60,0.9225244801993088,0.9839588942499934,0.9300932258914831,1.0,0.9999999999999996,0.5807927747371463,0.9999808468435121,0.9969072208241361,0.8776765198270826,0.03270588508354482,0.004314911335292763,0.031081861726735823,0.0,0.0,0.25959146986253445,1.0203956372945187e-05,0.0024832711222866604,0.05022413491998003
machine-2-8,65,0.9209714482067397,0.983793868950513,0.9313937554169028,1.0,0.9999999999999996,0.4785807885642146,0.9999752594404124,0.9968560271632643,0.8703164898563958,0.032728528600964965,0.0036368184607881624,0.033129533204720535,0.0,0.0,0.060974361139314495,2.1471661552833864e-05,0.0019879651339846038,0.046839317895184814
machine-2-8,70,0.9230443144277785,0.9853405934787491,0.9243093892399048,1.0,0.9999999999999996,0.4651566946103608,0.9999713763631156,0.997256012197167,0.8690197662143205,0.031070774310717145,0.0030916066720832456,0.03103828158827103,0.0,0.0,0.06221357645193713,1.8082908196939847e-05,0.0015505754351821395,0.0402205205191601
machine-2-8,75,0.9320962269690272,0.9864437753987858,0.9325005822302782,1.0,0.9999999999999996,0.5270422603080142,0.999971196141218,0.9974829142397629,0.8760896352174965,0.03191389995921942,0.002737950769690454,0.030920351436291005,0.0,0.0,0.13360296169472635,1.7683458826155597e-05,0.0014926557651387686,0.04203929532918108
machine-2-8,80,0.9349273523200196,0.9861739679419386,0.9393391834710791,1.0,0.9999999999999996,0.49136328293955306,0.9999765538434654,0.9975148223286465,0.8762700611007265,0.03469442370810043,0.0029601104464296027,0.031834170792527795,0.0,0.0,0.07939616785367443,2.0932381919731323e-05,0.001135083027817749,0.04123569090555191
machine-2-9,5,0.7375321120078409,0.9447738425648506,0.6718511074380472,0.9864070862780816,0.7968747948381748,0.25326526209843514,0.8292301650025654,0.9711934037254567,0.7710013492698872,0.03951200757234442,0.010069355995044776,0.04557791936422852,0.01792588620555213,0.03822278203238179,0.022478944547550794,0.024708533146320554,0.006071693649444665,0.04787326178249472
machine-2-9,10,0.7524482504789924,0.950186686412482,0.6982830243706822,0.9273425260357615,0.7029788392759365,0.20332495249340563,0.7983120417025713,0.9746595001716478,0.7974661634632804,0.08568038484837152,0.012956350095259618,0.10240259591051601,0.03691278684604719,0.04405760704975815,0.020153059962583972,0.05609015176766668,0.01199668172465427,0.09366278857898618
machine-2-9,15,0.7895193960222735,0.9573230300843626,0.7466679504500233,0.8953909298177091,0.6653995259298637,0.18580366001655618,0.7495297740409972,0.9819865962620093,0.8426487090695239,0.011839103968660204,0.003939000973943762,0.018627938002728883,0.00016264092948253434,0.0015761678968934931,0.0004859484558871235,0.034715091311310946,0.003400077298838941,0.019256102480162858
machine-2-9,20,0.7901063461966857,0.9563891118800607,0.7535763555044441,0.8953205042293956,0.6646737647761097,0.18606029343661867,0.778714700001458,0.9812480302407335,0.840681042926068,0.012003866454473523,0.006036891158405854,0.007071270541940332,0.00014085117662699748,0.001445173782282114,0.00028497153410545455,0.05624897409279362,0.004046509687788218,0.015736613802853728
machine-2-9,25,0.7963961240515944,0.9577892507264123,0.7629925276904085,0.8953205042293956,0.6641548484600589,0.1861805318067524,0.7642584537684116,0.9829581732394653,0.8511710060523732,0.02109165784298201,0.0058991529939135,0.032086550232698866,0.0001408511766269882,0.0017267928967977391,5.9119573178814024e-05,0.043980706093055606,0.0021601436251985464,0.02464117331234586
machine-2-9,30,0.8005846715560994,0.9568701572077194,0.7705044648581691,0.926846877224413,0.7182668930081282,0.22441361664888032,0.7963279352523569,0.9834061608853302,0.8572423038419315,0.02157349931738933,0.00616927470989894,0.025441451377636048,0.03632402806629179,0.0665993343519876,0.056606255953940934,0.09426164244250305,0.003021408763864383,0.018948899797004294
machine-2-9,35,0.8055782465099811,0.9589310923460341,0.7754937071192163,0.9260143502227319,0.7178835622585438,0.22434144077074195,0.8190020904788425,0.9839666796595667,0.862900836516291,0.010599689495623553,0.0033393237553678854,0.011114730344148333,0.035529807563003044,0.06847089722270326,0.05678789348685807,0.1058161001761079,0.0018191677114431756,0.005090969226049947
machine-2-9,40,0.8081208118646029,0.9586545463038526,0.7786279475907434,0.9102176619884799,0.6992054936755351,0.21618250283460985,0.8171605603848445,0.9846375931037912,0.8678045119264006,0.010045095285823308,0.0021991302630225574,0.013052742388889205,0.029747661532493398,0.06928112615189043,0.05997591561406281,0.08808087449674157,0.0012871546488844332,0.008390605570765706
machine-2-9,45,0.7957657583056734,0.9558224527380251,0.7637440804155283,0.9418696179580129,0.735081394895024,0.23237933746209838,0.8440814685456078,0.9827777344532044,0.8553636763136865,0.015828081896605527,0.004162472015638935,0.01985233195007458,0.031083383151228224,0.05629913745952372,0.0515041323763313,0.08487037572183777,0.002339628276723237,0.017215512634840214
machine-2-9,50,0.8024095117421493,0.9585227146628215,0.7715137962457443,0.9260167637865144,0.7185981646358521,0.22429002168282985,0.8100066343032377,0.9841338874079038,0.8625863107165996,0.020504783975094632,0.004258638640072456,0.023680066123540178,0.03540476000319758,0.06713866666283351,0.05692453251451361,0.08880765276411921,0.003000523502498514,0.02052501173763487
machine-2-9,55,0.8024075195018484,0.9567909636367978,0.7729785949706777,0.9263656546407529,0.7191284704305466,0.2244434155138747,0.8433823862849632,0.9830214066065142,0.8603337227754118,0.011765395740730185,0.0032209564497546715,0.0182717205678946,0.035766722194936575,0.06894648079363337,0.05748991476456964,0.07690275441814295,0.0017846061492306504,0.013190692876129586
machine-2-9,60,0.8063231592236764,0.9576895678600182,0.7733309952981496,0.9420103995189277,0.7364592195511405,0.23260299853489938,0.8587122248189749,0.9836870951626415,0.8639739441024998,0.020629924575100638,0.005217405035851147,0.025209504394773253,0.031173547251897124,0.05727672356575436,0.051938340308548596,0.07220085647094514,0.003395183230452965,0.020819179726346598
machine-2-9,65,0.8010182689604763,0.9558538326686927,0.774985517508217,0.9499300996571255,0.7653561512445255,0.25461219652629674,0.8289372496195466,0.9829549982320425,0.8610673289390306,0.02431284185754852,0.005771228881571075,0.020557375933047167,0.0394735324339281,0.10865453433564254,0.09438964182015325,0.09226880307420392,0.0032305305833086042,0.01805117613415464
machine-2-9,70,0.7973593722527978,0.9553722509997085,0.7661573503388089,0.94167267244546,0.7368484696244021,0.23279445291481526,0.8470542136683517,0.9824186751114764,0.8562071203947406,0.024283146149960716,0.005870849267024099,0.026954051666804018,0.03097949232414582,0.058286302870445714,0.051594718960477334,0.08971796173506075,0.0038977791831247446,0.02269992437324226
machine-2-9,75,0.7985658160308493,0.954814725512663,0.7703339715891431,0.941320094882949,0.7364334446530498,0.23267411213908012,0.8376096544805787,0.9821098922087578,0.8571681172307368,0.01400050489662197,0.003916465792432507,0.01732081115131739,0.030731986540241847,0.05867425810399581,0.052019611924895744,0.08827387779265945,0.0028949927390180983,0.013904082778175482
machine-2-9,80,0.8012703690091592,0.956465023993216,0.7690130055883964,0.9513323202036363,0.7532682778886954,0.23967076218412917,0.8498488045742539,0.9825896002771712,0.8582614239775002,0.013578364579659942,0.0038846288240595144,0.010684579561681196,0.04066083408427585,0.08609225617154537,0.06552469088879204,0.09374370131323181,0.002184543214973356,0.011161357589005072
machine-3-1,5,0.38823696774302485,0.8266750898310723,0.46588272023368327,0.6410545594756121,0.6643625397633365,0.2622565534613047,0.7008430669337398,0.8819967575644176,0.26309046428564997,0.008504505282916948,0.009117466380383571,0.0018881302129184964,0.0008125423106004063,0.003623145430487303,0.00546573408670258,0.06812212047089211,0.008733422898063403,0.02234999179005596
machine-3-1,10,0.40501982971400585,0.8449420805210363,0.47116368468755676,0.6998780456463471,0.6829753054816539,0.26433955454066543,0.7606181369814585,0.9008002810988369,0.32985621083633904,0.029738886349271534,0.01722570665531159,0.017075451025373622,0.11266304286900963,0.02662886775103349,0.004790287999059143,0.12059045683398656,0.016369192422469408,0.06497067061481794
machine-3-1,15,0.4345018535262746,0.8590152338765065,0.472422638973199,0.7982128893781952,0.7253662162387875,0.27422490579501496,0.8815291435643302,0.9135526927770385,0.3690497909334483,0.044857175905533696,0.035633871496351804,0.019716359640101412,0.13798726559194252,0.11310720849367965,0.014483109565402363,0.09338515646471346,0.022070261802759804,0.07604645509003172
machine-3-1,20,0.4181342046162815,0.8428592390680172,0.47055940813933667,0.728132691794138,0.7377775655232913,0.26878126232691396,0.8244869568465047,0.9047849765961365,0.36348563841595766,0.029295084699518057,0.024512091408237888,0.012994602163996881,0.12930898414167816,0.08298092765675764,0.0035958226292002967,0.07390222771750968,0.01530229889936691,0.05238194084897278
machine-3-1,25,0.44057768839324174,0.8526972028253605,0.4883020362601483,0.7498989290979243,0.7865553389113593,0.3035605137670989,0.8492491100793377,0.9131017887414725,0.38356691761819073,0.07573030972582617,0.033803449435463304,0.036490916237820234,0.16748953410333198,0.15325471539346794,0.05726852380648643,0.10575476247089367,0.022289570819444705,0.10104804853758126
machine-3-1,30,0.44346491116973163,0.8462220560505626,0.49383434128663384,0.8066020369515481,0.7989955639682145,0.32598540127334896,0.8503658759918288,0.9093376500875354,0.37499260502723497,0.06694114861210466,0.03447012777139799,0.04515616589389406,0.18556977130908883,0.14957153484565752,0.05750877263707695,0.14625933293511387,0.023932228602706284,0.1089606098490683
machine-3-1,35,0.42587810543394833,0.8398291562399479,0.48119035126569826,0.7861401650558277,0.7577415740940543,0.3177159949849026,0.8046298740846141,0.903608269003415,0.34850478176762967,0.05152098107171039,0.02780061221646438,0.027010536924136453,0.16673368515601375,0.10800099846428811,0.026290823186210538,0.12272905709276273,0.01875314828173019,0.09690003947542031
machine-3-1,40,0.4178291191245622,0.8363658326664352,0.47604801270290165,0.6796039668750141,0.7456516003516195,0.2832550821809798,0.7661662345289036,0.9002828677885262,0.3386573669338964,0.043983250262700106,0.0227017173503565,0.025612762959529717,0.04437637883655536,0.09577830178905031,0.03356730535908263,0.08607235983317776,0.015534974887785954,0.10180411377173101
machine-3-1,45,0.4144255310748838,0.8327059142545085,0.4808589424944062,0.7570651219800482,0.7379977816543815,0.2787238509338234,0.8289820116279334,0.8970554991631982,0.33662654273218334,0.029448911543186875,0.017806402949408825,0.01771695901848036,0.12670057762524667,0.08952761036339746,0.022973413422044422,0.11514159708916735,0.01474599667210771,0.09059777164316409
machine-3-1,50,0.3946147858179893,0.8205321767511282,0.4701998270346043,0.7747234331618722,0.7395867162484517,0.28144467436290227,0.8153875037794691,0.8813541632023478,0.3098329571013977,0.034904088206090235,0.025935860858715305,0.009748814956587287,0.12000600758553226,0.0902054469123995,0.022565419371053247,0.11010159037572925,0.03559209680884946,0.09622579733157698
machine-3-1,55,0.39768315507953694,0.8175667962027755,0.4696963617204763,0.7938994501831582,0.7624062580194791,0.27496869713108213,0.8017033916735382,0.8754735130871276,0.32019016997426747,0.035179795987260815,0.02751609026520248,0.005510412967701503,0.1345221359117621,0.08592408665508879,0.022920640026469083,0.10730972028047768,0.0444644236665258,0.0990587050662298
machine-3-1,60,0.4006668452895248,0.8148000838255567,0.4709546262299547,0.726042766410677,0.7323701476259207,0.28334783528719976,0.8006362464254683,0.876619661996342,0.30588267099628497,0.03263138707449219,0.02652142211958035,0.0020626565073884086,0.12049194981126075,0.08774278584177511,0.02560895395768037,0.10376482504775579,0.03626653568046294,0.08273456255359173
machine-3-1,65,0.40058023687168187,0.8200037485855581,0.46540271839344516,0.7256427888664201,0.7269009410148759,0.2591995153382607,0.761317846183163,0.8821060856449825,0.3045860893645644,0.03313355725135047,0.023490640281519943,0.0032110099467445113,0.13787638606226146,0.07726625228760106,0.0026291851783861466,0.11802005087538203,0.028020893758679843,0.07995792499656021
machine-3-1,70,0.3958410308051844,0.8165561823407188,0.4625360124553142,0.6950996787017898,0.6692273165296851,0.26397058020042874,0.7246802707557383,0.8768614039513124,0.2847710807774868,0.028704816097617162,0.023719180973276226,0.0035863620858061222,0.10856138718712297,0.0132386227015884,0.022140347534964754,0.1157893780143913,0.032265664966711384,0.0742934649913039
machine-3-1,75,0.3952159330631212,0.8225767401924785,0.4621918781671324,0.7426768774593218,0.6791025660356295,0.2622565534613047,0.7904215451513814,0.8821642902874453,0.2899116879146211,0.031025395666811853,0.027315705129806727,0.001957829160072699,0.12116300043231289,0.03133316900521257,0.0054657340867025625,0.14370569258788737,0.033740391052037175,0.07983767169862581
machine-3-1,80,0.3808260493817911,0.8154832255085928,0.4619422552777741,0.6571682131750782,0.6636293410930744,0.26432553197360054,0.7189919325115424,0.8778467898751763,0.2600774547146077,0.010567094627286352,0.015045347635394835,0.00500151762484965,0.03176511483079817,0.001172627073968478,0.004308913243524112,0.104413218558526,0.016923438341820626,0.03935103866237515
machine-3-10,5,0.7963307330585121,0.8772183351047822,0.8614228864477038,0.8836866290824682,0.550806738243132,0.38901718104103145,0.8506811587565377,0.7919442359866992,0.4242768454843239,0.004488130924500391,0.005913317284381393,0.014733869653855678,0.0033744857515804294,0.003728592636839141,0.11543854086062037,0.03505900091846976,0.05664262274203651,0.05618472126294132
machine-3-10,10,0.4773236887930889,0.8613980019947732,0.5128203409205628,0.9058797775400549,0.6233524448284102,0.33198022653737647,0.9084906373479892,0.865293494757423,0.40261181268520585,0.174498832017382,0.02606381375533568,0.13742461479358678,0.028788604233628643,0.10270446013972127,0.046855232315405754,0.062079560641852764,0.02196684639015318,0.1297438350165996
machine-3-10,15,0.5518147448146814,0.858995291283607,0.5456705833986619,0.8986122537213217,0.6545897971439388,0.3574701352082668,0.8731501589945923,0.8582067063976021,0.445737394434707,0.16808762023472407,0.019181603293691705,0.1722236338770899,0.017100072436191056,0.10143060990354102,0.03106757890316023,0.04264981398535457,0.01817732894460328,0.15503451831718704
machine-3-10,20,0.5883115949822892,0.8628237471941512,0.6053683031032248,0.9183205095450282,0.7302897222370264,0.3376328870865421,0.8819091246426605,0.8674883138501993,0.5201533890539977,0.20093167856280938,0.025039031910128656,0.2072812662266729,0.0216191361529869,0.1480030628331021,0.044923643413553545,0.07081070412138321,0.028613415111173882,0.21061223021322983
machine-3-10,25,0.6474833918606872,0.8692054089080605,0.6594549613762047,0.9242857383215188,0.7627725770733976,0.33651581256004864,0.8688230625168809,0.8730306660246917,0.5656587863635083,0.13716115014988867,0.019238422908216684,0.14398647765308825,0.024466934680753793,0.16264063886374322,0.05682238346503698,0.07996308360169237,0.02286424220258362,0.16913860277224957
machine-3-10,30,0.6089502380660143,0.8687261399221355,0.6169807715268871,0.910490270197134,0.7438762385290012,0.3684147572582943,0.9209866637429347,0.8753605026321805,0.5451407144453012,0.19692408101826472,0.03364214320600673,0.19530126707106757,0.028938539968722542,0.134234370257501,0.07890510342032586,0.016247854209238285,0.037029622965851855,0.2088492681876298
machine-3-10,35,0.5730059994541292,0.8650423038091444,0.6151851068492268,0.9080034682697955,0.7115081679258639,0.3873433186342193,0.9191006659879161,0.8718253938265497,0.5150204172433374,0.19189597106305098,0.026826477113265506,0.1802932733962325,0.03246968312632596,0.16989893238998624,0.0544663544891922,0.019824088155632757,0.030471413171279355,0.21712143231443098
machine-3-10,40,0.5850101624191768,0.8621017768536512,0.6124989908016729,0.905164036469591,0.7079880858888048,0.35527174762692704,0.9239388355820277,0.8680921585829519,0.5228192145733952,0.2149478161125189,0.03195286919249581,0.20294486680255416,0.025093305694327498,0.14799424685071544,0.033767563471919414,0.01712970314007733,0.03569337069436597,0.2244027070103644
machine-3-10,45,0.5974553494976117,0.8659085089413545,0.6326651706142113,0.9042381450211244,0.7464542085087632,0.3802645773240295,0.9239734845186179,0.8735156679584193,0.5436756165219072,0.20144349573230302,0.02532523834216738,0.18229633141724377,0.028928790548468173,0.12800641608987723,0.04160812130252439,0.013231900714993873,0.026223951617552095,0.20754277582880282
machine-3-10,50,0.626389578093431,0.8736447266920522,0.6363231815930565,0.9020223628542045,0.7657144181034534,0.3881831906189401,0.9227639252212824,0.880948702949983,0.564908310572913,0.11779014913248861,0.009339498441012057,0.09782373726503575,0.03120532053012982,0.11507442827189214,0.06578579350294661,0.01169839956637121,0.011090652148220902,0.13683825643910152
machine-3-10,55,0.6376341977622932,0.8748259035222191,0.6369251148984155,0.9120622779935692,0.7760776331399553,0.36346681919354007,0.9251986732740605,0.8786438160232568,0.5652897635573527,0.10115572122436246,0.008309196898028573,0.11098085454378825,0.03680891279329898,0.14297702867084422,0.0960279452954283,0.014397853555433519,0.006704961223271278,0.09884760038767414
machine-3-10,60,0.6432898575884727,0.876667291536424,0.6361263637304497,0.9133946387661589,0.7846598302700681,0.3688566202021389,0.9275257914219476,0.8832659460395069,0.5787987257120685,0.11340774451757381,0.008331551595958279,0.12237144772033308,0.031243269191220127,0.1037462291664954,0.06122129813590915,0.01354859807728056,0.007722247438078134,0.11717643542730485
machine-3-10,65,0.6474066502899979,0.8776277070710152,0.6352677343594118,0.9146339122616394,0.7795611419566124,0.3624309051918071,0.9258363953859358,0.8837767110567678,0.5798967546612662,0.1125521511593111,0.006125886576825048,0.10916415240547113,0.03504489240187923,0.1495302331045184,0.061998732100824065,0.0137983329515202,0.006282238926692214,0.11888664854248712
machine-3-10,70,0.6780052341041991,0.8806113915992949,0.6578424937765084,0.9160333090346933,0.8142912147189459,0.38981942743290265,0.9298361492423681,0.8884520960130109,0.615597097529413,0.08130172900695135,0.005444049824017877,0.09954426677019064,0.034628947066957017,0.11348704952526785,0.07608577949030086,0.01166873691550125,0.004397209606118432,0.07682913655007935
machine-3-10,75,0.6715282304851278,0.8787456585580851,0.6610369475876727,0.9169742164824644,0.8082409782989098,0.38253575244173793,0.9282914077213011,0.8854132760236666,0.6038581703726777,0.09407633126979652,0.0062958962103336616,0.10615280000674357,0.032961229067442574,0.13021040822661178,0.06739377225626014,0.011051212903246605,0.0063441348962153185,0.09656087850524171
machine-3-10,80,0.6939772189346436,0.8836692082115397,0.6908625995344798,0.9204419644936617,0.8001958424509403,0.36573987231670413,0.9292830922094191,0.89000075537191,0.6245621834984725,0.09788995965971614,0.007360208043450479,0.12142088497214723,0.028479634947746517,0.0692858124526315,0.03299793191082093,0.010883273730934347,0.008780359661326887,0.08453733549884128
machine-3-11,5,0.24757214933893804,0.8944034220544452,0.37353076894711296,1.0,0.9999999999999996,0.4007692307692308,0.9950430555614329,0.9166167070321162,0.19434262475096986,0.028816733654350744,0.011062234150144177,0.04180986281553112,0.0,0.0,0.0,0.0009039172204002298,0.009384108474351076,0.03362309165712976
machine-3-11,10,0.20245881097168933,0.8832659052173601,0.31342744797699734,1.0,0.9999999999999996,0.4007692307692308,0.9958181322784836,0.9070113223325595,0.1655687879930236,0.09182531007785477,0.008492053164549276,0.14789319104596774,0.0,0.0,0.0,0.0,0.0047198788776701165,0.10246104007294382
machine-3-11,15,0.17899018179713017,0.894869599678912,0.2551777480884117,0.9993702770780857,0.9852941176470584,0.39832093133169544,0.9923349685107141,0.9153638994308009,0.13454575847555383,0.10812555711419747,0.02498615176929521,0.15178408830598789,0.0012594458438286993,0.029411764705882373,0.004896598875070831,0.006826664097995458,0.022409838883927335,0.10431315094338424
machine-3-11,20,0.1411868630476274,0.9064008756170643,0.19475607071041517,0.9993702770780857,0.9833333333333328,0.3979809079067933,0.99242754266808,0.9281818563472413,0.09612297116260515,0.025230457744024628,0.01516546667637138,0.04404077523019845,0.0012594458438286993,0.033333333333333375,0.00557664572487502,0.006804900674014253,0.01646434696637374,0.021257932676390142
machine-3-11,25,0.13703140142763143,0.9022207446006982,0.18966010608738998,1.0,0.9999999999999996,0.4007692307692308,0.9954375576458028,0.9215891309699126,0.08418576652877305,0.051682154532787676,0.019903289824974312,0.06046399557616896,0.0,0.0,0.0,0.0007849103410215888,0.01639855713266919,0.03416085057819375
machine-3-11,30,0.14693297662245336,0.8948067763882639,0.21795036583571242,0.9993702770780857,0.9833333333333328,0.3979809079067933,0.9927206714100391,0.9163420910187501,0.0950414516531516,0.062447586286963244,0.010158928538821504,0.06629192836672679,0.0012594458438286622,0.03333333333333341,0.005576645724875002,0.007023441774355795,0.006931487893451203,0.04250420586024396
machine-3-11,35,0.17194594763204687,0.9087388770643712,0.24815811480546823,0.9993702770780857,0.9852941176470584,0.39832093133169544,0.9922654257178514,0.9300884672539884,0.11631771592135182,0.0702901989703275,0.008101427734021404,0.0769288799497893,0.0012594458438286622,0.029411764705882373,0.004896598875070831,0.006782582912586964,0.01130629458057563,0.044819147101085775
machine-3-11,40,0.1606356664825047,0.9005314296391553,0.23880948608277505,0.9993702770780857,0.9852941176470584,0.39832093133169544,0.9923313035362474,0.9227639202998978,0.11373484661114494,0.04884363282256114,0.010210936618781962,0.05694840235714334,0.0012594458438286622,0.029411764705882373,0.004896598875070831,0.00682631798312344,0.013689618332123553,0.03701888601750266
machine-3-11,45,0.12572015038823223,0.8912095391416358,0.18377949565535875,0.9993702770780857,0.9833333333333328,0.3979809079067933,0.9923231124633745,0.9134234780125834,0.08333052037950972,0.017949879384501627,0.010564626865594064,0.01688825571257278,0.0012594458438286622,0.03333333333333341,0.005576645724875002,0.00682966009500128,0.008486251469884108,0.014594698051932179
machine-3-11,50,0.14348965336895778,0.8962686643896935,0.20654342523312968,0.9987405541561714,0.9705882352941172,0.39587263189416,0.9892232648595431,0.9180581673241227,0.09665265986575242,0.049484808728073204,0.021242614875305196,0.048636802413344137,0.0014542827939284992,0.03396178054056623,0.005654105357271517,0.007513334063798656,0.017489630340179724,0.03361050344448503
machine-3-11,55,0.14194893452646024,0.8985062372115269,0.19659196180748698,1.0,0.9999999999999996,0.4007692307692308,0.9956648873743768,0.9214522887358884,0.09776709302528327,0.04356062024852786,0.016952660253854727,0.04848486262139728,0.0,0.0,0.0,0.0011252400174127466,0.016827777289343905,0.03298446649151848
machine-3-11,60,0.1450452662502365,0.904948272609914,0.19611972706590897,1.0,0.9999999999999996,0.4007692307692308,0.9952128048404072,0.9275912154134895,0.09597341445888197,0.04317032963091098,0.01784107754798866,0.03840536717286416,0.0,0.0,0.0,0.0013166797995104779,0.017786168958475214,0.030420396820906144
machine-3-11,65,0.14569472064603775,0.9026565631746579,0.1910368994385048,1.0,0.9999999999999996,0.4007692307692308,0.994885667499364,0.9260732391659425,0.09707556555206075,0.05397784818758708,0.022600537968907177,0.04711814094750528,0.0,0.0,0.0,0.0014324659801916385,0.02099956480968995,0.03618045238104155
machine-3-11,70,0.13344902830905458,0.8966285410176035,0.19618472567298817,1.0,0.9999999999999996,0.4007692307692308,0.9942610654903128,0.9216188140217314,0.09327551718100155,0.036529277204262925,0.016628217948638516,0.04406158265922522,0.0,0.0,0.0,1.3284477053769994e-05,0.01686687769255251,0.030077923258905105
machine-3-11,75,0.15159334341828112,0.9031677475375043,0.21893572054143687,0.9993702770780857,0.9868421052631575,0.3985870397108431,0.9915381298709806,0.9314919643480299,0.12149427738894904,0.054297622370716614,0.02213843862470882,0.058973556669778875,0.0012594458438287054,0.026315789473684185,0.004364382116775421,0.005434518091430194,0.024523414345317473,0.060138269624412835
machine-3-11,80,0.1569934216793791,0.9062666753178881,0.22976021120985335,0.9993702770780857,0.9868421052631575,0.3985870397108431,0.9915381298709806,0.93235178419814,0.12196880329330453,0.04728790421184742,0.015805086908747386,0.06511175380789909,0.0012594458438287054,0.026315789473684185,0.004364382116775421,0.005434518091430194,0.019033483343219918,0.05161659979633954
machine-3-2,5,0.07459113608474287,0.6269519187408035,0.12749638865572813,0.9594382330810606,0.5838277462297317,0.2924238197437481,0.7384679602872035,0.5855731538456443,0.06814059109745255,0.005486046883776504,0.02820088299602365,0.012610635226586703,0.01930871065157118,0.0971502358869533,0.04142481200462362,0.025207676132763018,0.02896119794397533,0.0059829674690431165
machine-3-2,10,0.0758324119991043,0.625095296737922,0.1381708886378843,0.9498465874146208,0.4748337940441172,0.2387553358486893,0.7371467366317228,0.5884238107141864,0.07079689082389415,0.013126142006408319,0.059877252603664805,0.024146738152104146,0.02532530390082232,0.1384310649313207,0.05681097330344572,0.027744365030882855,0.04550004230688715,0.009947439769287005
machine-3-2,15,0.06192766154450705,0.5878659329857568,0.12444482191232557,0.9102753296436612,0.36717192691029854,0.1961691556278769,0.7213685999660935,0.5470066701008367,0.059421793260491226,0.015148186129414057,0.06393097769285583,0.024121978942209153,0.04950836437761996,0.07501317857773553,0.03677440151317804,0.037991862735438024,0.0572690796572908,0.013481477393303543
machine-3-2,20,0.05501867411215418,0.5265710711542988,0.10899985979821719,0.9237065989481862,0.3141182259323353,0.1917284135371332,0.705559798441248,0.49997533095922486,0.05313979771099388,0.01581012190238412,0.08563538858634707,0.022830483329593726,0.021130724674453136,0.10047939288240176,0.042238523374044955,0.026716520329101365,0.07494310684389753,0.014889428878465387
machine-3-2,25,0.06616875235347924,0.564945198511664,0.11423612852132888,0.9339818015873036,0.4476102089167411,0.2364835228492022,0.7090345983174696,0.540207578470279,0.0623573480573348,0.017547078666639897,0.08404712241831573,0.019101206142603442,0.01870238481516442,0.06833905832146767,0.01960179810345672,0.02388873701169901,0.06467705826157097,0.016039169771293202
machine-3-2,30,0.06641722067743525,0.5788360442955407,0.12254018587495685,0.9432491113342937,0.4367236824777084,0.2324871659418448,0.7123692200813704,0.5545225342573192,0.06303169311061148,0.013546649594962889,0.07746791826228423,0.020682320984315147,0.022362914889418335,0.12257800499175302,0.04095880510042622,0.032969159188448595,0.06395412126612787,0.012399286546978954
machine-3-2,35,0.06168326519426698,0.574677887543561,0.11253777599100045,0.9489339220811389,0.4078127561895387,0.2116311539524103,0.7152777984034304,0.5509856250447404,0.05942634336927223,0.004315378507580022,0.019754057056236788,0.006661476057044301,0.025351466781960222,0.12474426545116947,0.05910600788851898,0.039578109779450824,0.02534803606807726,0.0031073204773255205
machine-3-2,40,0.05994668670989077,0.5560316571820751,0.10627347116355129,0.9546800522769515,0.4284346846846842,0.21215310223983463,0.7208245261946065,0.5349883583786645,0.056945385023286825,0.0050860862962253135,0.023547546137221338,0.005217142565059013,0.021361956997142755,0.07117553655787644,0.03423996444520896,0.039225411829288966,0.012619027014438669,0.004562321170345518
machine-3-2,45,0.07075924195031255,0.6032487628641863,0.1289168438912046,0.9449699639786119,0.374034552845528,0.19372126174955054,0.7177614691035861,0.5781686243442782,0.06710898814000128,0.017318455867899134,0.06074983798254282,0.029175230270623864,0.020951560724227897,0.08181752719696639,0.03571911122285549,0.018986014933826276,0.0463839746417718,0.014848880528022471
machine-3-2,50,0.06435906959266635,0.5864681027669641,0.11296330762859323,0.9328436144500686,0.3573519850143796,0.1894901980669906,0.7237260501662095,0.5655200319050484,0.06165608559124072,0.013237166886651056,0.052669136714912815,0.013830199254414971,0.046487692497906394,0.15920252454012537,0.06093862912783078,0.02185866029565281,0.05339454086341579,0.010994851945795747
machine-3-2,55,0.0633047001990085,0.5837639910782889,0.11659255371424138,0.9238414438134105,0.34330684047804555,0.19184123624084384,0.7345055903064119,0.5575955797287182,0.06079209766179153,0.013492229498670398,0.04948702266492321,0.018536548036759644,0.06263015065408464,0.17250464471191163,0.05328288915092876,0.021912017403363862,0.04413005175014764,0.010685831877667775
machine-3-2,60,0.05981902422631725,0.5573277227618018,0.10863568993798754,0.945567543768634,0.30186727593048335,0.1944460084683975,0.7304687407470978,0.529022695231155,0.05793539388506315,0.011065047808382997,0.043254543231604214,0.014053643538614807,0.040319154406190605,0.10845834093731287,0.041088989728463955,0.029415498363853446,0.03995296886284209,0.009106513812070342
machine-3-2,65,0.062490344013530125,0.5766562218713674,0.11568911524441977,0.9371703080617189,0.276546476410347,0.19069832769316775,0.7289248549113374,0.5531725057231969,0.06046981312439177,0.013526759098787663,0.05553157318790714,0.019683760848822913,0.045456033258152576,0.11156833271087951,0.04497564241783863,0.015566480599592945,0.045307815780717686,0.011486547528152664
machine-3-2,70,0.06241078585685155,0.5806610454483843,0.11488462548275337,0.9232160005344289,0.2717751141552507,0.17514216972097232,0.7132731388108787,0.5577274203832544,0.0604405870256787,0.01309229366688435,0.05286787284053852,0.01813839337514577,0.07306299299070869,0.09895635699566886,0.03305459623055819,0.022413842279423505,0.04595448536754413,0.011222917022606724
machine-3-2,75,0.06329463313292015,0.5762540092502964,0.11169595096662285,0.9328635570497144,0.3048156412621035,0.2002355717915035,0.7381658508545861,0.5520350008991886,0.060676817650493126,0.014047989830528655,0.05690833862658081,0.016425038420983227,0.07328124457751861,0.12824790537485278,0.053776691515070446,0.03880421430397756,0.04718055278167722,0.012100786078293011
machine-3-2,80,0.0613704035373975,0.5746380121345012,0.1119200694739206,0.9345008173410113,0.2806889106039586,0.1863510320398257,0.7286069432487613,0.5488263618933411,0.05978981109241242,0.010199388342348674,0.04120836633502833,0.009115185000205004,0.06764001152935666,0.10816037328080519,0.03871999297490506,0.044008097731308045,0.03414561323959375,0.008153751178855664
machine-3-3,5,0.1597812387864451,0.750231026242962,0.24019289507696442,0.9173108206572018,0.5325031903373738,0.3543311645051914,0.8494963749537088,0.7565382680275985,0.14621793504801395,0.039144516532331454,0.01961713505880632,0.029348693898016642,0.012530879874277132,0.12574234894632014,0.05418673804338843,0.02585120586469185,0.019557450445629225,0.03684373609788529
machine-3-3,10,0.11716972082423835,0.776190346893734,0.21833061644670979,0.8785861464074275,0.34350371581087313,0.31084998808470965,0.8583778055000468,0.78167432268475,0.11761192976747305,0.0353642772157588,0.03304457668261695,0.054125607168244744,0.007871378465323578,0.09838508385897875,0.06827800062515653,0.026717051965465692,0.03398059925030356,0.03767323506512628
machine-3-3,15,0.15138447051211482,0.7966051406280703,0.2612334451364647,0.8825884464370232,0.45338622776945403,0.3591041349720332,0.8595078270211115,0.8026202791946195,0.15181389332834086,0.032905343705616194,0.014541220615682237,0.0424432269289053,0.007734988991526224,0.0970443075594595,0.03459930028796085,0.02197812290574529,0.015225046666410757,0.03313094894055971
machine-3-3,20,0.1616095044955294,0.787225267619263,0.27218307988465973,0.8892721671644713,0.488650164399573,0.3828787955276554,0.858412613797803,0.7933735920348215,0.16036759634013079,0.03993859202683988,0.014772600341882759,0.04073837356465108,0.010920435548818549,0.10180238961147912,0.04613905727028025,0.012983714742180151,0.015639951397107003,0.037547969863432944
machine-3-3,25,0.1688072050911545,0.7836318395706017,0.27714145827013015,0.906379480108757,0.5527764715964196,0.4111951261430692,0.8729549711998329,0.7907880220869017,0.16603936780575929,0.02367942970045843,0.011175024673491657,0.03426653451995785,0.017193682872738134,0.043377330634427044,0.004093946240325446,0.013350731785126068,0.010292187048732065,0.020407358874604133
machine-3-3,30,0.167349520183962,0.7768069600356332,0.28455143876207817,0.8961983433446374,0.5195832734609436,0.39951165586338655,0.8673240881022017,0.7840497281611483,0.1648250824500678,0.027018389439922484,0.012556397756924078,0.033015069882110594,0.016869732623385095,0.05971335645936813,0.027395456140095004,0.0027195668761175263,0.012855816878548997,0.02257919376003321
machine-3-3,35,0.16723185944849173,0.7761195587650901,0.28409845968845693,0.9055120108165968,0.5291195202301546,0.40218739645054863,0.8686659806883601,0.7832904065880655,0.16232259265945492,0.018597262127588294,0.008869023136301678,0.02612478262430155,0.016486777229439392,0.07770294422397948,0.02161182118014369,0.00769362472344983,0.008473409716572466,0.015496545002403429
machine-3-3,40,0.17161225803601843,0.7724490476415254,0.29116117198563063,0.9088836476158976,0.5496883097062079,0.4085381296141331,0.8561259971196731,0.7795341243602605,0.16462730240155532,0.01496535580718456,0.009301734086664331,0.018147313753388773,0.017336831991844003,0.10275744982783508,0.026430813886775963,0.009089090823245594,0.009030096907156261,0.01082972955027025
machine-3-3,45,0.16371510816794235,0.770080141012285,0.2701874016196484,0.9129166994867561,0.5349510123509738,0.4150924743593022,0.8686203518698161,0.7769730201891266,0.15699661980624469,0.016572248503904638,0.008351442946269994,0.026105793792987435,0.014467662437416278,0.08375429328832672,0.013748970059527127,0.015557872950295494,0.008567356296304108,0.014402727314439196
machine-3-3,50,0.1648350121720078,0.7668656704436801,0.26709104809297424,0.9165728930473498,0.5649052364445184,0.4164225321117703,0.8734902860977777,0.7736100030469142,0.1547140560676552,0.015437828949262595,0.007607608548528642,0.02349766104109919,0.018427519001431674,0.1253558960390966,0.024134625552406606,0.020586934420509153,0.0076658818530934095,0.01101856779937184
machine-3-3,55,0.16236553697323983,0.762134778195596,0.2625807348305544,0.9177822121317647,0.5660990411770533,0.4135320922748444,0.8699955854904269,0.7692424421803772,0.15082973109501135,0.013384251460702176,0.015186080773037243,0.0290831865318662,0.015408853821977504,0.14073708404054466,0.039508496249953784,0.024877134925993315,0.015408314389727307,0.01381868531281998
machine-3-3,60,0.1572332807645012,0.7619401923159255,0.24934577606222533,0.9293797278616898,0.6038475826863838,0.4260777355566651,0.8797106759786842,0.7688640215980488,0.14635856943609787,0.015183926898939146,0.013464847815013581,0.030920520307318906,0.024611918837916694,0.13699529352329867,0.036310336056746134,0.01984177125342344,0.013679126589627813,0.018089836647212938
machine-3-3,65,0.1597428393808516,0.7644776216890298,0.2562650711870624,0.9281235906489579,0.6097004485421219,0.4277422088100864,0.8765242995583216,0.7714097495676562,0.14825575168205207,0.013535316758256874,0.009604349364740165,0.02438383864798016,0.01837642684814022,0.12795433557936783,0.020073484149013564,0.025355824307426746,0.009434639742064644,0.01251359225834099
machine-3-3,70,0.15393638698325507,0.756294174399445,0.2506750074055666,0.9347665095658396,0.6462177957744305,0.43283977128230566,0.8798486899206542,0.7633520056825778,0.1414764394676161,0.012627434827803522,0.00589982009856209,0.017927156171533804,0.01897193496230567,0.14315503143140795,0.037824124465673355,0.02624233579907552,0.0057928813361094655,0.012990795525860082
machine-3-3,75,0.15664003693002138,0.7592661437413072,0.24975357247903784,0.9324433560970611,0.6346556159880695,0.4250149987716819,0.8734955532074802,0.766348983526179,0.14271363546027568,0.010128876762115612,0.00474558728415652,0.012740888502282569,0.012945136900857034,0.0921358652686751,0.02442227481022598,0.025182290644572294,0.004296943336405958,0.009130186999816586
machine-3-3,80,0.15702243105477914,0.7558488712732546,0.2486646067270571,0.9344652075815056,0.6332116885869237,0.43269979508286893,0.8772167224742031,0.7627428395577066,0.14411808398531667,0.009883698861720816,0.002258457408835206,0.01100243638089447,0.013935686378937093,0.11030824602936187,0.028282467462338815,0.026800173033826567,0.00223472739336964,0.00746048144891749
machine-3-4,5,0.7093543385958373,0.9358265299004993,0.6715707366103854,0.9839171131204402,0.7520963959486,0.2654968331820974,0.8424224652532293,0.9430191701644677,0.6062607036158647,0.03986753474735669,0.015242070383641948,0.04184803058266044,0.00200041661872551,0.02085852213269581,0.011255904836353295,0.03055789771831809,0.017043601315385418,0.05295906917439416
machine-3-4,10,0.6644865117974719,0.9108448322248236,0.6429823198703745,0.9366111164990109,0.7556350366751055,0.27601033806628117,0.7804232399671565,0.919344732072258,0.5715129856110929,0.10446853744307304,0.03310829872437862,0.09253266542626243,0.01899258625251399,0.1343660307104156,0.0770410735996715,0.05143055632415699,0.035987213160839845,0.14727706452727052
machine-3-4,15,0.7104881641364426,0.9178041228146944,0.6849061056065509,0.9482831190560395,0.8179352691899606,0.3449636320677862,0.8141233892517424,0.9304307585752641,0.6430140991668039,0.07618231780011178,0.02654146865293881,0.0654467460636187,0.030598749125605566,0.10026315756062645,0.10205854200767679,0.039048058225377776,0.027397384586486998,0.1114788343255352
machine-3-4,20,0.6385403525797719,0.8894736870581861,0.6248760429245293,0.9485946573508421,0.7730191947812766,0.3038762330721634,0.8094585448744871,0.897778853764792,0.5610586337379497,0.1926551970969799,0.07809540464764483,0.16519552664888118,0.04457669055118551,0.19520840126190347,0.13501136780572737,0.09743334388925678,0.08378854342405961,0.24827452385508952
machine-3-4,25,0.6384592353679317,0.8835674310741702,0.6344093624417111,0.936513479885827,0.7550306288175663,0.2878015825490239,0.7559555822561005,0.892839159150575,0.5495924545539819,0.0804638482669275,0.02817006667720902,0.06210838983934652,0.03972302595873364,0.10428565156958826,0.08026098938264507,0.057446339326144596,0.020926231574586163,0.09195775121314559
machine-3-4,30,0.6401483632536766,0.8870956360865341,0.637612154738316,0.9347689634090484,0.7363859279373262,0.28923936088802904,0.7636680984690765,0.8937656408154412,0.5294992499051976,0.05448194133055447,0.01490143192830763,0.04827270886463803,0.03325607783251722,0.1376185924647183,0.05611312220996293,0.053196418265086844,0.009686142217840966,0.0767088819671814
machine-3-4,35,0.676826168696251,0.9136286183470876,0.6553016324589747,0.9393441098234644,0.7749074208136604,0.2839817524300642,0.7681721816367316,0.9142896802268918,0.5725615935263609,0.06072409023492919,0.024753304814133698,0.039540692390581215,0.03496295306285069,0.10917629534293939,0.0734893928549474,0.0462912399979927,0.03915318028374477,0.09993925316183395
machine-3-4,40,0.6924419057137712,0.9198772778261046,0.6689755372244184,0.9418154449059073,0.755193382279582,0.2662099005796362,0.7876368687042121,0.924723308285347,0.5784534177726319,0.07836140568625964,0.023408448602764417,0.06273882172449752,0.025980252409151562,0.10941434353759097,0.08368089626500662,0.043164212505694965,0.02584406751724126,0.1185230314189009
machine-3-4,45,0.7041859665255417,0.9198321955164817,0.6852593694345704,0.9474480001724023,0.7630996040824902,0.26435425334254176,0.7755958649711957,0.9239377073908884,0.6011412277017131,0.07408045644440985,0.02197022605441501,0.06576353766201842,0.00903220798837863,0.10106029688070522,0.07225674456662819,0.04182482722322454,0.02680002121250236,0.10045509290709312
machine-3-4,50,0.7320491441458143,0.9295607820900941,0.7016395930142858,0.9444068977656069,0.7506290925697674,0.28546274346659817,0.7824469478059378,0.9304788092734675,0.61000877310072,0.08410064253789495,0.0287798639958881,0.06904559687123205,0.01501015362899891,0.07030532234040865,0.07615878555545463,0.03540883197754845,0.03449946885418908,0.10871638545319084
machine-3-4,55,0.7514462304660787,0.9295322245125396,0.7293832289491171,0.9422864640421782,0.7226920864734026,0.22839158627831843,0.7816413555331638,0.9323182145541018,0.6152930810926703,0.07564856139409337,0.0235421278800077,0.06897676467078491,0.005793288719352952,0.02508776425081844,0.0317021085997571,0.04363271425786983,0.024157654273895195,0.08117034011158628
machine-3-4,60,0.7658414305724341,0.9325842444592662,0.7446682123775539,0.9383230258530495,0.7138278316941319,0.24141854221352196,0.7947027895210581,0.9298913613047342,0.6240071149534852,0.05921520848856302,0.018641588384255243,0.05724102656164781,0.025363134640038365,0.05935121192969752,0.050506296095276695,0.04721144479067306,0.02619574161808865,0.0863294095211304
machine-3-4,65,0.7683795112542626,0.9329451734639224,0.7465222909302851,0.940233281856669,0.7376270768075422,0.23447276826682917,0.7930684700557842,0.9326322974060023,0.6210875860696028,0.06168457205040557,0.01736830490452165,0.05632486003601231,0.012398056378731485,0.0896752541553525,0.04610475604434444,0.05255500493690557,0.015980746233351207,0.08784423070708368
machine-3-4,70,0.7712400979333746,0.9323083964079877,0.7457308996994014,0.934859711067729,0.7067324163069678,0.21958194017497665,0.7960090098901726,0.9295908212007137,0.6084410439855193,0.05389147031409239,0.018352857449610096,0.05251172433183015,0.025652193104729236,0.16849968080007113,0.0876480972924782,0.06232152675239576,0.024268264846432748,0.11948708641356086
machine-3-4,75,0.7742016888435506,0.9313107185273628,0.7522222529284555,0.9341366971131327,0.7126074729761054,0.23319071884502307,0.7820646745618541,0.9256326455291866,0.602864426444939,0.04745922752571494,0.01667714361917701,0.042505928408483606,0.030650141825589436,0.1667708547563394,0.10100773976532823,0.044946615583740794,0.02311919207502388,0.11898013148383628
machine-3-4,80,0.7774475503474727,0.9344191209500825,0.7557489298097805,0.9277607475232921,0.6779943441454299,0.21143163238737023,0.7808279271269087,0.9282948991223479,0.5910454849045514,0.04405666980377243,0.01631744286783588,0.03765571020025491,0.02822945689849063,0.14874955770141227,0.08820809836753275,0.04034990128827081,0.022159178506000347,0.10859319117929132
machine-3-5,5,0.2127590453721392,0.7355015455651002,0.3295758407203729,0.751726638923639,0.5965733651845985,0.3001019183294178,0.7497278953868604,0.6230733379351222,0.1069032064106676,0.016267109333688978,0.01898725316090169,0.024660299823090415,0.004026695292426883,0.027314068669542495,0.02921486871912201,0.008779952137476572,0.04257622094505118,0.008803181329138918
machine-3-5,10,0.23603595686341214,0.7568027777374025,0.34557637894525806,0.7555421028787614,0.644731941158548,0.3105375381009798,0.7419992428179485,0.6722699313984093,0.12147141909192635,0.014610855830392984,0.015923310743045354,0.014487426334251704,0.0057608691863915585,0.05010505247269608,0.02424962961839357,0.009663409116184398,0.024535114505083395,0.007028166344415918
machine-3-5,15,0.2403995720529391,0.7717869718309859,0.331354900558983,0.7524811805243253,0.6143927436286147,0.30376261232442947,0.7536376386138847,0.6758367055054385,0.12800506115687005,0.009789525531484107,0.029983301787966123,0.021033848295657662,0.00983766521987519,0.07200312480307455,0.013862714837688292,0.02013988623713709,0.016640589957660802,0.005174467129532754
machine-3-5,20,0.22664564481149385,0.7513524325490841,0.3216866533582879,0.7471264346822479,0.5855649637428533,0.31106988460202145,0.7352715675418054,0.6537730980314398,0.12139433839159418,0.01044544249884321,0.051787020897830646,0.014784013581266959,0.007413745368874098,0.05930801497418599,0.0072231576793378004,0.031106937410386597,0.059995981950055,0.016511350654302714
machine-3-5,25,0.2088199469156684,0.7644663687174071,0.31765706712551944,0.7545252077771485,0.5643750759122623,0.29636579365162885,0.7323833651321399,0.6675436306918698,0.11711060385290958,0.021813160365182455,0.03424768221972785,0.018087484619455165,0.008970699671753622,0.08891084213801946,0.02770627763015886,0.01425787935122146,0.032826636286756,0.013496356496668029
machine-3-5,30,0.21361699315222016,0.7737152061116844,0.3129144999480595,0.7618621693382541,0.5430472565400276,0.3133715633524018,0.7517308832844593,0.6767419591017252,0.12170398085295155,0.01275033276518767,0.04723351951184534,0.01680611588003563,0.02915814461869415,0.01604404096326972,0.019800404826368412,0.01434473348291344,0.05043613733902507,0.015473153950146168
machine-3-5,35,0.21725960079492057,0.771431757829975,0.31437636730361795,0.7613441334514292,0.5607108383751942,0.3070971763317051,0.7550885582643831,0.685874127690896,0.12345093739189986,0.012626607701784138,0.03091311133910572,0.018772239118189402,0.03150434538686069,0.029621397352646767,0.009571243781552594,0.020462654951311218,0.037847732359026824,0.012277762726365528
machine-3-5,40,0.22201402884296503,0.7695341204289146,0.3220992527138584,0.7587665805701931,0.5713910934969361,0.3083295856921212,0.7605711732294549,0.6909331556049129,0.1287226791876926,0.019119044977394715,0.020330569293887938,0.02521817417307917,0.02258617463732274,0.05063126155741088,0.010801999339844605,0.01124111615213062,0.04480074797111828,0.011866021251424684
machine-3-5,45,0.22308236239521712,0.7696841523859358,0.3199047219081856,0.7455087617284486,0.5730803038817035,0.31475007307066505,0.7583518511083079,0.6813589346920396,0.1262335452372569,0.021808095572914906,0.022496190364271522,0.019930786323337737,0.005491487126713429,0.03283859953304895,0.004152906812338512,0.0066757162349888755,0.04846704090087309,0.015031012532328433
machine-3-5,50,0.21226922397919168,0.7628521278167804,0.30603038623199696,0.7514537451011154,0.5972242472289037,0.3241199229660416,0.7582747658476459,0.6740741567023734,0.12027507162454881,0.033549015314755404,0.018897334080879537,0.03512035906774047,0.005077093757708146,0.03434250380747894,0.01563331025946552,0.006766141253336974,0.04024813088625963,0.021459181252947983
machine-3-5,55,0.21744533472456673,0.7585452479525704,0.31181037511417087,0.7562677598816305,0.6342452498240669,0.31976261486922436,0.7517014766851229,0.665535445740637,0.11706580914733992,0.03668437866619323,0.023868449977363117,0.04723726096680814,0.0012510718289382476,0.012016383266987292,0.012644298405713152,0.012306508561004589,0.04729396105507725,0.01995153006223468
machine-3-5,60,0.21787548560093728,0.7607905920790192,0.30370820191886627,0.7559881290146981,0.641442820358896,0.3072144820471869,0.7445590035810957,0.6627742314847068,0.11554738983717013,0.030237881324974934,0.03063414016185113,0.04650462284418131,0.0032408679224769856,0.030216318126051935,0.014994944226740544,0.014100311964015424,0.052666387259403924,0.01359138606691555
machine-3-5,65,0.2076776782312273,0.7576261050709716,0.2961454651036216,0.756697750986026,0.6477605113521059,0.31643844875120536,0.749836141086687,0.6642206895994787,0.11069120812533478,0.03171040068037327,0.02217481635269141,0.05090846699213417,0.004811814395273919,0.03585406275292572,0.0052262615192318835,0.009385874379986127,0.04930285309369756,0.014179874916331289
machine-3-5,70,0.20219515320392256,0.7574245315661888,0.29022850847864495,0.7540928699140267,0.6122283605354846,0.2978482391681727,0.7605486663192481,0.6573793672626379,0.10989611015653558,0.04110668297072736,0.023787115008962224,0.06529707233728543,0.0023470053469395137,0.01899876032562362,0.022096714776224113,0.019826580281992943,0.05145530164349259,0.019940221378622905
machine-3-5,75,0.19539580067124743,0.7515411490557841,0.29017016696309245,0.7545356161898292,0.6111869298233666,0.29214418196334074,0.7569746239116681,0.6529777278346829,0.1051057525355885,0.04507292028320809,0.017184271818571132,0.06333210570024712,0.006012359896380593,0.05378052825061448,0.03051045175056304,0.01296245830500134,0.04577329714519169,0.021915616503598134
machine-3-5,80,0.20382567171313903,0.758231141017069,0.29452614491746093,0.7535422074702005,0.6000470307498751,0.29593201018817167,0.7480234234957112,0.6605796277727761,0.11001697418762878,0.03565350962790754,0.02025185638195576,0.060524430760689536,0.00344363583168438,0.01962862691948206,0.006281542572687024,0.0165375218070909,0.054683570726733285,0.016025042366193645
machine-3-6,5,0.5670147003243096,0.9517646912760219,0.5195322133329974,0.9948842150686378,0.9473810614043756,0.5184030418055288,0.9877166871305126,0.9701430621561389,0.6430489608103053,0.05467481825106514,0.012145419714376458,0.04291108609786603,0.0009211742756976514,0.016797134734193,0.012736046898769041,0.010545382371748069,0.007471792157156715,0.05427282495735684
machine-3-6,10,0.3194433797232217,0.848825606858062,0.3491416946645982,0.9911957699863716,0.8947581129959484,0.4245633456278075,0.9634885201003307,0.8845971569868578,0.37251545732589464,0.0682709636047801,0.0485653724764956,0.08332642609317358,0.0056163488732800535,0.04658025591589075,0.05230542207063969,0.023380480916327856,0.04095993544396616,0.09172831368219492
machine-3-6,15,0.3554859791129965,0.8610699154250829,0.37605826030270956,0.9887379130629214,0.8984974611095757,0.41061361700447374,0.9624861075796843,0.9067175711997494,0.41545152105831235,0.0368603611027088,0.0372683581221542,0.04787128521639354,0.008870609698006945,0.03521598134713986,0.04503142514461004,0.015093627682483202,0.024907502821192747,0.0502479238636886
machine-3-6,20,0.4482555414864029,0.9044601329626489,0.44852886191693914,0.9904809883911269,0.9249070937689642,0.4389607960520359,0.9769032230600814,0.9417921854023303,0.523986442704604,0.045153924345017214,0.024285976924021298,0.04164891315219397,0.005801488258600486,0.034001675720436865,0.02226259707509075,0.010725241338015246,0.015573141818333712,0.05263458638002845
machine-3-6,25,0.4623649907351561,0.9083105748437229,0.46088826830568214,0.9897058204211866,0.91036177950437,0.433544644832635,0.9754826326261272,0.9461043276839161,0.5381815025133738,0.04002585454076848,0.028619211357349496,0.02559124918600486,0.0062254390804371085,0.024069846393249127,0.010561573594914284,0.006971731922346109,0.01858940849132627,0.0433447657150698
machine-3-6,30,0.45738945416792637,0.9045206084985355,0.44569496120799373,0.9911831503503882,0.9199777781318961,0.45065977611641994,0.9788939171790088,0.9433753744572497,0.5327196653142011,0.03861980023527342,0.031078681570997985,0.02789074860727688,0.003692500931404573,0.006694509856154507,0.03394235913107198,0.009228951715875906,0.020743714155723455,0.04127458469240039
machine-3-6,35,0.45706683939746506,0.903962376586392,0.4448846220446717,0.9933400722864436,0.9216945231856446,0.4402133134203677,0.9778333714151171,0.944215752798145,0.5312972289521382,0.034890081308784564,0.028753571439473227,0.029826244205342873,0.002218127738456679,0.026734502267001817,0.027898231497546562,0.02030885036315544,0.018879798027274658,0.04098704531311066
machine-3-6,40,0.482488934724989,0.9216598675716993,0.46751571981250273,0.9925272448697791,0.9279861589851995,0.43985541674008244,0.9825289750252187,0.9556744492454823,0.556818771258013,0.03372934053874623,0.01750576737035059,0.02641175994329699,0.005485346613131798,0.02738301935433753,0.029751567344276517,0.010427335814793414,0.011337067561669778,0.03776614675584038
machine-3-6,45,0.5021328058877778,0.9286725268788443,0.47504982909931714,0.9933520350852286,0.9281943021812558,0.44034931864257665,0.9838118938882128,0.9602778534059702,0.5809117588570781,0.03378732446291347,0.018741071105962355,0.02678872113937339,0.004152989561570922,0.019042106782855856,0.017798477923355014,0.006988571915140728,0.010351556987613315,0.03168488601695045
machine-3-6,50,0.4971152204284223,0.9297579940906437,0.47407021578077746,0.9951998819886461,0.9285365016197171,0.4402552021405138,0.9833246361848151,0.9600940486981329,0.5712065018856588,0.02408499685471077,0.01232735967335603,0.015244186450717977,0.0010960268807332924,0.02480956390760515,0.01799113510242393,0.007692130993611319,0.006688559023278338,0.02619738657482631
machine-3-6,55,0.49693507694243155,0.9257051404121821,0.46744847443429827,0.9926201216970888,0.9354091247540972,0.44225339261548,0.984895622055095,0.9579517293656128,0.5728187606417827,0.009778508047438513,0.011614571679859556,0.012053502294141299,0.0041942421413004236,0.01661433956585043,0.02470067842045922,0.005204814657123596,0.0063233577370250555,0.005569367730657865
machine-3-6,60,0.498401762238563,0.9237182153303061,0.4695466365521994,0.993444252967169,0.9364920833459658,0.4538479388404941,0.9854026888449127,0.9578122245016933,0.5760609172424995,0.010686397937174066,0.008674115499822855,0.010066849658132468,0.0021646679350693218,0.02110326384467885,0.01604617210878894,0.005277451285373533,0.005025787462941149,0.012042343860215939
machine-3-6,65,0.5116553925466816,0.9317156532581158,0.4779874706006726,0.994684403097086,0.9440152563479078,0.4622111376069575,0.9882944456893964,0.9615679638553276,0.5888741953920704,0.020103631316359685,0.011750320596506547,0.017805985101607878,0.0015307011618761652,0.01284514306951387,0.03203758203495683,0.0033228991089389467,0.006232221888059433,0.016675897694132847
machine-3-6,70,0.5151123072142726,0.9314667522475949,0.4821929757623443,0.9946868727564149,0.9389096646443389,0.45538950107106835,0.9841948654318501,0.9617028029941974,0.5943779825576478,0.01750842620239233,0.010422550049501808,0.016470549308156283,0.0027095079632400423,0.010241240863267002,0.015266058965144293,0.003936032268296439,0.005846655019566605,0.01227156851878442
machine-3-6,75,0.5316122303432451,0.9372063785117499,0.4956241702075049,0.994062252928366,0.9385940962862034,0.46384774871591494,0.9822483053815615,0.9650615627398182,0.6124284635788204,0.015213958800041926,0.009222263953865037,0.009589982169496457,0.0027370444052104807,0.01622350514442038,0.017699403694952934,0.006333493350133471,0.004217204560829086,0.013379575996360254
machine-3-6,80,0.5308210357907293,0.9351818953795976,0.49618236877617644,0.9943731272634471,0.9355405727974666,0.46960730836032316,0.9816417646947126,0.9643358526503222,0.6116144754446395,0.024828951193162606,0.009309105517953659,0.0198235096240717,0.002147218925246086,0.015160954047215998,0.019701588280285426,0.008927062122081268,0.004067762768662494,0.023795142764129622
machine-3-7,5,0.296695353159115,0.685782579774441,0.34111376194676046,0.8599168279326389,0.4374999999999996,0.15581642569200344,0.6857171059666359,0.6780053632739509,0.16397009106866406,0.035073081052128835,0.006510342992687417,0.031479268540614724,0.050034998147157,0.20833333333333323,0.08743718419797532,0.03729167687642061,0.008008063460965912,0.019387992606862553
machine-3-7,10,0.3215667599400174,0.686111270543861,0.37089404278403876,0.8573240640114151,0.39646394197238066,0.13481931817050158,0.6739086451393668,0.6912664744833273,0.17160801572752582,0.1184814693846672,0.026781247083561388,0.1291332824137762,0.044849470304709614,0.11414076825979906,0.031663792875187134,0.013648294173825588,0.006984689271699218,0.07841002510998316
machine-3-7,15,0.27204406086328314,0.688524879688967,0.3223903563589821,0.8573240640114151,0.3916309012875533,0.124648207630829,0.6670847852156665,0.6897154493684208,0.1413156217808959,0.07783671551939325,0.018498399358263327,0.0798656718654234,0.044849470304709614,0.11659513590844056,0.03191612573903699,2.1741971923275255e-06,0.009252189142109823,0.05633931179267159
machine-3-7,20,0.29645234490416406,0.6861713363794409,0.35769375645767115,0.8803209515582431,0.452380952380952,0.14126897149045786,0.6670886106237338,0.6968783173020084,0.1706980797233891,0.11075248387929477,0.02278412763990267,0.1136899610906746,0.05244837218480552,0.13746434980705374,0.038479435183188325,8.420920500992225e-06,0.021626647940872386,0.07934982108065605
machine-3-7,25,0.30067897567816776,0.687712533593658,0.3574032320511475,0.9027456867105978,0.5108658008658005,0.1601333105637856,0.6670863100820016,0.6990405672832274,0.16843761448250708,0.09816709429249668,0.025943155771289923,0.10579234279525819,0.04523412178356752,0.11837119121830365,0.03474747644134487,9.186708412751784e-06,0.01728961229159854,0.0643713334649148
machine-3-7,30,0.2674424045781009,0.6848788814310597,0.3162588073782502,0.8348993288590604,0.333333333333333,0.1080406869416116,0.6670856062645913,0.7006792322908462,0.15080330701582761,0.11183004541659819,0.026531770125408537,0.11893279234616505,0.0,0.0,0.002043579486085713,4.674997112349778e-06,0.02593665508816751,0.07659409814786979
machine-3-7,35,0.235141063609385,0.6850420803267124,0.2899452090739577,0.8348993288590604,0.333333333333333,0.10942218505415648,0.6670851540833117,0.7002699253161149,0.1263276127096552,0.04426547977702956,0.02631389932934292,0.0485079872156257,0.0,0.0,0.0008801121328853004,5.41720772820451e-06,0.017468885343815934,0.026320054563166058
machine-3-7,40,0.20739260400279497,0.6799431797985082,0.2504232714531315,0.8348993288590604,0.333333333333333,0.10942218505415648,0.6670939313089503,0.6928225701949169,0.11030681975305205,0.0359844672129398,0.01558684441263735,0.03574596430784863,0.0,0.0,0.0008801121328853004,9.251920557812006e-06,0.010394244042548273,0.025322252734727786
machine-3-7,45,0.20431201750420847,0.6794085082573301,0.25095704377599115,0.8348993288590604,0.333333333333333,0.1085005136694379,0.667086795189499,0.6959831153712677,0.1063193538952518,0.05901156346516275,0.004150655142277695,0.07590321913535816,0.0,0.0,0.0023036164734266105,9.088083817543697e-06,0.0028344835982188356,0.037273753524549494
machine-3-7,50,0.20823555803917576,0.6792930746435509,0.2733945705200056,0.8474762717922243,0.36466666666666625,0.10919159992000547,0.667655865879736,0.6987877088772142,0.1140394732803156,0.05467033470681132,0.010280575097326808,0.07015351148099006,0.025153885866327788,0.06266666666666657,0.0015939214386143743,0.0011348988182115051,0.009104754691541234,0.033029497915960174
machine-3-7,55,0.19196986302216504,0.6793684371909066,0.23919489781236264,0.8593446312832181,0.434357541899441,0.14756005761708313,0.6753760800141009,0.6993179725690869,0.09953383416865957,0.05263950649033865,0.005535555050440714,0.05705748269030947,0.048890604848315596,0.20204841713221597,0.07581547142186384,0.016591960441477677,0.005815554139310425,0.03463226058327068
machine-3-7,60,0.2024616578554675,0.6761969936835281,0.25684893577235623,0.8576101402086518,0.3928571428571425,0.12811379098957237,0.6670868701876167,0.6943009788983545,0.10462492150209951,0.0448990897024691,0.007146637547540099,0.043848748483478826,0.045421622699182686,0.11904761904761905,0.03753854394390878,1.0615307539076019e-05,0.0072716782689288,0.02806740707035765
machine-3-7,65,0.20031733160121745,0.6765955540438432,0.25812881788102565,0.8826276392822302,0.49702380952380915,0.16765039343201243,0.6857073123107031,0.6940626661859003,0.1030927187046567,0.04036751181167395,0.012292401378834084,0.052432975675953924,0.05524048313042953,0.20258509778434652,0.07591251186175113,0.03724518542091399,0.003715849679057278,0.02433205991253276
machine-3-7,70,0.22668295351154466,0.6869296904834192,0.2788976855274357,0.8800348753610066,0.4514592933947769,0.14414219010255985,0.6670849519464429,0.6999195940462712,0.12252623026812307,0.03657345426481833,0.008591708349389183,0.052861712633583496,0.05212013350213898,0.1364084129908486,0.04304450092276892,5.8405185526182525e-06,0.006571053045611293,0.025258306079520027
machine-3-7,75,0.2215065816065493,0.6847655981212011,0.27474164545585156,0.8599168279326389,0.4374999999999996,0.15379033111295112,0.6857221321316683,0.7002728903377827,0.11945423739942948,0.033892261444269496,0.01568997347222977,0.044938390473004124,0.05003499814715702,0.20833333333333323,0.08830248954370783,0.0372618972429318,0.01055405175958038,0.022672387629090095
machine-3-7,80,0.23788873476718178,0.6883503789589642,0.2844100504297892,0.8820554426328095,0.4947464815885865,0.1641973489865277,0.683914848519704,0.7011922641720443,0.1297075181585783,0.03962660890222291,0.0157124330592253,0.028284095937006523,0.05452480762390974,0.19880939132666173,0.07029511422222522,0.03368742757862473,0.004676876329205271,0.020152986600554437
machine-3-8,5,0.43235549598458184,0.9210645765683345,0.4326120368569208,0.9468981333945782,0.7842767295597479,0.33483579369046457,0.8401191647815995,0.9366648004319345,0.42053766237855605,0.08472914332148626,0.005449133601226687,0.02584956758066419,0.03051035820844877,0.1357616769995675,0.037911013140895344,0.044292659131180426,0.004139986708063807,0.060890834283074964
machine-3-8,10,0.3160024523377348,0.8998787685788209,0.366099132815271,0.9083025464544042,0.5921367994193797,0.26619349881491977,0.8012051976818316,0.9222625448872107,0.33716221921768535,0.12342879256757859,0.02096194892569371,0.05480022901377803,0.059227078875953444,0.19361601365410155,0.027866163359359347,0.02565141646670095,0.016656061056507365,0.10720513585792012
machine-3-8,15,0.2671846223083155,0.8841014960437471,0.3131175365909494,0.9311041679790129,0.6386026181045766,0.2814946987539464,0.8222368529862665,0.9097873516796335,0.29360740743935865,0.05499879042486593,0.0167273386262401,0.03881174424886867,0.03520792928997506,0.13930631932621015,0.04192784646881742,0.032373449178071584,0.014561949015928638,0.051126315021352876
machine-3-8,20,0.27954652278411507,0.8743413385752363,0.3085655637765278,0.9299573856270074,0.7004508156433822,0.27861438185947474,0.8557204560524945,0.9010766130990703,0.3025474555363748,0.09663356426788125,0.026492469618830124,0.06043612679371,0.04906036065002576,0.1845789719658128,0.08422380212581798,0.06237135695543784,0.022915406763337885,0.09466894150138717
machine-3-8,25,0.27738357788204926,0.869877393689749,0.31322676806439753,0.9233525688800138,0.7251640493882798,0.28046656679220927,0.8535096089403119,0.8992558607310657,0.3037414661264347,0.09904118230071284,0.041875707963556566,0.07144757673422067,0.08985338808068002,0.18546014996700746,0.07830377620833921,0.05267435579677294,0.03585470787387037,0.0980160885458362
machine-3-8,30,0.30251565474376196,0.8762880559044499,0.3283836672596,0.9389617283053262,0.7624219898551335,0.2808949061626442,0.8569036206673438,0.9041960201742733,0.31987038826019093,0.09546185555364485,0.046225194884090756,0.08141711026647945,0.067453082077365,0.11950511531201315,0.05440221479831439,0.04256470464393871,0.03824488848688299,0.091933173712065
machine-3-8,35,0.32375962780832357,0.8857656143406389,0.3505544377202854,0.9420060763328996,0.734836509049172,0.2611850124406767,0.8700741624482926,0.9105730507264663,0.33860608676484166,0.11119796941388176,0.02651802462841364,0.08224765091741211,0.04409461483942132,0.10873148236185308,0.051065772420699186,0.043581846119574864,0.023742565454993866,0.11118578683584183
machine-3-8,40,0.3271595735155576,0.8831388301080766,0.3331334940072035,0.9642344633873032,0.7890677585368191,0.28880603010955663,0.887793111901589,0.9082498306184961,0.34402166664215883,0.09733615328390119,0.030026104799918973,0.07444271416326004,0.028698653696689003,0.11572430222253459,0.060931745762557034,0.04952152221263218,0.025895310653559368,0.09562309924606856
machine-3-8,45,0.32212799551723525,0.8793701678675356,0.3259991455598012,0.9580740482493438,0.819406780681734,0.3035414375684746,0.8897122892770374,0.9057803564119297,0.34080959999883653,0.09223315740719738,0.030942704892831036,0.0715873586297145,0.05814155777117153,0.15664351610982571,0.058746153518630925,0.05556177154389716,0.0279786512934185,0.09256829131841007
machine-3-8,50,0.3275242900972945,0.8809395281315571,0.3319025422065758,0.9853794576233139,0.8630562350775021,0.3282406332194203,0.8986293097288367,0.9072381089961172,0.3486104033782676,0.08399705557295492,0.013800194624664811,0.048497914156337495,0.012048886821439056,0.12276611520004363,0.04569447345842216,0.0487013687928759,0.013164678295546847,0.08247818776126814
machine-3-8,55,0.3128721293191969,0.8762019034412242,0.32570688232531947,0.9376626713664349,0.7990425173700835,0.2965457909965469,0.8618351903987675,0.9029089326422605,0.32819759035396634,0.08052243314055113,0.013830372120739988,0.04605300431045025,0.0342725555134239,0.058984561260336736,0.016415375137857742,0.0418919680845831,0.012695357154354218,0.07833516874284122
machine-3-8,60,0.3136443151958027,0.8722851246318725,0.33997837044605544,0.9199017177043907,0.76975676000612,0.30921454489628886,0.8888266485409015,0.899897340042491,0.3258770529856735,0.08876160792676414,0.01531485513704439,0.05098724407456691,0.07345721315853054,0.16029680670271768,0.07097593252698711,0.05616359823945003,0.012817679426360362,0.08407581781541863
machine-3-8,65,0.3269807152306868,0.8795938426058062,0.33810865514462457,0.9379621580287275,0.8238256735814885,0.30153651636139106,0.887185744154745,0.9054262441702241,0.340587469879642,0.08024418463299549,0.01166093664536814,0.04318470194660791,0.057175807627264014,0.10137090635384001,0.06507664528084664,0.06749874473009891,0.010968859682966601,0.07986285650536072
machine-3-8,70,0.3336786798843627,0.8775166669763204,0.34019221652526355,0.9542793452735077,0.8247971973838509,0.31476410147552003,0.888429755702817,0.9040357321451578,0.34866079924162713,0.06973635506939273,0.004378274791587098,0.047858908238744634,0.021719521385458865,0.1025726526753825,0.04614490709014819,0.04526944806908944,0.006616810859507647,0.07037322837290538
machine-3-8,75,0.29737107782787126,0.8665401244177843,0.3141150345697376,0.926088258275642,0.7788217066581911,0.275982813430371,0.8853430017981052,0.895476227121204,0.3113351340921125,0.07528439380202825,0.02151971600870314,0.04345174468860829,0.05562719132195708,0.14109860503104962,0.07133006341595947,0.056703875659409764,0.018403631559085892,0.08246796650012492
machine-3-8,80,0.31886069980104303,0.873916822721448,0.32926445735419624,0.9739082686207141,0.8583696481015766,0.33198328727187065,0.9224555916056982,0.9015276389380826,0.33740820133736604,0.0745058943581497,0.01511295579027334,0.03702866159512873,0.04037084971351103,0.15311287138573923,0.05721734879216559,0.05334574964844699,0.014001800490131638,0.07804559414034695
machine-3-9,5,0.3754836269006592,0.8167949043768854,0.47374764687784804,0.6835385904446349,0.7377449011469626,0.29265012227614845,0.7607737463557105,0.8856970794482958,0.296782746993826,0.015208146715041627,0.01628420548586181,0.008874112771100102,0.03922779282702405,0.0839837818321634,0.020220039741897622,0.10856226290037403,0.012596550204615288,0.020333797021163284
machine-3-9,10,0.42167094198040556,0.833927095836234,0.4705495710873599,0.7980561905424677,0.7568022697375139,0.282296592390795,0.8104165271436428,0.9019123166062845,0.3759515399561635,0.03787938916843275,0.036361667834682275,0.008086720421736074,0.1543120119055257,0.0801319369041825,0.00048702002880921273,0.11992097730840373,0.022296125382066514,0.059013887035698404
machine-3-9,15,0.49446469768429463,0.8803318498639766,0.5236271403754378,0.8025073200432724,0.7849220048587132,0.3328522534549611,0.790512350547161,0.9347959528918471,0.4573594377798576,0.05286703210084504,0.012771858763445079,0.07191619401767119,0.1790342802839463,0.1538165445238793,0.07667447601493377,0.14325586338181845,0.007971523798864759,0.0874920569295142
machine-3-9,20,0.45116049108328266,0.8665063651712166,0.48820393375867316,0.8175992616392549,0.7342375535550268,0.30189823107164093,0.8354241034218131,0.9223668277318858,0.4009396343044276,0.049794037654991324,0.006618507304889249,0.018628462286352614,0.12959335950368087,0.11626082303480915,0.04264735499325118,0.11359815232828314,0.01017350341141973,0.08565192880318241
machine-3-9,25,0.42670878471481355,0.8552447776730774,0.4765325124824278,0.7658757101742584,0.7123287671232872,0.2938831283194965,0.7854506818813831,0.9127070988991405,0.3418655578759576,0.054592866649947266,0.012942348269957708,0.020757442300900552,0.14252135556308487,0.091324200913242,0.025301656001195903,0.13720434634257772,0.015092700063427804,0.09984681444614284
machine-3-9,30,0.427137023049977,0.8560135589982364,0.4804074194953525,0.7912001073927237,0.7633539365497238,0.3105315434366499,0.8051134236385645,0.9134593922046456,0.35798087373892645,0.04834536015421393,0.015330530457076606,0.01945276055204805,0.17020291915022043,0.14862596478838808,0.06384122734808194,0.16068098702517392,0.014864133455938167,0.09360676143719686
machine-3-9,35,0.436196379583177,0.8542275942498654,0.4852941575310422,0.8511898220566527,0.7787961156026386,0.3123819548072126,0.8480800515044038,0.9137691050035438,0.3708861432308799,0.051709705434361986,0.013470737833535158,0.032744621282561594,0.14554074209177745,0.13313862543547592,0.05103726783208501,0.12567154599545582,0.01128852894469865,0.08989012503272163
machine-3-9,40,0.42285210998818684,0.8468826139506314,0.46729269798084966,0.7734630229226063,0.7133027522935775,0.29673004862528063,0.7694873795847942,0.9077826963822483,0.3567694067910757,0.021903695939036426,0.01719137934866977,0.0017142213283735856,0.14744792205023233,0.09327217125382258,0.030992430512358074,0.11864425304406846,0.008541728646313992,0.04788145549862437
machine-3-9,45,0.4072927777806416,0.8435210440342651,0.4657718470872294,0.7327123052398188,0.6666666666666662,0.27558148642004937,0.733471387403175,0.9043426611909523,0.3234835007463569,0.008470964732264696,0.012166890580344682,0.0018395849723572954,0.09824533894685988,0.0,0.011355554310164183,0.09788821982841839,0.00411271133351806,0.017730602822224637
machine-3-9,50,0.4077698987250057,0.8442142196685075,0.46593680814221144,0.8098298021040923,0.7330097087378635,0.2894319690864654,0.7977601128600714,0.904866775061157,0.35609931951918394,0.005985983971355862,0.010611466662288205,0.0011604843738998124,0.13581911161977395,0.1326860841423948,0.015111152416601081,0.11358318213788023,0.0032871876646101824,0.017385033739963866
machine-3-9,55,0.40156372566314047,0.8412236768728103,0.46746220850169506,0.7995087915525692,0.7219626168224293,0.2820528060111556,0.8312955138042241,0.9021304024409745,0.34106018683894807,0.010598773630878666,0.009183976184867871,0.002620707247059698,0.1300115510157728,0.11059190031152642,0.0009745927880879477,0.11143324494217854,0.005329120407907255,0.009212950217011334
machine-3-9,60,0.3888895711228865,0.840582096130813,0.4656109821230048,0.7659030602719501,0.6991615159791092,0.2776674773478723,0.8286916952666596,0.9009545360820821,0.32089924867760233,0.018125803944575487,0.009237129046074951,0.0015943155555210998,0.10948041226758909,0.037812417704592705,0.009745250114654658,0.06254596907997563,0.002062622339377674,0.04591208643047336
machine-3-9,65,0.3913988876960106,0.8445389827881066,0.46716960488063575,0.8305863757200329,0.7435254803675851,0.28205253011560144,0.8490567353494707,0.903518026497173,0.33188156995284,0.012778975691992666,0.01664162275590123,0.003067643470270705,0.1357700324761916,0.10490450895466841,0.00125748119655237,0.09843184806779615,0.0071749081056019124,0.04692776755436629
machine-3-9,70,0.40277446758029856,0.8464426193332336,0.46900865102998035,0.8619241548345479,0.765722845429562,0.2870062022878785,0.8828057778115769,0.9049539377622208,0.3615830978261718,0.01634255471378555,0.017927737813810064,0.003911436536760392,0.11986081860211623,0.11697840643998306,0.009592555577267483,0.08775056934431152,0.009067385624240363,0.01773727912243224
machine-3-9,75,0.40905878352754477,0.8463333288013496,0.4699697468836964,0.8981546384745466,0.773529450317766,0.282296592390795,0.8976995912057242,0.9048292500710771,0.37005233811036947,0.018702039625349387,0.018585498111601775,0.0028091286325462044,0.0573838094785327,0.07415747288833636,0.00048702002880921436,0.0359578542328005,0.010505919668515464,0.01465465635009387
machine-3-9,80,0.4118378792664393,0.8469412537535574,0.47159267618761247,0.9247673275824094,0.8102595265208938,0.2898663127339324,0.9110784079151144,0.9044573438353409,0.36703421716074236,0.012838469795002791,0.015406601660955246,0.0028252912632297476,0.035259620272772754,0.07334595823270122,0.01465242065746556,0.04313157354429803,0.008323295055467268,0.011769545111941612
