job_id,result_kind,protocol,dataset,entity,seed,config,ckpt_tag,ckpt_epoch,ckpt_sha256,ckpt_val_mae,split_id,fit_protocol,data_sha256,prior_cache_key,gamma,calibrate,cf_top_k,vus_window,training_code_sha,eval_code_sha,device,torch_version,attempt_dir,native_parity_ok,state_unchanged,ckpt_format,variant,kind,scoring_mode,formula,AUC-PR,AUC-ROC,VUS-PR,VUS-ROC,Standard-F1,PA-F1,Event-based-F1,R-based-F1,Affiliation-F
eval/SMD/machine-2-1/seed0/smd_cf_val/eval/last,val_ckpt_eval,val_pred_mae_v2,SMD,machine-2-1,0,scripts/configs/smd_cf_val.yaml,last,80,bf2b827deb6c4f6f56b6178d794f0e024926a69bdf79e8e48f315a2ac5b38c82,0.26770042622329476,val0.2_b18954,train_sub_val,493f3316d76d7becbec47e205fe43723a245fc02d9b4bc82b3d9f76746f42e72,SMD_machine-2-1_pcmci_val0.2_b18954_96bcd9172265d3bc,1.0,False,15,26,49f630ac8d324ba01390c1a1dcaa4386cd94ae84,49f630ac8d324ba01390c1a1dcaa4386cd94ae84,cuda,2.6.0+cu124,SMD/machine-2-1/seed0/smd_cf_val/eval/last/attempt1,,True,val,A_off,fusion,raw,P_raw + C_raw,0.1556545820875921,0.6364714501823097,0.1568308646837208,0.670667849232927,0.2035404537935124,0.9737827715355806,0.7364016736401668,0.3036826179413549,0.8713254437160495
eval/SMD/machine-2-1/seed0/smd_cf_val/eval/last,val_ckpt_eval,val_pred_mae_v2,SMD,machine-2-1,0,scripts/configs/smd_cf_val.yaml,last,80,bf2b827deb6c4f6f56b6178d794f0e024926a69bdf79e8e48f315a2ac5b38c82,0.26770042622329476,val0.2_b18954,train_sub_val,493f3316d76d7becbec47e205fe43723a245fc02d9b4bc82b3d9f76746f42e72,SMD_machine-2-1_pcmci_val0.2_b18954_96bcd9172265d3bc,1.0,False,15,26,49f630ac8d324ba01390c1a1dcaa4386cd94ae84,49f630ac8d324ba01390c1a1dcaa4386cd94ae84,cuda,2.6.0+cu124,SMD/machine-2-1/seed0/smd_cf_val/eval/last/attempt1,,True,val,A_on,fusion,raw,P_raw + C_raw + 1*CF_raw,0.2159791795442436,0.7011600813133124,0.2213035214957502,0.7393580280890119,0.280594990547076,0.97581317764804,0.7387387387387382,0.3682650529855811,0.9004145613113607
eval/SMD/machine-2-1/seed0/smd_cf_val/eval/last,val_ckpt_eval,val_pred_mae_v2,SMD,machine-2-1,0,scripts/configs/smd_cf_val.yaml,last,80,bf2b827deb6c4f6f56b6178d794f0e024926a69bdf79e8e48f315a2ac5b38c82,0.26770042622329476,val0.2_b18954,train_sub_val,493f3316d76d7becbec47e205fe43723a245fc02d9b4bc82b3d9f76746f42e72,SMD_machine-2-1_pcmci_val0.2_b18954_96bcd9172265d3bc,1.0,False,15,26,49f630ac8d324ba01390c1a1dcaa4386cd94ae84,49f630ac8d324ba01390c1a1dcaa4386cd94ae84,cuda,2.6.0+cu124,SMD/machine-2-1/seed0/smd_cf_val/eval/last/attempt1,,True,val,P_raw,diagnostic,raw,P_raw,0.1550965437313198,0.63451759605657,0.1564356424349172,0.6688447390797793,0.2035404537935124,0.9737827715355806,0.7296137339055789,0.3053522480367087,0.8706838617283112
eval/SMD/machine-2-1/seed0/smd_cf_val/eval/last,val_ckpt_eval,val_pred_mae_v2,SMD,machine-2-1,0,scripts/configs/smd_cf_val.yaml,last,80,bf2b827deb6c4f6f56b6178d794f0e024926a69bdf79e8e48f315a2ac5b38c82,0.26770042622329476,val0.2_b18954,train_sub_val,493f3316d76d7becbec47e205fe43723a245fc02d9b4bc82b3d9f76746f42e72,SMD_machine-2-1_pcmci_val0.2_b18954_96bcd9172265d3bc,1.0,False,15,26,49f630ac8d324ba01390c1a1dcaa4386cd94ae84,49f630ac8d324ba01390c1a1dcaa4386cd94ae84,cuda,2.6.0+cu124,SMD/machine-2-1/seed0/smd_cf_val/eval/last/attempt1,,True,val,C_raw,diagnostic,raw,C_raw,0.1007862679087574,0.6522843840099003,0.0958017141829871,0.6570230837752022,0.1572098037022919,0.8214592274678112,0.2840635532017328,0.1179859566764968,0.680000997822043
eval/SMD/machine-2-1/seed0/smd_cf_val/eval/last,val_ckpt_eval,val_pred_mae_v2,SMD,machine-2-1,0,scripts/configs/smd_cf_val.yaml,last,80,bf2b827deb6c4f6f56b6178d794f0e024926a69bdf79e8e48f315a2ac5b38c82,0.26770042622329476,val0.2_b18954,train_sub_val,493f3316d76d7becbec47e205fe43723a245fc02d9b4bc82b3d9f76746f42e72,SMD_machine-2-1_pcmci_val0.2_b18954_96bcd9172265d3bc,1.0,False,15,26,49f630ac8d324ba01390c1a1dcaa4386cd94ae84,49f630ac8d324ba01390c1a1dcaa4386cd94ae84,cuda,2.6.0+cu124,SMD/machine-2-1/seed0/smd_cf_val/eval/last/attempt1,,True,val,G_raw,diagnostic,raw,G_raw,0.1258054916397435,0.6406568840146455,0.1422900674826844,0.6839629236729586,0.2703468982719172,0.8046728971962617,0.3672127779775047,0.162985182696618,0.7556129115921772
eval/SMD/machine-2-1/seed0/smd_cf_val/eval/last,val_ckpt_eval,val_pred_mae_v2,SMD,machine-2-1,0,scripts/configs/smd_cf_val.yaml,last,80,bf2b827deb6c4f6f56b6178d794f0e024926a69bdf79e8e48f315a2ac5b38c82,0.26770042622329476,val0.2_b18954,train_sub_val,493f3316d76d7becbec47e205fe43723a245fc02d9b4bc82b3d9f76746f42e72,SMD_machine-2-1_pcmci_val0.2_b18954_96bcd9172265d3bc,1.0,False,15,26,49f630ac8d324ba01390c1a1dcaa4386cd94ae84,49f630ac8d324ba01390c1a1dcaa4386cd94ae84,cuda,2.6.0+cu124,SMD/machine-2-1/seed0/smd_cf_val/eval/last/attempt1,,True,val,CF_raw,diagnostic,raw,CF_raw,0.1849591208681658,0.6915867674162144,0.1820181995203288,0.7287371562194236,0.2427872779185648,0.939843068875327,0.6336633663366331,0.2895819520442647,0.8315467334281376
eval/SMD/machine-2-1/seed0/smd_cf_val/eval/best_val,val_ckpt_eval,val_pred_mae_v2,SMD,machine-2-1,0,scripts/configs/smd_cf_val.yaml,best_val,77,9a075b38f951196718cbb6aa3f8bfa841b823e4b0e59ef25505917459cf1532f,0.26378926257741214,val0.2_b18954,train_sub_val,493f3316d76d7becbec47e205fe43723a245fc02d9b4bc82b3d9f76746f42e72,SMD_machine-2-1_pcmci_val0.2_b18954_96bcd9172265d3bc,1.0,False,15,26,49f630ac8d324ba01390c1a1dcaa4386cd94ae84,49f630ac8d324ba01390c1a1dcaa4386cd94ae84,cuda,2.6.0+cu124,SMD/machine-2-1/seed0/smd_cf_val/eval/best_val/attempt1,,True,val,A_off,fusion,raw,P_raw + C_raw,0.156756072472788,0.6390818466701211,0.1576072297744878,0.6734383760544207,0.2032102850658319,0.975,0.7413793103448271,0.3092329525387022,0.8833811713846739
eval/SMD/machine-2-1/seed0/smd_cf_val/eval/best_val,val_ckpt_eval,val_pred_mae_v2,SMD,machine-2-1,0,scripts/configs/smd_cf_val.yaml,best_val,77,9a075b38f951196718cbb6aa3f8bfa841b823e4b0e59ef25505917459cf1532f,0.26378926257741214,val0.2_b18954,train_sub_val,493f3316d76d7becbec47e205fe43723a245fc02d9b4bc82b3d9f76746f42e72,SMD_machine-2-1_pcmci_val0.2_b18954_96bcd9172265d3bc,1.0,False,15,26,49f630ac8d324ba01390c1a1dcaa4386cd94ae84,49f630ac8d324ba01390c1a1dcaa4386cd94ae84,cuda,2.6.0+cu124,SMD/machine-2-1/seed0/smd_cf_val/eval/best_val/attempt1,,True,val,A_on,fusion,raw,P_raw + C_raw + 1*CF_raw,0.2163012138326623,0.7086708196435045,0.2223903721816307,0.746082603098375,0.2827031676288143,0.9697472026523,0.7318397827562791,0.3676691625264611,0.9053281446865143
eval/SMD/machine-2-1/seed0/smd_cf_val/eval/best_val,val_ckpt_eval,val_pred_mae_v2,SMD,machine-2-1,0,scripts/configs/smd_cf_val.yaml,best_val,77,9a075b38f951196718cbb6aa3f8bfa841b823e4b0e59ef25505917459cf1532f,0.26378926257741214,val0.2_b18954,train_sub_val,493f3316d76d7becbec47e205fe43723a245fc02d9b4bc82b3d9f76746f42e72,SMD_machine-2-1_pcmci_val0.2_b18954_96bcd9172265d3bc,1.0,False,15,26,49f630ac8d324ba01390c1a1dcaa4386cd94ae84,49f630ac8d324ba01390c1a1dcaa4386cd94ae84,cuda,2.6.0+cu124,SMD/machine-2-1/seed0/smd_cf_val/eval/best_val/attempt1,,True,val,P_raw,diagnostic,raw,P_raw,0.1561758911153631,0.636950921607817,0.157216605275045,0.6714617761260551,0.2026286614799518,0.9754064193413924,0.7423580786026196,0.3118970235580893,0.8841529000403983
eval/SMD/machine-2-1/seed0/smd_cf_val/eval/best_val,val_ckpt_eval,val_pred_mae_v2,SMD,machine-2-1,0,scripts/configs/smd_cf_val.yaml,best_val,77,9a075b38f951196718cbb6aa3f8bfa841b823e4b0e59ef25505917459cf1532f,0.26378926257741214,val0.2_b18954,train_sub_val,493f3316d76d7becbec47e205fe43723a245fc02d9b4bc82b3d9f76746f42e72,SMD_machine-2-1_pcmci_val0.2_b18954_96bcd9172265d3bc,1.0,False,15,26,49f630ac8d324ba01390c1a1dcaa4386cd94ae84,49f630ac8d324ba01390c1a1dcaa4386cd94ae84,cuda,2.6.0+cu124,SMD/machine-2-1/seed0/smd_cf_val/eval/best_val/attempt1,,True,val,C_raw,diagnostic,raw,C_raw,0.1018225303587938,0.6620790697939265,0.099276979938736,0.6715689394068055,0.1653811917148695,0.834589800443459,0.2658610271903318,0.1125839731180985,0.6803767159663865
eval/SMD/machine-2-1/seed0/smd_cf_val/eval/best_val,val_ckpt_eval,val_pred_mae_v2,SMD,machine-2-1,0,scripts/configs/smd_cf_val.yaml,best_val,77,9a075b38f951196718cbb6aa3f8bfa841b823e4b0e59ef25505917459cf1532f,0.26378926257741214,val0.2_b18954,train_sub_val,493f3316d76d7becbec47e205fe43723a245fc02d9b4bc82b3d9f76746f42e72,SMD_machine-2-1_pcmci_val0.2_b18954_96bcd9172265d3bc,1.0,False,15,26,49f630ac8d324ba01390c1a1dcaa4386cd94ae84,49f630ac8d324ba01390c1a1dcaa4386cd94ae84,cuda,2.6.0+cu124,SMD/machine-2-1/seed0/smd_cf_val/eval/best_val/attempt1,,True,val,G_raw,diagnostic,raw,G_raw,0.1144904398454532,0.6512580406984138,0.1293343587180512,0.6912781118655579,0.2582641571175633,0.8147197261446298,0.3261329944938582,0.1497273812834963,0.7558869234655079
eval/SMD/machine-2-1/seed0/smd_cf_val/eval/best_val,val_ckpt_eval,val_pred_mae_v2,SMD,machine-2-1,0,scripts/configs/smd_cf_val.yaml,best_val,77,9a075b38f951196718cbb6aa3f8bfa841b823e4b0e59ef25505917459cf1532f,0.26378926257741214,val0.2_b18954,train_sub_val,493f3316d76d7becbec47e205fe43723a245fc02d9b4bc82b3d9f76746f42e72,SMD_machine-2-1_pcmci_val0.2_b18954_96bcd9172265d3bc,1.0,False,15,26,49f630ac8d324ba01390c1a1dcaa4386cd94ae84,49f630ac8d324ba01390c1a1dcaa4386cd94ae84,cuda,2.6.0+cu124,SMD/machine-2-1/seed0/smd_cf_val/eval/best_val/attempt1,,True,val,CF_raw,diagnostic,raw,CF_raw,0.185992097097998,0.6998517797251974,0.1839324319754041,0.7357063523160131,0.2505644980000128,0.9337375487223908,0.6522781774580331,0.2806749366491222,0.8387478391735732
eval/SMD/machine-2-1/seed1/smd_cf_val/eval/last,val_ckpt_eval,val_pred_mae_v2,SMD,machine-2-1,1,scripts/configs/smd_cf_val.yaml,last,80,c704896939a37346120ac30d8fa785347093a058aba289d7098f1a621f5652bf,0.2676892976812862,val0.2_b18954,train_sub_val,493f3316d76d7becbec47e205fe43723a245fc02d9b4bc82b3d9f76746f42e72,SMD_machine-2-1_pcmci_val0.2_b18954_96bcd9172265d3bc,1.0,False,15,26,49f630ac8d324ba01390c1a1dcaa4386cd94ae84,49f630ac8d324ba01390c1a1dcaa4386cd94ae84,cuda,2.6.0+cu124,SMD/machine-2-1/seed1/smd_cf_val/eval/last/attempt1,,True,val,A_off,fusion,raw,P_raw + C_raw,0.1586182582275119,0.6389574851333679,0.1583080398357406,0.6736072575902701,0.202037244302111,0.9721645201495638,0.7351778656126478,0.2990643075973709,0.8717336401524529
eval/SMD/machine-2-1/seed1/smd_cf_val/eval/last,val_ckpt_eval,val_pred_mae_v2,SMD,machine-2-1,1,scripts/configs/smd_cf_val.yaml,last,80,c704896939a37346120ac30d8fa785347093a058aba289d7098f1a621f5652bf,0.2676892976812862,val0.2_b18954,train_sub_val,493f3316d76d7becbec47e205fe43723a245fc02d9b4bc82b3d9f76746f42e72,SMD_machine-2-1_pcmci_val0.2_b18954_96bcd9172265d3bc,1.0,False,15,26,49f630ac8d324ba01390c1a1dcaa4386cd94ae84,49f630ac8d324ba01390c1a1dcaa4386cd94ae84,cuda,2.6.0+cu124,SMD/machine-2-1/seed1/smd_cf_val/eval/last/attempt1,,True,val,A_on,fusion,raw,P_raw + C_raw + 1*CF_raw,0.2026342384859467,0.6944125378902194,0.2029444181898081,0.7324015899212514,0.271511591076107,0.9601969634796882,0.7076483202287343,0.348360467515346,0.8906059835199537
eval/SMD/machine-2-1/seed1/smd_cf_val/eval/last,val_ckpt_eval,val_pred_mae_v2,SMD,machine-2-1,1,scripts/configs/smd_cf_val.yaml,last,80,c704896939a37346120ac30d8fa785347093a058aba289d7098f1a621f5652bf,0.2676892976812862,val0.2_b18954,train_sub_val,493f3316d76d7becbec47e205fe43723a245fc02d9b4bc82b3d9f76746f42e72,SMD_machine-2-1_pcmci_val0.2_b18954_96bcd9172265d3bc,1.0,False,15,26,49f630ac8d324ba01390c1a1dcaa4386cd94ae84,49f630ac8d324ba01390c1a1dcaa4386cd94ae84,cuda,2.6.0+cu124,SMD/machine-2-1/seed1/smd_cf_val/eval/last/attempt1,,True,val,P_raw,diagnostic,raw,P_raw,0.1579753686614833,0.6369653659193966,0.1579217456847703,0.6717831712011767,0.2029095386710037,0.9721645201495638,0.7330677290836649,0.2990591770875532,0.8717336401524529
eval/SMD/machine-2-1/seed1/smd_cf_val/eval/last,val_ckpt_eval,val_pred_mae_v2,SMD,machine-2-1,1,scripts/configs/smd_cf_val.yaml,last,80,c704896939a37346120ac30d8fa785347093a058aba289d7098f1a621f5652bf,0.2676892976812862,val0.2_b18954,train_sub_val,493f3316d76d7becbec47e205fe43723a245fc02d9b4bc82b3d9f76746f42e72,SMD_machine-2-1_pcmci_val0.2_b18954_96bcd9172265d3bc,1.0,False,15,26,49f630ac8d324ba01390c1a1dcaa4386cd94ae84,49f630ac8d324ba01390c1a1dcaa4386cd94ae84,cuda,2.6.0+cu124,SMD/machine-2-1/seed1/smd_cf_val/eval/last/attempt1,,True,val,C_raw,diagnostic,raw,C_raw,0.0942182779686231,0.6496116928695209,0.0921712033427953,0.661857731730295,0.150177193853612,0.8019281332164768,0.2608695652173908,0.1129441129688892,0.6753268248793161
eval/SMD/machine-2-1/seed1/smd_cf_val/eval/last,val_ckpt_eval,val_pred_mae_v2,SMD,machine-2-1,1,scripts/configs/smd_cf_val.yaml,last,80,c704896939a37346120ac30d8fa785347093a058aba289d7098f1a621f5652bf,0.2676892976812862,val0.2_b18954,train_sub_val,493f3316d76d7becbec47e205fe43723a245fc02d9b4bc82b3d9f76746f42e72,SMD_machine-2-1_pcmci_val0.2_b18954_96bcd9172265d3bc,1.0,False,15,26,49f630ac8d324ba01390c1a1dcaa4386cd94ae84,49f630ac8d324ba01390c1a1dcaa4386cd94ae84,cuda,2.6.0+cu124,SMD/machine-2-1/seed1/smd_cf_val/eval/last/attempt1,,True,val,G_raw,diagnostic,raw,G_raw,0.0823687956148533,0.6811145276368462,0.0924600942711191,0.7075595751339582,0.1540235088170037,0.8625429553264605,0.1763632677883638,0.1082921178907353,0.7047746070067752
eval/SMD/machine-2-1/seed1/smd_cf_val/eval/last,val_ckpt_eval,val_pred_mae_v2,SMD,machine-2-1,1,scripts/configs/smd_cf_val.yaml,last,80,c704896939a37346120ac30d8fa785347093a058aba289d7098f1a621f5652bf,0.2676892976812862,val0.2_b18954,train_sub_val,493f3316d76d7becbec47e205fe43723a245fc02d9b4bc82b3d9f76746f42e72,SMD_machine-2-1_pcmci_val0.2_b18954_96bcd9172265d3bc,1.0,False,15,26,49f630ac8d324ba01390c1a1dcaa4386cd94ae84,49f630ac8d324ba01390c1a1dcaa4386cd94ae84,cuda,2.6.0+cu124,SMD/machine-2-1/seed1/smd_cf_val/eval/last/attempt1,,True,val,CF_raw,diagnostic,raw,CF_raw,0.1641711569006397,0.6818048936036943,0.1583280702307151,0.7180048950996197,0.2210375548006887,0.909704641350211,0.5915492957746474,0.2621608712257066,0.8292846214200446
eval/SMD/machine-2-1/seed1/smd_cf_val/eval/best_val,val_ckpt_eval,val_pred_mae_v2,SMD,machine-2-1,1,scripts/configs/smd_cf_val.yaml,best_val,60,c600178d714b925daa5cb1c17e58bb02f7bc8a74b1efb084a9e08541391b3fba,0.2640355730847335,val0.2_b18954,train_sub_val,493f3316d76d7becbec47e205fe43723a245fc02d9b4bc82b3d9f76746f42e72,SMD_machine-2-1_pcmci_val0.2_b18954_96bcd9172265d3bc,1.0,False,15,26,49f630ac8d324ba01390c1a1dcaa4386cd94ae84,49f630ac8d324ba01390c1a1dcaa4386cd94ae84,cuda,2.6.0+cu124,SMD/machine-2-1/seed1/smd_cf_val/eval/best_val/attempt1,,True,val,A_off,fusion,raw,P_raw + C_raw,0.1574758227280117,0.6434718734518867,0.1592345636666169,0.677645533550083,0.2040546452500746,0.974188176519567,0.7327586206896546,0.3099820275767896,0.8715131204613211
eval/SMD/machine-2-1/seed1/smd_cf_val/eval/best_val,val_ckpt_eval,val_pred_mae_v2,SMD,machine-2-1,1,scripts/configs/smd_cf_val.yaml,best_val,60,c600178d714b925daa5cb1c17e58bb02f7bc8a74b1efb084a9e08541391b3fba,0.2640355730847335,val0.2_b18954,train_sub_val,493f3316d76d7becbec47e205fe43723a245fc02d9b4bc82b3d9f76746f42e72,SMD_machine-2-1_pcmci_val0.2_b18954_96bcd9172265d3bc,1.0,False,15,26,49f630ac8d324ba01390c1a1dcaa4386cd94ae84,49f630ac8d324ba01390c1a1dcaa4386cd94ae84,cuda,2.6.0+cu124,SMD/machine-2-1/seed1/smd_cf_val/eval/best_val/attempt1,,True,val,A_on,fusion,raw,P_raw + C_raw + 1*CF_raw,0.2087625991916851,0.7092585379927152,0.2092925662091599,0.7462663973703602,0.2810542464769124,0.9637561779242174,0.7068723702664792,0.3424593230236306,0.8853641343087133
eval/SMD/machine-2-1/seed1/smd_cf_val/eval/best_val,val_ckpt_eval,val_pred_mae_v2,SMD,machine-2-1,1,scripts/configs/smd_cf_val.yaml,best_val,60,c600178d714b925daa5cb1c17e58bb02f7bc8a74b1efb084a9e08541391b3fba,0.2640355730847335,val0.2_b18954,train_sub_val,493f3316d76d7becbec47e205fe43723a245fc02d9b4bc82b3d9f76746f42e72,SMD_machine-2-1_pcmci_val0.2_b18954_96bcd9172265d3bc,1.0,False,15,26,49f630ac8d324ba01390c1a1dcaa4386cd94ae84,49f630ac8d324ba01390c1a1dcaa4386cd94ae84,cuda,2.6.0+cu124,SMD/machine-2-1/seed1/smd_cf_val/eval/best_val/attempt1,,True,val,P_raw,diagnostic,raw,P_raw,0.1567399854814232,0.6410582688464102,0.1583470507683079,0.675399954139682,0.2042787670425533,0.975,0.7391304347826081,0.3122068207565927,0.8714125981188937
eval/SMD/machine-2-1/seed1/smd_cf_val/eval/best_val,val_ckpt_eval,val_pred_mae_v2,SMD,machine-2-1,1,scripts/configs/smd_cf_val.yaml,best_val,60,c600178d714b925daa5cb1c17e58bb02f7bc8a74b1efb084a9e08541391b3fba,0.2640355730847335,val0.2_b18954,train_sub_val,493f3316d76d7becbec47e205fe43723a245fc02d9b4bc82b3d9f76746f42e72,SMD_machine-2-1_pcmci_val0.2_b18954_96bcd9172265d3bc,1.0,False,15,26,49f630ac8d324ba01390c1a1dcaa4386cd94ae84,49f630ac8d324ba01390c1a1dcaa4386cd94ae84,cuda,2.6.0+cu124,SMD/machine-2-1/seed1/smd_cf_val/eval/best_val/attempt1,,True,val,C_raw,diagnostic,raw,C_raw,0.1066538343682486,0.6684463349220178,0.0976662078078335,0.652529987410063,0.1632754762388082,0.8709073900841908,0.3278688524590159,0.111951996903449,0.6747717820504677
eval/SMD/machine-2-1/seed1/smd_cf_val/eval/best_val,val_ckpt_eval,val_pred_mae_v2,SMD,machine-2-1,1,scripts/configs/smd_cf_val.yaml,best_val,60,c600178d714b925daa5cb1c17e58bb02f7bc8a74b1efb084a9e08541391b3fba,0.2640355730847335,val0.2_b18954,train_sub_val,493f3316d76d7becbec47e205fe43723a245fc02d9b4bc82b3d9f76746f42e72,SMD_machine-2-1_pcmci_val0.2_b18954_96bcd9172265d3bc,1.0,False,15,26,49f630ac8d324ba01390c1a1dcaa4386cd94ae84,49f630ac8d324ba01390c1a1dcaa4386cd94ae84,cuda,2.6.0+cu124,SMD/machine-2-1/seed1/smd_cf_val/eval/best_val/attempt1,,True,val,G_raw,diagnostic,raw,G_raw,0.1015713625602328,0.6856944373266824,0.1043937175698179,0.7106729551536434,0.1646858039213203,0.8618881118881119,0.3428571428571425,0.1275342194322994,0.7138459279335851
eval/SMD/machine-2-1/seed1/smd_cf_val/eval/best_val,val_ckpt_eval,val_pred_mae_v2,SMD,machine-2-1,1,scripts/configs/smd_cf_val.yaml,best_val,60,c600178d714b925daa5cb1c17e58bb02f7bc8a74b1efb084a9e08541391b3fba,0.2640355730847335,val0.2_b18954,train_sub_val,493f3316d76d7becbec47e205fe43723a245fc02d9b4bc82b3d9f76746f42e72,SMD_machine-2-1_pcmci_val0.2_b18954_96bcd9172265d3bc,1.0,False,15,26,49f630ac8d324ba01390c1a1dcaa4386cd94ae84,49f630ac8d324ba01390c1a1dcaa4386cd94ae84,cuda,2.6.0+cu124,SMD/machine-2-1/seed1/smd_cf_val/eval/best_val/attempt1,,True,val,CF_raw,diagnostic,raw,CF_raw,0.1690070372510932,0.7020075505218744,0.1662507825651378,0.7380848478040498,0.2213034897417288,0.9325259515570934,0.5637149028077747,0.2639814603304803,0.8158577937760123
eval/SMD/machine-2-1/seed2/smd_cf_val/eval/last,val_ckpt_eval,val_pred_mae_v2,SMD,machine-2-1,2,scripts/configs/smd_cf_val.yaml,last,80,c3cc262faf958ff85944cfaa8181d05a96c46391d0b2044f8b25bd383449ca94,0.26451380020706994,val0.2_b18954,train_sub_val,493f3316d76d7becbec47e205fe43723a245fc02d9b4bc82b3d9f76746f42e72,SMD_machine-2-1_pcmci_val0.2_b18954_96bcd9172265d3bc,1.0,False,15,26,49f630ac8d324ba01390c1a1dcaa4386cd94ae84,49f630ac8d324ba01390c1a1dcaa4386cd94ae84,cuda,2.6.0+cu124,SMD/machine-2-1/seed2/smd_cf_val/eval/last/attempt1,,True,val,A_off,fusion,raw,P_raw + C_raw,0.1569375197617759,0.6364464526023487,0.1587025909389711,0.6713585640434717,0.2004485294492787,0.9441489361702128,0.7241379310344822,0.2979517407028936,0.8715439904014544
eval/SMD/machine-2-1/seed2/smd_cf_val/eval/last,val_ckpt_eval,val_pred_mae_v2,SMD,machine-2-1,2,scripts/configs/smd_cf_val.yaml,last,80,c3cc262faf958ff85944cfaa8181d05a96c46391d0b2044f8b25bd383449ca94,0.26451380020706994,val0.2_b18954,train_sub_val,493f3316d76d7becbec47e205fe43723a245fc02d9b4bc82b3d9f76746f42e72,SMD_machine-2-1_pcmci_val0.2_b18954_96bcd9172265d3bc,1.0,False,15,26,49f630ac8d324ba01390c1a1dcaa4386cd94ae84,49f630ac8d324ba01390c1a1dcaa4386cd94ae84,cuda,2.6.0+cu124,SMD/machine-2-1/seed2/smd_cf_val/eval/last/attempt1,,True,val,A_on,fusion,raw,P_raw + C_raw + 1*CF_raw,0.224788048714381,0.7101729331442856,0.2302281040522967,0.7471284837066654,0.2853330195946068,0.972972972972973,0.7470817120622563,0.3539597834579966,0.9019620554261922
eval/SMD/machine-2-1/seed2/smd_cf_val/eval/last,val_ckpt_eval,val_pred_mae_v2,SMD,machine-2-1,2,scripts/configs/smd_cf_val.yaml,last,80,c3cc262faf958ff85944cfaa8181d05a96c46391d0b2044f8b25bd383449ca94,0.26451380020706994,val0.2_b18954,train_sub_val,493f3316d76d7becbec47e205fe43723a245fc02d9b4bc82b3d9f76746f42e72,SMD_machine-2-1_pcmci_val0.2_b18954_96bcd9172265d3bc,1.0,False,15,26,49f630ac8d324ba01390c1a1dcaa4386cd94ae84,49f630ac8d324ba01390c1a1dcaa4386cd94ae84,cuda,2.6.0+cu124,SMD/machine-2-1/seed2/smd_cf_val/eval/last/attempt1,,True,val,P_raw,diagnostic,raw,P_raw,0.1563838820859088,0.6344069765455509,0.1580231274714421,0.6694672888005839,0.2001099220627459,0.9441489361702128,0.7241379310344822,0.2979517407028936,0.8715439904014544
eval/SMD/machine-2-1/seed2/smd_cf_val/eval/last,val_ckpt_eval,val_pred_mae_v2,SMD,machine-2-1,2,scripts/configs/smd_cf_val.yaml,last,80,c3cc262faf958ff85944cfaa8181d05a96c46391d0b2044f8b25bd383449ca94,0.26451380020706994,val0.2_b18954,train_sub_val,493f3316d76d7becbec47e205fe43723a245fc02d9b4bc82b3d9f76746f42e72,SMD_machine-2-1_pcmci_val0.2_b18954_96bcd9172265d3bc,1.0,False,15,26,49f630ac8d324ba01390c1a1dcaa4386cd94ae84,49f630ac8d324ba01390c1a1dcaa4386cd94ae84,cuda,2.6.0+cu124,SMD/machine-2-1/seed2/smd_cf_val/eval/last/attempt1,,True,val,C_raw,diagnostic,raw,C_raw,0.0867292715773835,0.6515340769971016,0.085970805323025,0.647230155452607,0.1408831430243639,0.7897310513447433,0.2439024390243898,0.1172834673425614,0.6801413444568742
eval/SMD/machine-2-1/seed2/smd_cf_val/eval/last,val_ckpt_eval,val_pred_mae_v2,SMD,machine-2-1,2,scripts/configs/smd_cf_val.yaml,last,80,c3cc262faf958ff85944cfaa8181d05a96c46391d0b2044f8b25bd383449ca94,0.26451380020706994,val0.2_b18954,train_sub_val,493f3316d76d7becbec47e205fe43723a245fc02d9b4bc82b3d9f76746f42e72,SMD_machine-2-1_pcmci_val0.2_b18954_96bcd9172265d3bc,1.0,False,15,26,49f630ac8d324ba01390c1a1dcaa4386cd94ae84,49f630ac8d324ba01390c1a1dcaa4386cd94ae84,cuda,2.6.0+cu124,SMD/machine-2-1/seed2/smd_cf_val/eval/last/attempt1,,True,val,G_raw,diagnostic,raw,G_raw,0.0995010394832121,0.6865236281225622,0.1150370723411136,0.7281710838065868,0.2046319500948165,0.8516129032258064,0.2350176263219739,0.1161254359281568,0.7635291989732798
eval/SMD/machine-2-1/seed2/smd_cf_val/eval/last,val_ckpt_eval,val_pred_mae_v2,SMD,machine-2-1,2,scripts/configs/smd_cf_val.yaml,last,80,c3cc262faf958ff85944cfaa8181d05a96c46391d0b2044f8b25bd383449ca94,0.26451380020706994,val0.2_b18954,train_sub_val,493f3316d76d7becbec47e205fe43723a245fc02d9b4bc82b3d9f76746f42e72,SMD_machine-2-1_pcmci_val0.2_b18954_96bcd9172265d3bc,1.0,False,15,26,49f630ac8d324ba01390c1a1dcaa4386cd94ae84,49f630ac8d324ba01390c1a1dcaa4386cd94ae84,cuda,2.6.0+cu124,SMD/machine-2-1/seed2/smd_cf_val/eval/last/attempt1,,True,val,CF_raw,diagnostic,raw,CF_raw,0.201267455733207,0.7238905686807084,0.2055783890100675,0.7586653865299673,0.287671782639186,0.939843068875327,0.6086956521739124,0.2748938024149333,0.863268864684893
eval/SMD/machine-2-1/seed2/smd_cf_val/eval/best_val,val_ckpt_eval,val_pred_mae_v2,SMD,machine-2-1,2,scripts/configs/smd_cf_val.yaml,best_val,72,a9b401775798774b55691c438dc04e26b6925e5791bbdae479cb7a94a2c5c6ec,0.263298892263869,val0.2_b18954,train_sub_val,493f3316d76d7becbec47e205fe43723a245fc02d9b4bc82b3d9f76746f42e72,SMD_machine-2-1_pcmci_val0.2_b18954_96bcd9172265d3bc,1.0,False,15,26,49f630ac8d324ba01390c1a1dcaa4386cd94ae84,49f630ac8d324ba01390c1a1dcaa4386cd94ae84,cuda,2.6.0+cu124,SMD/machine-2-1/seed2/smd_cf_val/eval/best_val/attempt1,,True,val,A_off,fusion,raw,P_raw + C_raw,0.1563331048384179,0.6374317976050156,0.1567785275448656,0.6721628436855261,0.2008034611679996,0.9441489361702128,0.7188740526885596,0.296881146879661,0.8702322720661331
eval/SMD/machine-2-1/seed2/smd_cf_val/eval/best_val,val_ckpt_eval,val_pred_mae_v2,SMD,machine-2-1,2,scripts/configs/smd_cf_val.yaml,best_val,72,a9b401775798774b55691c438dc04e26b6925e5791bbdae479cb7a94a2c5c6ec,0.263298892263869,val0.2_b18954,train_sub_val,493f3316d76d7becbec47e205fe43723a245fc02d9b4bc82b3d9f76746f42e72,SMD_machine-2-1_pcmci_val0.2_b18954_96bcd9172265d3bc,1.0,False,15,26,49f630ac8d324ba01390c1a1dcaa4386cd94ae84,49f630ac8d324ba01390c1a1dcaa4386cd94ae84,cuda,2.6.0+cu124,SMD/machine-2-1/seed2/smd_cf_val/eval/best_val/attempt1,,True,val,A_on,fusion,raw,P_raw + C_raw + 1*CF_raw,0.2184464622571507,0.7122636760678066,0.2235262644835741,0.7491800843917931,0.2821920280544254,0.97581317764804,0.7363636363636359,0.3578488780342387,0.8919655963248355
eval/SMD/machine-2-1/seed2/smd_cf_val/eval/best_val,val_ckpt_eval,val_pred_mae_v2,SMD,machine-2-1,2,scripts/configs/smd_cf_val.yaml,best_val,72,a9b401775798774b55691c438dc04e26b6925e5791bbdae479cb7a94a2c5c6ec,0.263298892263869,val0.2_b18954,train_sub_val,493f3316d76d7becbec47e205fe43723a245fc02d9b4bc82b3d9f76746f42e72,SMD_machine-2-1_pcmci_val0.2_b18954_96bcd9172265d3bc,1.0,False,15,26,49f630ac8d324ba01390c1a1dcaa4386cd94ae84,49f630ac8d324ba01390c1a1dcaa4386cd94ae84,cuda,2.6.0+cu124,SMD/machine-2-1/seed2/smd_cf_val/eval/best_val/attempt1,,True,val,P_raw,diagnostic,raw,P_raw,0.1558288267209437,0.6356376091152907,0.1563529347869712,0.6705859185067603,0.2006797087037627,0.9441489361702128,0.7166788055353237,0.2982595346117824,0.8701254181560051
eval/SMD/machine-2-1/seed2/smd_cf_val/eval/best_val,val_ckpt_eval,val_pred_mae_v2,SMD,machine-2-1,2,scripts/configs/smd_cf_val.yaml,best_val,72,a9b401775798774b55691c438dc04e26b6925e5791bbdae479cb7a94a2c5c6ec,0.263298892263869,val0.2_b18954,train_sub_val,493f3316d76d7becbec47e205fe43723a245fc02d9b4bc82b3d9f76746f42e72,SMD_machine-2-1_pcmci_val0.2_b18954_96bcd9172265d3bc,1.0,False,15,26,49f630ac8d324ba01390c1a1dcaa4386cd94ae84,49f630ac8d324ba01390c1a1dcaa4386cd94ae84,cuda,2.6.0+cu124,SMD/machine-2-1/seed2/smd_cf_val/eval/best_val/attempt1,,True,val,C_raw,diagnostic,raw,C_raw,0.0847425650320199,0.6388719581058022,0.0837260534660626,0.623571295118184,0.1420106296474346,0.8647925033467202,0.2658227848101262,0.1358043801943859,0.6808067120139611
eval/SMD/machine-2-1/seed2/smd_cf_val/eval/best_val,val_ckpt_eval,val_pred_mae_v2,SMD,machine-2-1,2,scripts/configs/smd_cf_val.yaml,best_val,72,a9b401775798774b55691c438dc04e26b6925e5791bbdae479cb7a94a2c5c6ec,0.263298892263869,val0.2_b18954,train_sub_val,493f3316d76d7becbec47e205fe43723a245fc02d9b4bc82b3d9f76746f42e72,SMD_machine-2-1_pcmci_val0.2_b18954_96bcd9172265d3bc,1.0,False,15,26,49f630ac8d324ba01390c1a1dcaa4386cd94ae84,49f630ac8d324ba01390c1a1dcaa4386cd94ae84,cuda,2.6.0+cu124,SMD/machine-2-1/seed2/smd_cf_val/eval/best_val/attempt1,,True,val,G_raw,diagnostic,raw,G_raw,0.1253662543308837,0.6979162989156327,0.1433725180739171,0.7390905635778452,0.2591428148670469,0.8597203428055932,0.3269193239920374,0.1614587797149378,0.7702957472619109
eval/SMD/machine-2-1/seed2/smd_cf_val/eval/best_val,val_ckpt_eval,val_pred_mae_v2,SMD,machine-2-1,2,scripts/configs/smd_cf_val.yaml,best_val,72,a9b401775798774b55691c438dc04e26b6925e5791bbdae479cb7a94a2c5c6ec,0.263298892263869,val0.2_b18954,train_sub_val,493f3316d76d7becbec47e205fe43723a245fc02d9b4bc82b3d9f76746f42e72,SMD_machine-2-1_pcmci_val0.2_b18954_96bcd9172265d3bc,1.0,False,15,26,49f630ac8d324ba01390c1a1dcaa4386cd94ae84,49f630ac8d324ba01390c1a1dcaa4386cd94ae84,cuda,2.6.0+cu124,SMD/machine-2-1/seed2/smd_cf_val/eval/best_val/attempt1,,True,val,CF_raw,diagnostic,raw,CF_raw,0.1878265870343732,0.7227178652028753,0.193547165512699,0.7582392946071121,0.2686394234934475,0.9146940598481464,0.5634674922600613,0.2765257611057849,0.8431002322710435
eval/SMD/machine-2-1/seed3/smd_cf_val/eval/last,val_ckpt_eval,val_pred_mae_v2,SMD,machine-2-1,3,scripts/configs/smd_cf_val.yaml,last,80,fc17a892c49473684ccff5215820f44eb95da948201182ba73419ebe452d711d,0.2653082875079542,val0.2_b18954,train_sub_val,493f3316d76d7becbec47e205fe43723a245fc02d9b4bc82b3d9f76746f42e72,SMD_machine-2-1_pcmci_val0.2_b18954_96bcd9172265d3bc,1.0,False,15,26,49f630ac8d324ba01390c1a1dcaa4386cd94ae84,49f630ac8d324ba01390c1a1dcaa4386cd94ae84,cuda,2.6.0+cu124,SMD/machine-2-1/seed3/smd_cf_val/eval/last/attempt1,,True,val,A_off,fusion,raw,P_raw + C_raw,0.1558685804843485,0.6348086271070947,0.1569733320165723,0.6690873097986347,0.201968943638594,0.9462461128387384,0.7065989847715729,0.2901715696490034,0.8712894838568632
eval/SMD/machine-2-1/seed3/smd_cf_val/eval/last,val_ckpt_eval,val_pred_mae_v2,SMD,machine-2-1,3,scripts/configs/smd_cf_val.yaml,last,80,fc17a892c49473684ccff5215820f44eb95da948201182ba73419ebe452d711d,0.2653082875079542,val0.2_b18954,train_sub_val,493f3316d76d7becbec47e205fe43723a245fc02d9b4bc82b3d9f76746f42e72,SMD_machine-2-1_pcmci_val0.2_b18954_96bcd9172265d3bc,1.0,False,15,26,49f630ac8d324ba01390c1a1dcaa4386cd94ae84,49f630ac8d324ba01390c1a1dcaa4386cd94ae84,cuda,2.6.0+cu124,SMD/machine-2-1/seed3/smd_cf_val/eval/last/attempt1,,True,val,A_on,fusion,raw,P_raw + C_raw + 1*CF_raw,0.208908371078067,0.6978648422419241,0.2093062251868301,0.7343322834324671,0.2801982221449288,0.97581317764804,0.718446601941747,0.3441814962455209,0.8814822214903296
eval/SMD/machine-2-1/seed3/smd_cf_val/eval/last,val_ckpt_eval,val_pred_mae_v2,SMD,machine-2-1,3,scripts/configs/smd_cf_val.yaml,last,80,fc17a892c49473684ccff5215820f44eb95da948201182ba73419ebe452d711d,0.2653082875079542,val0.2_b18954,train_sub_val,493f3316d76d7becbec47e205fe43723a245fc02d9b4bc82b3d9f76746f42e72,SMD_machine-2-1_pcmci_val0.2_b18954_96bcd9172265d3bc,1.0,False,15,26,49f630ac8d324ba01390c1a1dcaa4386cd94ae84,49f630ac8d324ba01390c1a1dcaa4386cd94ae84,cuda,2.6.0+cu124,SMD/machine-2-1/seed3/smd_cf_val/eval/last/attempt1,,True,val,P_raw,diagnostic,raw,P_raw,0.1553325249660742,0.6328754239813534,0.1566930093927966,0.667400910139524,0.2017449352817545,0.9462461128387384,0.7044368600682589,0.2901667479247829,0.8712894838568632
eval/SMD/machine-2-1/seed3/smd_cf_val/eval/last,val_ckpt_eval,val_pred_mae_v2,SMD,machine-2-1,3,scripts/configs/smd_cf_val.yaml,last,80,fc17a892c49473684ccff5215820f44eb95da948201182ba73419ebe452d711d,0.2653082875079542,val0.2_b18954,train_sub_val,493f3316d76d7becbec47e205fe43723a245fc02d9b4bc82b3d9f76746f42e72,SMD_machine-2-1_pcmci_val0.2_b18954_96bcd9172265d3bc,1.0,False,15,26,49f630ac8d324ba01390c1a1dcaa4386cd94ae84,49f630ac8d324ba01390c1a1dcaa4386cd94ae84,cuda,2.6.0+cu124,SMD/machine-2-1/seed3/smd_cf_val/eval/last/attempt1,,True,val,C_raw,diagnostic,raw,C_raw,0.1049644226569036,0.6398370507031401,0.087256104195933,0.6299674383482113,0.1411806857621709,0.82312591866732,0.2798264642082425,0.1034275242629565,0.6696945260709253
eval/SMD/machine-2-1/seed3/smd_cf_val/eval/last,val_ckpt_eval,val_pred_mae_v2,SMD,machine-2-1,3,scripts/configs/smd_cf_val.yaml,last,80,fc17a892c49473684ccff5215820f44eb95da948201182ba73419ebe452d711d,0.2653082875079542,val0.2_b18954,train_sub_val,493f3316d76d7becbec47e205fe43723a245fc02d9b4bc82b3d9f76746f42e72,SMD_machine-2-1_pcmci_val0.2_b18954_96bcd9172265d3bc,1.0,False,15,26,49f630ac8d324ba01390c1a1dcaa4386cd94ae84,49f630ac8d324ba01390c1a1dcaa4386cd94ae84,cuda,2.6.0+cu124,SMD/machine-2-1/seed3/smd_cf_val/eval/last/attempt1,,True,val,G_raw,diagnostic,raw,G_raw,0.1054986818994444,0.6366882287401942,0.113324412244559,0.6701574717733304,0.2073295143979129,0.8118567311650885,0.2767058823529407,0.2208877846611802,0.7239410840138631
eval/SMD/machine-2-1/seed3/smd_cf_val/eval/last,val_ckpt_eval,val_pred_mae_v2,SMD,machine-2-1,3,scripts/configs/smd_cf_val.yaml,last,80,fc17a892c49473684ccff5215820f44eb95da948201182ba73419ebe452d711d,0.2653082875079542,val0.2_b18954,train_sub_val,493f3316d76d7becbec47e205fe43723a245fc02d9b4bc82b3d9f76746f42e72,SMD_machine-2-1_pcmci_val0.2_b18954_96bcd9172265d3bc,1.0,False,15,26,49f630ac8d324ba01390c1a1dcaa4386cd94ae84,49f630ac8d324ba01390c1a1dcaa4386cd94ae84,cuda,2.6.0+cu124,SMD/machine-2-1/seed3/smd_cf_val/eval/last/attempt1,,True,val,CF_raw,diagnostic,raw,CF_raw,0.169919984415827,0.6939057152781336,0.16807448272592,0.7289940828266098,0.2318911930859955,0.9130624726955002,0.5433789954337894,0.3280601252487267,0.814107935291483
eval/SMD/machine-2-1/seed3/smd_cf_val/eval/best_val,val_ckpt_eval,val_pred_mae_v2,SMD,machine-2-1,3,scripts/configs/smd_cf_val.yaml,best_val,71,848eb8930b04f4857f54e51a35c475623c063007727d458adeebeebd8ca762af,0.2632791976105242,val0.2_b18954,train_sub_val,493f3316d76d7becbec47e205fe43723a245fc02d9b4bc82b3d9f76746f42e72,SMD_machine-2-1_pcmci_val0.2_b18954_96bcd9172265d3bc,1.0,False,15,26,49f630ac8d324ba01390c1a1dcaa4386cd94ae84,49f630ac8d324ba01390c1a1dcaa4386cd94ae84,cuda,2.6.0+cu124,SMD/machine-2-1/seed3/smd_cf_val/eval/best_val/attempt1,,True,val,A_off,fusion,raw,P_raw + C_raw,0.1585574013927997,0.6400284330863945,0.1598126405778028,0.6744461246664559,0.2031630544384521,0.9466666666666668,0.7188740526885596,0.2979468674545902,0.8711369595790321
eval/SMD/machine-2-1/seed3/smd_cf_val/eval/best_val,val_ckpt_eval,val_pred_mae_v2,SMD,machine-2-1,3,scripts/configs/smd_cf_val.yaml,best_val,71,848eb8930b04f4857f54e51a35c475623c063007727d458adeebeebd8ca762af,0.2632791976105242,val0.2_b18954,train_sub_val,493f3316d76d7becbec47e205fe43723a245fc02d9b4bc82b3d9f76746f42e72,SMD_machine-2-1_pcmci_val0.2_b18954_96bcd9172265d3bc,1.0,False,15,26,49f630ac8d324ba01390c1a1dcaa4386cd94ae84,49f630ac8d324ba01390c1a1dcaa4386cd94ae84,cuda,2.6.0+cu124,SMD/machine-2-1/seed3/smd_cf_val/eval/best_val/attempt1,,True,val,A_on,fusion,raw,P_raw + C_raw + 1*CF_raw,0.2242384449360137,0.7064098957769844,0.2260436937369002,0.7432740726022014,0.2886551574957967,0.980310012568077,0.7772511848341227,0.3688202649344054,0.8888163034366697
eval/SMD/machine-2-1/seed3/smd_cf_val/eval/best_val,val_ckpt_eval,val_pred_mae_v2,SMD,machine-2-1,3,scripts/configs/smd_cf_val.yaml,best_val,71,848eb8930b04f4857f54e51a35c475623c063007727d458adeebeebd8ca762af,0.2632791976105242,val0.2_b18954,train_sub_val,493f3316d76d7becbec47e205fe43723a245fc02d9b4bc82b3d9f76746f42e72,SMD_machine-2-1_pcmci_val0.2_b18954_96bcd9172265d3bc,1.0,False,15,26,49f630ac8d324ba01390c1a1dcaa4386cd94ae84,49f630ac8d324ba01390c1a1dcaa4386cd94ae84,cuda,2.6.0+cu124,SMD/machine-2-1/seed3/smd_cf_val/eval/best_val/attempt1,,True,val,P_raw,diagnostic,raw,P_raw,0.1580269083668957,0.6378930665406348,0.1593803736658519,0.6724568308268288,0.2028944038339692,0.9466666666666668,0.7157743442328416,0.296881146879661,0.8708972759119131
eval/SMD/machine-2-1/seed3/smd_cf_val/eval/best_val,val_ckpt_eval,val_pred_mae_v2,SMD,machine-2-1,3,scripts/configs/smd_cf_val.yaml,best_val,71,848eb8930b04f4857f54e51a35c475623c063007727d458adeebeebd8ca762af,0.2632791976105242,val0.2_b18954,train_sub_val,493f3316d76d7becbec47e205fe43723a245fc02d9b4bc82b3d9f76746f42e72,SMD_machine-2-1_pcmci_val0.2_b18954_96bcd9172265d3bc,1.0,False,15,26,49f630ac8d324ba01390c1a1dcaa4386cd94ae84,49f630ac8d324ba01390c1a1dcaa4386cd94ae84,cuda,2.6.0+cu124,SMD/machine-2-1/seed3/smd_cf_val/eval/best_val/attempt1,,True,val,C_raw,diagnostic,raw,C_raw,0.1005246057233176,0.641607038802242,0.0853357130292049,0.6094778605938767,0.1429023432432851,0.8125287885766928,0.2972136222910211,0.1490186475900721,0.6696842470835359
eval/SMD/machine-2-1/seed3/smd_cf_val/eval/best_val,val_ckpt_eval,val_pred_mae_v2,SMD,machine-2-1,3,scripts/configs/smd_cf_val.yaml,best_val,71,848eb8930b04f4857f54e51a35c475623c063007727d458adeebeebd8ca762af,0.2632791976105242,val0.2_b18954,train_sub_val,493f3316d76d7becbec47e205fe43723a245fc02d9b4bc82b3d9f76746f42e72,SMD_machine-2-1_pcmci_val0.2_b18954_96bcd9172265d3bc,1.0,False,15,26,49f630ac8d324ba01390c1a1dcaa4386cd94ae84,49f630ac8d324ba01390c1a1dcaa4386cd94ae84,cuda,2.6.0+cu124,SMD/machine-2-1/seed3/smd_cf_val/eval/best_val/attempt1,,True,val,G_raw,diagnostic,raw,G_raw,0.1056737604993397,0.6572149241436384,0.11539047537823,0.6886971075703102,0.2221529394274509,0.7695749440715883,0.2863940386946175,0.1387751575940256,0.7169641338183758
eval/SMD/machine-2-1/seed3/smd_cf_val/eval/best_val,val_ckpt_eval,val_pred_mae_v2,SMD,machine-2-1,3,scripts/configs/smd_cf_val.yaml,best_val,71,848eb8930b04f4857f54e51a35c475623c063007727d458adeebeebd8ca762af,0.2632791976105242,val0.2_b18954,train_sub_val,493f3316d76d7becbec47e205fe43723a245fc02d9b4bc82b3d9f76746f42e72,SMD_machine-2-1_pcmci_val0.2_b18954_96bcd9172265d3bc,1.0,False,15,26,49f630ac8d324ba01390c1a1dcaa4386cd94ae84,49f630ac8d324ba01390c1a1dcaa4386cd94ae84,cuda,2.6.0+cu124,SMD/machine-2-1/seed3/smd_cf_val/eval/best_val/attempt1,,True,val,CF_raw,diagnostic,raw,CF_raw,0.1854063805794282,0.7053881457945416,0.1853611685601523,0.741393773159431,0.254143945808596,0.922945205479452,0.6666666666666662,0.2650291401272361,0.8380753277164866
eval/SMD/machine-2-2/seed0/smd_cf_val/eval/last,val_ckpt_eval,val_pred_mae_v2,SMD,machine-2-2,0,scripts/configs/smd_cf_val.yaml,last,80,c4937d047d13647802baeb6e3212e43440c075466d9375057624ca7e17e7b87f,0.20316297781532552,val0.2_b18959,train_sub_val,8ca02ea5cba5ce8973bf9d8dbf0c15c60c5fafb5001656e96174d41fde3be6e4,SMD_machine-2-2_pcmci_val0.2_b18959_c6540a6bef801156,1.0,False,15,15,49f630ac8d324ba01390c1a1dcaa4386cd94ae84,49f630ac8d324ba01390c1a1dcaa4386cd94ae84,cuda,2.6.0+cu124,SMD/machine-2-2/seed0/smd_cf_val/eval/last/attempt1,,True,val,A_off,fusion,raw,P_raw + C_raw,0.1527232898425864,0.5687519023716654,0.1547452611287773,0.5797776732727214,0.2349877592843155,0.9833217512161224,0.6106870229007628,0.4789260666474511,0.8848301338143905
eval/SMD/machine-2-2/seed0/smd_cf_val/eval/last,val_ckpt_eval,val_pred_mae_v2,SMD,machine-2-2,0,scripts/configs/smd_cf_val.yaml,last,80,c4937d047d13647802baeb6e3212e43440c075466d9375057624ca7e17e7b87f,0.20316297781532552,val0.2_b18959,train_sub_val,8ca02ea5cba5ce8973bf9d8dbf0c15c60c5fafb5001656e96174d41fde3be6e4,SMD_machine-2-2_pcmci_val0.2_b18959_c6540a6bef801156,1.0,False,15,15,49f630ac8d324ba01390c1a1dcaa4386cd94ae84,49f630ac8d324ba01390c1a1dcaa4386cd94ae84,cuda,2.6.0+cu124,SMD/machine-2-2/seed0/smd_cf_val/eval/last/attempt1,,True,val,A_on,fusion,raw,P_raw + C_raw + 1*CF_raw,0.1611806567556766,0.5752918047326353,0.1649253976720961,0.5874806201541631,0.2351858784693633,0.9824683214719668,0.5867970660146694,0.4457416310886284,0.8978736192185656
eval/SMD/machine-2-2/seed0/smd_cf_val/eval/last,val_ckpt_eval,val_pred_mae_v2,SMD,machine-2-2,0,scripts/configs/smd_cf_val.yaml,last,80,c4937d047d13647802baeb6e3212e43440c075466d9375057624ca7e17e7b87f,0.20316297781532552,val0.2_b18959,train_sub_val,8ca02ea5cba5ce8973bf9d8dbf0c15c60c5fafb5001656e96174d41fde3be6e4,SMD_machine-2-2_pcmci_val0.2_b18959_c6540a6bef801156,1.0,False,15,15,49f630ac8d324ba01390c1a1dcaa4386cd94ae84,49f630ac8d324ba01390c1a1dcaa4386cd94ae84,cuda,2.6.0+cu124,SMD/machine-2-2/seed0/smd_cf_val/eval/last/attempt1,,True,val,P_raw,diagnostic,raw,P_raw,0.1523788570667402,0.5673712285825484,0.154421178174659,0.5784990653958075,0.2339779436022191,0.9833217512161224,0.6106870229007628,0.4789260666474511,0.8848301338143905
eval/SMD/machine-2-2/seed0/smd_cf_val/eval/last,val_ckpt_eval,val_pred_mae_v2,SMD,machine-2-2,0,scripts/configs/smd_cf_val.yaml,last,80,c4937d047d13647802baeb6e3212e43440c075466d9375057624ca7e17e7b87f,0.20316297781532552,val0.2_b18959,train_sub_val,8ca02ea5cba5ce8973bf9d8dbf0c15c60c5fafb5001656e96174d41fde3be6e4,SMD_machine-2-2_pcmci_val0.2_b18959_c6540a6bef801156,1.0,False,15,15,49f630ac8d324ba01390c1a1dcaa4386cd94ae84,49f630ac8d324ba01390c1a1dcaa4386cd94ae84,cuda,2.6.0+cu124,SMD/machine-2-2/seed0/smd_cf_val/eval/last/attempt1,,True,val,C_raw,diagnostic,raw,C_raw,0.1458652234662319,0.5966580806588325,0.1498810773694262,0.5939609670968836,0.2460018598256309,0.9545289196071298,0.2916666666666663,0.2049801248224834,0.7557268687542094
eval/SMD/machine-2-2/seed0/smd_cf_val/eval/last,val_ckpt_eval,val_pred_mae_v2,SMD,machine-2-2,0,scripts/configs/smd_cf_val.yaml,last,80,c4937d047d13647802baeb6e3212e43440c075466d9375057624ca7e17e7b87f,0.20316297781532552,val0.2_b18959,train_sub_val,8ca02ea5cba5ce8973bf9d8dbf0c15c60c5fafb5001656e96174d41fde3be6e4,SMD_machine-2-2_pcmci_val0.2_b18959_c6540a6bef801156,1.0,False,15,15,49f630ac8d324ba01390c1a1dcaa4386cd94ae84,49f630ac8d324ba01390c1a1dcaa4386cd94ae84,cuda,2.6.0+cu124,SMD/machine-2-2/seed0/smd_cf_val/eval/last/attempt1,,True,val,G_raw,diagnostic,raw,G_raw,0.1236781916257391,0.512999622918755,0.1274490868662094,0.5139829921342134,0.2158951172569589,0.9646977785431377,0.3658536585365849,0.4349046578876159,0.7217751304847918
eval/SMD/machine-2-2/seed0/smd_cf_val/eval/last,val_ckpt_eval,val_pred_mae_v2,SMD,machine-2-2,0,scripts/configs/smd_cf_val.yaml,last,80,c4937d047d13647802baeb6e3212e43440c075466d9375057624ca7e17e7b87f,0.20316297781532552,val0.2_b18959,train_sub_val,8ca02ea5cba5ce8973bf9d8dbf0c15c60c5fafb5001656e96174d41fde3be6e4,SMD_machine-2-2_pcmci_val0.2_b18959_c6540a6bef801156,1.0,False,15,15,49f630ac8d324ba01390c1a1dcaa4386cd94ae84,49f630ac8d324ba01390c1a1dcaa4386cd94ae84,cuda,2.6.0+cu124,SMD/machine-2-2/seed0/smd_cf_val/eval/last/attempt1,,True,val,CF_raw,diagnostic,raw,CF_raw,0.1511234654775489,0.5639820327776036,0.1563096445232066,0.5750166767050794,0.2335553011485086,0.9860335195530726,0.4825986078886306,0.2853310386783723,0.8469263404223374
eval/SMD/machine-2-2/seed0/smd_cf_val/eval/best_val,val_ckpt_eval,val_pred_mae_v2,SMD,machine-2-2,0,scripts/configs/smd_cf_val.yaml,best_val,43,ffd6805314d118be78a60fc30ddc2d3ae64431793f08780a1524dfa639cf02bb,0.19948562204311968,val0.2_b18959,train_sub_val,8ca02ea5cba5ce8973bf9d8dbf0c15c60c5fafb5001656e96174d41fde3be6e4,SMD_machine-2-2_pcmci_val0.2_b18959_c6540a6bef801156,1.0,False,15,15,49f630ac8d324ba01390c1a1dcaa4386cd94ae84,49f630ac8d324ba01390c1a1dcaa4386cd94ae84,cuda,2.6.0+cu124,SMD/machine-2-2/seed0/smd_cf_val/eval/best_val/attempt1,,True,val,A_off,fusion,raw,P_raw + C_raw,0.1609505773422422,0.6050575814670305,0.1631327378848837,0.6159962105616288,0.2567877285735209,0.9834926151172894,0.6106870229007628,0.4759120351211817,0.8834947017364129
eval/SMD/machine-2-2/seed0/smd_cf_val/eval/best_val,val_ckpt_eval,val_pred_mae_v2,SMD,machine-2-2,0,scripts/configs/smd_cf_val.yaml,best_val,43,ffd6805314d118be78a60fc30ddc2d3ae64431793f08780a1524dfa639cf02bb,0.19948562204311968,val0.2_b18959,train_sub_val,8ca02ea5cba5ce8973bf9d8dbf0c15c60c5fafb5001656e96174d41fde3be6e4,SMD_machine-2-2_pcmci_val0.2_b18959_c6540a6bef801156,1.0,False,15,15,49f630ac8d324ba01390c1a1dcaa4386cd94ae84,49f630ac8d324ba01390c1a1dcaa4386cd94ae84,cuda,2.6.0+cu124,SMD/machine-2-2/seed0/smd_cf_val/eval/best_val/attempt1,,True,val,A_on,fusion,raw,P_raw + C_raw + 1*CF_raw,0.1777227202480326,0.6179186970054211,0.1828433030355634,0.6306433837357087,0.2513523215965939,0.9826388888888888,0.5925925925925921,0.4507805522574099,0.8596484354103631
eval/SMD/machine-2-2/seed0/smd_cf_val/eval/best_val,val_ckpt_eval,val_pred_mae_v2,SMD,machine-2-2,0,scripts/configs/smd_cf_val.yaml,best_val,43,ffd6805314d118be78a60fc30ddc2d3ae64431793f08780a1524dfa639cf02bb,0.19948562204311968,val0.2_b18959,train_sub_val,8ca02ea5cba5ce8973bf9d8dbf0c15c60c5fafb5001656e96174d41fde3be6e4,SMD_machine-2-2_pcmci_val0.2_b18959_c6540a6bef801156,1.0,False,15,15,49f630ac8d324ba01390c1a1dcaa4386cd94ae84,49f630ac8d324ba01390c1a1dcaa4386cd94ae84,cuda,2.6.0+cu124,SMD/machine-2-2/seed0/smd_cf_val/eval/best_val/attempt1,,True,val,P_raw,diagnostic,raw,P_raw,0.1600977770810459,0.6015604076132843,0.1622841467353509,0.6126972564728619,0.2549487474464366,0.9834926151172894,0.6106870229007628,0.4759120351211817,0.8827507508316542
eval/SMD/machine-2-2/seed0/smd_cf_val/eval/best_val,val_ckpt_eval,val_pred_mae_v2,SMD,machine-2-2,0,scripts/configs/smd_cf_val.yaml,best_val,43,ffd6805314d118be78a60fc30ddc2d3ae64431793f08780a1524dfa639cf02bb,0.19948562204311968,val0.2_b18959,train_sub_val,8ca02ea5cba5ce8973bf9d8dbf0c15c60c5fafb5001656e96174d41fde3be6e4,SMD_machine-2-2_pcmci_val0.2_b18959_c6540a6bef801156,1.0,False,15,15,49f630ac8d324ba01390c1a1dcaa4386cd94ae84,49f630ac8d324ba01390c1a1dcaa4386cd94ae84,cuda,2.6.0+cu124,SMD/machine-2-2/seed0/smd_cf_val/eval/best_val/attempt1,,True,val,C_raw,diagnostic,raw,C_raw,0.1819101204162038,0.6759729032890007,0.1868831208881539,0.6700110145604441,0.284801186848724,0.978414720452937,0.3195029953405809,0.2121818014554619,0.7786415132123824
eval/SMD/machine-2-2/seed0/smd_cf_val/eval/best_val,val_ckpt_eval,val_pred_mae_v2,SMD,machine-2-2,0,scripts/configs/smd_cf_val.yaml,best_val,43,ffd6805314d118be78a60fc30ddc2d3ae64431793f08780a1524dfa639cf02bb,0.19948562204311968,val0.2_b18959,train_sub_val,8ca02ea5cba5ce8973bf9d8dbf0c15c60c5fafb5001656e96174d41fde3be6e4,SMD_machine-2-2_pcmci_val0.2_b18959_c6540a6bef801156,1.0,False,15,15,49f630ac8d324ba01390c1a1dcaa4386cd94ae84,49f630ac8d324ba01390c1a1dcaa4386cd94ae84,cuda,2.6.0+cu124,SMD/machine-2-2/seed0/smd_cf_val/eval/best_val/attempt1,,True,val,G_raw,diagnostic,raw,G_raw,0.2035818050720804,0.6521833024390262,0.2064111801075446,0.6503363817074751,0.2862064449465135,0.9783443939923158,0.4319474485300003,0.2765322017542492,0.8191264455058787
eval/SMD/machine-2-2/seed0/smd_cf_val/eval/best_val,val_ckpt_eval,val_pred_mae_v2,SMD,machine-2-2,0,scripts/configs/smd_cf_val.yaml,best_val,43,ffd6805314d118be78a60fc30ddc2d3ae64431793f08780a1524dfa639cf02bb,0.19948562204311968,val0.2_b18959,train_sub_val,8ca02ea5cba5ce8973bf9d8dbf0c15c60c5fafb5001656e96174d41fde3be6e4,SMD_machine-2-2_pcmci_val0.2_b18959_c6540a6bef801156,1.0,False,15,15,49f630ac8d324ba01390c1a1dcaa4386cd94ae84,49f630ac8d324ba01390c1a1dcaa4386cd94ae84,cuda,2.6.0+cu124,SMD/machine-2-2/seed0/smd_cf_val/eval/best_val/attempt1,,True,val,CF_raw,diagnostic,raw,CF_raw,0.1777022497229344,0.6162210867853112,0.1871814934905119,0.629317158530323,0.2509657441890526,0.9893151164827464,0.5161290322580641,0.3059291256419503,0.8184276960815529
eval/SMD/machine-2-2/seed1/smd_cf_val/eval/last,val_ckpt_eval,val_pred_mae_v2,SMD,machine-2-2,1,scripts/configs/smd_cf_val.yaml,last,80,ae89d0f073b50098e3e94b42f48aea3d1c411f9dabedcda86602e06548a51720,0.20807818738162484,val0.2_b18959,train_sub_val,8ca02ea5cba5ce8973bf9d8dbf0c15c60c5fafb5001656e96174d41fde3be6e4,SMD_machine-2-2_pcmci_val0.2_b18959_c6540a6bef801156,1.0,False,15,15,49f630ac8d324ba01390c1a1dcaa4386cd94ae84,49f630ac8d324ba01390c1a1dcaa4386cd94ae84,cuda,2.6.0+cu124,SMD/machine-2-2/seed1/smd_cf_val/eval/last/attempt1,,True,val,A_off,fusion,raw,P_raw + C_raw,0.1513260354296571,0.5675814308150008,0.1531999578437737,0.5784372717558801,0.2399189412303851,0.9833217512161224,0.6106870229007628,0.4788712559114679,0.8813918223378595
eval/SMD/machine-2-2/seed1/smd_cf_val/eval/last,val_ckpt_eval,val_pred_mae_v2,SMD,machine-2-2,1,scripts/configs/smd_cf_val.yaml,last,80,ae89d0f073b50098e3e94b42f48aea3d1c411f9dabedcda86602e06548a51720,0.20807818738162484,val0.2_b18959,train_sub_val,8ca02ea5cba5ce8973bf9d8dbf0c15c60c5fafb5001656e96174d41fde3be6e4,SMD_machine-2-2_pcmci_val0.2_b18959_c6540a6bef801156,1.0,False,15,15,49f630ac8d324ba01390c1a1dcaa4386cd94ae84,49f630ac8d324ba01390c1a1dcaa4386cd94ae84,cuda,2.6.0+cu124,SMD/machine-2-2/seed1/smd_cf_val/eval/last/attempt1,,True,val,A_on,fusion,raw,P_raw + C_raw + 1*CF_raw,0.1644522846967779,0.5891177334563938,0.1691555396838186,0.6028418310919839,0.2362766805082553,0.982297813259285,0.5985037406483785,0.4469658010594346,0.8557352569146028
eval/SMD/machine-2-2/seed1/smd_cf_val/eval/last,val_ckpt_eval,val_pred_mae_v2,SMD,machine-2-2,1,scripts/configs/smd_cf_val.yaml,last,80,ae89d0f073b50098e3e94b42f48aea3d1c411f9dabedcda86602e06548a51720,0.20807818738162484,val0.2_b18959,train_sub_val,8ca02ea5cba5ce8973bf9d8dbf0c15c60c5fafb5001656e96174d41fde3be6e4,SMD_machine-2-2_pcmci_val0.2_b18959_c6540a6bef801156,1.0,False,15,15,49f630ac8d324ba01390c1a1dcaa4386cd94ae84,49f630ac8d324ba01390c1a1dcaa4386cd94ae84,cuda,2.6.0+cu124,SMD/machine-2-2/seed1/smd_cf_val/eval/last/attempt1,,True,val,P_raw,diagnostic,raw,P_raw,0.1509274303963491,0.5660037209907465,0.152788326317565,0.5769079990065507,0.2387686983273945,0.9833217512161224,0.6106870229007628,0.4820333989749709,0.882540026332431
eval/SMD/machine-2-2/seed1/smd_cf_val/eval/last,val_ckpt_eval,val_pred_mae_v2,SMD,machine-2-2,1,scripts/configs/smd_cf_val.yaml,last,80,ae89d0f073b50098e3e94b42f48aea3d1c411f9dabedcda86602e06548a51720,0.20807818738162484,val0.2_b18959,train_sub_val,8ca02ea5cba5ce8973bf9d8dbf0c15c60c5fafb5001656e96174d41fde3be6e4,SMD_machine-2-2_pcmci_val0.2_b18959_c6540a6bef801156,1.0,False,15,15,49f630ac8d324ba01390c1a1dcaa4386cd94ae84,49f630ac8d324ba01390c1a1dcaa4386cd94ae84,cuda,2.6.0+cu124,SMD/machine-2-2/seed1/smd_cf_val/eval/last/attempt1,,True,val,C_raw,diagnostic,raw,C_raw,0.1469477156420834,0.5991133818420268,0.1507326525296047,0.6009108177753815,0.2465952274306385,0.984289496910856,0.2641369736233223,0.1934347272055196,0.7392027939522603
eval/SMD/machine-2-2/seed1/smd_cf_val/eval/last,val_ckpt_eval,val_pred_mae_v2,SMD,machine-2-2,1,scripts/configs/smd_cf_val.yaml,last,80,ae89d0f073b50098e3e94b42f48aea3d1c411f9dabedcda86602e06548a51720,0.20807818738162484,val0.2_b18959,train_sub_val,8ca02ea5cba5ce8973bf9d8dbf0c15c60c5fafb5001656e96174d41fde3be6e4,SMD_machine-2-2_pcmci_val0.2_b18959_c6540a6bef801156,1.0,False,15,15,49f630ac8d324ba01390c1a1dcaa4386cd94ae84,49f630ac8d324ba01390c1a1dcaa4386cd94ae84,cuda,2.6.0+cu124,SMD/machine-2-2/seed1/smd_cf_val/eval/last/attempt1,,True,val,G_raw,diagnostic,raw,G_raw,0.1078129515851738,0.477491158763118,0.1111003240504571,0.48034975614564,0.2190403900548643,0.9350083752093802,0.2207606767340225,0.4673630786727259,0.7087344892491195
eval/SMD/machine-2-2/seed1/smd_cf_val/eval/last,val_ckpt_eval,val_pred_mae_v2,SMD,machine-2-2,1,scripts/configs/smd_cf_val.yaml,last,80,ae89d0f073b50098e3e94b42f48aea3d1c411f9dabedcda86602e06548a51720,0.20807818738162484,val0.2_b18959,train_sub_val,8ca02ea5cba5ce8973bf9d8dbf0c15c60c5fafb5001656e96174d41fde3be6e4,SMD_machine-2-2_pcmci_val0.2_b18959_c6540a6bef801156,1.0,False,15,15,49f630ac8d324ba01390c1a1dcaa4386cd94ae84,49f630ac8d324ba01390c1a1dcaa4386cd94ae84,cuda,2.6.0+cu124,SMD/machine-2-2/seed1/smd_cf_val/eval/last/attempt1,,True,val,CF_raw,diagnostic,raw,CF_raw,0.1548982324570313,0.5843328615051089,0.1643089993123733,0.5974784782503323,0.2349298520737522,0.960910944935418,0.3847758081334719,0.264287813507254,0.7980375838113328
eval/SMD/machine-2-2/seed1/smd_cf_val/eval/best_val,val_ckpt_eval,val_pred_mae_v2,SMD,machine-2-2,1,scripts/configs/smd_cf_val.yaml,best_val,35,33ceb66c3edbd585da554cf2e396f3a0da83938459934cf071b62f74aa0e9d49,0.20538179203026616,val0.2_b18959,train_sub_val,8ca02ea5cba5ce8973bf9d8dbf0c15c60c5fafb5001656e96174d41fde3be6e4,SMD_machine-2-2_pcmci_val0.2_b18959_c6540a6bef801156,1.0,False,15,15,49f630ac8d324ba01390c1a1dcaa4386cd94ae84,49f630ac8d324ba01390c1a1dcaa4386cd94ae84,cuda,2.6.0+cu124,SMD/machine-2-2/seed1/smd_cf_val/eval/best_val/attempt1,,True,val,A_off,fusion,raw,P_raw + C_raw,0.1583693145250067,0.5962785624827617,0.1604721089841141,0.6073369492312741,0.251711662091638,0.9834926151172894,0.6045340050377828,0.478977967619667,0.8836255822828393
eval/SMD/machine-2-2/seed1/smd_cf_val/eval/best_val,val_ckpt_eval,val_pred_mae_v2,SMD,machine-2-2,1,scripts/configs/smd_cf_val.yaml,best_val,35,33ceb66c3edbd585da554cf2e396f3a0da83938459934cf071b62f74aa0e9d49,0.20538179203026616,val0.2_b18959,train_sub_val,8ca02ea5cba5ce8973bf9d8dbf0c15c60c5fafb5001656e96174d41fde3be6e4,SMD_machine-2-2_pcmci_val0.2_b18959_c6540a6bef801156,1.0,False,15,15,49f630ac8d324ba01390c1a1dcaa4386cd94ae84,49f630ac8d324ba01390c1a1dcaa4386cd94ae84,cuda,2.6.0+cu124,SMD/machine-2-2/seed1/smd_cf_val/eval/best_val/attempt1,,True,val,A_on,fusion,raw,P_raw + C_raw + 1*CF_raw,0.181450925601624,0.6336541643412872,0.1863941400689474,0.6465493245640421,0.2608609375097054,0.9831509466736148,0.6106870229007628,0.4469658010594346,0.8595343166865488
eval/SMD/machine-2-2/seed1/smd_cf_val/eval/best_val,val_ckpt_eval,val_pred_mae_v2,SMD,machine-2-2,1,scripts/configs/smd_cf_val.yaml,best_val,35,33ceb66c3edbd585da554cf2e396f3a0da83938459934cf071b62f74aa0e9d49,0.20538179203026616,val0.2_b18959,train_sub_val,8ca02ea5cba5ce8973bf9d8dbf0c15c60c5fafb5001656e96174d41fde3be6e4,SMD_machine-2-2_pcmci_val0.2_b18959_c6540a6bef801156,1.0,False,15,15,49f630ac8d324ba01390c1a1dcaa4386cd94ae84,49f630ac8d324ba01390c1a1dcaa4386cd94ae84,cuda,2.6.0+cu124,SMD/machine-2-2/seed1/smd_cf_val/eval/best_val/attempt1,,True,val,P_raw,diagnostic,raw,P_raw,0.1578629174920366,0.5940059380565278,0.1600223897187387,0.6051961530156168,0.2508004665078563,0.9834926151172894,0.6045340050377828,0.478977967619667,0.8836255822828393
eval/SMD/machine-2-2/seed1/smd_cf_val/eval/best_val,val_ckpt_eval,val_pred_mae_v2,SMD,machine-2-2,1,scripts/configs/smd_cf_val.yaml,best_val,35,33ceb66c3edbd585da554cf2e396f3a0da83938459934cf071b62f74aa0e9d49,0.20538179203026616,val0.2_b18959,train_sub_val,8ca02ea5cba5ce8973bf9d8dbf0c15c60c5fafb5001656e96174d41fde3be6e4,SMD_machine-2-2_pcmci_val0.2_b18959_c6540a6bef801156,1.0,False,15,15,49f630ac8d324ba01390c1a1dcaa4386cd94ae84,49f630ac8d324ba01390c1a1dcaa4386cd94ae84,cuda,2.6.0+cu124,SMD/machine-2-2/seed1/smd_cf_val/eval/best_val/attempt1,,True,val,C_raw,diagnostic,raw,C_raw,0.1573621226490773,0.6252884844139809,0.1614200099288301,0.6222690012784686,0.2561551070367899,0.9807557732680195,0.2769845379891985,0.1960520542839416,0.752510977549833
eval/SMD/machine-2-2/seed1/smd_cf_val/eval/best_val,val_ckpt_eval,val_pred_mae_v2,SMD,machine-2-2,1,scripts/configs/smd_cf_val.yaml,best_val,35,33ceb66c3edbd585da554cf2e396f3a0da83938459934cf071b62f74aa0e9d49,0.20538179203026616,val0.2_b18959,train_sub_val,8ca02ea5cba5ce8973bf9d8dbf0c15c60c5fafb5001656e96174d41fde3be6e4,SMD_machine-2-2_pcmci_val0.2_b18959_c6540a6bef801156,1.0,False,15,15,49f630ac8d324ba01390c1a1dcaa4386cd94ae84,49f630ac8d324ba01390c1a1dcaa4386cd94ae84,cuda,2.6.0+cu124,SMD/machine-2-2/seed1/smd_cf_val/eval/best_val/attempt1,,True,val,G_raw,diagnostic,raw,G_raw,0.1331738390937422,0.5540541869235156,0.1350817303540437,0.5626205370993458,0.2385121476390002,0.980330172110994,0.331596399810516,0.1884098840610058,0.7397292540503408
eval/SMD/machine-2-2/seed1/smd_cf_val/eval/best_val,val_ckpt_eval,val_pred_mae_v2,SMD,machine-2-2,1,scripts/configs/smd_cf_val.yaml,best_val,35,33ceb66c3edbd585da554cf2e396f3a0da83938459934cf071b62f74aa0e9d49,0.20538179203026616,val0.2_b18959,train_sub_val,8ca02ea5cba5ce8973bf9d8dbf0c15c60c5fafb5001656e96174d41fde3be6e4,SMD_machine-2-2_pcmci_val0.2_b18959_c6540a6bef801156,1.0,False,15,15,49f630ac8d324ba01390c1a1dcaa4386cd94ae84,49f630ac8d324ba01390c1a1dcaa4386cd94ae84,cuda,2.6.0+cu124,SMD/machine-2-2/seed1/smd_cf_val/eval/best_val/attempt1,,True,val,CF_raw,diagnostic,raw,CF_raw,0.1833035197272375,0.6385705544190919,0.1935327449203367,0.6516036942002276,0.2620904559783421,0.9898066783831284,0.4667747163695295,0.3129344195750044,0.8124036766642766
eval/SMD/machine-2-2/seed2/smd_cf_val/eval/last,val_ckpt_eval,val_pred_mae_v2,SMD,machine-2-2,2,scripts/configs/smd_cf_val.yaml,last,80,8c7e96e71e3ea9141e16e6c20b131647c18ffad3955acd316df5fa2609df8477,0.2085786004290274,val0.2_b18959,train_sub_val,8ca02ea5cba5ce8973bf9d8dbf0c15c60c5fafb5001656e96174d41fde3be6e4,SMD_machine-2-2_pcmci_val0.2_b18959_c6540a6bef801156,1.0,False,15,15,49f630ac8d324ba01390c1a1dcaa4386cd94ae84,49f630ac8d324ba01390c1a1dcaa4386cd94ae84,cuda,2.6.0+cu124,SMD/machine-2-2/seed2/smd_cf_val/eval/last/attempt1,,True,val,A_off,fusion,raw,P_raw + C_raw,0.1502995056471391,0.5617201799253941,0.1524340744083577,0.572891806569718,0.2328825693441173,0.9834926151172894,0.6169665809768632,0.4732200000455648,0.8820614355618948
eval/SMD/machine-2-2/seed2/smd_cf_val/eval/last,val_ckpt_eval,val_pred_mae_v2,SMD,machine-2-2,2,scripts/configs/smd_cf_val.yaml,last,80,8c7e96e71e3ea9141e16e6c20b131647c18ffad3955acd316df5fa2609df8477,0.2085786004290274,val0.2_b18959,train_sub_val,8ca02ea5cba5ce8973bf9d8dbf0c15c60c5fafb5001656e96174d41fde3be6e4,SMD_machine-2-2_pcmci_val0.2_b18959_c6540a6bef801156,1.0,False,15,15,49f630ac8d324ba01390c1a1dcaa4386cd94ae84,49f630ac8d324ba01390c1a1dcaa4386cd94ae84,cuda,2.6.0+cu124,SMD/machine-2-2/seed2/smd_cf_val/eval/last/attempt1,,True,val,A_on,fusion,raw,P_raw + C_raw + 1*CF_raw,0.155783784446767,0.5641805918946927,0.1601888802658179,0.5778631070105987,0.2255817798193092,0.9775474956822108,0.5867970660146694,0.4457416310886284,0.868800560433524
eval/SMD/machine-2-2/seed2/smd_cf_val/eval/last,val_ckpt_eval,val_pred_mae_v2,SMD,machine-2-2,2,scripts/configs/smd_cf_val.yaml,last,80,8c7e96e71e3ea9141e16e6c20b131647c18ffad3955acd316df5fa2609df8477,0.2085786004290274,val0.2_b18959,train_sub_val,8ca02ea5cba5ce8973bf9d8dbf0c15c60c5fafb5001656e96174d41fde3be6e4,SMD_machine-2-2_pcmci_val0.2_b18959_c6540a6bef801156,1.0,False,15,15,49f630ac8d324ba01390c1a1dcaa4386cd94ae84,49f630ac8d324ba01390c1a1dcaa4386cd94ae84,cuda,2.6.0+cu124,SMD/machine-2-2/seed2/smd_cf_val/eval/last/attempt1,,True,val,P_raw,diagnostic,raw,P_raw,0.1498087576107397,0.5594502293541418,0.151949103434903,0.5706853331694011,0.2311132099947258,0.9834926151172894,0.6169665809768632,0.4732200000455648,0.8862846146491852
eval/SMD/machine-2-2/seed2/smd_cf_val/eval/last,val_ckpt_eval,val_pred_mae_v2,SMD,machine-2-2,2,scripts/configs/smd_cf_val.yaml,last,80,8c7e96e71e3ea9141e16e6c20b131647c18ffad3955acd316df5fa2609df8477,0.2085786004290274,val0.2_b18959,train_sub_val,8ca02ea5cba5ce8973bf9d8dbf0c15c60c5fafb5001656e96174d41fde3be6e4,SMD_machine-2-2_pcmci_val0.2_b18959_c6540a6bef801156,1.0,False,15,15,49f630ac8d324ba01390c1a1dcaa4386cd94ae84,49f630ac8d324ba01390c1a1dcaa4386cd94ae84,cuda,2.6.0+cu124,SMD/machine-2-2/seed2/smd_cf_val/eval/last/attempt1,,True,val,C_raw,diagnostic,raw,C_raw,0.1550893227418112,0.6165520017239934,0.1579819685990934,0.6104249411670051,0.2537835639419148,0.979276431331226,0.2999999999999995,0.1905457655237338,0.7459029011389672
eval/SMD/machine-2-2/seed2/smd_cf_val/eval/last,val_ckpt_eval,val_pred_mae_v2,SMD,machine-2-2,2,scripts/configs/smd_cf_val.yaml,last,80,8c7e96e71e3ea9141e16e6c20b131647c18ffad3955acd316df5fa2609df8477,0.2085786004290274,val0.2_b18959,train_sub_val,8ca02ea5cba5ce8973bf9d8dbf0c15c60c5fafb5001656e96174d41fde3be6e4,SMD_machine-2-2_pcmci_val0.2_b18959_c6540a6bef801156,1.0,False,15,15,49f630ac8d324ba01390c1a1dcaa4386cd94ae84,49f630ac8d324ba01390c1a1dcaa4386cd94ae84,cuda,2.6.0+cu124,SMD/machine-2-2/seed2/smd_cf_val/eval/last/attempt1,,True,val,G_raw,diagnostic,raw,G_raw,0.1136577668285992,0.5021821025889109,0.1164760155234863,0.5030937851550783,0.222700315316538,0.9384045775833052,0.2248876870065859,0.2210339395407016,0.7109825897652315
eval/SMD/machine-2-2/seed2/smd_cf_val/eval/last,val_ckpt_eval,val_pred_mae_v2,SMD,machine-2-2,2,scripts/configs/smd_cf_val.yaml,last,80,8c7e96e71e3ea9141e16e6c20b131647c18ffad3955acd316df5fa2609df8477,0.2085786004290274,val0.2_b18959,train_sub_val,8ca02ea5cba5ce8973bf9d8dbf0c15c60c5fafb5001656e96174d41fde3be6e4,SMD_machine-2-2_pcmci_val0.2_b18959_c6540a6bef801156,1.0,False,15,15,49f630ac8d324ba01390c1a1dcaa4386cd94ae84,49f630ac8d324ba01390c1a1dcaa4386cd94ae84,cuda,2.6.0+cu124,SMD/machine-2-2/seed2/smd_cf_val/eval/last/attempt1,,True,val,CF_raw,diagnostic,raw,CF_raw,0.1478906250649984,0.5523570167048582,0.1562516575967929,0.5663182292775372,0.2190660032536024,0.9809160305343512,0.5328719723183385,0.2766297502695069,0.8237150620833867
eval/SMD/machine-2-2/seed2/smd_cf_val/eval/best_val,val_ckpt_eval,val_pred_mae_v2,SMD,machine-2-2,2,scripts/configs/smd_cf_val.yaml,best_val,50,dfc562f840cd0f8f37a259a5c16eca21e94ca5c117599914910ffac7072c6240,0.20579499662267925,val0.2_b18959,train_sub_val,8ca02ea5cba5ce8973bf9d8dbf0c15c60c5fafb5001656e96174d41fde3be6e4,SMD_machine-2-2_pcmci_val0.2_b18959_c6540a6bef801156,1.0,False,15,15,49f630ac8d324ba01390c1a1dcaa4386cd94ae84,49f630ac8d324ba01390c1a1dcaa4386cd94ae84,cuda,2.6.0+cu124,SMD/machine-2-2/seed2/smd_cf_val/eval/best_val/attempt1,,True,val,A_off,fusion,raw,P_raw + C_raw,0.156991414658516,0.5926332181398248,0.1591747422172325,0.603625383224618,0.251619252587193,0.9834926151172894,0.6106870229007628,0.4732200000455648,0.8830385806295492
eval/SMD/machine-2-2/seed2/smd_cf_val/eval/best_val,val_ckpt_eval,val_pred_mae_v2,SMD,machine-2-2,2,scripts/configs/smd_cf_val.yaml,best_val,50,dfc562f840cd0f8f37a259a5c16eca21e94ca5c117599914910ffac7072c6240,0.20579499662267925,val0.2_b18959,train_sub_val,8ca02ea5cba5ce8973bf9d8dbf0c15c60c5fafb5001656e96174d41fde3be6e4,SMD_machine-2-2_pcmci_val0.2_b18959_c6540a6bef801156,1.0,False,15,15,49f630ac8d324ba01390c1a1dcaa4386cd94ae84,49f630ac8d324ba01390c1a1dcaa4386cd94ae84,cuda,2.6.0+cu124,SMD/machine-2-2/seed2/smd_cf_val/eval/best_val/attempt1,,True,val,A_on,fusion,raw,P_raw + C_raw + 1*CF_raw,0.1698659537344715,0.6124881398454587,0.1736841767163703,0.6249402665320539,0.2482361799734449,0.9819569743233866,0.5985037406483785,0.4471576514623624,0.8653311407157804
eval/SMD/machine-2-2/seed2/smd_cf_val/eval/best_val,val_ckpt_eval,val_pred_mae_v2,SMD,machine-2-2,2,scripts/configs/smd_cf_val.yaml,best_val,50,dfc562f840cd0f8f37a259a5c16eca21e94ca5c117599914910ffac7072c6240,0.20579499662267925,val0.2_b18959,train_sub_val,8ca02ea5cba5ce8973bf9d8dbf0c15c60c5fafb5001656e96174d41fde3be6e4,SMD_machine-2-2_pcmci_val0.2_b18959_c6540a6bef801156,1.0,False,15,15,49f630ac8d324ba01390c1a1dcaa4386cd94ae84,49f630ac8d324ba01390c1a1dcaa4386cd94ae84,cuda,2.6.0+cu124,SMD/machine-2-2/seed2/smd_cf_val/eval/best_val/attempt1,,True,val,P_raw,diagnostic,raw,P_raw,0.1564458406574921,0.5902814442215066,0.1586562967738203,0.6013655270865558,0.2504048851716011,0.9834926151172894,0.6106870229007628,0.47585718178051,0.8829608938960831
eval/SMD/machine-2-2/seed2/smd_cf_val/eval/best_val,val_ckpt_eval,val_pred_mae_v2,SMD,machine-2-2,2,scripts/configs/smd_cf_val.yaml,best_val,50,dfc562f840cd0f8f37a259a5c16eca21e94ca5c117599914910ffac7072c6240,0.20579499662267925,val0.2_b18959,train_sub_val,8ca02ea5cba5ce8973bf9d8dbf0c15c60c5fafb5001656e96174d41fde3be6e4,SMD_machine-2-2_pcmci_val0.2_b18959_c6540a6bef801156,1.0,False,15,15,49f630ac8d324ba01390c1a1dcaa4386cd94ae84,49f630ac8d324ba01390c1a1dcaa4386cd94ae84,cuda,2.6.0+cu124,SMD/machine-2-2/seed2/smd_cf_val/eval/best_val/attempt1,,True,val,C_raw,diagnostic,raw,C_raw,0.1658366793875701,0.6442182607575194,0.169291224829629,0.6386246725395713,0.2744509249699615,0.9899346636058626,0.4073107049608351,0.1946834383259927,0.7611829992957088
eval/SMD/machine-2-2/seed2/smd_cf_val/eval/best_val,val_ckpt_eval,val_pred_mae_v2,SMD,machine-2-2,2,scripts/configs/smd_cf_val.yaml,best_val,50,dfc562f840cd0f8f37a259a5c16eca21e94ca5c117599914910ffac7072c6240,0.20579499662267925,val0.2_b18959,train_sub_val,8ca02ea5cba5ce8973bf9d8dbf0c15c60c5fafb5001656e96174d41fde3be6e4,SMD_machine-2-2_pcmci_val0.2_b18959_c6540a6bef801156,1.0,False,15,15,49f630ac8d324ba01390c1a1dcaa4386cd94ae84,49f630ac8d324ba01390c1a1dcaa4386cd94ae84,cuda,2.6.0+cu124,SMD/machine-2-2/seed2/smd_cf_val/eval/best_val/attempt1,,True,val,G_raw,diagnostic,raw,G_raw,0.1443071623676978,0.5428127082708799,0.1472990725094239,0.5481948305724952,0.2275359579313479,0.9607076033339004,0.3934426229508192,0.212096424878537,0.7500915493448798
eval/SMD/machine-2-2/seed2/smd_cf_val/eval/best_val,val_ckpt_eval,val_pred_mae_v2,SMD,machine-2-2,2,scripts/configs/smd_cf_val.yaml,best_val,50,dfc562f840cd0f8f37a259a5c16eca21e94ca5c117599914910ffac7072c6240,0.20579499662267925,val0.2_b18959,train_sub_val,8ca02ea5cba5ce8973bf9d8dbf0c15c60c5fafb5001656e96174d41fde3be6e4,SMD_machine-2-2_pcmci_val0.2_b18959_c6540a6bef801156,1.0,False,15,15,49f630ac8d324ba01390c1a1dcaa4386cd94ae84,49f630ac8d324ba01390c1a1dcaa4386cd94ae84,cuda,2.6.0+cu124,SMD/machine-2-2/seed2/smd_cf_val/eval/best_val/attempt1,,True,val,CF_raw,diagnostic,raw,CF_raw,0.1665236754849871,0.6150735037657523,0.1751502403946771,0.6280207473137271,0.2479053624181075,0.98072582045494,0.4247787610619464,0.2684957849917657,0.7887561599035497
eval/SMD/machine-2-2/seed3/smd_cf_val/eval/last,val_ckpt_eval,val_pred_mae_v2,SMD,machine-2-2,3,scripts/configs/smd_cf_val.yaml,last,80,a233905072d2153fb72ba96d032c6dcbf184f5f44475dec547c7bd0734e5c629,0.20515703362706367,val0.2_b18959,train_sub_val,8ca02ea5cba5ce8973bf9d8dbf0c15c60c5fafb5001656e96174d41fde3be6e4,SMD_machine-2-2_pcmci_val0.2_b18959_c6540a6bef801156,1.0,False,15,15,49f630ac8d324ba01390c1a1dcaa4386cd94ae84,49f630ac8d324ba01390c1a1dcaa4386cd94ae84,cuda,2.6.0+cu124,SMD/machine-2-2/seed3/smd_cf_val/eval/last/attempt1,,True,val,A_off,fusion,raw,P_raw + C_raw,0.1556002704898992,0.5799068868925835,0.1577509307849083,0.5910386619524944,0.2399625840833127,0.9833217512161224,0.6106870229007628,0.475805212553862,0.8863319450323165
eval/SMD/machine-2-2/seed3/smd_cf_val/eval/last,val_ckpt_eval,val_pred_mae_v2,SMD,machine-2-2,3,scripts/configs/smd_cf_val.yaml,last,80,a233905072d2153fb72ba96d032c6dcbf184f5f44475dec547c7bd0734e5c629,0.20515703362706367,val0.2_b18959,train_sub_val,8ca02ea5cba5ce8973bf9d8dbf0c15c60c5fafb5001656e96174d41fde3be6e4,SMD_machine-2-2_pcmci_val0.2_b18959_c6540a6bef801156,1.0,False,15,15,49f630ac8d324ba01390c1a1dcaa4386cd94ae84,49f630ac8d324ba01390c1a1dcaa4386cd94ae84,cuda,2.6.0+cu124,SMD/machine-2-2/seed3/smd_cf_val/eval/last/attempt1,,True,val,A_on,fusion,raw,P_raw + C_raw + 1*CF_raw,0.1659439106750136,0.6025940810259968,0.1691656030541602,0.6145235240244868,0.2437480422832555,0.982297813259285,0.6045340050377828,0.4485789202984543,0.8462699983797486
eval/SMD/machine-2-2/seed3/smd_cf_val/eval/last,val_ckpt_eval,val_pred_mae_v2,SMD,machine-2-2,3,scripts/configs/smd_cf_val.yaml,last,80,a233905072d2153fb72ba96d032c6dcbf184f5f44475dec547c7bd0734e5c629,0.20515703362706367,val0.2_b18959,train_sub_val,8ca02ea5cba5ce8973bf9d8dbf0c15c60c5fafb5001656e96174d41fde3be6e4,SMD_machine-2-2_pcmci_val0.2_b18959_c6540a6bef801156,1.0,False,15,15,49f630ac8d324ba01390c1a1dcaa4386cd94ae84,49f630ac8d324ba01390c1a1dcaa4386cd94ae84,cuda,2.6.0+cu124,SMD/machine-2-2/seed3/smd_cf_val/eval/last/attempt1,,True,val,P_raw,diagnostic,raw,P_raw,0.15523011591043,0.5782544191292054,0.1573847060457968,0.5894323863858378,0.2401771312689973,0.9833217512161224,0.6169665809768632,0.4789260666474511,0.8865959923888708
eval/SMD/machine-2-2/seed3/smd_cf_val/eval/last,val_ckpt_eval,val_pred_mae_v2,SMD,machine-2-2,3,scripts/configs/smd_cf_val.yaml,last,80,a233905072d2153fb72ba96d032c6dcbf184f5f44475dec547c7bd0734e5c629,0.20515703362706367,val0.2_b18959,train_sub_val,8ca02ea5cba5ce8973bf9d8dbf0c15c60c5fafb5001656e96174d41fde3be6e4,SMD_machine-2-2_pcmci_val0.2_b18959_c6540a6bef801156,1.0,False,15,15,49f630ac8d324ba01390c1a1dcaa4386cd94ae84,49f630ac8d324ba01390c1a1dcaa4386cd94ae84,cuda,2.6.0+cu124,SMD/machine-2-2/seed3/smd_cf_val/eval/last/attempt1,,True,val,C_raw,diagnostic,raw,C_raw,0.1430560118941232,0.5930992558323124,0.1468383877368392,0.5936407807665536,0.2455735243182653,0.933979189092214,0.2575420996058757,0.1892558507938694,0.7278698231877775
eval/SMD/machine-2-2/seed3/smd_cf_val/eval/last,val_ckpt_eval,val_pred_mae_v2,SMD,machine-2-2,3,scripts/configs/smd_cf_val.yaml,last,80,a233905072d2153fb72ba96d032c6dcbf184f5f44475dec547c7bd0734e5c629,0.20515703362706367,val0.2_b18959,train_sub_val,8ca02ea5cba5ce8973bf9d8dbf0c15c60c5fafb5001656e96174d41fde3be6e4,SMD_machine-2-2_pcmci_val0.2_b18959_c6540a6bef801156,1.0,False,15,15,49f630ac8d324ba01390c1a1dcaa4386cd94ae84,49f630ac8d324ba01390c1a1dcaa4386cd94ae84,cuda,2.6.0+cu124,SMD/machine-2-2/seed3/smd_cf_val/eval/last/attempt1,,True,val,G_raw,diagnostic,raw,G_raw,0.1193394838342438,0.5060441222625944,0.1219074304755178,0.5082745418421728,0.21885740796691,0.9635389666493864,0.2727272727272722,0.2004434555411728,0.7122384661983643
eval/SMD/machine-2-2/seed3/smd_cf_val/eval/last,val_ckpt_eval,val_pred_mae_v2,SMD,machine-2-2,3,scripts/configs/smd_cf_val.yaml,last,80,a233905072d2153fb72ba96d032c6dcbf184f5f44475dec547c7bd0734e5c629,0.20515703362706367,val0.2_b18959,train_sub_val,8ca02ea5cba5ce8973bf9d8dbf0c15c60c5fafb5001656e96174d41fde3be6e4,SMD_machine-2-2_pcmci_val0.2_b18959_c6540a6bef801156,1.0,False,15,15,49f630ac8d324ba01390c1a1dcaa4386cd94ae84,49f630ac8d324ba01390c1a1dcaa4386cd94ae84,cuda,2.6.0+cu124,SMD/machine-2-2/seed3/smd_cf_val/eval/last/attempt1,,True,val,CF_raw,diagnostic,raw,CF_raw,0.1564749966783984,0.5969227246094877,0.162454743074245,0.6087947451763231,0.2409217975502041,0.9722843862971252,0.4316546762589923,0.2493285229343358,0.7934930944968492
eval/SMD/machine-2-2/seed3/smd_cf_val/eval/best_val,val_ckpt_eval,val_pred_mae_v2,SMD,machine-2-2,3,scripts/configs/smd_cf_val.yaml,best_val,80,ddb165bba25a966451a7160c9c233d071dcd8daa169e152bda8a988343c0700d,0.20515703362706367,val0.2_b18959,train_sub_val,8ca02ea5cba5ce8973bf9d8dbf0c15c60c5fafb5001656e96174d41fde3be6e4,SMD_machine-2-2_pcmci_val0.2_b18959_c6540a6bef801156,1.0,False,15,15,49f630ac8d324ba01390c1a1dcaa4386cd94ae84,49f630ac8d324ba01390c1a1dcaa4386cd94ae84,cuda,2.6.0+cu124,SMD/machine-2-2/seed3/smd_cf_val/eval/best_val/attempt1,,True,val,A_off,fusion,raw,P_raw + C_raw,0.1556002704898992,0.5799068868925835,0.1577509307849083,0.5910386619524944,0.2399625840833127,0.9833217512161224,0.6106870229007628,0.475805212553862,0.8863319450323165
eval/SMD/machine-2-2/seed3/smd_cf_val/eval/best_val,val_ckpt_eval,val_pred_mae_v2,SMD,machine-2-2,3,scripts/configs/smd_cf_val.yaml,best_val,80,ddb165bba25a966451a7160c9c233d071dcd8daa169e152bda8a988343c0700d,0.20515703362706367,val0.2_b18959,train_sub_val,8ca02ea5cba5ce8973bf9d8dbf0c15c60c5fafb5001656e96174d41fde3be6e4,SMD_machine-2-2_pcmci_val0.2_b18959_c6540a6bef801156,1.0,False,15,15,49f630ac8d324ba01390c1a1dcaa4386cd94ae84,49f630ac8d324ba01390c1a1dcaa4386cd94ae84,cuda,2.6.0+cu124,SMD/machine-2-2/seed3/smd_cf_val/eval/best_val/attempt1,,True,val,A_on,fusion,raw,P_raw + C_raw + 1*CF_raw,0.1659439106750136,0.6025940810259968,0.1691656030541602,0.6145235240244868,0.2437480422832555,0.982297813259285,0.6045340050377828,0.4485789202984543,0.8462699983797486
eval/SMD/machine-2-2/seed3/smd_cf_val/eval/best_val,val_ckpt_eval,val_pred_mae_v2,SMD,machine-2-2,3,scripts/configs/smd_cf_val.yaml,best_val,80,ddb165bba25a966451a7160c9c233d071dcd8daa169e152bda8a988343c0700d,0.20515703362706367,val0.2_b18959,train_sub_val,8ca02ea5cba5ce8973bf9d8dbf0c15c60c5fafb5001656e96174d41fde3be6e4,SMD_machine-2-2_pcmci_val0.2_b18959_c6540a6bef801156,1.0,False,15,15,49f630ac8d324ba01390c1a1dcaa4386cd94ae84,49f630ac8d324ba01390c1a1dcaa4386cd94ae84,cuda,2.6.0+cu124,SMD/machine-2-2/seed3/smd_cf_val/eval/best_val/attempt1,,True,val,P_raw,diagnostic,raw,P_raw,0.15523011591043,0.5782544191292054,0.1573847060457968,0.5894323863858378,0.2401771312689973,0.9833217512161224,0.6169665809768632,0.4789260666474511,0.8865959923888708
eval/SMD/machine-2-2/seed3/smd_cf_val/eval/best_val,val_ckpt_eval,val_pred_mae_v2,SMD,machine-2-2,3,scripts/configs/smd_cf_val.yaml,best_val,80,ddb165bba25a966451a7160c9c233d071dcd8daa169e152bda8a988343c0700d,0.20515703362706367,val0.2_b18959,train_sub_val,8ca02ea5cba5ce8973bf9d8dbf0c15c60c5fafb5001656e96174d41fde3be6e4,SMD_machine-2-2_pcmci_val0.2_b18959_c6540a6bef801156,1.0,False,15,15,49f630ac8d324ba01390c1a1dcaa4386cd94ae84,49f630ac8d324ba01390c1a1dcaa4386cd94ae84,cuda,2.6.0+cu124,SMD/machine-2-2/seed3/smd_cf_val/eval/best_val/attempt1,,True,val,C_raw,diagnostic,raw,C_raw,0.1430560118941232,0.5930992558323124,0.1468383877368392,0.5936407807665536,0.2455735243182653,0.933979189092214,0.2575420996058757,0.1892558507938694,0.7278698231877775
eval/SMD/machine-2-2/seed3/smd_cf_val/eval/best_val,val_ckpt_eval,val_pred_mae_v2,SMD,machine-2-2,3,scripts/configs/smd_cf_val.yaml,best_val,80,ddb165bba25a966451a7160c9c233d071dcd8daa169e152bda8a988343c0700d,0.20515703362706367,val0.2_b18959,train_sub_val,8ca02ea5cba5ce8973bf9d8dbf0c15c60c5fafb5001656e96174d41fde3be6e4,SMD_machine-2-2_pcmci_val0.2_b18959_c6540a6bef801156,1.0,False,15,15,49f630ac8d324ba01390c1a1dcaa4386cd94ae84,49f630ac8d324ba01390c1a1dcaa4386cd94ae84,cuda,2.6.0+cu124,SMD/machine-2-2/seed3/smd_cf_val/eval/best_val/attempt1,,True,val,G_raw,diagnostic,raw,G_raw,0.1193394838342438,0.5060441222625944,0.1219074304755178,0.5082745418421728,0.21885740796691,0.9635389666493864,0.2727272727272722,0.2004434555411728,0.7122384661983643
eval/SMD/machine-2-2/seed3/smd_cf_val/eval/best_val,val_ckpt_eval,val_pred_mae_v2,SMD,machine-2-2,3,scripts/configs/smd_cf_val.yaml,best_val,80,ddb165bba25a966451a7160c9c233d071dcd8daa169e152bda8a988343c0700d,0.20515703362706367,val0.2_b18959,train_sub_val,8ca02ea5cba5ce8973bf9d8dbf0c15c60c5fafb5001656e96174d41fde3be6e4,SMD_machine-2-2_pcmci_val0.2_b18959_c6540a6bef801156,1.0,False,15,15,49f630ac8d324ba01390c1a1dcaa4386cd94ae84,49f630ac8d324ba01390c1a1dcaa4386cd94ae84,cuda,2.6.0+cu124,SMD/machine-2-2/seed3/smd_cf_val/eval/best_val/attempt1,,True,val,CF_raw,diagnostic,raw,CF_raw,0.1564749966783984,0.5969227246094877,0.162454743074245,0.6087947451763231,0.2409217975502041,0.9722843862971252,0.4316546762589923,0.2493285229343358,0.7934930944968492
eval/SMD/machine-2-3/seed0/smd_cf_val/eval/last,val_ckpt_eval,val_pred_mae_v2,SMD,machine-2-3,0,scripts/configs/smd_cf_val.yaml,last,80,26c71f2bc6916b53b61f1f6abef31ff787acac43793cbb958c4372d8096a494a,0.11288861252652829,val0.2_b18950,train_sub_val,761e8f882fb0c8137b60b5440ac88944ae801e7084f73b3f8f7f46698eb14585,SMD_machine-2-3_pcmci_val0.2_b18950_57a9dd807410cc2a,1.0,False,15,7,49f630ac8d324ba01390c1a1dcaa4386cd94ae84,49f630ac8d324ba01390c1a1dcaa4386cd94ae84,cuda,2.6.0+cu124,SMD/machine-2-3/seed0/smd_cf_val/eval/last/attempt1,,True,val,A_off,fusion,raw,P_raw + C_raw,0.4162021609788508,0.8932980222972109,0.3650276333811918,0.9104441713022384,0.4585691878729482,0.9693693693693692,0.8794326241134746,0.4927843007932794,0.941452102053511
eval/SMD/machine-2-3/seed0/smd_cf_val/eval/last,val_ckpt_eval,val_pred_mae_v2,SMD,machine-2-3,0,scripts/configs/smd_cf_val.yaml,last,80,26c71f2bc6916b53b61f1f6abef31ff787acac43793cbb958c4372d8096a494a,0.11288861252652829,val0.2_b18950,train_sub_val,761e8f882fb0c8137b60b5440ac88944ae801e7084f73b3f8f7f46698eb14585,SMD_machine-2-3_pcmci_val0.2_b18950_57a9dd807410cc2a,1.0,False,15,7,49f630ac8d324ba01390c1a1dcaa4386cd94ae84,49f630ac8d324ba01390c1a1dcaa4386cd94ae84,cuda,2.6.0+cu124,SMD/machine-2-3/seed0/smd_cf_val/eval/last/attempt1,,True,val,A_on,fusion,raw,P_raw + C_raw + 1*CF_raw,0.5463247385949243,0.9262479319368028,0.4860166411662259,0.946851512839994,0.5451147058104989,0.9696969696969696,0.868571428571428,0.4594096744989399,0.9311440967424888
eval/SMD/machine-2-3/seed0/smd_cf_val/eval/last,val_ckpt_eval,val_pred_mae_v2,SMD,machine-2-3,0,scripts/configs/smd_cf_val.yaml,last,80,26c71f2bc6916b53b61f1f6abef31ff787acac43793cbb958c4372d8096a494a,0.11288861252652829,val0.2_b18950,train_sub_val,761e8f882fb0c8137b60b5440ac88944ae801e7084f73b3f8f7f46698eb14585,SMD_machine-2-3_pcmci_val0.2_b18950_57a9dd807410cc2a,1.0,False,15,7,49f630ac8d324ba01390c1a1dcaa4386cd94ae84,49f630ac8d324ba01390c1a1dcaa4386cd94ae84,cuda,2.6.0+cu124,SMD/machine-2-3/seed0/smd_cf_val/eval/last/attempt1,,True,val,P_raw,diagnostic,raw,P_raw,0.4136011841083612,0.890683358425066,0.3589288373954433,0.9078550511484882,0.4582474372114679,0.9693693693693692,0.8776978417266182,0.4798715238240064,0.9387038080681656
eval/SMD/machine-2-3/seed0/smd_cf_val/eval/last,val_ckpt_eval,val_pred_mae_v2,SMD,machine-2-3,0,scripts/configs/smd_cf_val.yaml,last,80,26c71f2bc6916b53b61f1f6abef31ff787acac43793cbb958c4372d8096a494a,0.11288861252652829,val0.2_b18950,train_sub_val,761e8f882fb0c8137b60b5440ac88944ae801e7084f73b3f8f7f46698eb14585,SMD_machine-2-3_pcmci_val0.2_b18950_57a9dd807410cc2a,1.0,False,15,7,49f630ac8d324ba01390c1a1dcaa4386cd94ae84,49f630ac8d324ba01390c1a1dcaa4386cd94ae84,cuda,2.6.0+cu124,SMD/machine-2-3/seed0/smd_cf_val/eval/last/attempt1,,True,val,C_raw,diagnostic,raw,C_raw,0.2537599763402193,0.8666562711044073,0.0988022366414246,0.669140569959285,0.2777734207652095,0.93359375,0.5443786982248516,0.1738869520631813,0.7181749993856145
eval/SMD/machine-2-3/seed0/smd_cf_val/eval/last,val_ckpt_eval,val_pred_mae_v2,SMD,machine-2-3,0,scripts/configs/smd_cf_val.yaml,last,80,26c71f2bc6916b53b61f1f6abef31ff787acac43793cbb958c4372d8096a494a,0.11288861252652829,val0.2_b18950,train_sub_val,761e8f882fb0c8137b60b5440ac88944ae801e7084f73b3f8f7f46698eb14585,SMD_machine-2-3_pcmci_val0.2_b18950_57a9dd807410cc2a,1.0,False,15,7,49f630ac8d324ba01390c1a1dcaa4386cd94ae84,49f630ac8d324ba01390c1a1dcaa4386cd94ae84,cuda,2.6.0+cu124,SMD/machine-2-3/seed0/smd_cf_val/eval/last/attempt1,,True,val,G_raw,diagnostic,raw,G_raw,0.4283235782512988,0.9081293243937848,0.2256621848540017,0.8811663602402663,0.4754781135717431,0.9372549019607844,0.5591397849462361,0.2117350365580126,0.7269938782765889
eval/SMD/machine-2-3/seed0/smd_cf_val/eval/last,val_ckpt_eval,val_pred_mae_v2,SMD,machine-2-3,0,scripts/configs/smd_cf_val.yaml,last,80,26c71f2bc6916b53b61f1f6abef31ff787acac43793cbb958c4372d8096a494a,0.11288861252652829,val0.2_b18950,train_sub_val,761e8f882fb0c8137b60b5440ac88944ae801e7084f73b3f8f7f46698eb14585,SMD_machine-2-3_pcmci_val0.2_b18950_57a9dd807410cc2a,1.0,False,15,7,49f630ac8d324ba01390c1a1dcaa4386cd94ae84,49f630ac8d324ba01390c1a1dcaa4386cd94ae84,cuda,2.6.0+cu124,SMD/machine-2-3/seed0/smd_cf_val/eval/last/attempt1,,True,val,CF_raw,diagnostic,raw,CF_raw,0.4633688698131477,0.9007015257816561,0.2939272450635107,0.9136008311109528,0.4833898342723784,0.9409448818897638,0.5714285714285711,0.23679691321858,0.8161170766711462
eval/SMD/machine-2-3/seed0/smd_cf_val/eval/best_val,val_ckpt_eval,val_pred_mae_v2,SMD,machine-2-3,0,scripts/configs/smd_cf_val.yaml,best_val,80,ecc621de50cf4c2f7c0163a73e159acd77375247865e879d2f54d0194d31c7c1,0.11288861252652829,val0.2_b18950,train_sub_val,761e8f882fb0c8137b60b5440ac88944ae801e7084f73b3f8f7f46698eb14585,SMD_machine-2-3_pcmci_val0.2_b18950_57a9dd807410cc2a,1.0,False,15,7,49f630ac8d324ba01390c1a1dcaa4386cd94ae84,49f630ac8d324ba01390c1a1dcaa4386cd94ae84,cuda,2.6.0+cu124,SMD/machine-2-3/seed0/smd_cf_val/eval/best_val/attempt1,,True,val,A_off,fusion,raw,P_raw + C_raw,0.4162021609788508,0.8932980222972109,0.3650276333811918,0.9104441713022384,0.4585691878729482,0.9693693693693692,0.8794326241134746,0.4927843007932794,0.941452102053511
eval/SMD/machine-2-3/seed0/smd_cf_val/eval/best_val,val_ckpt_eval,val_pred_mae_v2,SMD,machine-2-3,0,scripts/configs/smd_cf_val.yaml,best_val,80,ecc621de50cf4c2f7c0163a73e159acd77375247865e879d2f54d0194d31c7c1,0.11288861252652829,val0.2_b18950,train_sub_val,761e8f882fb0c8137b60b5440ac88944ae801e7084f73b3f8f7f46698eb14585,SMD_machine-2-3_pcmci_val0.2_b18950_57a9dd807410cc2a,1.0,False,15,7,49f630ac8d324ba01390c1a1dcaa4386cd94ae84,49f630ac8d324ba01390c1a1dcaa4386cd94ae84,cuda,2.6.0+cu124,SMD/machine-2-3/seed0/smd_cf_val/eval/best_val/attempt1,,True,val,A_on,fusion,raw,P_raw + C_raw + 1*CF_raw,0.5463247385949243,0.9262479319368028,0.4860166411662259,0.946851512839994,0.5451147058104989,0.9696969696969696,0.868571428571428,0.4594096744989399,0.9311440967424888
eval/SMD/machine-2-3/seed0/smd_cf_val/eval/best_val,val_ckpt_eval,val_pred_mae_v2,SMD,machine-2-3,0,scripts/configs/smd_cf_val.yaml,best_val,80,ecc621de50cf4c2f7c0163a73e159acd77375247865e879d2f54d0194d31c7c1,0.11288861252652829,val0.2_b18950,train_sub_val,761e8f882fb0c8137b60b5440ac88944ae801e7084f73b3f8f7f46698eb14585,SMD_machine-2-3_pcmci_val0.2_b18950_57a9dd807410cc2a,1.0,False,15,7,49f630ac8d324ba01390c1a1dcaa4386cd94ae84,49f630ac8d324ba01390c1a1dcaa4386cd94ae84,cuda,2.6.0+cu124,SMD/machine-2-3/seed0/smd_cf_val/eval/best_val/attempt1,,True,val,P_raw,diagnostic,raw,P_raw,0.4136011841083612,0.890683358425066,0.3589288373954433,0.9078550511484882,0.4582474372114679,0.9693693693693692,0.8776978417266182,0.4798715238240064,0.9387038080681656
eval/SMD/machine-2-3/seed0/smd_cf_val/eval/best_val,val_ckpt_eval,val_pred_mae_v2,SMD,machine-2-3,0,scripts/configs/smd_cf_val.yaml,best_val,80,ecc621de50cf4c2f7c0163a73e159acd77375247865e879d2f54d0194d31c7c1,0.11288861252652829,val0.2_b18950,train_sub_val,761e8f882fb0c8137b60b5440ac88944ae801e7084f73b3f8f7f46698eb14585,SMD_machine-2-3_pcmci_val0.2_b18950_57a9dd807410cc2a,1.0,False,15,7,49f630ac8d324ba01390c1a1dcaa4386cd94ae84,49f630ac8d324ba01390c1a1dcaa4386cd94ae84,cuda,2.6.0+cu124,SMD/machine-2-3/seed0/smd_cf_val/eval/best_val/attempt1,,True,val,C_raw,diagnostic,raw,C_raw,0.2537599763402193,0.8666562711044073,0.0988022366414246,0.669140569959285,0.2777734207652095,0.93359375,0.5443786982248516,0.1738869520631813,0.7181749993856145
eval/SMD/machine-2-3/seed0/smd_cf_val/eval/best_val,val_ckpt_eval,val_pred_mae_v2,SMD,machine-2-3,0,scripts/configs/smd_cf_val.yaml,best_val,80,ecc621de50cf4c2f7c0163a73e159acd77375247865e879d2f54d0194d31c7c1,0.11288861252652829,val0.2_b18950,train_sub_val,761e8f882fb0c8137b60b5440ac88944ae801e7084f73b3f8f7f46698eb14585,SMD_machine-2-3_pcmci_val0.2_b18950_57a9dd807410cc2a,1.0,False,15,7,49f630ac8d324ba01390c1a1dcaa4386cd94ae84,49f630ac8d324ba01390c1a1dcaa4386cd94ae84,cuda,2.6.0+cu124,SMD/machine-2-3/seed0/smd_cf_val/eval/best_val/attempt1,,True,val,G_raw,diagnostic,raw,G_raw,0.4283235782512988,0.9081293243937848,0.2256621848540017,0.8811663602402663,0.4754781135717431,0.9372549019607844,0.5591397849462361,0.2117350365580126,0.7269938782765889
eval/SMD/machine-2-3/seed0/smd_cf_val/eval/best_val,val_ckpt_eval,val_pred_mae_v2,SMD,machine-2-3,0,scripts/configs/smd_cf_val.yaml,best_val,80,ecc621de50cf4c2f7c0163a73e159acd77375247865e879d2f54d0194d31c7c1,0.11288861252652829,val0.2_b18950,train_sub_val,761e8f882fb0c8137b60b5440ac88944ae801e7084f73b3f8f7f46698eb14585,SMD_machine-2-3_pcmci_val0.2_b18950_57a9dd807410cc2a,1.0,False,15,7,49f630ac8d324ba01390c1a1dcaa4386cd94ae84,49f630ac8d324ba01390c1a1dcaa4386cd94ae84,cuda,2.6.0+cu124,SMD/machine-2-3/seed0/smd_cf_val/eval/best_val/attempt1,,True,val,CF_raw,diagnostic,raw,CF_raw,0.4633688698131477,0.9007015257816561,0.2939272450635107,0.9136008311109528,0.4833898342723784,0.9409448818897638,0.5714285714285711,0.23679691321858,0.8161170766711462
eval/SMD/machine-2-3/seed1/smd_cf_val/eval/last,val_ckpt_eval,val_pred_mae_v2,SMD,machine-2-3,1,scripts/configs/smd_cf_val.yaml,last,80,ad5cccf0af19c8c0a6838006bc9961794dd24f30e7cbcfa0e153820bb4945a79,0.11329285062637989,val0.2_b18950,train_sub_val,761e8f882fb0c8137b60b5440ac88944ae801e7084f73b3f8f7f46698eb14585,SMD_machine-2-3_pcmci_val0.2_b18950_57a9dd807410cc2a,1.0,False,15,7,49f630ac8d324ba01390c1a1dcaa4386cd94ae84,49f630ac8d324ba01390c1a1dcaa4386cd94ae84,cuda,2.6.0+cu124,SMD/machine-2-3/seed1/smd_cf_val/eval/last/attempt1,,True,val,A_off,fusion,raw,P_raw + C_raw,0.4060092510872997,0.8826793047909516,0.3507281862713544,0.8993252563754015,0.4444395262686654,0.9711191335740073,0.8873239436619713,0.4838582561916061,0.9383597449613588
eval/SMD/machine-2-3/seed1/smd_cf_val/eval/last,val_ckpt_eval,val_pred_mae_v2,SMD,machine-2-3,1,scripts/configs/smd_cf_val.yaml,last,80,ad5cccf0af19c8c0a6838006bc9961794dd24f30e7cbcfa0e153820bb4945a79,0.11329285062637989,val0.2_b18950,train_sub_val,761e8f882fb0c8137b60b5440ac88944ae801e7084f73b3f8f7f46698eb14585,SMD_machine-2-3_pcmci_val0.2_b18950_57a9dd807410cc2a,1.0,False,15,7,49f630ac8d324ba01390c1a1dcaa4386cd94ae84,49f630ac8d324ba01390c1a1dcaa4386cd94ae84,cuda,2.6.0+cu124,SMD/machine-2-3/seed1/smd_cf_val/eval/last/attempt1,,True,val,A_on,fusion,raw,P_raw + C_raw + 1*CF_raw,0.6046813807550536,0.9408898749499608,0.5513200169340796,0.9586976590447552,0.5739466109591685,0.9752380952380952,0.8888888888888884,0.4417254637799178,0.9312813189696318
eval/SMD/machine-2-3/seed1/smd_cf_val/eval/last,val_ckpt_eval,val_pred_mae_v2,SMD,machine-2-3,1,scripts/configs/smd_cf_val.yaml,last,80,ad5cccf0af19c8c0a6838006bc9961794dd24f30e7cbcfa0e153820bb4945a79,0.11329285062637989,val0.2_b18950,train_sub_val,761e8f882fb0c8137b60b5440ac88944ae801e7084f73b3f8f7f46698eb14585,SMD_machine-2-3_pcmci_val0.2_b18950_57a9dd807410cc2a,1.0,False,15,7,49f630ac8d324ba01390c1a1dcaa4386cd94ae84,49f630ac8d324ba01390c1a1dcaa4386cd94ae84,cuda,2.6.0+cu124,SMD/machine-2-3/seed1/smd_cf_val/eval/last/attempt1,,True,val,P_raw,diagnostic,raw,P_raw,0.4030501139231613,0.8792967243339838,0.3437498744997954,0.8958480795301389,0.4416617397251012,0.9711191335740073,0.8840579710144922,0.4801527795544608,0.9381698174766098
eval/SMD/machine-2-3/seed1/smd_cf_val/eval/last,val_ckpt_eval,val_pred_mae_v2,SMD,machine-2-3,1,scripts/configs/smd_cf_val.yaml,last,80,ad5cccf0af19c8c0a6838006bc9961794dd24f30e7cbcfa0e153820bb4945a79,0.11329285062637989,val0.2_b18950,train_sub_val,761e8f882fb0c8137b60b5440ac88944ae801e7084f73b3f8f7f46698eb14585,SMD_machine-2-3_pcmci_val0.2_b18950_57a9dd807410cc2a,1.0,False,15,7,49f630ac8d324ba01390c1a1dcaa4386cd94ae84,49f630ac8d324ba01390c1a1dcaa4386cd94ae84,cuda,2.6.0+cu124,SMD/machine-2-3/seed1/smd_cf_val/eval/last/attempt1,,True,val,C_raw,diagnostic,raw,C_raw,0.2435032845416364,0.8700348817692697,0.1040462799502857,0.6932075679816448,0.276377528288438,0.9390962671905696,0.5633802816901403,0.1766029501632836,0.6852253946457543
eval/SMD/machine-2-3/seed1/smd_cf_val/eval/last,val_ckpt_eval,val_pred_mae_v2,SMD,machine-2-3,1,scripts/configs/smd_cf_val.yaml,last,80,ad5cccf0af19c8c0a6838006bc9961794dd24f30e7cbcfa0e153820bb4945a79,0.11329285062637989,val0.2_b18950,train_sub_val,761e8f882fb0c8137b60b5440ac88944ae801e7084f73b3f8f7f46698eb14585,SMD_machine-2-3_pcmci_val0.2_b18950_57a9dd807410cc2a,1.0,False,15,7,49f630ac8d324ba01390c1a1dcaa4386cd94ae84,49f630ac8d324ba01390c1a1dcaa4386cd94ae84,cuda,2.6.0+cu124,SMD/machine-2-3/seed1/smd_cf_val/eval/last/attempt1,,True,val,G_raw,diagnostic,raw,G_raw,0.4982690864422747,0.902761212717499,0.2178779128472179,0.7613884719536549,0.521230528737016,0.9409448818897638,0.5714285714285711,0.2439789283378369,0.695141060569219
eval/SMD/machine-2-3/seed1/smd_cf_val/eval/last,val_ckpt_eval,val_pred_mae_v2,SMD,machine-2-3,1,scripts/configs/smd_cf_val.yaml,last,80,ad5cccf0af19c8c0a6838006bc9961794dd24f30e7cbcfa0e153820bb4945a79,0.11329285062637989,val0.2_b18950,train_sub_val,761e8f882fb0c8137b60b5440ac88944ae801e7084f73b3f8f7f46698eb14585,SMD_machine-2-3_pcmci_val0.2_b18950_57a9dd807410cc2a,1.0,False,15,7,49f630ac8d324ba01390c1a1dcaa4386cd94ae84,49f630ac8d324ba01390c1a1dcaa4386cd94ae84,cuda,2.6.0+cu124,SMD/machine-2-3/seed1/smd_cf_val/eval/last/attempt1,,True,val,CF_raw,diagnostic,raw,CF_raw,0.5572072237948319,0.926918509219207,0.4068516810363535,0.9380085400191692,0.5693643741043725,0.9372549019607844,0.5775401069518711,0.2467787273173616,0.8468186951981509
eval/SMD/machine-2-3/seed1/smd_cf_val/eval/best_val,val_ckpt_eval,val_pred_mae_v2,SMD,machine-2-3,1,scripts/configs/smd_cf_val.yaml,best_val,79,cdeee9861cffb81f65e68804c58cd8305576751a3ee27369a297fe3b35f5c5f5,0.11263263861729245,val0.2_b18950,train_sub_val,761e8f882fb0c8137b60b5440ac88944ae801e7084f73b3f8f7f46698eb14585,SMD_machine-2-3_pcmci_val0.2_b18950_57a9dd807410cc2a,1.0,False,15,7,49f630ac8d324ba01390c1a1dcaa4386cd94ae84,49f630ac8d324ba01390c1a1dcaa4386cd94ae84,cuda,2.6.0+cu124,SMD/machine-2-3/seed1/smd_cf_val/eval/best_val/attempt1,,True,val,A_off,fusion,raw,P_raw + C_raw,0.4058911867058634,0.8819849087559165,0.3481595679958858,0.8985591156299719,0.434037657909444,0.9693693693693692,0.8811188811188805,0.4829937716052724,0.9431189674404205
eval/SMD/machine-2-3/seed1/smd_cf_val/eval/best_val,val_ckpt_eval,val_pred_mae_v2,SMD,machine-2-3,1,scripts/configs/smd_cf_val.yaml,best_val,79,cdeee9861cffb81f65e68804c58cd8305576751a3ee27369a297fe3b35f5c5f5,0.11263263861729245,val0.2_b18950,train_sub_val,761e8f882fb0c8137b60b5440ac88944ae801e7084f73b3f8f7f46698eb14585,SMD_machine-2-3_pcmci_val0.2_b18950_57a9dd807410cc2a,1.0,False,15,7,49f630ac8d324ba01390c1a1dcaa4386cd94ae84,49f630ac8d324ba01390c1a1dcaa4386cd94ae84,cuda,2.6.0+cu124,SMD/machine-2-3/seed1/smd_cf_val/eval/best_val/attempt1,,True,val,A_on,fusion,raw,P_raw + C_raw + 1*CF_raw,0.6023279841576317,0.9386797328933322,0.5543753012191242,0.957870699363802,0.5720031552915101,0.9752380952380952,0.8888888888888884,0.4422161580943565,0.9308698299429377
eval/SMD/machine-2-3/seed1/smd_cf_val/eval/best_val,val_ckpt_eval,val_pred_mae_v2,SMD,machine-2-3,1,scripts/configs/smd_cf_val.yaml,best_val,79,cdeee9861cffb81f65e68804c58cd8305576751a3ee27369a297fe3b35f5c5f5,0.11263263861729245,val0.2_b18950,train_sub_val,761e8f882fb0c8137b60b5440ac88944ae801e7084f73b3f8f7f46698eb14585,SMD_machine-2-3_pcmci_val0.2_b18950_57a9dd807410cc2a,1.0,False,15,7,49f630ac8d324ba01390c1a1dcaa4386cd94ae84,49f630ac8d324ba01390c1a1dcaa4386cd94ae84,cuda,2.6.0+cu124,SMD/machine-2-3/seed1/smd_cf_val/eval/best_val/attempt1,,True,val,P_raw,diagnostic,raw,P_raw,0.4030056361849719,0.8786922043922096,0.3461460495972362,0.8951833753604285,0.4324279504717508,0.9693693693693692,0.8794326241134746,0.482253141488523,0.943107638268622
eval/SMD/machine-2-3/seed1/smd_cf_val/eval/best_val,val_ckpt_eval,val_pred_mae_v2,SMD,machine-2-3,1,scripts/configs/smd_cf_val.yaml,best_val,79,cdeee9861cffb81f65e68804c58cd8305576751a3ee27369a297fe3b35f5c5f5,0.11263263861729245,val0.2_b18950,train_sub_val,761e8f882fb0c8137b60b5440ac88944ae801e7084f73b3f8f7f46698eb14585,SMD_machine-2-3_pcmci_val0.2_b18950_57a9dd807410cc2a,1.0,False,15,7,49f630ac8d324ba01390c1a1dcaa4386cd94ae84,49f630ac8d324ba01390c1a1dcaa4386cd94ae84,cuda,2.6.0+cu124,SMD/machine-2-3/seed1/smd_cf_val/eval/best_val/attempt1,,True,val,C_raw,diagnostic,raw,C_raw,0.2279457670969419,0.867405767853862,0.0978746195139174,0.7061579714722689,0.2687090169325912,0.8706739526411658,0.448598130841121,0.1590094849890205,0.6791902785295469
eval/SMD/machine-2-3/seed1/smd_cf_val/eval/best_val,val_ckpt_eval,val_pred_mae_v2,SMD,machine-2-3,1,scripts/configs/smd_cf_val.yaml,best_val,79,cdeee9861cffb81f65e68804c58cd8305576751a3ee27369a297fe3b35f5c5f5,0.11263263861729245,val0.2_b18950,train_sub_val,761e8f882fb0c8137b60b5440ac88944ae801e7084f73b3f8f7f46698eb14585,SMD_machine-2-3_pcmci_val0.2_b18950_57a9dd807410cc2a,1.0,False,15,7,49f630ac8d324ba01390c1a1dcaa4386cd94ae84,49f630ac8d324ba01390c1a1dcaa4386cd94ae84,cuda,2.6.0+cu124,SMD/machine-2-3/seed1/smd_cf_val/eval/best_val/attempt1,,True,val,G_raw,diagnostic,raw,G_raw,0.4953723133052872,0.8995318662357908,0.2164174725447514,0.7655649947218721,0.5253573221043403,0.9409448818897638,0.5714285714285711,0.2418184127184144,0.6990065972157872
eval/SMD/machine-2-3/seed1/smd_cf_val/eval/best_val,val_ckpt_eval,val_pred_mae_v2,SMD,machine-2-3,1,scripts/configs/smd_cf_val.yaml,best_val,79,cdeee9861cffb81f65e68804c58cd8305576751a3ee27369a297fe3b35f5c5f5,0.11263263861729245,val0.2_b18950,train_sub_val,761e8f882fb0c8137b60b5440ac88944ae801e7084f73b3f8f7f46698eb14585,SMD_machine-2-3_pcmci_val0.2_b18950_57a9dd807410cc2a,1.0,False,15,7,49f630ac8d324ba01390c1a1dcaa4386cd94ae84,49f630ac8d324ba01390c1a1dcaa4386cd94ae84,cuda,2.6.0+cu124,SMD/machine-2-3/seed1/smd_cf_val/eval/best_val/attempt1,,True,val,CF_raw,diagnostic,raw,CF_raw,0.5515360181629745,0.9247192443929464,0.4118815797647716,0.9392427013918524,0.5494021346668336,0.9372549019607844,0.6107382550335566,0.2783550964574518,0.8412315908526885
eval/SMD/machine-2-3/seed2/smd_cf_val/eval/last,val_ckpt_eval,val_pred_mae_v2,SMD,machine-2-3,2,scripts/configs/smd_cf_val.yaml,last,80,120ed869077674291d731113bd06ba0c84b40e8f1a31850cdf54f8c31674e8d6,0.11334252426738955,val0.2_b18950,train_sub_val,761e8f882fb0c8137b60b5440ac88944ae801e7084f73b3f8f7f46698eb14585,SMD_machine-2-3_pcmci_val0.2_b18950_57a9dd807410cc2a,1.0,False,15,7,49f630ac8d324ba01390c1a1dcaa4386cd94ae84,49f630ac8d324ba01390c1a1dcaa4386cd94ae84,cuda,2.6.0+cu124,SMD/machine-2-3/seed2/smd_cf_val/eval/last/attempt1,,True,val,A_off,fusion,raw,P_raw + C_raw,0.4111496524389176,0.8932956404219475,0.3541355186983053,0.9109325851423083,0.431936926616026,0.9676258992805756,0.8656716417910443,0.4806653085259468,0.9361629079753908
eval/SMD/machine-2-3/seed2/smd_cf_val/eval/last,val_ckpt_eval,val_pred_mae_v2,SMD,machine-2-3,2,scripts/configs/smd_cf_val.yaml,last,80,120ed869077674291d731113bd06ba0c84b40e8f1a31850cdf54f8c31674e8d6,0.11334252426738955,val0.2_b18950,train_sub_val,761e8f882fb0c8137b60b5440ac88944ae801e7084f73b3f8f7f46698eb14585,SMD_machine-2-3_pcmci_val0.2_b18950_57a9dd807410cc2a,1.0,False,15,7,49f630ac8d324ba01390c1a1dcaa4386cd94ae84,49f630ac8d324ba01390c1a1dcaa4386cd94ae84,cuda,2.6.0+cu124,SMD/machine-2-3/seed2/smd_cf_val/eval/last/attempt1,,True,val,A_on,fusion,raw,P_raw + C_raw + 1*CF_raw,0.5420866699994124,0.92474957360463,0.4960184929022552,0.944951103329275,0.5486677474187834,0.9696969696969696,0.8888888888888884,0.458369649607998,0.9467694381460752
eval/SMD/machine-2-3/seed2/smd_cf_val/eval/last,val_ckpt_eval,val_pred_mae_v2,SMD,machine-2-3,2,scripts/configs/smd_cf_val.yaml,last,80,120ed869077674291d731113bd06ba0c84b40e8f1a31850cdf54f8c31674e8d6,0.11334252426738955,val0.2_b18950,train_sub_val,761e8f882fb0c8137b60b5440ac88944ae801e7084f73b3f8f7f46698eb14585,SMD_machine-2-3_pcmci_val0.2_b18950_57a9dd807410cc2a,1.0,False,15,7,49f630ac8d324ba01390c1a1dcaa4386cd94ae84,49f630ac8d324ba01390c1a1dcaa4386cd94ae84,cuda,2.6.0+cu124,SMD/machine-2-3/seed2/smd_cf_val/eval/last/attempt1,,True,val,P_raw,diagnostic,raw,P_raw,0.408928938083636,0.8920805664543993,0.3512829787205818,0.90941125462721,0.4299752948847639,0.9676258992805756,0.8656716417910443,0.4806653085259468,0.9361629079753908
eval/SMD/machine-2-3/seed2/smd_cf_val/eval/last,val_ckpt_eval,val_pred_mae_v2,SMD,machine-2-3,2,scripts/configs/smd_cf_val.yaml,last,80,120ed869077674291d731113bd06ba0c84b40e8f1a31850cdf54f8c31674e8d6,0.11334252426738955,val0.2_b18950,train_sub_val,761e8f882fb0c8137b60b5440ac88944ae801e7084f73b3f8f7f46698eb14585,SMD_machine-2-3_pcmci_val0.2_b18950_57a9dd807410cc2a,1.0,False,15,7,49f630ac8d324ba01390c1a1dcaa4386cd94ae84,49f630ac8d324ba01390c1a1dcaa4386cd94ae84,cuda,2.6.0+cu124,SMD/machine-2-3/seed2/smd_cf_val/eval/last/attempt1,,True,val,C_raw,diagnostic,raw,C_raw,0.1346494664565485,0.8437961438709825,0.0744863429279425,0.6562554565887531,0.2334336005460675,0.9263565891472868,0.444444444444444,0.1508817527590281,0.6668816852297187
eval/SMD/machine-2-3/seed2/smd_cf_val/eval/last,val_ckpt_eval,val_pred_mae_v2,SMD,machine-2-3,2,scripts/configs/smd_cf_val.yaml,last,80,120ed869077674291d731113bd06ba0c84b40e8f1a31850cdf54f8c31674e8d6,0.11334252426738955,val0.2_b18950,train_sub_val,761e8f882fb0c8137b60b5440ac88944ae801e7084f73b3f8f7f46698eb14585,SMD_machine-2-3_pcmci_val0.2_b18950_57a9dd807410cc2a,1.0,False,15,7,49f630ac8d324ba01390c1a1dcaa4386cd94ae84,49f630ac8d324ba01390c1a1dcaa4386cd94ae84,cuda,2.6.0+cu124,SMD/machine-2-3/seed2/smd_cf_val/eval/last/attempt1,,True,val,G_raw,diagnostic,raw,G_raw,0.5031476176687604,0.8986716122866019,0.2096103547447918,0.711952076759796,0.5366446522207466,0.9409448818897638,0.5714285714285711,0.2442337772484727,0.7157098766670138
eval/SMD/machine-2-3/seed2/smd_cf_val/eval/last,val_ckpt_eval,val_pred_mae_v2,SMD,machine-2-3,2,scripts/configs/smd_cf_val.yaml,last,80,120ed869077674291d731113bd06ba0c84b40e8f1a31850cdf54f8c31674e8d6,0.11334252426738955,val0.2_b18950,train_sub_val,761e8f882fb0c8137b60b5440ac88944ae801e7084f73b3f8f7f46698eb14585,SMD_machine-2-3_pcmci_val0.2_b18950_57a9dd807410cc2a,1.0,False,15,7,49f630ac8d324ba01390c1a1dcaa4386cd94ae84,49f630ac8d324ba01390c1a1dcaa4386cd94ae84,cuda,2.6.0+cu124,SMD/machine-2-3/seed2/smd_cf_val/eval/last/attempt1,,True,val,CF_raw,diagnostic,raw,CF_raw,0.4583194486402326,0.8564894747313999,0.3743508834820306,0.8824077072677321,0.4879802127742945,0.9354207436399216,0.6503496503496499,0.3018315903141029,0.8522612851431
eval/SMD/machine-2-3/seed2/smd_cf_val/eval/best_val,val_ckpt_eval,val_pred_mae_v2,SMD,machine-2-3,2,scripts/configs/smd_cf_val.yaml,best_val,77,c61f91517e3dc598cd919fa1cb4f0e93302e5a028da7e06c92e43514f0399f58,0.11300536227652673,val0.2_b18950,train_sub_val,761e8f882fb0c8137b60b5440ac88944ae801e7084f73b3f8f7f46698eb14585,SMD_machine-2-3_pcmci_val0.2_b18950_57a9dd807410cc2a,1.0,False,15,7,49f630ac8d324ba01390c1a1dcaa4386cd94ae84,49f630ac8d324ba01390c1a1dcaa4386cd94ae84,cuda,2.6.0+cu124,SMD/machine-2-3/seed2/smd_cf_val/eval/best_val/attempt1,,True,val,A_off,fusion,raw,P_raw + C_raw,0.3869409922923081,0.8859964630740261,0.3298056541609597,0.9031719251903972,0.4212717004643085,0.9658886894075404,0.8652482269503541,0.4809182468475654,0.9352054657395594
eval/SMD/machine-2-3/seed2/smd_cf_val/eval/best_val,val_ckpt_eval,val_pred_mae_v2,SMD,machine-2-3,2,scripts/configs/smd_cf_val.yaml,best_val,77,c61f91517e3dc598cd919fa1cb4f0e93302e5a028da7e06c92e43514f0399f58,0.11300536227652673,val0.2_b18950,train_sub_val,761e8f882fb0c8137b60b5440ac88944ae801e7084f73b3f8f7f46698eb14585,SMD_machine-2-3_pcmci_val0.2_b18950_57a9dd807410cc2a,1.0,False,15,7,49f630ac8d324ba01390c1a1dcaa4386cd94ae84,49f630ac8d324ba01390c1a1dcaa4386cd94ae84,cuda,2.6.0+cu124,SMD/machine-2-3/seed2/smd_cf_val/eval/best_val/attempt1,,True,val,A_on,fusion,raw,P_raw + C_raw + 1*CF_raw,0.53886045593467,0.9275111197846656,0.4932909537585532,0.9472204835344966,0.5309686323759465,0.9678638941398866,0.8924731182795693,0.4642236200230892,0.9481385414441498
eval/SMD/machine-2-3/seed2/smd_cf_val/eval/best_val,val_ckpt_eval,val_pred_mae_v2,SMD,machine-2-3,2,scripts/configs/smd_cf_val.yaml,best_val,77,c61f91517e3dc598cd919fa1cb4f0e93302e5a028da7e06c92e43514f0399f58,0.11300536227652673,val0.2_b18950,train_sub_val,761e8f882fb0c8137b60b5440ac88944ae801e7084f73b3f8f7f46698eb14585,SMD_machine-2-3_pcmci_val0.2_b18950_57a9dd807410cc2a,1.0,False,15,7,49f630ac8d324ba01390c1a1dcaa4386cd94ae84,49f630ac8d324ba01390c1a1dcaa4386cd94ae84,cuda,2.6.0+cu124,SMD/machine-2-3/seed2/smd_cf_val/eval/best_val/attempt1,,True,val,P_raw,diagnostic,raw,P_raw,0.3849024299980174,0.8845809940010091,0.3286700299977056,0.9016128522008804,0.4194866232438719,0.9676258992805756,0.8714285714285709,0.4809182468475654,0.9366624058239522
eval/SMD/machine-2-3/seed2/smd_cf_val/eval/best_val,val_ckpt_eval,val_pred_mae_v2,SMD,machine-2-3,2,scripts/configs/smd_cf_val.yaml,best_val,77,c61f91517e3dc598cd919fa1cb4f0e93302e5a028da7e06c92e43514f0399f58,0.11300536227652673,val0.2_b18950,train_sub_val,761e8f882fb0c8137b60b5440ac88944ae801e7084f73b3f8f7f46698eb14585,SMD_machine-2-3_pcmci_val0.2_b18950_57a9dd807410cc2a,1.0,False,15,7,49f630ac8d324ba01390c1a1dcaa4386cd94ae84,49f630ac8d324ba01390c1a1dcaa4386cd94ae84,cuda,2.6.0+cu124,SMD/machine-2-3/seed2/smd_cf_val/eval/best_val/attempt1,,True,val,C_raw,diagnostic,raw,C_raw,0.110572296138241,0.837109108465677,0.0630986126449259,0.6872436445855484,0.1706114916685343,0.8968105065666041,0.3950617283950612,0.1408009325064333,0.6667909481070922
eval/SMD/machine-2-3/seed2/smd_cf_val/eval/best_val,val_ckpt_eval,val_pred_mae_v2,SMD,machine-2-3,2,scripts/configs/smd_cf_val.yaml,best_val,77,c61f91517e3dc598cd919fa1cb4f0e93302e5a028da7e06c92e43514f0399f58,0.11300536227652673,val0.2_b18950,train_sub_val,761e8f882fb0c8137b60b5440ac88944ae801e7084f73b3f8f7f46698eb14585,SMD_machine-2-3_pcmci_val0.2_b18950_57a9dd807410cc2a,1.0,False,15,7,49f630ac8d324ba01390c1a1dcaa4386cd94ae84,49f630ac8d324ba01390c1a1dcaa4386cd94ae84,cuda,2.6.0+cu124,SMD/machine-2-3/seed2/smd_cf_val/eval/best_val/attempt1,,True,val,G_raw,diagnostic,raw,G_raw,0.5208221677161092,0.8984936862044485,0.2130131297886991,0.7218082186572096,0.536711017666899,0.9390962671905696,0.5672727272727268,0.2436473873164344,0.7010297289910395
eval/SMD/machine-2-3/seed2/smd_cf_val/eval/best_val,val_ckpt_eval,val_pred_mae_v2,SMD,machine-2-3,2,scripts/configs/smd_cf_val.yaml,best_val,77,c61f91517e3dc598cd919fa1cb4f0e93302e5a028da7e06c92e43514f0399f58,0.11300536227652673,val0.2_b18950,train_sub_val,761e8f882fb0c8137b60b5440ac88944ae801e7084f73b3f8f7f46698eb14585,SMD_machine-2-3_pcmci_val0.2_b18950_57a9dd807410cc2a,1.0,False,15,7,49f630ac8d324ba01390c1a1dcaa4386cd94ae84,49f630ac8d324ba01390c1a1dcaa4386cd94ae84,cuda,2.6.0+cu124,SMD/machine-2-3/seed2/smd_cf_val/eval/best_val/attempt1,,True,val,CF_raw,diagnostic,raw,CF_raw,0.4652983208859427,0.8776699035292881,0.3894180353365948,0.9017449599134768,0.4910666304080112,0.9449715370018976,0.7087576374745411,0.33597435510639,0.8546061677332715
eval/SMD/machine-2-3/seed3/smd_cf_val/eval/last,val_ckpt_eval,val_pred_mae_v2,SMD,machine-2-3,3,scripts/configs/smd_cf_val.yaml,last,80,4a00e3084ab766e1c99bbbd464e2fd0eee18e7e0b7cde427d5b8569f902d80e3,0.11216842879439816,val0.2_b18950,train_sub_val,761e8f882fb0c8137b60b5440ac88944ae801e7084f73b3f8f7f46698eb14585,SMD_machine-2-3_pcmci_val0.2_b18950_57a9dd807410cc2a,1.0,False,15,7,49f630ac8d324ba01390c1a1dcaa4386cd94ae84,49f630ac8d324ba01390c1a1dcaa4386cd94ae84,cuda,2.6.0+cu124,SMD/machine-2-3/seed3/smd_cf_val/eval/last/attempt1,,True,val,A_off,fusion,raw,P_raw + C_raw,0.4255641854885917,0.903939129430943,0.3684199072250694,0.9210177889201736,0.4413469129327134,0.9676258992805756,0.8749999999999996,0.47759905008961,0.9413930739666684
eval/SMD/machine-2-3/seed3/smd_cf_val/eval/last,val_ckpt_eval,val_pred_mae_v2,SMD,machine-2-3,3,scripts/configs/smd_cf_val.yaml,last,80,4a00e3084ab766e1c99bbbd464e2fd0eee18e7e0b7cde427d5b8569f902d80e3,0.11216842879439816,val0.2_b18950,train_sub_val,761e8f882fb0c8137b60b5440ac88944ae801e7084f73b3f8f7f46698eb14585,SMD_machine-2-3_pcmci_val0.2_b18950_57a9dd807410cc2a,1.0,False,15,7,49f630ac8d324ba01390c1a1dcaa4386cd94ae84,49f630ac8d324ba01390c1a1dcaa4386cd94ae84,cuda,2.6.0+cu124,SMD/machine-2-3/seed3/smd_cf_val/eval/last/attempt1,,True,val,A_on,fusion,raw,P_raw + C_raw + 1*CF_raw,0.6233287067244287,0.9368548194625888,0.5654964197128419,0.9566190951253046,0.5882303400459601,0.9752380952380952,0.9041095890410952,0.4744886483492065,0.9531925377009688
eval/SMD/machine-2-3/seed3/smd_cf_val/eval/last,val_ckpt_eval,val_pred_mae_v2,SMD,machine-2-3,3,scripts/configs/smd_cf_val.yaml,last,80,4a00e3084ab766e1c99bbbd464e2fd0eee18e7e0b7cde427d5b8569f902d80e3,0.11216842879439816,val0.2_b18950,train_sub_val,761e8f882fb0c8137b60b5440ac88944ae801e7084f73b3f8f7f46698eb14585,SMD_machine-2-3_pcmci_val0.2_b18950_57a9dd807410cc2a,1.0,False,15,7,49f630ac8d324ba01390c1a1dcaa4386cd94ae84,49f630ac8d324ba01390c1a1dcaa4386cd94ae84,cuda,2.6.0+cu124,SMD/machine-2-3/seed3/smd_cf_val/eval/last/attempt1,,True,val,P_raw,diagnostic,raw,P_raw,0.4232632722282842,0.90231770754351,0.3661164276053214,0.9193010779075996,0.438730197919327,0.9693693693693692,0.8811188811188805,0.4823989096944924,0.9359225593903514
eval/SMD/machine-2-3/seed3/smd_cf_val/eval/last,val_ckpt_eval,val_pred_mae_v2,SMD,machine-2-3,3,scripts/configs/smd_cf_val.yaml,last,80,4a00e3084ab766e1c99bbbd464e2fd0eee18e7e0b7cde427d5b8569f902d80e3,0.11216842879439816,val0.2_b18950,train_sub_val,761e8f882fb0c8137b60b5440ac88944ae801e7084f73b3f8f7f46698eb14585,SMD_machine-2-3_pcmci_val0.2_b18950_57a9dd807410cc2a,1.0,False,15,7,49f630ac8d324ba01390c1a1dcaa4386cd94ae84,49f630ac8d324ba01390c1a1dcaa4386cd94ae84,cuda,2.6.0+cu124,SMD/machine-2-3/seed3/smd_cf_val/eval/last/attempt1,,True,val,C_raw,diagnostic,raw,C_raw,0.1754197148171772,0.8289405466467245,0.0785425602813799,0.7233557796178438,0.238488802731051,0.93359375,0.5217391304347823,0.1562529352354929,0.6668236562304398
eval/SMD/machine-2-3/seed3/smd_cf_val/eval/last,val_ckpt_eval,val_pred_mae_v2,SMD,machine-2-3,3,scripts/configs/smd_cf_val.yaml,last,80,4a00e3084ab766e1c99bbbd464e2fd0eee18e7e0b7cde427d5b8569f902d80e3,0.11216842879439816,val0.2_b18950,train_sub_val,761e8f882fb0c8137b60b5440ac88944ae801e7084f73b3f8f7f46698eb14585,SMD_machine-2-3_pcmci_val0.2_b18950_57a9dd807410cc2a,1.0,False,15,7,49f630ac8d324ba01390c1a1dcaa4386cd94ae84,49f630ac8d324ba01390c1a1dcaa4386cd94ae84,cuda,2.6.0+cu124,SMD/machine-2-3/seed3/smd_cf_val/eval/last/attempt1,,True,val,G_raw,diagnostic,raw,G_raw,0.494501678077229,0.8995434580287377,0.2045339571979429,0.7074325849338353,0.5116230446228587,0.9354207436399216,0.5577689243027885,0.2300363588604623,0.7200493221555954
eval/SMD/machine-2-3/seed3/smd_cf_val/eval/last,val_ckpt_eval,val_pred_mae_v2,SMD,machine-2-3,3,scripts/configs/smd_cf_val.yaml,last,80,4a00e3084ab766e1c99bbbd464e2fd0eee18e7e0b7cde427d5b8569f902d80e3,0.11216842879439816,val0.2_b18950,train_sub_val,761e8f882fb0c8137b60b5440ac88944ae801e7084f73b3f8f7f46698eb14585,SMD_machine-2-3_pcmci_val0.2_b18950_57a9dd807410cc2a,1.0,False,15,7,49f630ac8d324ba01390c1a1dcaa4386cd94ae84,49f630ac8d324ba01390c1a1dcaa4386cd94ae84,cuda,2.6.0+cu124,SMD/machine-2-3/seed3/smd_cf_val/eval/last/attempt1,,True,val,CF_raw,diagnostic,raw,CF_raw,0.5656808255788682,0.9196968222131782,0.4013416428379648,0.9255148002714788,0.5485469939997079,0.9390962671905696,0.5681818181818177,0.2609675867701884,0.7588013515100569
eval/SMD/machine-2-3/seed3/smd_cf_val/eval/best_val,val_ckpt_eval,val_pred_mae_v2,SMD,machine-2-3,3,scripts/configs/smd_cf_val.yaml,best_val,80,0cd19cb4f93562643dd21f5b8f24ab7412cf13d48bb0e7f1380e6998fa3660ed,0.11216842879439816,val0.2_b18950,train_sub_val,761e8f882fb0c8137b60b5440ac88944ae801e7084f73b3f8f7f46698eb14585,SMD_machine-2-3_pcmci_val0.2_b18950_57a9dd807410cc2a,1.0,False,15,7,49f630ac8d324ba01390c1a1dcaa4386cd94ae84,49f630ac8d324ba01390c1a1dcaa4386cd94ae84,cuda,2.6.0+cu124,SMD/machine-2-3/seed3/smd_cf_val/eval/best_val/attempt1,,True,val,A_off,fusion,raw,P_raw + C_raw,0.4255641854885917,0.903939129430943,0.3684199072250694,0.9210177889201736,0.4413469129327134,0.9676258992805756,0.8749999999999996,0.47759905008961,0.9413930739666684
eval/SMD/machine-2-3/seed3/smd_cf_val/eval/best_val,val_ckpt_eval,val_pred_mae_v2,SMD,machine-2-3,3,scripts/configs/smd_cf_val.yaml,best_val,80,0cd19cb4f93562643dd21f5b8f24ab7412cf13d48bb0e7f1380e6998fa3660ed,0.11216842879439816,val0.2_b18950,train_sub_val,761e8f882fb0c8137b60b5440ac88944ae801e7084f73b3f8f7f46698eb14585,SMD_machine-2-3_pcmci_val0.2_b18950_57a9dd807410cc2a,1.0,False,15,7,49f630ac8d324ba01390c1a1dcaa4386cd94ae84,49f630ac8d324ba01390c1a1dcaa4386cd94ae84,cuda,2.6.0+cu124,SMD/machine-2-3/seed3/smd_cf_val/eval/best_val/attempt1,,True,val,A_on,fusion,raw,P_raw + C_raw + 1*CF_raw,0.6233287067244287,0.9368548194625888,0.5654964197128419,0.9566190951253046,0.5882303400459601,0.9752380952380952,0.9041095890410952,0.4744886483492065,0.9531925377009688
eval/SMD/machine-2-3/seed3/smd_cf_val/eval/best_val,val_ckpt_eval,val_pred_mae_v2,SMD,machine-2-3,3,scripts/configs/smd_cf_val.yaml,best_val,80,0cd19cb4f93562643dd21f5b8f24ab7412cf13d48bb0e7f1380e6998fa3660ed,0.11216842879439816,val0.2_b18950,train_sub_val,761e8f882fb0c8137b60b5440ac88944ae801e7084f73b3f8f7f46698eb14585,SMD_machine-2-3_pcmci_val0.2_b18950_57a9dd807410cc2a,1.0,False,15,7,49f630ac8d324ba01390c1a1dcaa4386cd94ae84,49f630ac8d324ba01390c1a1dcaa4386cd94ae84,cuda,2.6.0+cu124,SMD/machine-2-3/seed3/smd_cf_val/eval/best_val/attempt1,,True,val,P_raw,diagnostic,raw,P_raw,0.4232632722282842,0.90231770754351,0.3661164276053214,0.9193010779075996,0.438730197919327,0.9693693693693692,0.8811188811188805,0.4823989096944924,0.9359225593903514
eval/SMD/machine-2-3/seed3/smd_cf_val/eval/best_val,val_ckpt_eval,val_pred_mae_v2,SMD,machine-2-3,3,scripts/configs/smd_cf_val.yaml,best_val,80,0cd19cb4f93562643dd21f5b8f24ab7412cf13d48bb0e7f1380e6998fa3660ed,0.11216842879439816,val0.2_b18950,train_sub_val,761e8f882fb0c8137b60b5440ac88944ae801e7084f73b3f8f7f46698eb14585,SMD_machine-2-3_pcmci_val0.2_b18950_57a9dd807410cc2a,1.0,False,15,7,49f630ac8d324ba01390c1a1dcaa4386cd94ae84,49f630ac8d324ba01390c1a1dcaa4386cd94ae84,cuda,2.6.0+cu124,SMD/machine-2-3/seed3/smd_cf_val/eval/best_val/attempt1,,True,val,C_raw,diagnostic,raw,C_raw,0.1754197148171772,0.8289405466467245,0.0785425602813799,0.7233557796178438,0.238488802731051,0.93359375,0.5217391304347823,0.1562529352354929,0.6668236562304398
eval/SMD/machine-2-3/seed3/smd_cf_val/eval/best_val,val_ckpt_eval,val_pred_mae_v2,SMD,machine-2-3,3,scripts/configs/smd_cf_val.yaml,best_val,80,0cd19cb4f93562643dd21f5b8f24ab7412cf13d48bb0e7f1380e6998fa3660ed,0.11216842879439816,val0.2_b18950,train_sub_val,761e8f882fb0c8137b60b5440ac88944ae801e7084f73b3f8f7f46698eb14585,SMD_machine-2-3_pcmci_val0.2_b18950_57a9dd807410cc2a,1.0,False,15,7,49f630ac8d324ba01390c1a1dcaa4386cd94ae84,49f630ac8d324ba01390c1a1dcaa4386cd94ae84,cuda,2.6.0+cu124,SMD/machine-2-3/seed3/smd_cf_val/eval/best_val/attempt1,,True,val,G_raw,diagnostic,raw,G_raw,0.494501678077229,0.8995434580287377,0.2045339571979429,0.7074325849338353,0.5116230446228587,0.9354207436399216,0.5577689243027885,0.2300363588604623,0.7200493221555954
eval/SMD/machine-2-3/seed3/smd_cf_val/eval/best_val,val_ckpt_eval,val_pred_mae_v2,SMD,machine-2-3,3,scripts/configs/smd_cf_val.yaml,best_val,80,0cd19cb4f93562643dd21f5b8f24ab7412cf13d48bb0e7f1380e6998fa3660ed,0.11216842879439816,val0.2_b18950,train_sub_val,761e8f882fb0c8137b60b5440ac88944ae801e7084f73b3f8f7f46698eb14585,SMD_machine-2-3_pcmci_val0.2_b18950_57a9dd807410cc2a,1.0,False,15,7,49f630ac8d324ba01390c1a1dcaa4386cd94ae84,49f630ac8d324ba01390c1a1dcaa4386cd94ae84,cuda,2.6.0+cu124,SMD/machine-2-3/seed3/smd_cf_val/eval/best_val/attempt1,,True,val,CF_raw,diagnostic,raw,CF_raw,0.5656808255788682,0.9196968222131782,0.4013416428379648,0.9255148002714788,0.5485469939997079,0.9390962671905696,0.5681818181818177,0.2609675867701884,0.7588013515100569
eval/SMD/machine-2-4/seed0/smd_cf_val/eval/last,val_ckpt_eval,val_pred_mae_v2,SMD,machine-2-4,0,scripts/configs/smd_cf_val.yaml,last,80,019bde2ce7ee3a43d39953a0ea8f5fc79818540a0f64f476045c97c0db1ca49c,0.15568759293815246,val0.2_b18951,train_sub_val,3be861a5ff236c5d3eccd28ce87b4c557ab6ac96864c63cec2f001d7282e5a09,SMD_machine-2-4_pcmci_val0.2_b18951_87d46061da6b7824,1.0,False,15,4,49f630ac8d324ba01390c1a1dcaa4386cd94ae84,49f630ac8d324ba01390c1a1dcaa4386cd94ae84,cuda,2.6.0+cu124,SMD/machine-2-4/seed0/smd_cf_val/eval/last/attempt1,,True,val,A_off,fusion,raw,P_raw + C_raw,0.4023301232304865,0.7451135723269643,0.3953023058391985,0.7491069363911406,0.3923406195296447,0.9944232462577048,0.9752925877763324,0.5133465256381782,0.9333271141337166
eval/SMD/machine-2-4/seed0/smd_cf_val/eval/last,val_ckpt_eval,val_pred_mae_v2,SMD,machine-2-4,0,scripts/configs/smd_cf_val.yaml,last,80,019bde2ce7ee3a43d39953a0ea8f5fc79818540a0f64f476045c97c0db1ca49c,0.15568759293815246,val0.2_b18951,train_sub_val,3be861a5ff236c5d3eccd28ce87b4c557ab6ac96864c63cec2f001d7282e5a09,SMD_machine-2-4_pcmci_val0.2_b18951_87d46061da6b7824,1.0,False,15,4,49f630ac8d324ba01390c1a1dcaa4386cd94ae84,49f630ac8d324ba01390c1a1dcaa4386cd94ae84,cuda,2.6.0+cu124,SMD/machine-2-4/seed0/smd_cf_val/eval/last/attempt1,,True,val,A_on,fusion,raw,P_raw + C_raw + 1*CF_raw,0.4207124714358677,0.7943250701235121,0.4005958078175221,0.7988370243207193,0.3754426595130862,0.982949446604846,0.8806852947175193,0.4334446890923339,0.8768735498357138
eval/SMD/machine-2-4/seed0/smd_cf_val/eval/last,val_ckpt_eval,val_pred_mae_v2,SMD,machine-2-4,0,scripts/configs/smd_cf_val.yaml,last,80,019bde2ce7ee3a43d39953a0ea8f5fc79818540a0f64f476045c97c0db1ca49c,0.15568759293815246,val0.2_b18951,train_sub_val,3be861a5ff236c5d3eccd28ce87b4c557ab6ac96864c63cec2f001d7282e5a09,SMD_machine-2-4_pcmci_val0.2_b18951_87d46061da6b7824,1.0,False,15,4,49f630ac8d324ba01390c1a1dcaa4386cd94ae84,49f630ac8d324ba01390c1a1dcaa4386cd94ae84,cuda,2.6.0+cu124,SMD/machine-2-4/seed0/smd_cf_val/eval/last/attempt1,,True,val,P_raw,diagnostic,raw,P_raw,0.4011690942521319,0.7435944130379846,0.3940371915320659,0.7475131517535338,0.3921700319325492,0.9947152084556664,0.9765013054830282,0.5157970181592861,0.9354297005091108
eval/SMD/machine-2-4/seed0/smd_cf_val/eval/last,val_ckpt_eval,val_pred_mae_v2,SMD,machine-2-4,0,scripts/configs/smd_cf_val.yaml,last,80,019bde2ce7ee3a43d39953a0ea8f5fc79818540a0f64f476045c97c0db1ca49c,0.15568759293815246,val0.2_b18951,train_sub_val,3be861a5ff236c5d3eccd28ce87b4c557ab6ac96864c63cec2f001d7282e5a09,SMD_machine-2-4_pcmci_val0.2_b18951_87d46061da6b7824,1.0,False,15,4,49f630ac8d324ba01390c1a1dcaa4386cd94ae84,49f630ac8d324ba01390c1a1dcaa4386cd94ae84,cuda,2.6.0+cu124,SMD/machine-2-4/seed0/smd_cf_val/eval/last/attempt1,,True,val,C_raw,diagnostic,raw,C_raw,0.1647506479937494,0.7449103733609161,0.1607043846364272,0.7373150858252254,0.2542632795530447,0.7318938371569951,0.3026358607224207,0.17906831043115,0.7156734623119316
eval/SMD/machine-2-4/seed0/smd_cf_val/eval/last,val_ckpt_eval,val_pred_mae_v2,SMD,machine-2-4,0,scripts/configs/smd_cf_val.yaml,last,80,019bde2ce7ee3a43d39953a0ea8f5fc79818540a0f64f476045c97c0db1ca49c,0.15568759293815246,val0.2_b18951,train_sub_val,3be861a5ff236c5d3eccd28ce87b4c557ab6ac96864c63cec2f001d7282e5a09,SMD_machine-2-4_pcmci_val0.2_b18951_87d46061da6b7824,1.0,False,15,4,49f630ac8d324ba01390c1a1dcaa4386cd94ae84,49f630ac8d324ba01390c1a1dcaa4386cd94ae84,cuda,2.6.0+cu124,SMD/machine-2-4/seed0/smd_cf_val/eval/last/attempt1,,True,val,G_raw,diagnostic,raw,G_raw,0.5961160112557843,0.9219974399293058,0.5109813238466536,0.9068921043999116,0.5747018749868056,0.9667581579749924,0.6158067135138158,0.3877340241843721,0.8044051151731153
eval/SMD/machine-2-4/seed0/smd_cf_val/eval/last,val_ckpt_eval,val_pred_mae_v2,SMD,machine-2-4,0,scripts/configs/smd_cf_val.yaml,last,80,019bde2ce7ee3a43d39953a0ea8f5fc79818540a0f64f476045c97c0db1ca49c,0.15568759293815246,val0.2_b18951,train_sub_val,3be861a5ff236c5d3eccd28ce87b4c557ab6ac96864c63cec2f001d7282e5a09,SMD_machine-2-4_pcmci_val0.2_b18951_87d46061da6b7824,1.0,False,15,4,49f630ac8d324ba01390c1a1dcaa4386cd94ae84,49f630ac8d324ba01390c1a1dcaa4386cd94ae84,cuda,2.6.0+cu124,SMD/machine-2-4/seed0/smd_cf_val/eval/last/attempt1,,True,val,CF_raw,diagnostic,raw,CF_raw,0.3736362715830846,0.7771822247945483,0.3204953092289426,0.7780376322422531,0.360911934022098,0.9744974497449744,0.6307947019867545,0.403269291839327,0.7627893851123524
eval/SMD/machine-2-4/seed0/smd_cf_val/eval/best_val,val_ckpt_eval,val_pred_mae_v2,SMD,machine-2-4,0,scripts/configs/smd_cf_val.yaml,best_val,73,bc69c90252cc37fe0fecd373e8ba0dce44fb4fd6643b754122f7ab0ffa5021a6,0.15433713975352684,val0.2_b18951,train_sub_val,3be861a5ff236c5d3eccd28ce87b4c557ab6ac96864c63cec2f001d7282e5a09,SMD_machine-2-4_pcmci_val0.2_b18951_87d46061da6b7824,1.0,False,15,4,49f630ac8d324ba01390c1a1dcaa4386cd94ae84,49f630ac8d324ba01390c1a1dcaa4386cd94ae84,cuda,2.6.0+cu124,SMD/machine-2-4/seed0/smd_cf_val/eval/best_val/attempt1,,True,val,A_off,fusion,raw,P_raw + C_raw,0.3979027212044809,0.7435516682237737,0.3909653734619795,0.7475419355087348,0.3915734021776583,0.994131455399061,0.974093264248704,0.5114644924508992,0.9344512511230848
eval/SMD/machine-2-4/seed0/smd_cf_val/eval/best_val,val_ckpt_eval,val_pred_mae_v2,SMD,machine-2-4,0,scripts/configs/smd_cf_val.yaml,best_val,73,bc69c90252cc37fe0fecd373e8ba0dce44fb4fd6643b754122f7ab0ffa5021a6,0.15433713975352684,val0.2_b18951,train_sub_val,3be861a5ff236c5d3eccd28ce87b4c557ab6ac96864c63cec2f001d7282e5a09,SMD_machine-2-4_pcmci_val0.2_b18951_87d46061da6b7824,1.0,False,15,4,49f630ac8d324ba01390c1a1dcaa4386cd94ae84,49f630ac8d324ba01390c1a1dcaa4386cd94ae84,cuda,2.6.0+cu124,SMD/machine-2-4/seed0/smd_cf_val/eval/best_val/attempt1,,True,val,A_on,fusion,raw,P_raw + C_raw + 1*CF_raw,0.4207399795295765,0.7987921448563758,0.3981603904259377,0.8033231311611173,0.3773727303698251,0.9822982298229824,0.8625984777673915,0.4463235198971619,0.8721293300423552
eval/SMD/machine-2-4/seed0/smd_cf_val/eval/best_val,val_ckpt_eval,val_pred_mae_v2,SMD,machine-2-4,0,scripts/configs/smd_cf_val.yaml,best_val,73,bc69c90252cc37fe0fecd373e8ba0dce44fb4fd6643b754122f7ab0ffa5021a6,0.15433713975352684,val0.2_b18951,train_sub_val,3be861a5ff236c5d3eccd28ce87b4c557ab6ac96864c63cec2f001d7282e5a09,SMD_machine-2-4_pcmci_val0.2_b18951_87d46061da6b7824,1.0,False,15,4,49f630ac8d324ba01390c1a1dcaa4386cd94ae84,49f630ac8d324ba01390c1a1dcaa4386cd94ae84,cuda,2.6.0+cu124,SMD/machine-2-4/seed0/smd_cf_val/eval/best_val/attempt1,,True,val,P_raw,diagnostic,raw,P_raw,0.3968477430710549,0.742050739920252,0.3898903668702089,0.745976340037261,0.3917489220913963,0.994131455399061,0.9740259740259736,0.5114644924508992,0.9334931461420998
eval/SMD/machine-2-4/seed0/smd_cf_val/eval/best_val,val_ckpt_eval,val_pred_mae_v2,SMD,machine-2-4,0,scripts/configs/smd_cf_val.yaml,best_val,73,bc69c90252cc37fe0fecd373e8ba0dce44fb4fd6643b754122f7ab0ffa5021a6,0.15433713975352684,val0.2_b18951,train_sub_val,3be861a5ff236c5d3eccd28ce87b4c557ab6ac96864c63cec2f001d7282e5a09,SMD_machine-2-4_pcmci_val0.2_b18951_87d46061da6b7824,1.0,False,15,4,49f630ac8d324ba01390c1a1dcaa4386cd94ae84,49f630ac8d324ba01390c1a1dcaa4386cd94ae84,cuda,2.6.0+cu124,SMD/machine-2-4/seed0/smd_cf_val/eval/best_val/attempt1,,True,val,C_raw,diagnostic,raw,C_raw,0.1594974967145435,0.7407530374325361,0.1575641847814422,0.7316549152414931,0.2539339891592653,0.6949477723299936,0.2910013430831216,0.1757657767983136,0.7116325430417504
eval/SMD/machine-2-4/seed0/smd_cf_val/eval/best_val,val_ckpt_eval,val_pred_mae_v2,SMD,machine-2-4,0,scripts/configs/smd_cf_val.yaml,best_val,73,bc69c90252cc37fe0fecd373e8ba0dce44fb4fd6643b754122f7ab0ffa5021a6,0.15433713975352684,val0.2_b18951,train_sub_val,3be861a5ff236c5d3eccd28ce87b4c557ab6ac96864c63cec2f001d7282e5a09,SMD_machine-2-4_pcmci_val0.2_b18951_87d46061da6b7824,1.0,False,15,4,49f630ac8d324ba01390c1a1dcaa4386cd94ae84,49f630ac8d324ba01390c1a1dcaa4386cd94ae84,cuda,2.6.0+cu124,SMD/machine-2-4/seed0/smd_cf_val/eval/best_val/attempt1,,True,val,G_raw,diagnostic,raw,G_raw,0.589367098128555,0.921829293321896,0.509096014740779,0.9075239921650786,0.570411077924816,0.9667581579749924,0.6244422533799022,0.4005936612452503,0.8016429932693165
eval/SMD/machine-2-4/seed0/smd_cf_val/eval/best_val,val_ckpt_eval,val_pred_mae_v2,SMD,machine-2-4,0,scripts/configs/smd_cf_val.yaml,best_val,73,bc69c90252cc37fe0fecd373e8ba0dce44fb4fd6643b754122f7ab0ffa5021a6,0.15433713975352684,val0.2_b18951,train_sub_val,3be861a5ff236c5d3eccd28ce87b4c557ab6ac96864c63cec2f001d7282e5a09,SMD_machine-2-4_pcmci_val0.2_b18951_87d46061da6b7824,1.0,False,15,4,49f630ac8d324ba01390c1a1dcaa4386cd94ae84,49f630ac8d324ba01390c1a1dcaa4386cd94ae84,cuda,2.6.0+cu124,SMD/machine-2-4/seed0/smd_cf_val/eval/best_val/attempt1,,True,val,CF_raw,diagnostic,raw,CF_raw,0.3786952859813618,0.78356907062571,0.3236355399813064,0.7846268656628764,0.3626275485833566,0.9759615384615384,0.6100365917407208,0.4290149220063948,0.7750084268262132
eval/SMD/machine-2-4/seed1/smd_cf_val/eval/last,val_ckpt_eval,val_pred_mae_v2,SMD,machine-2-4,1,scripts/configs/smd_cf_val.yaml,last,80,c80ce1f0d8655e297b8fbd1cfb757a1860671cc0c4e6798e71ee67cb47f14591,0.1564432809383947,val0.2_b18951,train_sub_val,3be861a5ff236c5d3eccd28ce87b4c557ab6ac96864c63cec2f001d7282e5a09,SMD_machine-2-4_pcmci_val0.2_b18951_87d46061da6b7824,1.0,False,15,4,49f630ac8d324ba01390c1a1dcaa4386cd94ae84,49f630ac8d324ba01390c1a1dcaa4386cd94ae84,cuda,2.6.0+cu124,SMD/machine-2-4/seed1/smd_cf_val/eval/last/attempt1,,True,val,A_off,fusion,raw,P_raw + C_raw,0.3865572424762065,0.7331133282089677,0.3798319094987558,0.7372054546391485,0.3849519978281424,0.9944232462577048,0.9752281616688392,0.5119734553908266,0.9258753763284584
eval/SMD/machine-2-4/seed1/smd_cf_val/eval/last,val_ckpt_eval,val_pred_mae_v2,SMD,machine-2-4,1,scripts/configs/smd_cf_val.yaml,last,80,c80ce1f0d8655e297b8fbd1cfb757a1860671cc0c4e6798e71ee67cb47f14591,0.1564432809383947,val0.2_b18951,train_sub_val,3be861a5ff236c5d3eccd28ce87b4c557ab6ac96864c63cec2f001d7282e5a09,SMD_machine-2-4_pcmci_val0.2_b18951_87d46061da6b7824,1.0,False,15,4,49f630ac8d324ba01390c1a1dcaa4386cd94ae84,49f630ac8d324ba01390c1a1dcaa4386cd94ae84,cuda,2.6.0+cu124,SMD/machine-2-4/seed1/smd_cf_val/eval/last/attempt1,,True,val,A_on,fusion,raw,P_raw + C_raw + 1*CF_raw,0.4400398706464083,0.8081726849682491,0.4221932028105094,0.8125345419967946,0.395372567506823,0.9854036341972,0.9088964927288274,0.4696199540103553,0.85521796512271
eval/SMD/machine-2-4/seed1/smd_cf_val/eval/last,val_ckpt_eval,val_pred_mae_v2,SMD,machine-2-4,1,scripts/configs/smd_cf_val.yaml,last,80,c80ce1f0d8655e297b8fbd1cfb757a1860671cc0c4e6798e71ee67cb47f14591,0.1564432809383947,val0.2_b18951,train_sub_val,3be861a5ff236c5d3eccd28ce87b4c557ab6ac96864c63cec2f001d7282e5a09,SMD_machine-2-4_pcmci_val0.2_b18951_87d46061da6b7824,1.0,False,15,4,49f630ac8d324ba01390c1a1dcaa4386cd94ae84,49f630ac8d324ba01390c1a1dcaa4386cd94ae84,cuda,2.6.0+cu124,SMD/machine-2-4/seed1/smd_cf_val/eval/last/attempt1,,True,val,P_raw,diagnostic,raw,P_raw,0.387405934557098,0.7349666058823953,0.3806396218089679,0.739006174782341,0.3853254447311393,0.9944232462577048,0.9752281616688392,0.5119734553908266,0.9258753763284584
eval/SMD/machine-2-4/seed1/smd_cf_val/eval/last,val_ckpt_eval,val_pred_mae_v2,SMD,machine-2-4,1,scripts/configs/smd_cf_val.yaml,last,80,c80ce1f0d8655e297b8fbd1cfb757a1860671cc0c4e6798e71ee67cb47f14591,0.1564432809383947,val0.2_b18951,train_sub_val,3be861a5ff236c5d3eccd28ce87b4c557ab6ac96864c63cec2f001d7282e5a09,SMD_machine-2-4_pcmci_val0.2_b18951_87d46061da6b7824,1.0,False,15,4,49f630ac8d324ba01390c1a1dcaa4386cd94ae84,49f630ac8d324ba01390c1a1dcaa4386cd94ae84,cuda,2.6.0+cu124,SMD/machine-2-4/seed1/smd_cf_val/eval/last/attempt1,,True,val,C_raw,diagnostic,raw,C_raw,0.1127099524727629,0.536585614050199,0.1020041082416829,0.526067108890269,0.1977803888711665,0.8432229856339788,0.4138250555967379,0.18731302139302,0.681515531289771
eval/SMD/machine-2-4/seed1/smd_cf_val/eval/last,val_ckpt_eval,val_pred_mae_v2,SMD,machine-2-4,1,scripts/configs/smd_cf_val.yaml,last,80,c80ce1f0d8655e297b8fbd1cfb757a1860671cc0c4e6798e71ee67cb47f14591,0.1564432809383947,val0.2_b18951,train_sub_val,3be861a5ff236c5d3eccd28ce87b4c557ab6ac96864c63cec2f001d7282e5a09,SMD_machine-2-4_pcmci_val0.2_b18951_87d46061da6b7824,1.0,False,15,4,49f630ac8d324ba01390c1a1dcaa4386cd94ae84,49f630ac8d324ba01390c1a1dcaa4386cd94ae84,cuda,2.6.0+cu124,SMD/machine-2-4/seed1/smd_cf_val/eval/last/attempt1,,True,val,G_raw,diagnostic,raw,G_raw,0.4892681173419564,0.8495400394863276,0.3541569858869504,0.8237235790593729,0.4374707836609197,0.9615384615384616,0.563521860239796,0.3705217886679823,0.7224513376170839
eval/SMD/machine-2-4/seed1/smd_cf_val/eval/last,val_ckpt_eval,val_pred_mae_v2,SMD,machine-2-4,1,scripts/configs/smd_cf_val.yaml,last,80,c80ce1f0d8655e297b8fbd1cfb757a1860671cc0c4e6798e71ee67cb47f14591,0.1564432809383947,val0.2_b18951,train_sub_val,3be861a5ff236c5d3eccd28ce87b4c557ab6ac96864c63cec2f001d7282e5a09,SMD_machine-2-4_pcmci_val0.2_b18951_87d46061da6b7824,1.0,False,15,4,49f630ac8d324ba01390c1a1dcaa4386cd94ae84,49f630ac8d324ba01390c1a1dcaa4386cd94ae84,cuda,2.6.0+cu124,SMD/machine-2-4/seed1/smd_cf_val/eval/last/attempt1,,True,val,CF_raw,diagnostic,raw,CF_raw,0.4140205925699088,0.7881158085895812,0.3502687305109923,0.7884879917786225,0.3894357035980204,0.9756683688795434,0.6662167861661741,0.4418607056777232,0.7404885394833199
eval/SMD/machine-2-4/seed1/smd_cf_val/eval/best_val,val_ckpt_eval,val_pred_mae_v2,SMD,machine-2-4,1,scripts/configs/smd_cf_val.yaml,best_val,68,76a562823436f1e379d572fcf7f2403d45e04b9d5ae91c23a6acc7cc8dfa14ef,0.15552545962214961,val0.2_b18951,train_sub_val,3be861a5ff236c5d3eccd28ce87b4c557ab6ac96864c63cec2f001d7282e5a09,SMD_machine-2-4_pcmci_val0.2_b18951_87d46061da6b7824,1.0,False,15,4,49f630ac8d324ba01390c1a1dcaa4386cd94ae84,49f630ac8d324ba01390c1a1dcaa4386cd94ae84,cuda,2.6.0+cu124,SMD/machine-2-4/seed1/smd_cf_val/eval/best_val/attempt1,,True,val,A_off,fusion,raw,P_raw + C_raw,0.3874300132993029,0.7317692293399976,0.3803567965029625,0.7357796399495913,0.3873233959819766,0.994131455399061,0.9741602067183456,0.5108191883522731,0.9250103245874408
eval/SMD/machine-2-4/seed1/smd_cf_val/eval/best_val,val_ckpt_eval,val_pred_mae_v2,SMD,machine-2-4,1,scripts/configs/smd_cf_val.yaml,best_val,68,76a562823436f1e379d572fcf7f2403d45e04b9d5ae91c23a6acc7cc8dfa14ef,0.15552545962214961,val0.2_b18951,train_sub_val,3be861a5ff236c5d3eccd28ce87b4c557ab6ac96864c63cec2f001d7282e5a09,SMD_machine-2-4_pcmci_val0.2_b18951_87d46061da6b7824,1.0,False,15,4,49f630ac8d324ba01390c1a1dcaa4386cd94ae84,49f630ac8d324ba01390c1a1dcaa4386cd94ae84,cuda,2.6.0+cu124,SMD/machine-2-4/seed1/smd_cf_val/eval/best_val/attempt1,,True,val,A_on,fusion,raw,P_raw + C_raw + 1*CF_raw,0.4301777188049408,0.7999751451793247,0.4084060766859773,0.8042175017545846,0.3869869034736714,0.9848169097945816,0.9067946094687076,0.4454867391370309,0.8536901020512093
eval/SMD/machine-2-4/seed1/smd_cf_val/eval/best_val,val_ckpt_eval,val_pred_mae_v2,SMD,machine-2-4,1,scripts/configs/smd_cf_val.yaml,best_val,68,76a562823436f1e379d572fcf7f2403d45e04b9d5ae91c23a6acc7cc8dfa14ef,0.15552545962214961,val0.2_b18951,train_sub_val,3be861a5ff236c5d3eccd28ce87b4c557ab6ac96864c63cec2f001d7282e5a09,SMD_machine-2-4_pcmci_val0.2_b18951_87d46061da6b7824,1.0,False,15,4,49f630ac8d324ba01390c1a1dcaa4386cd94ae84,49f630ac8d324ba01390c1a1dcaa4386cd94ae84,cuda,2.6.0+cu124,SMD/machine-2-4/seed1/smd_cf_val/eval/best_val/attempt1,,True,val,P_raw,diagnostic,raw,P_raw,0.388306354759486,0.7336579889681863,0.3815639260112303,0.7376736364451313,0.3878966417479272,0.9944232462577048,0.9752281616688392,0.5119734553908266,0.9260862147217797
eval/SMD/machine-2-4/seed1/smd_cf_val/eval/best_val,val_ckpt_eval,val_pred_mae_v2,SMD,machine-2-4,1,scripts/configs/smd_cf_val.yaml,best_val,68,76a562823436f1e379d572fcf7f2403d45e04b9d5ae91c23a6acc7cc8dfa14ef,0.15552545962214961,val0.2_b18951,train_sub_val,3be861a5ff236c5d3eccd28ce87b4c557ab6ac96864c63cec2f001d7282e5a09,SMD_machine-2-4_pcmci_val0.2_b18951_87d46061da6b7824,1.0,False,15,4,49f630ac8d324ba01390c1a1dcaa4386cd94ae84,49f630ac8d324ba01390c1a1dcaa4386cd94ae84,cuda,2.6.0+cu124,SMD/machine-2-4/seed1/smd_cf_val/eval/best_val/attempt1,,True,val,C_raw,diagnostic,raw,C_raw,0.1282006713601243,0.5396169785409219,0.1097157695424443,0.5280106061415033,0.2098773194681974,0.8183206106870229,0.4390243902439019,0.1824767181560406,0.6806363362576061
eval/SMD/machine-2-4/seed1/smd_cf_val/eval/best_val,val_ckpt_eval,val_pred_mae_v2,SMD,machine-2-4,1,scripts/configs/smd_cf_val.yaml,best_val,68,76a562823436f1e379d572fcf7f2403d45e04b9d5ae91c23a6acc7cc8dfa14ef,0.15552545962214961,val0.2_b18951,train_sub_val,3be861a5ff236c5d3eccd28ce87b4c557ab6ac96864c63cec2f001d7282e5a09,SMD_machine-2-4_pcmci_val0.2_b18951_87d46061da6b7824,1.0,False,15,4,49f630ac8d324ba01390c1a1dcaa4386cd94ae84,49f630ac8d324ba01390c1a1dcaa4386cd94ae84,cuda,2.6.0+cu124,SMD/machine-2-4/seed1/smd_cf_val/eval/best_val/attempt1,,True,val,G_raw,diagnostic,raw,G_raw,0.4421832743243364,0.8254554980839476,0.2993077323493234,0.7937959868474963,0.3970926943215756,0.945945945945946,0.4927684482709625,0.3672067249346014,0.7323103814751332
eval/SMD/machine-2-4/seed1/smd_cf_val/eval/best_val,val_ckpt_eval,val_pred_mae_v2,SMD,machine-2-4,1,scripts/configs/smd_cf_val.yaml,best_val,68,76a562823436f1e379d572fcf7f2403d45e04b9d5ae91c23a6acc7cc8dfa14ef,0.15552545962214961,val0.2_b18951,train_sub_val,3be861a5ff236c5d3eccd28ce87b4c557ab6ac96864c63cec2f001d7282e5a09,SMD_machine-2-4_pcmci_val0.2_b18951_87d46061da6b7824,1.0,False,15,4,49f630ac8d324ba01390c1a1dcaa4386cd94ae84,49f630ac8d324ba01390c1a1dcaa4386cd94ae84,cuda,2.6.0+cu124,SMD/machine-2-4/seed1/smd_cf_val/eval/best_val/attempt1,,True,val,CF_raw,diagnostic,raw,CF_raw,0.4041487500441854,0.7775289625651014,0.3278799251620858,0.7770851284177082,0.3841075369725526,0.9747899159663864,0.5640790078089108,0.4289212529854702,0.711662446898211
eval/SMD/machine-2-4/seed2/smd_cf_val/eval/last,val_ckpt_eval,val_pred_mae_v2,SMD,machine-2-4,2,scripts/configs/smd_cf_val.yaml,last,80,8ae8c057413a804d0ec2a31cd279392446a551aedfb8212c99490419ea5edb9f,0.15537046941179442,val0.2_b18951,train_sub_val,3be861a5ff236c5d3eccd28ce87b4c557ab6ac96864c63cec2f001d7282e5a09,SMD_machine-2-4_pcmci_val0.2_b18951_87d46061da6b7824,1.0,False,15,4,49f630ac8d324ba01390c1a1dcaa4386cd94ae84,49f630ac8d324ba01390c1a1dcaa4386cd94ae84,cuda,2.6.0+cu124,SMD/machine-2-4/seed2/smd_cf_val/eval/last/attempt1,,True,val,A_off,fusion,raw,P_raw + C_raw,0.3930906566285523,0.7356189610196292,0.3864498035330179,0.7395684799467195,0.3901087256432429,0.9947152084556664,0.9764397905759156,0.5143782226861974,0.9309508709902504
eval/SMD/machine-2-4/seed2/smd_cf_val/eval/last,val_ckpt_eval,val_pred_mae_v2,SMD,machine-2-4,2,scripts/configs/smd_cf_val.yaml,last,80,8ae8c057413a804d0ec2a31cd279392446a551aedfb8212c99490419ea5edb9f,0.15537046941179442,val0.2_b18951,train_sub_val,3be861a5ff236c5d3eccd28ce87b4c557ab6ac96864c63cec2f001d7282e5a09,SMD_machine-2-4_pcmci_val0.2_b18951_87d46061da6b7824,1.0,False,15,4,49f630ac8d324ba01390c1a1dcaa4386cd94ae84,49f630ac8d324ba01390c1a1dcaa4386cd94ae84,cuda,2.6.0+cu124,SMD/machine-2-4/seed2/smd_cf_val/eval/last/attempt1,,True,val,A_on,fusion,raw,P_raw + C_raw + 1*CF_raw,0.3951417244102053,0.7697305981234597,0.3530690040929936,0.7738905411406403,0.3572691853078422,0.9667549279199764,0.7950038477475873,0.4546124763284033,0.8084040976590167
eval/SMD/machine-2-4/seed2/smd_cf_val/eval/last,val_ckpt_eval,val_pred_mae_v2,SMD,machine-2-4,2,scripts/configs/smd_cf_val.yaml,last,80,8ae8c057413a804d0ec2a31cd279392446a551aedfb8212c99490419ea5edb9f,0.15537046941179442,val0.2_b18951,train_sub_val,3be861a5ff236c5d3eccd28ce87b4c557ab6ac96864c63cec2f001d7282e5a09,SMD_machine-2-4_pcmci_val0.2_b18951_87d46061da6b7824,1.0,False,15,4,49f630ac8d324ba01390c1a1dcaa4386cd94ae84,49f630ac8d324ba01390c1a1dcaa4386cd94ae84,cuda,2.6.0+cu124,SMD/machine-2-4/seed2/smd_cf_val/eval/last/attempt1,,True,val,P_raw,diagnostic,raw,P_raw,0.3930009204744619,0.7355031714396765,0.3864456081380774,0.739418438238591,0.390811328685713,0.9947152084556664,0.9764397905759156,0.5143782226861974,0.9309508709902504
eval/SMD/machine-2-4/seed2/smd_cf_val/eval/last,val_ckpt_eval,val_pred_mae_v2,SMD,machine-2-4,2,scripts/configs/smd_cf_val.yaml,last,80,8ae8c057413a804d0ec2a31cd279392446a551aedfb8212c99490419ea5edb9f,0.15537046941179442,val0.2_b18951,train_sub_val,3be861a5ff236c5d3eccd28ce87b4c557ab6ac96864c63cec2f001d7282e5a09,SMD_machine-2-4_pcmci_val0.2_b18951_87d46061da6b7824,1.0,False,15,4,49f630ac8d324ba01390c1a1dcaa4386cd94ae84,49f630ac8d324ba01390c1a1dcaa4386cd94ae84,cuda,2.6.0+cu124,SMD/machine-2-4/seed2/smd_cf_val/eval/last/attempt1,,True,val,C_raw,diagnostic,raw,C_raw,0.0900706423526478,0.6221172623428605,0.0924774887735102,0.6261735765325971,0.1782553586489765,0.7285266457680251,0.1913451511991656,0.1700874587365823,0.7016979009781651
eval/SMD/machine-2-4/seed2/smd_cf_val/eval/last,val_ckpt_eval,val_pred_mae_v2,SMD,machine-2-4,2,scripts/configs/smd_cf_val.yaml,last,80,8ae8c057413a804d0ec2a31cd279392446a551aedfb8212c99490419ea5edb9f,0.15537046941179442,val0.2_b18951,train_sub_val,3be861a5ff236c5d3eccd28ce87b4c557ab6ac96864c63cec2f001d7282e5a09,SMD_machine-2-4_pcmci_val0.2_b18951_87d46061da6b7824,1.0,False,15,4,49f630ac8d324ba01390c1a1dcaa4386cd94ae84,49f630ac8d324ba01390c1a1dcaa4386cd94ae84,cuda,2.6.0+cu124,SMD/machine-2-4/seed2/smd_cf_val/eval/last/attempt1,,True,val,G_raw,diagnostic,raw,G_raw,0.6938826579369826,0.9235131221746672,0.6456974907279036,0.9031305317578904,0.6862695672875077,0.9690157958687728,0.8348369899528394,0.4603928072722543,0.8716458954303403
eval/SMD/machine-2-4/seed2/smd_cf_val/eval/last,val_ckpt_eval,val_pred_mae_v2,SMD,machine-2-4,2,scripts/configs/smd_cf_val.yaml,last,80,8ae8c057413a804d0ec2a31cd279392446a551aedfb8212c99490419ea5edb9f,0.15537046941179442,val0.2_b18951,train_sub_val,3be861a5ff236c5d3eccd28ce87b4c557ab6ac96864c63cec2f001d7282e5a09,SMD_machine-2-4_pcmci_val0.2_b18951_87d46061da6b7824,1.0,False,15,4,49f630ac8d324ba01390c1a1dcaa4386cd94ae84,49f630ac8d324ba01390c1a1dcaa4386cd94ae84,cuda,2.6.0+cu124,SMD/machine-2-4/seed2/smd_cf_val/eval/last/attempt1,,True,val,CF_raw,diagnostic,raw,CF_raw,0.3696039303771725,0.7434025312447945,0.2774990602032276,0.7418995029846672,0.3356049069540627,0.954009433962264,0.5688523155038075,0.4090826371614063,0.7049195574473448
eval/SMD/machine-2-4/seed2/smd_cf_val/eval/best_val,val_ckpt_eval,val_pred_mae_v2,SMD,machine-2-4,2,scripts/configs/smd_cf_val.yaml,best_val,76,fee592cf1d7c22dd409481d69329f73b6d4d2022285e876fc97e0440ca9e94cc,0.1541597372892431,val0.2_b18951,train_sub_val,3be861a5ff236c5d3eccd28ce87b4c557ab6ac96864c63cec2f001d7282e5a09,SMD_machine-2-4_pcmci_val0.2_b18951_87d46061da6b7824,1.0,False,15,4,49f630ac8d324ba01390c1a1dcaa4386cd94ae84,49f630ac8d324ba01390c1a1dcaa4386cd94ae84,cuda,2.6.0+cu124,SMD/machine-2-4/seed2/smd_cf_val/eval/best_val/attempt1,,True,val,A_off,fusion,raw,P_raw + C_raw,0.394485887623357,0.7355241142506592,0.3878416587067358,0.7395258570139025,0.3907279399446652,0.9947152084556664,0.9764397905759156,0.5143782226861974,0.9309508709902504
eval/SMD/machine-2-4/seed2/smd_cf_val/eval/best_val,val_ckpt_eval,val_pred_mae_v2,SMD,machine-2-4,2,scripts/configs/smd_cf_val.yaml,best_val,76,fee592cf1d7c22dd409481d69329f73b6d4d2022285e876fc97e0440ca9e94cc,0.1541597372892431,val0.2_b18951,train_sub_val,3be861a5ff236c5d3eccd28ce87b4c557ab6ac96864c63cec2f001d7282e5a09,SMD_machine-2-4_pcmci_val0.2_b18951_87d46061da6b7824,1.0,False,15,4,49f630ac8d324ba01390c1a1dcaa4386cd94ae84,49f630ac8d324ba01390c1a1dcaa4386cd94ae84,cuda,2.6.0+cu124,SMD/machine-2-4/seed2/smd_cf_val/eval/best_val/attempt1,,True,val,A_on,fusion,raw,P_raw + C_raw + 1*CF_raw,0.3979212385237866,0.7750583418384416,0.3578655537156477,0.7791202596329841,0.3585399370893533,0.973871733966746,0.7937046571495432,0.4524250206231891,0.8069009269158144
eval/SMD/machine-2-4/seed2/smd_cf_val/eval/best_val,val_ckpt_eval,val_pred_mae_v2,SMD,machine-2-4,2,scripts/configs/smd_cf_val.yaml,best_val,76,fee592cf1d7c22dd409481d69329f73b6d4d2022285e876fc97e0440ca9e94cc,0.1541597372892431,val0.2_b18951,train_sub_val,3be861a5ff236c5d3eccd28ce87b4c557ab6ac96864c63cec2f001d7282e5a09,SMD_machine-2-4_pcmci_val0.2_b18951_87d46061da6b7824,1.0,False,15,4,49f630ac8d324ba01390c1a1dcaa4386cd94ae84,49f630ac8d324ba01390c1a1dcaa4386cd94ae84,cuda,2.6.0+cu124,SMD/machine-2-4/seed2/smd_cf_val/eval/best_val/attempt1,,True,val,P_raw,diagnostic,raw,P_raw,0.394264316588448,0.7351788397918992,0.3873426323206677,0.7391828703668125,0.3907279399446652,0.995007342143906,0.9777195281782431,0.5184185745801373,0.933194058906967
eval/SMD/machine-2-4/seed2/smd_cf_val/eval/best_val,val_ckpt_eval,val_pred_mae_v2,SMD,machine-2-4,2,scripts/configs/smd_cf_val.yaml,best_val,76,fee592cf1d7c22dd409481d69329f73b6d4d2022285e876fc97e0440ca9e94cc,0.1541597372892431,val0.2_b18951,train_sub_val,3be861a5ff236c5d3eccd28ce87b4c557ab6ac96864c63cec2f001d7282e5a09,SMD_machine-2-4_pcmci_val0.2_b18951_87d46061da6b7824,1.0,False,15,4,49f630ac8d324ba01390c1a1dcaa4386cd94ae84,49f630ac8d324ba01390c1a1dcaa4386cd94ae84,cuda,2.6.0+cu124,SMD/machine-2-4/seed2/smd_cf_val/eval/best_val/attempt1,,True,val,C_raw,diagnostic,raw,C_raw,0.0943461176178107,0.634940505232964,0.0972560994898932,0.6380268050036569,0.1858468943889212,0.7510413329061199,0.2002949457031771,0.1672793946330681,0.7078481609838619
eval/SMD/machine-2-4/seed2/smd_cf_val/eval/best_val,val_ckpt_eval,val_pred_mae_v2,SMD,machine-2-4,2,scripts/configs/smd_cf_val.yaml,best_val,76,fee592cf1d7c22dd409481d69329f73b6d4d2022285e876fc97e0440ca9e94cc,0.1541597372892431,val0.2_b18951,train_sub_val,3be861a5ff236c5d3eccd28ce87b4c557ab6ac96864c63cec2f001d7282e5a09,SMD_machine-2-4_pcmci_val0.2_b18951_87d46061da6b7824,1.0,False,15,4,49f630ac8d324ba01390c1a1dcaa4386cd94ae84,49f630ac8d324ba01390c1a1dcaa4386cd94ae84,cuda,2.6.0+cu124,SMD/machine-2-4/seed2/smd_cf_val/eval/best_val/attempt1,,True,val,G_raw,diagnostic,raw,G_raw,0.7028355401844999,0.930975139701974,0.6470175995366405,0.9093241420208482,0.6826998629199619,0.9693102400486174,0.8104209279793299,0.4562515777461417,0.8522907128270859
eval/SMD/machine-2-4/seed2/smd_cf_val/eval/best_val,val_ckpt_eval,val_pred_mae_v2,SMD,machine-2-4,2,scripts/configs/smd_cf_val.yaml,best_val,76,fee592cf1d7c22dd409481d69329f73b6d4d2022285e876fc97e0440ca9e94cc,0.1541597372892431,val0.2_b18951,train_sub_val,3be861a5ff236c5d3eccd28ce87b4c557ab6ac96864c63cec2f001d7282e5a09,SMD_machine-2-4_pcmci_val0.2_b18951_87d46061da6b7824,1.0,False,15,4,49f630ac8d324ba01390c1a1dcaa4386cd94ae84,49f630ac8d324ba01390c1a1dcaa4386cd94ae84,cuda,2.6.0+cu124,SMD/machine-2-4/seed2/smd_cf_val/eval/best_val/attempt1,,True,val,CF_raw,diagnostic,raw,CF_raw,0.3728038967562525,0.7497104924879211,0.2755157688695839,0.7473335656844068,0.3411533537253872,0.9500747384155456,0.5258147198828264,0.4145077649383472,0.6963745723328688
eval/SMD/machine-2-4/seed3/smd_cf_val/eval/last,val_ckpt_eval,val_pred_mae_v2,SMD,machine-2-4,3,scripts/configs/smd_cf_val.yaml,last,80,cb8e69b6bea173fde2994735b66fed22328f138e78829d68ea9215017c59a94a,0.15721389504394775,val0.2_b18951,train_sub_val,3be861a5ff236c5d3eccd28ce87b4c557ab6ac96864c63cec2f001d7282e5a09,SMD_machine-2-4_pcmci_val0.2_b18951_87d46061da6b7824,1.0,False,15,4,49f630ac8d324ba01390c1a1dcaa4386cd94ae84,49f630ac8d324ba01390c1a1dcaa4386cd94ae84,cuda,2.6.0+cu124,SMD/machine-2-4/seed3/smd_cf_val/eval/last/attempt1,,True,val,A_off,fusion,raw,P_raw + C_raw,0.3981146602710682,0.7378558680306486,0.3910479458060658,0.7418429812853523,0.3939891652928046,0.9947152084556664,0.9763779527559048,0.5101493692776813,0.9329553281018
eval/SMD/machine-2-4/seed3/smd_cf_val/eval/last,val_ckpt_eval,val_pred_mae_v2,SMD,machine-2-4,3,scripts/configs/smd_cf_val.yaml,last,80,cb8e69b6bea173fde2994735b66fed22328f138e78829d68ea9215017c59a94a,0.15721389504394775,val0.2_b18951,train_sub_val,3be861a5ff236c5d3eccd28ce87b4c557ab6ac96864c63cec2f001d7282e5a09,SMD_machine-2-4_pcmci_val0.2_b18951_87d46061da6b7824,1.0,False,15,4,49f630ac8d324ba01390c1a1dcaa4386cd94ae84,49f630ac8d324ba01390c1a1dcaa4386cd94ae84,cuda,2.6.0+cu124,SMD/machine-2-4/seed3/smd_cf_val/eval/last/attempt1,,True,val,A_on,fusion,raw,P_raw + C_raw + 1*CF_raw,0.4433986356720846,0.8098322013654498,0.4288507050464211,0.8139312924951945,0.3978473011835689,0.9874925550923168,0.9404439631835404,0.5250605763377899,0.9051625393369463
eval/SMD/machine-2-4/seed3/smd_cf_val/eval/last,val_ckpt_eval,val_pred_mae_v2,SMD,machine-2-4,3,scripts/configs/smd_cf_val.yaml,last,80,cb8e69b6bea173fde2994735b66fed22328f138e78829d68ea9215017c59a94a,0.15721389504394775,val0.2_b18951,train_sub_val,3be861a5ff236c5d3eccd28ce87b4c557ab6ac96864c63cec2f001d7282e5a09,SMD_machine-2-4_pcmci_val0.2_b18951_87d46061da6b7824,1.0,False,15,4,49f630ac8d324ba01390c1a1dcaa4386cd94ae84,49f630ac8d324ba01390c1a1dcaa4386cd94ae84,cuda,2.6.0+cu124,SMD/machine-2-4/seed3/smd_cf_val/eval/last/attempt1,,True,val,P_raw,diagnostic,raw,P_raw,0.3978559198016782,0.737963307335966,0.3908859426802731,0.7419831012097229,0.394374758671244,0.9947152084556664,0.9763779527559048,0.5101493692776813,0.9329553281018
eval/SMD/machine-2-4/seed3/smd_cf_val/eval/last,val_ckpt_eval,val_pred_mae_v2,SMD,machine-2-4,3,scripts/configs/smd_cf_val.yaml,last,80,cb8e69b6bea173fde2994735b66fed22328f138e78829d68ea9215017c59a94a,0.15721389504394775,val0.2_b18951,train_sub_val,3be861a5ff236c5d3eccd28ce87b4c557ab6ac96864c63cec2f001d7282e5a09,SMD_machine-2-4_pcmci_val0.2_b18951_87d46061da6b7824,1.0,False,15,4,49f630ac8d324ba01390c1a1dcaa4386cd94ae84,49f630ac8d324ba01390c1a1dcaa4386cd94ae84,cuda,2.6.0+cu124,SMD/machine-2-4/seed3/smd_cf_val/eval/last/attempt1,,True,val,C_raw,diagnostic,raw,C_raw,0.0894406468488467,0.6057214846713123,0.0924860994459949,0.6037960370208937,0.1827693976207634,0.7367475292003594,0.1960563955864322,0.1838997998294377,0.7046655033152726
eval/SMD/machine-2-4/seed3/smd_cf_val/eval/last,val_ckpt_eval,val_pred_mae_v2,SMD,machine-2-4,3,scripts/configs/smd_cf_val.yaml,last,80,cb8e69b6bea173fde2994735b66fed22328f138e78829d68ea9215017c59a94a,0.15721389504394775,val0.2_b18951,train_sub_val,3be861a5ff236c5d3eccd28ce87b4c557ab6ac96864c63cec2f001d7282e5a09,SMD_machine-2-4_pcmci_val0.2_b18951_87d46061da6b7824,1.0,False,15,4,49f630ac8d324ba01390c1a1dcaa4386cd94ae84,49f630ac8d324ba01390c1a1dcaa4386cd94ae84,cuda,2.6.0+cu124,SMD/machine-2-4/seed3/smd_cf_val/eval/last/attempt1,,True,val,G_raw,diagnostic,raw,G_raw,0.6489024012181961,0.9001268489951372,0.6200278665666781,0.8876486106165506,0.6199885407785021,0.9829698237227368,0.9046708549576612,0.5150671590039554,0.9048758225642516
eval/SMD/machine-2-4/seed3/smd_cf_val/eval/last,val_ckpt_eval,val_pred_mae_v2,SMD,machine-2-4,3,scripts/configs/smd_cf_val.yaml,last,80,cb8e69b6bea173fde2994735b66fed22328f138e78829d68ea9215017c59a94a,0.15721389504394775,val0.2_b18951,train_sub_val,3be861a5ff236c5d3eccd28ce87b4c557ab6ac96864c63cec2f001d7282e5a09,SMD_machine-2-4_pcmci_val0.2_b18951_87d46061da6b7824,1.0,False,15,4,49f630ac8d324ba01390c1a1dcaa4386cd94ae84,49f630ac8d324ba01390c1a1dcaa4386cd94ae84,cuda,2.6.0+cu124,SMD/machine-2-4/seed3/smd_cf_val/eval/last/attempt1,,True,val,CF_raw,diagnostic,raw,CF_raw,0.4216096099030552,0.7973584214963026,0.3703030888915432,0.7945644917516004,0.3846305505705398,0.970392749244713,0.6943209031816622,0.4239230789031161,0.796775643039908
eval/SMD/machine-2-4/seed3/smd_cf_val/eval/best_val,val_ckpt_eval,val_pred_mae_v2,SMD,machine-2-4,3,scripts/configs/smd_cf_val.yaml,best_val,45,2091bb1ba6c272fee42fede26958d1671ca3d1b72de9f78a8166b3b288666d07,0.15544788096393178,val0.2_b18951,train_sub_val,3be861a5ff236c5d3eccd28ce87b4c557ab6ac96864c63cec2f001d7282e5a09,SMD_machine-2-4_pcmci_val0.2_b18951_87d46061da6b7824,1.0,False,15,4,49f630ac8d324ba01390c1a1dcaa4386cd94ae84,49f630ac8d324ba01390c1a1dcaa4386cd94ae84,cuda,2.6.0+cu124,SMD/machine-2-4/seed3/smd_cf_val/eval/best_val/attempt1,,True,val,A_off,fusion,raw,P_raw + C_raw,0.405857893322094,0.7455736294997644,0.3984120518000464,0.7495733320365126,0.3937826257107379,0.9947152084556664,0.976623376623376,0.51884046964584,0.9337945159591916
eval/SMD/machine-2-4/seed3/smd_cf_val/eval/best_val,val_ckpt_eval,val_pred_mae_v2,SMD,machine-2-4,3,scripts/configs/smd_cf_val.yaml,best_val,45,2091bb1ba6c272fee42fede26958d1671ca3d1b72de9f78a8166b3b288666d07,0.15544788096393178,val0.2_b18951,train_sub_val,3be861a5ff236c5d3eccd28ce87b4c557ab6ac96864c63cec2f001d7282e5a09,SMD_machine-2-4_pcmci_val0.2_b18951_87d46061da6b7824,1.0,False,15,4,49f630ac8d324ba01390c1a1dcaa4386cd94ae84,49f630ac8d324ba01390c1a1dcaa4386cd94ae84,cuda,2.6.0+cu124,SMD/machine-2-4/seed3/smd_cf_val/eval/best_val/attempt1,,True,val,A_on,fusion,raw,P_raw + C_raw + 1*CF_raw,0.4221025765304665,0.7902875646636138,0.4043370325778557,0.7947213444735725,0.3834067135135701,0.9827278141751042,0.8910248708398409,0.4480468753205828,0.9034290618723856
eval/SMD/machine-2-4/seed3/smd_cf_val/eval/best_val,val_ckpt_eval,val_pred_mae_v2,SMD,machine-2-4,3,scripts/configs/smd_cf_val.yaml,best_val,45,2091bb1ba6c272fee42fede26958d1671ca3d1b72de9f78a8166b3b288666d07,0.15544788096393178,val0.2_b18951,train_sub_val,3be861a5ff236c5d3eccd28ce87b4c557ab6ac96864c63cec2f001d7282e5a09,SMD_machine-2-4_pcmci_val0.2_b18951_87d46061da6b7824,1.0,False,15,4,49f630ac8d324ba01390c1a1dcaa4386cd94ae84,49f630ac8d324ba01390c1a1dcaa4386cd94ae84,cuda,2.6.0+cu124,SMD/machine-2-4/seed3/smd_cf_val/eval/best_val/attempt1,,True,val,P_raw,diagnostic,raw,P_raw,0.4056180119543511,0.7458296016645131,0.3979830173872419,0.7497719133847056,0.3934114150261061,0.9947152084556664,0.9765624999999994,0.5174867231526836,0.9331735248530736
eval/SMD/machine-2-4/seed3/smd_cf_val/eval/best_val,val_ckpt_eval,val_pred_mae_v2,SMD,machine-2-4,3,scripts/configs/smd_cf_val.yaml,best_val,45,2091bb1ba6c272fee42fede26958d1671ca3d1b72de9f78a8166b3b288666d07,0.15544788096393178,val0.2_b18951,train_sub_val,3be861a5ff236c5d3eccd28ce87b4c557ab6ac96864c63cec2f001d7282e5a09,SMD_machine-2-4_pcmci_val0.2_b18951_87d46061da6b7824,1.0,False,15,4,49f630ac8d324ba01390c1a1dcaa4386cd94ae84,49f630ac8d324ba01390c1a1dcaa4386cd94ae84,cuda,2.6.0+cu124,SMD/machine-2-4/seed3/smd_cf_val/eval/best_val/attempt1,,True,val,C_raw,diagnostic,raw,C_raw,0.072613489051334,0.5417230869574509,0.0749025625409664,0.5419584141218869,0.1494716104950446,0.8150943396226416,0.1536014252990581,0.160792849257372,0.7068792944647863
eval/SMD/machine-2-4/seed3/smd_cf_val/eval/best_val,val_ckpt_eval,val_pred_mae_v2,SMD,machine-2-4,3,scripts/configs/smd_cf_val.yaml,best_val,45,2091bb1ba6c272fee42fede26958d1671ca3d1b72de9f78a8166b3b288666d07,0.15544788096393178,val0.2_b18951,train_sub_val,3be861a5ff236c5d3eccd28ce87b4c557ab6ac96864c63cec2f001d7282e5a09,SMD_machine-2-4_pcmci_val0.2_b18951_87d46061da6b7824,1.0,False,15,4,49f630ac8d324ba01390c1a1dcaa4386cd94ae84,49f630ac8d324ba01390c1a1dcaa4386cd94ae84,cuda,2.6.0+cu124,SMD/machine-2-4/seed3/smd_cf_val/eval/best_val/attempt1,,True,val,G_raw,diagnostic,raw,G_raw,0.4700470963497373,0.8718260767209272,0.3527478552848752,0.8215470868207895,0.4895688922934786,0.963008254356466,0.4799917420775551,0.2151485930674422,0.7926239779986233
eval/SMD/machine-2-4/seed3/smd_cf_val/eval/best_val,val_ckpt_eval,val_pred_mae_v2,SMD,machine-2-4,3,scripts/configs/smd_cf_val.yaml,best_val,45,2091bb1ba6c272fee42fede26958d1671ca3d1b72de9f78a8166b3b288666d07,0.15544788096393178,val0.2_b18951,train_sub_val,3be861a5ff236c5d3eccd28ce87b4c557ab6ac96864c63cec2f001d7282e5a09,SMD_machine-2-4_pcmci_val0.2_b18951_87d46061da6b7824,1.0,False,15,4,49f630ac8d324ba01390c1a1dcaa4386cd94ae84,49f630ac8d324ba01390c1a1dcaa4386cd94ae84,cuda,2.6.0+cu124,SMD/machine-2-4/seed3/smd_cf_val/eval/best_val/attempt1,,True,val,CF_raw,diagnostic,raw,CF_raw,0.386574499485764,0.768337135975013,0.3568919008524747,0.7680918130169708,0.3603979483965392,0.9793351302785264,0.7545003103662317,0.3723812605469501,0.8546673818719961
eval/SMD/machine-2-5/seed0/smd_cf_val/eval/last,val_ckpt_eval,val_pred_mae_v2,SMD,machine-2-5,0,scripts/configs/smd_cf_val.yaml,last,80,c3beb877968cfdfbc3702b5ffd37c9c0098f93b0d29ba586a265db5f87418227,0.11836024232131528,val0.2_b18950,train_sub_val,13e71d30715fc5ec35b017e31efdd249d01220ed2d1f3f521624d3901fbfe957,SMD_machine-2-5_pcmci_val0.2_b18950_ae6a0cd235221339,1.0,False,15,7,49f630ac8d324ba01390c1a1dcaa4386cd94ae84,49f630ac8d324ba01390c1a1dcaa4386cd94ae84,cuda,2.6.0+cu124,SMD/machine-2-5/seed0/smd_cf_val/eval/last/attempt1,,True,val,A_off,fusion,raw,P_raw + C_raw,0.4335664509231431,0.8607212757349636,0.4294094963399461,0.877568573499419,0.4943770315540643,0.9876416065911432,0.9636586361780312,0.5650947676814261,0.963566675840414
eval/SMD/machine-2-5/seed0/smd_cf_val/eval/last,val_ckpt_eval,val_pred_mae_v2,SMD,machine-2-5,0,scripts/configs/smd_cf_val.yaml,last,80,c3beb877968cfdfbc3702b5ffd37c9c0098f93b0d29ba586a265db5f87418227,0.11836024232131528,val0.2_b18950,train_sub_val,13e71d30715fc5ec35b017e31efdd249d01220ed2d1f3f521624d3901fbfe957,SMD_machine-2-5_pcmci_val0.2_b18950_ae6a0cd235221339,1.0,False,15,7,49f630ac8d324ba01390c1a1dcaa4386cd94ae84,49f630ac8d324ba01390c1a1dcaa4386cd94ae84,cuda,2.6.0+cu124,SMD/machine-2-5/seed0/smd_cf_val/eval/last/attempt1,,True,val,A_on,fusion,raw,P_raw + C_raw + 1*CF_raw,0.3163763281087824,0.8658125056189877,0.2944357482892162,0.8775048724424797,0.3197750777769077,0.971398855954238,0.7744227353463582,0.5787064211590867,0.9709274081507436
eval/SMD/machine-2-5/seed0/smd_cf_val/eval/last,val_ckpt_eval,val_pred_mae_v2,SMD,machine-2-5,0,scripts/configs/smd_cf_val.yaml,last,80,c3beb877968cfdfbc3702b5ffd37c9c0098f93b0d29ba586a265db5f87418227,0.11836024232131528,val0.2_b18950,train_sub_val,13e71d30715fc5ec35b017e31efdd249d01220ed2d1f3f521624d3901fbfe957,SMD_machine-2-5_pcmci_val0.2_b18950_ae6a0cd235221339,1.0,False,15,7,49f630ac8d324ba01390c1a1dcaa4386cd94ae84,49f630ac8d324ba01390c1a1dcaa4386cd94ae84,cuda,2.6.0+cu124,SMD/machine-2-5/seed0/smd_cf_val/eval/last/attempt1,,True,val,P_raw,diagnostic,raw,P_raw,0.4358674084837503,0.8646624786478468,0.4321683560447465,0.88146274302714,0.4968102945494284,0.9876416065911432,0.9636586361780312,0.5650947676814261,0.963566675840414
eval/SMD/machine-2-5/seed0/smd_cf_val/eval/last,val_ckpt_eval,val_pred_mae_v2,SMD,machine-2-5,0,scripts/configs/smd_cf_val.yaml,last,80,c3beb877968cfdfbc3702b5ffd37c9c0098f93b0d29ba586a265db5f87418227,0.11836024232131528,val0.2_b18950,train_sub_val,13e71d30715fc5ec35b017e31efdd249d01220ed2d1f3f521624d3901fbfe957,SMD_machine-2-5_pcmci_val0.2_b18950_ae6a0cd235221339,1.0,False,15,7,49f630ac8d324ba01390c1a1dcaa4386cd94ae84,49f630ac8d324ba01390c1a1dcaa4386cd94ae84,cuda,2.6.0+cu124,SMD/machine-2-5/seed0/smd_cf_val/eval/last/attempt1,,True,val,C_raw,diagnostic,raw,C_raw,0.0439888867838164,0.4602489436303155,0.038518952303619,0.4255481446618835,0.0861815185977729,0.4802153432032301,0.120915032679738,0.1966320341305523,0.6757461427609618
eval/SMD/machine-2-5/seed0/smd_cf_val/eval/last,val_ckpt_eval,val_pred_mae_v2,SMD,machine-2-5,0,scripts/configs/smd_cf_val.yaml,last,80,c3beb877968cfdfbc3702b5ffd37c9c0098f93b0d29ba586a265db5f87418227,0.11836024232131528,val0.2_b18950,train_sub_val,13e71d30715fc5ec35b017e31efdd249d01220ed2d1f3f521624d3901fbfe957,SMD_machine-2-5_pcmci_val0.2_b18950_ae6a0cd235221339,1.0,False,15,7,49f630ac8d324ba01390c1a1dcaa4386cd94ae84,49f630ac8d324ba01390c1a1dcaa4386cd94ae84,cuda,2.6.0+cu124,SMD/machine-2-5/seed0/smd_cf_val/eval/last/attempt1,,True,val,G_raw,diagnostic,raw,G_raw,0.2614659241271501,0.8035382315921964,0.1587278685203929,0.7629521002580499,0.2736511066490784,0.8404597701149426,0.3695450324976783,0.1763824802854886,0.7237597900685411
eval/SMD/machine-2-5/seed0/smd_cf_val/eval/last,val_ckpt_eval,val_pred_mae_v2,SMD,machine-2-5,0,scripts/configs/smd_cf_val.yaml,last,80,c3beb877968cfdfbc3702b5ffd37c9c0098f93b0d29ba586a265db5f87418227,0.11836024232131528,val0.2_b18950,train_sub_val,13e71d30715fc5ec35b017e31efdd249d01220ed2d1f3f521624d3901fbfe957,SMD_machine-2-5_pcmci_val0.2_b18950_ae6a0cd235221339,1.0,False,15,7,49f630ac8d324ba01390c1a1dcaa4386cd94ae84,49f630ac8d324ba01390c1a1dcaa4386cd94ae84,cuda,2.6.0+cu124,SMD/machine-2-5/seed0/smd_cf_val/eval/last/attempt1,,True,val,CF_raw,diagnostic,raw,CF_raw,0.2332133969122423,0.7751481614672301,0.1274944386410553,0.6628920301413177,0.2524088046923143,0.5586766541822722,0.2729044834307987,0.2360135587479229,0.6757250474880447
eval/SMD/machine-2-5/seed0/smd_cf_val/eval/best_val,val_ckpt_eval,val_pred_mae_v2,SMD,machine-2-5,0,scripts/configs/smd_cf_val.yaml,best_val,76,af388c6dd46fe180d0a3927c7d2022fcb90315a481e56b7345e5d574ccd5e75c,0.11784887258119518,val0.2_b18950,train_sub_val,13e71d30715fc5ec35b017e31efdd249d01220ed2d1f3f521624d3901fbfe957,SMD_machine-2-5_pcmci_val0.2_b18950_ae6a0cd235221339,1.0,False,15,7,49f630ac8d324ba01390c1a1dcaa4386cd94ae84,49f630ac8d324ba01390c1a1dcaa4386cd94ae84,cuda,2.6.0+cu124,SMD/machine-2-5/seed0/smd_cf_val/eval/best_val/attempt1,,True,val,A_off,fusion,raw,P_raw + C_raw,0.4321510893776052,0.8608909242110941,0.4275269377364408,0.8777717127803619,0.4912571477554281,0.9876416065911432,0.9635577516985788,0.5643012025472508,0.963466701200731
eval/SMD/machine-2-5/seed0/smd_cf_val/eval/best_val,val_ckpt_eval,val_pred_mae_v2,SMD,machine-2-5,0,scripts/configs/smd_cf_val.yaml,best_val,76,af388c6dd46fe180d0a3927c7d2022fcb90315a481e56b7345e5d574ccd5e75c,0.11784887258119518,val0.2_b18950,train_sub_val,13e71d30715fc5ec35b017e31efdd249d01220ed2d1f3f521624d3901fbfe957,SMD_machine-2-5_pcmci_val0.2_b18950_ae6a0cd235221339,1.0,False,15,7,49f630ac8d324ba01390c1a1dcaa4386cd94ae84,49f630ac8d324ba01390c1a1dcaa4386cd94ae84,cuda,2.6.0+cu124,SMD/machine-2-5/seed0/smd_cf_val/eval/best_val/attempt1,,True,val,A_on,fusion,raw,P_raw + C_raw + 1*CF_raw,0.3148686957387158,0.8655865099343703,0.2932237537102315,0.8774150106477174,0.3207239853381979,0.971398855954238,0.7741935483870962,0.5787080409393602,0.970955419792516
eval/SMD/machine-2-5/seed0/smd_cf_val/eval/best_val,val_ckpt_eval,val_pred_mae_v2,SMD,machine-2-5,0,scripts/configs/smd_cf_val.yaml,best_val,76,af388c6dd46fe180d0a3927c7d2022fcb90315a481e56b7345e5d574ccd5e75c,0.11784887258119518,val0.2_b18950,train_sub_val,13e71d30715fc5ec35b017e31efdd249d01220ed2d1f3f521624d3901fbfe957,SMD_machine-2-5_pcmci_val0.2_b18950_ae6a0cd235221339,1.0,False,15,7,49f630ac8d324ba01390c1a1dcaa4386cd94ae84,49f630ac8d324ba01390c1a1dcaa4386cd94ae84,cuda,2.6.0+cu124,SMD/machine-2-5/seed0/smd_cf_val/eval/best_val/attempt1,,True,val,P_raw,diagnostic,raw,P_raw,0.43436790700572,0.8646976759866941,0.4298535523651242,0.8814909734539814,0.4931322626418506,0.9876416065911432,0.9635577516985788,0.564451308960946,0.963466701200731
eval/SMD/machine-2-5/seed0/smd_cf_val/eval/best_val,val_ckpt_eval,val_pred_mae_v2,SMD,machine-2-5,0,scripts/configs/smd_cf_val.yaml,best_val,76,af388c6dd46fe180d0a3927c7d2022fcb90315a481e56b7345e5d574ccd5e75c,0.11784887258119518,val0.2_b18950,train_sub_val,13e71d30715fc5ec35b017e31efdd249d01220ed2d1f3f521624d3901fbfe957,SMD_machine-2-5_pcmci_val0.2_b18950_ae6a0cd235221339,1.0,False,15,7,49f630ac8d324ba01390c1a1dcaa4386cd94ae84,49f630ac8d324ba01390c1a1dcaa4386cd94ae84,cuda,2.6.0+cu124,SMD/machine-2-5/seed0/smd_cf_val/eval/best_val/attempt1,,True,val,C_raw,diagnostic,raw,C_raw,0.0451223443010369,0.4709755461656028,0.0394726116520432,0.437806414635007,0.0864092685027596,0.4506307090039147,0.1255605381165914,0.1822195361286261,0.6757310126571854
eval/SMD/machine-2-5/seed0/smd_cf_val/eval/best_val,val_ckpt_eval,val_pred_mae_v2,SMD,machine-2-5,0,scripts/configs/smd_cf_val.yaml,best_val,76,af388c6dd46fe180d0a3927c7d2022fcb90315a481e56b7345e5d574ccd5e75c,0.11784887258119518,val0.2_b18950,train_sub_val,13e71d30715fc5ec35b017e31efdd249d01220ed2d1f3f521624d3901fbfe957,SMD_machine-2-5_pcmci_val0.2_b18950_ae6a0cd235221339,1.0,False,15,7,49f630ac8d324ba01390c1a1dcaa4386cd94ae84,49f630ac8d324ba01390c1a1dcaa4386cd94ae84,cuda,2.6.0+cu124,SMD/machine-2-5/seed0/smd_cf_val/eval/best_val/attempt1,,True,val,G_raw,diagnostic,raw,G_raw,0.25386231429622,0.7941610626629506,0.1514147604926438,0.7567105350068578,0.266571106831144,0.8278985507246377,0.3570127504553729,0.1626301939141645,0.7162157744668004
eval/SMD/machine-2-5/seed0/smd_cf_val/eval/best_val,val_ckpt_eval,val_pred_mae_v2,SMD,machine-2-5,0,scripts/configs/smd_cf_val.yaml,best_val,76,af388c6dd46fe180d0a3927c7d2022fcb90315a481e56b7345e5d574ccd5e75c,0.11784887258119518,val0.2_b18950,train_sub_val,13e71d30715fc5ec35b017e31efdd249d01220ed2d1f3f521624d3901fbfe957,SMD_machine-2-5_pcmci_val0.2_b18950_ae6a0cd235221339,1.0,False,15,7,49f630ac8d324ba01390c1a1dcaa4386cd94ae84,49f630ac8d324ba01390c1a1dcaa4386cd94ae84,cuda,2.6.0+cu124,SMD/machine-2-5/seed0/smd_cf_val/eval/best_val/attempt1,,True,val,CF_raw,diagnostic,raw,CF_raw,0.2361828270796363,0.7697855794300099,0.1277931950569731,0.6637058419738279,0.2529722408850767,0.559375,0.2718446601941743,0.2665555258981261,0.6757308514845752
eval/SMD/machine-2-5/seed1/smd_cf_val/eval/last,val_ckpt_eval,val_pred_mae_v2,SMD,machine-2-5,1,scripts/configs/smd_cf_val.yaml,last,80,210249a649c7ecb092e443cc0b5dc680fd132f8d9b7873257889195570404f59,0.11613457171945168,val0.2_b18950,train_sub_val,13e71d30715fc5ec35b017e31efdd249d01220ed2d1f3f521624d3901fbfe957,SMD_machine-2-5_pcmci_val0.2_b18950_ae6a0cd235221339,1.0,False,15,7,49f630ac8d324ba01390c1a1dcaa4386cd94ae84,49f630ac8d324ba01390c1a1dcaa4386cd94ae84,cuda,2.6.0+cu124,SMD/machine-2-5/seed1/smd_cf_val/eval/last/attempt1,,True,val,A_off,fusion,raw,P_raw + C_raw,0.4224552398344757,0.8546686145823968,0.4172678855474201,0.8718486113072941,0.4839739771126511,0.9754312598013593,0.9499999999999996,0.5606928174835281,0.958057348802806
eval/SMD/machine-2-5/seed1/smd_cf_val/eval/last,val_ckpt_eval,val_pred_mae_v2,SMD,machine-2-5,1,scripts/configs/smd_cf_val.yaml,last,80,210249a649c7ecb092e443cc0b5dc680fd132f8d9b7873257889195570404f59,0.11613457171945168,val0.2_b18950,train_sub_val,13e71d30715fc5ec35b017e31efdd249d01220ed2d1f3f521624d3901fbfe957,SMD_machine-2-5_pcmci_val0.2_b18950_ae6a0cd235221339,1.0,False,15,7,49f630ac8d324ba01390c1a1dcaa4386cd94ae84,49f630ac8d324ba01390c1a1dcaa4386cd94ae84,cuda,2.6.0+cu124,SMD/machine-2-5/seed1/smd_cf_val/eval/last/attempt1,,True,val,A_on,fusion,raw,P_raw + C_raw + 1*CF_raw,0.3182522213472846,0.85877699361683,0.2982082816472046,0.8712746287617257,0.3324094117105441,0.9675052410901468,0.7507709559854214,0.5675971904345783,0.9694228627150406
eval/SMD/machine-2-5/seed1/smd_cf_val/eval/last,val_ckpt_eval,val_pred_mae_v2,SMD,machine-2-5,1,scripts/configs/smd_cf_val.yaml,last,80,210249a649c7ecb092e443cc0b5dc680fd132f8d9b7873257889195570404f59,0.11613457171945168,val0.2_b18950,train_sub_val,13e71d30715fc5ec35b017e31efdd249d01220ed2d1f3f521624d3901fbfe957,SMD_machine-2-5_pcmci_val0.2_b18950_ae6a0cd235221339,1.0,False,15,7,49f630ac8d324ba01390c1a1dcaa4386cd94ae84,49f630ac8d324ba01390c1a1dcaa4386cd94ae84,cuda,2.6.0+cu124,SMD/machine-2-5/seed1/smd_cf_val/eval/last/attempt1,,True,val,P_raw,diagnostic,raw,P_raw,0.4243537552727444,0.8584474062752855,0.4193680527921344,0.8753596973417758,0.485930996766973,0.9754312598013593,0.9499999999999996,0.5606928174835281,0.9578576570291516
eval/SMD/machine-2-5/seed1/smd_cf_val/eval/last,val_ckpt_eval,val_pred_mae_v2,SMD,machine-2-5,1,scripts/configs/smd_cf_val.yaml,last,80,210249a649c7ecb092e443cc0b5dc680fd132f8d9b7873257889195570404f59,0.11613457171945168,val0.2_b18950,train_sub_val,13e71d30715fc5ec35b017e31efdd249d01220ed2d1f3f521624d3901fbfe957,SMD_machine-2-5_pcmci_val0.2_b18950_ae6a0cd235221339,1.0,False,15,7,49f630ac8d324ba01390c1a1dcaa4386cd94ae84,49f630ac8d324ba01390c1a1dcaa4386cd94ae84,cuda,2.6.0+cu124,SMD/machine-2-5/seed1/smd_cf_val/eval/last/attempt1,,True,val,C_raw,diagnostic,raw,C_raw,0.0351784295071352,0.4382316371482513,0.0368324023927793,0.4194176711265366,0.0822539687483772,0.3130314072531667,0.0833333333333331,0.1606487141250054,0.6759099015816574
eval/SMD/machine-2-5/seed1/smd_cf_val/eval/last,val_ckpt_eval,val_pred_mae_v2,SMD,machine-2-5,1,scripts/configs/smd_cf_val.yaml,last,80,210249a649c7ecb092e443cc0b5dc680fd132f8d9b7873257889195570404f59,0.11613457171945168,val0.2_b18950,train_sub_val,13e71d30715fc5ec35b017e31efdd249d01220ed2d1f3f521624d3901fbfe957,SMD_machine-2-5_pcmci_val0.2_b18950_ae6a0cd235221339,1.0,False,15,7,49f630ac8d324ba01390c1a1dcaa4386cd94ae84,49f630ac8d324ba01390c1a1dcaa4386cd94ae84,cuda,2.6.0+cu124,SMD/machine-2-5/seed1/smd_cf_val/eval/last/attempt1,,True,val,G_raw,diagnostic,raw,G_raw,0.5141877580573765,0.9450537175222512,0.4363891169429305,0.9444396804056594,0.5299903038807648,0.9378042184964844,0.5656277827248436,0.3698724563223026,0.8391951915600743
eval/SMD/machine-2-5/seed1/smd_cf_val/eval/last,val_ckpt_eval,val_pred_mae_v2,SMD,machine-2-5,1,scripts/configs/smd_cf_val.yaml,last,80,210249a649c7ecb092e443cc0b5dc680fd132f8d9b7873257889195570404f59,0.11613457171945168,val0.2_b18950,train_sub_val,13e71d30715fc5ec35b017e31efdd249d01220ed2d1f3f521624d3901fbfe957,SMD_machine-2-5_pcmci_val0.2_b18950_ae6a0cd235221339,1.0,False,15,7,49f630ac8d324ba01390c1a1dcaa4386cd94ae84,49f630ac8d324ba01390c1a1dcaa4386cd94ae84,cuda,2.6.0+cu124,SMD/machine-2-5/seed1/smd_cf_val/eval/last/attempt1,,True,val,CF_raw,diagnostic,raw,CF_raw,0.2299746242438053,0.7421150993437022,0.1234499035496834,0.6362198606365685,0.2641192168212749,0.610079575596817,0.3324299909665758,0.2563799777878784,0.675724930358453
eval/SMD/machine-2-5/seed1/smd_cf_val/eval/best_val,val_ckpt_eval,val_pred_mae_v2,SMD,machine-2-5,1,scripts/configs/smd_cf_val.yaml,best_val,77,f4885d89a5f4799413e24e5416bccc5fc05e9b85feee5b8abaa006798149ff12,0.1158345188264373,val0.2_b18950,train_sub_val,13e71d30715fc5ec35b017e31efdd249d01220ed2d1f3f521624d3901fbfe957,SMD_machine-2-5_pcmci_val0.2_b18950_ae6a0cd235221339,1.0,False,15,7,49f630ac8d324ba01390c1a1dcaa4386cd94ae84,49f630ac8d324ba01390c1a1dcaa4386cd94ae84,cuda,2.6.0+cu124,SMD/machine-2-5/seed1/smd_cf_val/eval/best_val/attempt1,,True,val,A_off,fusion,raw,P_raw + C_raw,0.424611214742785,0.8548863615930953,0.4198949302853888,0.8719152714163717,0.4862996781759039,0.9754312598013593,0.9499999999999996,0.5607661972288019,0.9579912986478252
eval/SMD/machine-2-5/seed1/smd_cf_val/eval/best_val,val_ckpt_eval,val_pred_mae_v2,SMD,machine-2-5,1,scripts/configs/smd_cf_val.yaml,best_val,77,f4885d89a5f4799413e24e5416bccc5fc05e9b85feee5b8abaa006798149ff12,0.1158345188264373,val0.2_b18950,train_sub_val,13e71d30715fc5ec35b017e31efdd249d01220ed2d1f3f521624d3901fbfe957,SMD_machine-2-5_pcmci_val0.2_b18950_ae6a0cd235221339,1.0,False,15,7,49f630ac8d324ba01390c1a1dcaa4386cd94ae84,49f630ac8d324ba01390c1a1dcaa4386cd94ae84,cuda,2.6.0+cu124,SMD/machine-2-5/seed1/smd_cf_val/eval/best_val/attempt1,,True,val,A_on,fusion,raw,P_raw + C_raw + 1*CF_raw,0.3186181807055628,0.8592333677964578,0.2969328349486901,0.8715964195234857,0.3317426634068834,0.9669984284965952,0.7480446927374298,0.5691107326122915,0.965663416213959
eval/SMD/machine-2-5/seed1/smd_cf_val/eval/best_val,val_ckpt_eval,val_pred_mae_v2,SMD,machine-2-5,1,scripts/configs/smd_cf_val.yaml,best_val,77,f4885d89a5f4799413e24e5416bccc5fc05e9b85feee5b8abaa006798149ff12,0.1158345188264373,val0.2_b18950,train_sub_val,13e71d30715fc5ec35b017e31efdd249d01220ed2d1f3f521624d3901fbfe957,SMD_machine-2-5_pcmci_val0.2_b18950_ae6a0cd235221339,1.0,False,15,7,49f630ac8d324ba01390c1a1dcaa4386cd94ae84,49f630ac8d324ba01390c1a1dcaa4386cd94ae84,cuda,2.6.0+cu124,SMD/machine-2-5/seed1/smd_cf_val/eval/best_val/attempt1,,True,val,P_raw,diagnostic,raw,P_raw,0.4267894411865515,0.8591643891036591,0.4221483715675626,0.8759650401908011,0.4884343220202655,0.9754312598013593,0.9499999999999996,0.5607661972288019,0.9579200528403956
eval/SMD/machine-2-5/seed1/smd_cf_val/eval/best_val,val_ckpt_eval,val_pred_mae_v2,SMD,machine-2-5,1,scripts/configs/smd_cf_val.yaml,best_val,77,f4885d89a5f4799413e24e5416bccc5fc05e9b85feee5b8abaa006798149ff12,0.1158345188264373,val0.2_b18950,train_sub_val,13e71d30715fc5ec35b017e31efdd249d01220ed2d1f3f521624d3901fbfe957,SMD_machine-2-5_pcmci_val0.2_b18950_ae6a0cd235221339,1.0,False,15,7,49f630ac8d324ba01390c1a1dcaa4386cd94ae84,49f630ac8d324ba01390c1a1dcaa4386cd94ae84,cuda,2.6.0+cu124,SMD/machine-2-5/seed1/smd_cf_val/eval/best_val/attempt1,,True,val,C_raw,diagnostic,raw,C_raw,0.0349480125640545,0.4230616065809583,0.0360148846850023,0.3927803861840176,0.0819664153549522,0.3087573554863274,0.0909090909090908,0.1729616878036262,0.6758566734981402
eval/SMD/machine-2-5/seed1/smd_cf_val/eval/best_val,val_ckpt_eval,val_pred_mae_v2,SMD,machine-2-5,1,scripts/configs/smd_cf_val.yaml,best_val,77,f4885d89a5f4799413e24e5416bccc5fc05e9b85feee5b8abaa006798149ff12,0.1158345188264373,val0.2_b18950,train_sub_val,13e71d30715fc5ec35b017e31efdd249d01220ed2d1f3f521624d3901fbfe957,SMD_machine-2-5_pcmci_val0.2_b18950_ae6a0cd235221339,1.0,False,15,7,49f630ac8d324ba01390c1a1dcaa4386cd94ae84,49f630ac8d324ba01390c1a1dcaa4386cd94ae84,cuda,2.6.0+cu124,SMD/machine-2-5/seed1/smd_cf_val/eval/best_val/attempt1,,True,val,G_raw,diagnostic,raw,G_raw,0.5158351557555163,0.944295671131889,0.4375076436198323,0.9432243738144483,0.5331319733178745,0.9515183803942462,0.5724536575642808,0.3685896859109816,0.8310221972301588
eval/SMD/machine-2-5/seed1/smd_cf_val/eval/best_val,val_ckpt_eval,val_pred_mae_v2,SMD,machine-2-5,1,scripts/configs/smd_cf_val.yaml,best_val,77,f4885d89a5f4799413e24e5416bccc5fc05e9b85feee5b8abaa006798149ff12,0.1158345188264373,val0.2_b18950,train_sub_val,13e71d30715fc5ec35b017e31efdd249d01220ed2d1f3f521624d3901fbfe957,SMD_machine-2-5_pcmci_val0.2_b18950_ae6a0cd235221339,1.0,False,15,7,49f630ac8d324ba01390c1a1dcaa4386cd94ae84,49f630ac8d324ba01390c1a1dcaa4386cd94ae84,cuda,2.6.0+cu124,SMD/machine-2-5/seed1/smd_cf_val/eval/best_val/attempt1,,True,val,CF_raw,diagnostic,raw,CF_raw,0.2287147038517715,0.7450110581677605,0.1244730415258161,0.6422594834862017,0.2629206692744053,0.6082644628099173,0.3580562659846542,0.2562033727263608,0.675724930358453
eval/SMD/machine-2-5/seed2/smd_cf_val/eval/last,val_ckpt_eval,val_pred_mae_v2,SMD,machine-2-5,2,scripts/configs/smd_cf_val.yaml,last,80,929a205bb3114ab8770dd6409950cfb1d7e48c4c944879e42ddc804073226a64,0.12160981637199189,val0.2_b18950,train_sub_val,13e71d30715fc5ec35b017e31efdd249d01220ed2d1f3f521624d3901fbfe957,SMD_machine-2-5_pcmci_val0.2_b18950_ae6a0cd235221339,1.0,False,15,7,49f630ac8d324ba01390c1a1dcaa4386cd94ae84,49f630ac8d324ba01390c1a1dcaa4386cd94ae84,cuda,2.6.0+cu124,SMD/machine-2-5/seed2/smd_cf_val/eval/last/attempt1,,True,val,A_off,fusion,raw,P_raw + C_raw,0.4345629698044509,0.8627069810302977,0.4309487092914677,0.8796089402105836,0.4857093079875215,0.9876416065911432,0.9636586361780312,0.5605897091448226,0.9658330976839298
eval/SMD/machine-2-5/seed2/smd_cf_val/eval/last,val_ckpt_eval,val_pred_mae_v2,SMD,machine-2-5,2,scripts/configs/smd_cf_val.yaml,last,80,929a205bb3114ab8770dd6409950cfb1d7e48c4c944879e42ddc804073226a64,0.12160981637199189,val0.2_b18950,train_sub_val,13e71d30715fc5ec35b017e31efdd249d01220ed2d1f3f521624d3901fbfe957,SMD_machine-2-5_pcmci_val0.2_b18950_ae6a0cd235221339,1.0,False,15,7,49f630ac8d324ba01390c1a1dcaa4386cd94ae84,49f630ac8d324ba01390c1a1dcaa4386cd94ae84,cuda,2.6.0+cu124,SMD/machine-2-5/seed2/smd_cf_val/eval/last/attempt1,,True,val,A_on,fusion,raw,P_raw + C_raw + 1*CF_raw,0.3266168860781718,0.8640631798975097,0.3031413672973232,0.8763082326023308,0.3344391718150092,0.974947807933194,0.8112206216830926,0.5812695164494474,0.9669571146115454
eval/SMD/machine-2-5/seed2/smd_cf_val/eval/last,val_ckpt_eval,val_pred_mae_v2,SMD,machine-2-5,2,scripts/configs/smd_cf_val.yaml,last,80,929a205bb3114ab8770dd6409950cfb1d7e48c4c944879e42ddc804073226a64,0.12160981637199189,val0.2_b18950,train_sub_val,13e71d30715fc5ec35b017e31efdd249d01220ed2d1f3f521624d3901fbfe957,SMD_machine-2-5_pcmci_val0.2_b18950_ae6a0cd235221339,1.0,False,15,7,49f630ac8d324ba01390c1a1dcaa4386cd94ae84,49f630ac8d324ba01390c1a1dcaa4386cd94ae84,cuda,2.6.0+cu124,SMD/machine-2-5/seed2/smd_cf_val/eval/last/attempt1,,True,val,P_raw,diagnostic,raw,P_raw,0.4371678735743235,0.8667671941023106,0.4322095812777031,0.8835075181422658,0.487422479838805,0.9876416065911432,0.9636586361780312,0.5605897091448226,0.9658330976839298
eval/SMD/machine-2-5/seed2/smd_cf_val/eval/last,val_ckpt_eval,val_pred_mae_v2,SMD,machine-2-5,2,scripts/configs/smd_cf_val.yaml,last,80,929a205bb3114ab8770dd6409950cfb1d7e48c4c944879e42ddc804073226a64,0.12160981637199189,val0.2_b18950,train_sub_val,13e71d30715fc5ec35b017e31efdd249d01220ed2d1f3f521624d3901fbfe957,SMD_machine-2-5_pcmci_val0.2_b18950_ae6a0cd235221339,1.0,False,15,7,49f630ac8d324ba01390c1a1dcaa4386cd94ae84,49f630ac8d324ba01390c1a1dcaa4386cd94ae84,cuda,2.6.0+cu124,SMD/machine-2-5/seed2/smd_cf_val/eval/last/attempt1,,True,val,C_raw,diagnostic,raw,C_raw,0.0339231659839064,0.4214024993257215,0.0353740288850246,0.3973639510834108,0.0868737070158038,0.3356070941336971,0.0909090909090908,0.1359279745142945,0.675772571713361
eval/SMD/machine-2-5/seed2/smd_cf_val/eval/last,val_ckpt_eval,val_pred_mae_v2,SMD,machine-2-5,2,scripts/configs/smd_cf_val.yaml,last,80,929a205bb3114ab8770dd6409950cfb1d7e48c4c944879e42ddc804073226a64,0.12160981637199189,val0.2_b18950,train_sub_val,13e71d30715fc5ec35b017e31efdd249d01220ed2d1f3f521624d3901fbfe957,SMD_machine-2-5_pcmci_val0.2_b18950_ae6a0cd235221339,1.0,False,15,7,49f630ac8d324ba01390c1a1dcaa4386cd94ae84,49f630ac8d324ba01390c1a1dcaa4386cd94ae84,cuda,2.6.0+cu124,SMD/machine-2-5/seed2/smd_cf_val/eval/last/attempt1,,True,val,G_raw,diagnostic,raw,G_raw,0.3092335812950406,0.8368013800233749,0.1884775895889782,0.8176410125313038,0.2837326593983327,0.8272348309402501,0.3425414364640879,0.2332045687360037,0.7381852551943425
eval/SMD/machine-2-5/seed2/smd_cf_val/eval/last,val_ckpt_eval,val_pred_mae_v2,SMD,machine-2-5,2,scripts/configs/smd_cf_val.yaml,last,80,929a205bb3114ab8770dd6409950cfb1d7e48c4c944879e42ddc804073226a64,0.12160981637199189,val0.2_b18950,train_sub_val,13e71d30715fc5ec35b017e31efdd249d01220ed2d1f3f521624d3901fbfe957,SMD_machine-2-5_pcmci_val0.2_b18950_ae6a0cd235221339,1.0,False,15,7,49f630ac8d324ba01390c1a1dcaa4386cd94ae84,49f630ac8d324ba01390c1a1dcaa4386cd94ae84,cuda,2.6.0+cu124,SMD/machine-2-5/seed2/smd_cf_val/eval/last/attempt1,,True,val,CF_raw,diagnostic,raw,CF_raw,0.2430446684488976,0.7640034388204622,0.1307918419896636,0.6694197813928444,0.2640651216997997,0.6165680473372781,0.3580246913580242,0.2423705248127406,0.6757020556313037
eval/SMD/machine-2-5/seed2/smd_cf_val/eval/best_val,val_ckpt_eval,val_pred_mae_v2,SMD,machine-2-5,2,scripts/configs/smd_cf_val.yaml,best_val,79,7e6c2e9ef040585924180be96d28b70e2caf10ccf4355f9b50383e0f42b02732,0.12091858207007296,val0.2_b18950,train_sub_val,13e71d30715fc5ec35b017e31efdd249d01220ed2d1f3f521624d3901fbfe957,SMD_machine-2-5_pcmci_val0.2_b18950_ae6a0cd235221339,1.0,False,15,7,49f630ac8d324ba01390c1a1dcaa4386cd94ae84,49f630ac8d324ba01390c1a1dcaa4386cd94ae84,cuda,2.6.0+cu124,SMD/machine-2-5/seed2/smd_cf_val/eval/best_val/attempt1,,True,val,A_off,fusion,raw,P_raw + C_raw,0.4352114437318374,0.8660927582486739,0.4301133103458663,0.882755920510289,0.4884001374821733,0.988659793814433,0.9713790112749344,0.5592785717044217,0.9658330976839298
eval/SMD/machine-2-5/seed2/smd_cf_val/eval/best_val,val_ckpt_eval,val_pred_mae_v2,SMD,machine-2-5,2,scripts/configs/smd_cf_val.yaml,best_val,79,7e6c2e9ef040585924180be96d28b70e2caf10ccf4355f9b50383e0f42b02732,0.12091858207007296,val0.2_b18950,train_sub_val,13e71d30715fc5ec35b017e31efdd249d01220ed2d1f3f521624d3901fbfe957,SMD_machine-2-5_pcmci_val0.2_b18950_ae6a0cd235221339,1.0,False,15,7,49f630ac8d324ba01390c1a1dcaa4386cd94ae84,49f630ac8d324ba01390c1a1dcaa4386cd94ae84,cuda,2.6.0+cu124,SMD/machine-2-5/seed2/smd_cf_val/eval/best_val/attempt1,,True,val,A_on,fusion,raw,P_raw + C_raw + 1*CF_raw,0.3282120193875492,0.8645429065899486,0.3049914744158027,0.8766479070582269,0.3335520867132004,0.9754569190600524,0.8137715179968695,0.5813500895238433,0.9690876714035392
eval/SMD/machine-2-5/seed2/smd_cf_val/eval/best_val,val_ckpt_eval,val_pred_mae_v2,SMD,machine-2-5,2,scripts/configs/smd_cf_val.yaml,best_val,79,7e6c2e9ef040585924180be96d28b70e2caf10ccf4355f9b50383e0f42b02732,0.12091858207007296,val0.2_b18950,train_sub_val,13e71d30715fc5ec35b017e31efdd249d01220ed2d1f3f521624d3901fbfe957,SMD_machine-2-5_pcmci_val0.2_b18950_ae6a0cd235221339,1.0,False,15,7,49f630ac8d324ba01390c1a1dcaa4386cd94ae84,49f630ac8d324ba01390c1a1dcaa4386cd94ae84,cuda,2.6.0+cu124,SMD/machine-2-5/seed2/smd_cf_val/eval/best_val/attempt1,,True,val,P_raw,diagnostic,raw,P_raw,0.4379654005098956,0.8702033174503281,0.4327856943762235,0.8867786619525094,0.488883915793704,0.988659793814433,0.9713790112749344,0.5592785717044217,0.9658330976839298
eval/SMD/machine-2-5/seed2/smd_cf_val/eval/best_val,val_ckpt_eval,val_pred_mae_v2,SMD,machine-2-5,2,scripts/configs/smd_cf_val.yaml,best_val,79,7e6c2e9ef040585924180be96d28b70e2caf10ccf4355f9b50383e0f42b02732,0.12091858207007296,val0.2_b18950,train_sub_val,13e71d30715fc5ec35b017e31efdd249d01220ed2d1f3f521624d3901fbfe957,SMD_machine-2-5_pcmci_val0.2_b18950_ae6a0cd235221339,1.0,False,15,7,49f630ac8d324ba01390c1a1dcaa4386cd94ae84,49f630ac8d324ba01390c1a1dcaa4386cd94ae84,cuda,2.6.0+cu124,SMD/machine-2-5/seed2/smd_cf_val/eval/best_val/attempt1,,True,val,C_raw,diagnostic,raw,C_raw,0.0335818145423818,0.4104040052144205,0.0348239914022246,0.3868085113469834,0.0861226747734291,0.2736088318663285,0.0909090909090908,0.1399656774247483,0.6757389174313972
eval/SMD/machine-2-5/seed2/smd_cf_val/eval/best_val,val_ckpt_eval,val_pred_mae_v2,SMD,machine-2-5,2,scripts/configs/smd_cf_val.yaml,best_val,79,7e6c2e9ef040585924180be96d28b70e2caf10ccf4355f9b50383e0f42b02732,0.12091858207007296,val0.2_b18950,train_sub_val,13e71d30715fc5ec35b017e31efdd249d01220ed2d1f3f521624d3901fbfe957,SMD_machine-2-5_pcmci_val0.2_b18950_ae6a0cd235221339,1.0,False,15,7,49f630ac8d324ba01390c1a1dcaa4386cd94ae84,49f630ac8d324ba01390c1a1dcaa4386cd94ae84,cuda,2.6.0+cu124,SMD/machine-2-5/seed2/smd_cf_val/eval/best_val/attempt1,,True,val,G_raw,diagnostic,raw,G_raw,0.3103018693272591,0.8381671536455991,0.1881538979631259,0.8181596930776018,0.2831447964718551,0.8258801141769743,0.3515754560530674,0.2151846209294075,0.7418215050053769
eval/SMD/machine-2-5/seed2/smd_cf_val/eval/best_val,val_ckpt_eval,val_pred_mae_v2,SMD,machine-2-5,2,scripts/configs/smd_cf_val.yaml,best_val,79,7e6c2e9ef040585924180be96d28b70e2caf10ccf4355f9b50383e0f42b02732,0.12091858207007296,val0.2_b18950,train_sub_val,13e71d30715fc5ec35b017e31efdd249d01220ed2d1f3f521624d3901fbfe957,SMD_machine-2-5_pcmci_val0.2_b18950_ae6a0cd235221339,1.0,False,15,7,49f630ac8d324ba01390c1a1dcaa4386cd94ae84,49f630ac8d324ba01390c1a1dcaa4386cd94ae84,cuda,2.6.0+cu124,SMD/machine-2-5/seed2/smd_cf_val/eval/best_val/attempt1,,True,val,CF_raw,diagnostic,raw,CF_raw,0.2437166495310825,0.7643501528364651,0.132403603538173,0.6717760485554288,0.2568631476756444,0.6176644931831654,0.357518401682439,0.2325127929521257,0.6771013534690097
eval/SMD/machine-2-5/seed3/smd_cf_val/eval/last,val_ckpt_eval,val_pred_mae_v2,SMD,machine-2-5,3,scripts/configs/smd_cf_val.yaml,last,80,79ec0dc324a79b94b6a229f9f3453b3db93ae46a94d5bcfad2ea2d24ce201a61,0.1172333746948507,val0.2_b18950,train_sub_val,13e71d30715fc5ec35b017e31efdd249d01220ed2d1f3f521624d3901fbfe957,SMD_machine-2-5_pcmci_val0.2_b18950_ae6a0cd235221339,1.0,False,15,7,49f630ac8d324ba01390c1a1dcaa4386cd94ae84,49f630ac8d324ba01390c1a1dcaa4386cd94ae84,cuda,2.6.0+cu124,SMD/machine-2-5/seed3/smd_cf_val/eval/last/attempt1,,True,val,A_off,fusion,raw,P_raw + C_raw,0.4265296278974018,0.8611589948754832,0.4217480043532305,0.8782779114533991,0.4923321835914487,0.9840944073884044,0.9457619159427092,0.5697513309000019,0.9616007117751024
eval/SMD/machine-2-5/seed3/smd_cf_val/eval/last,val_ckpt_eval,val_pred_mae_v2,SMD,machine-2-5,3,scripts/configs/smd_cf_val.yaml,last,80,79ec0dc324a79b94b6a229f9f3453b3db93ae46a94d5bcfad2ea2d24ce201a61,0.1172333746948507,val0.2_b18950,train_sub_val,13e71d30715fc5ec35b017e31efdd249d01220ed2d1f3f521624d3901fbfe957,SMD_machine-2-5_pcmci_val0.2_b18950_ae6a0cd235221339,1.0,False,15,7,49f630ac8d324ba01390c1a1dcaa4386cd94ae84,49f630ac8d324ba01390c1a1dcaa4386cd94ae84,cuda,2.6.0+cu124,SMD/machine-2-5/seed3/smd_cf_val/eval/last/attempt1,,True,val,A_on,fusion,raw,P_raw + C_raw + 1*CF_raw,0.3144797089056294,0.8580870268812371,0.2908546807403296,0.871132642453932,0.3186539642662128,0.9654811715481172,0.7408788282290274,0.5784168633110262,0.9690378654176344
eval/SMD/machine-2-5/seed3/smd_cf_val/eval/last,val_ckpt_eval,val_pred_mae_v2,SMD,machine-2-5,3,scripts/configs/smd_cf_val.yaml,last,80,79ec0dc324a79b94b6a229f9f3453b3db93ae46a94d5bcfad2ea2d24ce201a61,0.1172333746948507,val0.2_b18950,train_sub_val,13e71d30715fc5ec35b017e31efdd249d01220ed2d1f3f521624d3901fbfe957,SMD_machine-2-5_pcmci_val0.2_b18950_ae6a0cd235221339,1.0,False,15,7,49f630ac8d324ba01390c1a1dcaa4386cd94ae84,49f630ac8d324ba01390c1a1dcaa4386cd94ae84,cuda,2.6.0+cu124,SMD/machine-2-5/seed3/smd_cf_val/eval/last/attempt1,,True,val,P_raw,diagnostic,raw,P_raw,0.4291247669613369,0.8661438685606403,0.4240712607667266,0.8830383745227974,0.4932382579028357,0.9840944073884044,0.9457619159427092,0.5669153909850182,0.9616007117751024
eval/SMD/machine-2-5/seed3/smd_cf_val/eval/last,val_ckpt_eval,val_pred_mae_v2,SMD,machine-2-5,3,scripts/configs/smd_cf_val.yaml,last,80,79ec0dc324a79b94b6a229f9f3453b3db93ae46a94d5bcfad2ea2d24ce201a61,0.1172333746948507,val0.2_b18950,train_sub_val,13e71d30715fc5ec35b017e31efdd249d01220ed2d1f3f521624d3901fbfe957,SMD_machine-2-5_pcmci_val0.2_b18950_ae6a0cd235221339,1.0,False,15,7,49f630ac8d324ba01390c1a1dcaa4386cd94ae84,49f630ac8d324ba01390c1a1dcaa4386cd94ae84,cuda,2.6.0+cu124,SMD/machine-2-5/seed3/smd_cf_val/eval/last/attempt1,,True,val,C_raw,diagnostic,raw,C_raw,0.0415189613823597,0.3949686910006292,0.0338720538122688,0.3775092309956503,0.0827046756182696,0.4217267552182163,0.1464646464646459,0.1775829762231714,0.6763336408008693
eval/SMD/machine-2-5/seed3/smd_cf_val/eval/last,val_ckpt_eval,val_pred_mae_v2,SMD,machine-2-5,3,scripts/configs/smd_cf_val.yaml,last,80,79ec0dc324a79b94b6a229f9f3453b3db93ae46a94d5bcfad2ea2d24ce201a61,0.1172333746948507,val0.2_b18950,train_sub_val,13e71d30715fc5ec35b017e31efdd249d01220ed2d1f3f521624d3901fbfe957,SMD_machine-2-5_pcmci_val0.2_b18950_ae6a0cd235221339,1.0,False,15,7,49f630ac8d324ba01390c1a1dcaa4386cd94ae84,49f630ac8d324ba01390c1a1dcaa4386cd94ae84,cuda,2.6.0+cu124,SMD/machine-2-5/seed3/smd_cf_val/eval/last/attempt1,,True,val,G_raw,diagnostic,raw,G_raw,0.2675634004431382,0.7353611885282748,0.1453172084902722,0.6942908489777415,0.3000687471811677,0.7306791569086651,0.3789337082296956,0.1898514698879363,0.7398148809539645
eval/SMD/machine-2-5/seed3/smd_cf_val/eval/last,val_ckpt_eval,val_pred_mae_v2,SMD,machine-2-5,3,scripts/configs/smd_cf_val.yaml,last,80,79ec0dc324a79b94b6a229f9f3453b3db93ae46a94d5bcfad2ea2d24ce201a61,0.1172333746948507,val0.2_b18950,train_sub_val,13e71d30715fc5ec35b017e31efdd249d01220ed2d1f3f521624d3901fbfe957,SMD_machine-2-5_pcmci_val0.2_b18950_ae6a0cd235221339,1.0,False,15,7,49f630ac8d324ba01390c1a1dcaa4386cd94ae84,49f630ac8d324ba01390c1a1dcaa4386cd94ae84,cuda,2.6.0+cu124,SMD/machine-2-5/seed3/smd_cf_val/eval/last/attempt1,,True,val,CF_raw,diagnostic,raw,CF_raw,0.2437808900241009,0.7496783691450148,0.1278735497185497,0.6794781743530238,0.2564440345160897,0.5677018633540373,0.2666158826890112,0.242727875797024,0.67570183518828
eval/SMD/machine-2-5/seed3/smd_cf_val/eval/best_val,val_ckpt_eval,val_pred_mae_v2,SMD,machine-2-5,3,scripts/configs/smd_cf_val.yaml,best_val,80,db5a0dcc006a401853cb4e673fb1da2f33a8784d48ffc60cc4010c7145744b5c,0.1172333746948507,val0.2_b18950,train_sub_val,13e71d30715fc5ec35b017e31efdd249d01220ed2d1f3f521624d3901fbfe957,SMD_machine-2-5_pcmci_val0.2_b18950_ae6a0cd235221339,1.0,False,15,7,49f630ac8d324ba01390c1a1dcaa4386cd94ae84,49f630ac8d324ba01390c1a1dcaa4386cd94ae84,cuda,2.6.0+cu124,SMD/machine-2-5/seed3/smd_cf_val/eval/best_val/attempt1,,True,val,A_off,fusion,raw,P_raw + C_raw,0.4265296278974018,0.8611589948754832,0.4217480043532305,0.8782779114533991,0.4923321835914487,0.9840944073884044,0.9457619159427092,0.5697513309000019,0.9616007117751024
eval/SMD/machine-2-5/seed3/smd_cf_val/eval/best_val,val_ckpt_eval,val_pred_mae_v2,SMD,machine-2-5,3,scripts/configs/smd_cf_val.yaml,best_val,80,db5a0dcc006a401853cb4e673fb1da2f33a8784d48ffc60cc4010c7145744b5c,0.1172333746948507,val0.2_b18950,train_sub_val,13e71d30715fc5ec35b017e31efdd249d01220ed2d1f3f521624d3901fbfe957,SMD_machine-2-5_pcmci_val0.2_b18950_ae6a0cd235221339,1.0,False,15,7,49f630ac8d324ba01390c1a1dcaa4386cd94ae84,49f630ac8d324ba01390c1a1dcaa4386cd94ae84,cuda,2.6.0+cu124,SMD/machine-2-5/seed3/smd_cf_val/eval/best_val/attempt1,,True,val,A_on,fusion,raw,P_raw + C_raw + 1*CF_raw,0.3144797089056294,0.8580870268812371,0.2908546807403296,0.871132642453932,0.3186539642662128,0.9654811715481172,0.7408788282290274,0.5784168633110262,0.9690378654176344
eval/SMD/machine-2-5/seed3/smd_cf_val/eval/best_val,val_ckpt_eval,val_pred_mae_v2,SMD,machine-2-5,3,scripts/configs/smd_cf_val.yaml,best_val,80,db5a0dcc006a401853cb4e673fb1da2f33a8784d48ffc60cc4010c7145744b5c,0.1172333746948507,val0.2_b18950,train_sub_val,13e71d30715fc5ec35b017e31efdd249d01220ed2d1f3f521624d3901fbfe957,SMD_machine-2-5_pcmci_val0.2_b18950_ae6a0cd235221339,1.0,False,15,7,49f630ac8d324ba01390c1a1dcaa4386cd94ae84,49f630ac8d324ba01390c1a1dcaa4386cd94ae84,cuda,2.6.0+cu124,SMD/machine-2-5/seed3/smd_cf_val/eval/best_val/attempt1,,True,val,P_raw,diagnostic,raw,P_raw,0.4291247669613369,0.8661438685606403,0.4240712607667266,0.8830383745227974,0.4932382579028357,0.9840944073884044,0.9457619159427092,0.5669153909850182,0.9616007117751024
eval/SMD/machine-2-5/seed3/smd_cf_val/eval/best_val,val_ckpt_eval,val_pred_mae_v2,SMD,machine-2-5,3,scripts/configs/smd_cf_val.yaml,best_val,80,db5a0dcc006a401853cb4e673fb1da2f33a8784d48ffc60cc4010c7145744b5c,0.1172333746948507,val0.2_b18950,train_sub_val,13e71d30715fc5ec35b017e31efdd249d01220ed2d1f3f521624d3901fbfe957,SMD_machine-2-5_pcmci_val0.2_b18950_ae6a0cd235221339,1.0,False,15,7,49f630ac8d324ba01390c1a1dcaa4386cd94ae84,49f630ac8d324ba01390c1a1dcaa4386cd94ae84,cuda,2.6.0+cu124,SMD/machine-2-5/seed3/smd_cf_val/eval/best_val/attempt1,,True,val,C_raw,diagnostic,raw,C_raw,0.0415189613823597,0.3949686910006292,0.0338720538122688,0.3775092309956503,0.0827046756182696,0.4217267552182163,0.1464646464646459,0.1775829762231714,0.6763336408008693
eval/SMD/machine-2-5/seed3/smd_cf_val/eval/best_val,val_ckpt_eval,val_pred_mae_v2,SMD,machine-2-5,3,scripts/configs/smd_cf_val.yaml,best_val,80,db5a0dcc006a401853cb4e673fb1da2f33a8784d48ffc60cc4010c7145744b5c,0.1172333746948507,val0.2_b18950,train_sub_val,13e71d30715fc5ec35b017e31efdd249d01220ed2d1f3f521624d3901fbfe957,SMD_machine-2-5_pcmci_val0.2_b18950_ae6a0cd235221339,1.0,False,15,7,49f630ac8d324ba01390c1a1dcaa4386cd94ae84,49f630ac8d324ba01390c1a1dcaa4386cd94ae84,cuda,2.6.0+cu124,SMD/machine-2-5/seed3/smd_cf_val/eval/best_val/attempt1,,True,val,G_raw,diagnostic,raw,G_raw,0.2675634004431382,0.7353611885282748,0.1453172084902722,0.6942908489777415,0.3000687471811677,0.7306791569086651,0.3789337082296956,0.1898514698879363,0.7398148809539645
eval/SMD/machine-2-5/seed3/smd_cf_val/eval/best_val,val_ckpt_eval,val_pred_mae_v2,SMD,machine-2-5,3,scripts/configs/smd_cf_val.yaml,best_val,80,db5a0dcc006a401853cb4e673fb1da2f33a8784d48ffc60cc4010c7145744b5c,0.1172333746948507,val0.2_b18950,train_sub_val,13e71d30715fc5ec35b017e31efdd249d01220ed2d1f3f521624d3901fbfe957,SMD_machine-2-5_pcmci_val0.2_b18950_ae6a0cd235221339,1.0,False,15,7,49f630ac8d324ba01390c1a1dcaa4386cd94ae84,49f630ac8d324ba01390c1a1dcaa4386cd94ae84,cuda,2.6.0+cu124,SMD/machine-2-5/seed3/smd_cf_val/eval/best_val/attempt1,,True,val,CF_raw,diagnostic,raw,CF_raw,0.2437808900241009,0.7496783691450148,0.1278735497185497,0.6794781743530238,0.2564440345160897,0.5677018633540373,0.2666158826890112,0.242727875797024,0.67570183518828
eval/SMD/machine-2-6/seed0/smd_cf_val/eval/last,val_ckpt_eval,val_pred_mae_v2,SMD,machine-2-6,0,scripts/configs/smd_cf_val.yaml,last,80,b61c4c8abe7b85a91c5bc56dc7075e41dfd4ed35a8cb1cc526521538c98e971a,0.11658652547125901,val0.2_b22994,train_sub_val,48b4686ca710688f822e0a81972bfdd66d2340c191c284fd990eef83de66982e,SMD_machine-2-6_pcmci_val0.2_b22994_b06edd5e7827b72a,1.0,False,15,30,49f630ac8d324ba01390c1a1dcaa4386cd94ae84,49f630ac8d324ba01390c1a1dcaa4386cd94ae84,cuda,2.6.0+cu124,SMD/machine-2-6/seed0/smd_cf_val/eval/last/attempt1,,True,val,A_off,fusion,raw,P_raw + C_raw,0.3704737038976212,0.8179605179848444,0.3224932239526153,0.8685898827620284,0.4776077657408571,0.9474860335195532,0.859701492537313,0.423007672758791,0.8975617243244356
eval/SMD/machine-2-6/seed0/smd_cf_val/eval/last,val_ckpt_eval,val_pred_mae_v2,SMD,machine-2-6,0,scripts/configs/smd_cf_val.yaml,last,80,b61c4c8abe7b85a91c5bc56dc7075e41dfd4ed35a8cb1cc526521538c98e971a,0.11658652547125901,val0.2_b22994,train_sub_val,48b4686ca710688f822e0a81972bfdd66d2340c191c284fd990eef83de66982e,SMD_machine-2-6_pcmci_val0.2_b22994_b06edd5e7827b72a,1.0,False,15,30,49f630ac8d324ba01390c1a1dcaa4386cd94ae84,49f630ac8d324ba01390c1a1dcaa4386cd94ae84,cuda,2.6.0+cu124,SMD/machine-2-6/seed0/smd_cf_val/eval/last/attempt1,,True,val,A_on,fusion,raw,P_raw + C_raw + 1*CF_raw,0.3295560729674474,0.8797493051991763,0.311404594800294,0.9113367439370054,0.422783973940859,0.8639455782312925,0.626506024096385,0.2235251128789328,0.8092789012829775
eval/SMD/machine-2-6/seed0/smd_cf_val/eval/last,val_ckpt_eval,val_pred_mae_v2,SMD,machine-2-6,0,scripts/configs/smd_cf_val.yaml,last,80,b61c4c8abe7b85a91c5bc56dc7075e41dfd4ed35a8cb1cc526521538c98e971a,0.11658652547125901,val0.2_b22994,train_sub_val,48b4686ca710688f822e0a81972bfdd66d2340c191c284fd990eef83de66982e,SMD_machine-2-6_pcmci_val0.2_b22994_b06edd5e7827b72a,1.0,False,15,30,49f630ac8d324ba01390c1a1dcaa4386cd94ae84,49f630ac8d324ba01390c1a1dcaa4386cd94ae84,cuda,2.6.0+cu124,SMD/machine-2-6/seed0/smd_cf_val/eval/last/attempt1,,True,val,P_raw,diagnostic,raw,P_raw,0.3705153250402473,0.8180389121785089,0.3223826180258379,0.86865456469397,0.4776077657408571,0.9485458612975392,0.8622754491017959,0.423007672758791,0.8976561187124248
eval/SMD/machine-2-6/seed0/smd_cf_val/eval/last,val_ckpt_eval,val_pred_mae_v2,SMD,machine-2-6,0,scripts/configs/smd_cf_val.yaml,last,80,b61c4c8abe7b85a91c5bc56dc7075e41dfd4ed35a8cb1cc526521538c98e971a,0.11658652547125901,val0.2_b22994,train_sub_val,48b4686ca710688f822e0a81972bfdd66d2340c191c284fd990eef83de66982e,SMD_machine-2-6_pcmci_val0.2_b22994_b06edd5e7827b72a,1.0,False,15,30,49f630ac8d324ba01390c1a1dcaa4386cd94ae84,49f630ac8d324ba01390c1a1dcaa4386cd94ae84,cuda,2.6.0+cu124,SMD/machine-2-6/seed0/smd_cf_val/eval/last/attempt1,,True,val,C_raw,diagnostic,raw,C_raw,0.1520506513197211,0.6532915564204929,0.0874908665815288,0.6982186408709732,0.2261858192568792,0.7053571428571429,0.5055432372505538,0.1535483834069005,0.7701777123334865
eval/SMD/machine-2-6/seed0/smd_cf_val/eval/last,val_ckpt_eval,val_pred_mae_v2,SMD,machine-2-6,0,scripts/configs/smd_cf_val.yaml,last,80,b61c4c8abe7b85a91c5bc56dc7075e41dfd4ed35a8cb1cc526521538c98e971a,0.11658652547125901,val0.2_b22994,train_sub_val,48b4686ca710688f822e0a81972bfdd66d2340c191c284fd990eef83de66982e,SMD_machine-2-6_pcmci_val0.2_b22994_b06edd5e7827b72a,1.0,False,15,30,49f630ac8d324ba01390c1a1dcaa4386cd94ae84,49f630ac8d324ba01390c1a1dcaa4386cd94ae84,cuda,2.6.0+cu124,SMD/machine-2-6/seed0/smd_cf_val/eval/last/attempt1,,True,val,G_raw,diagnostic,raw,G_raw,0.2663472740425159,0.7686008344274642,0.2074589788219347,0.8175089636873566,0.3601851503329616,0.8495197438633938,0.5999999999999994,0.194873061277256,0.7975113157791153
eval/SMD/machine-2-6/seed0/smd_cf_val/eval/last,val_ckpt_eval,val_pred_mae_v2,SMD,machine-2-6,0,scripts/configs/smd_cf_val.yaml,last,80,b61c4c8abe7b85a91c5bc56dc7075e41dfd4ed35a8cb1cc526521538c98e971a,0.11658652547125901,val0.2_b22994,train_sub_val,48b4686ca710688f822e0a81972bfdd66d2340c191c284fd990eef83de66982e,SMD_machine-2-6_pcmci_val0.2_b22994_b06edd5e7827b72a,1.0,False,15,30,49f630ac8d324ba01390c1a1dcaa4386cd94ae84,49f630ac8d324ba01390c1a1dcaa4386cd94ae84,cuda,2.6.0+cu124,SMD/machine-2-6/seed0/smd_cf_val/eval/last/attempt1,,True,val,CF_raw,diagnostic,raw,CF_raw,0.1783654807495413,0.8802744046706611,0.2109158249715548,0.9109113455043456,0.3614140867250837,0.8698630136986302,0.490015031135924,0.2443788280915256,0.7983620363757611
eval/SMD/machine-2-6/seed0/smd_cf_val/eval/best_val,val_ckpt_eval,val_pred_mae_v2,SMD,machine-2-6,0,scripts/configs/smd_cf_val.yaml,best_val,70,0a676f6aa1009ed02208ae1c31fa754508407549bcfa2a1dfe201908196540d3,0.11654705856997617,val0.2_b22994,train_sub_val,48b4686ca710688f822e0a81972bfdd66d2340c191c284fd990eef83de66982e,SMD_machine-2-6_pcmci_val0.2_b22994_b06edd5e7827b72a,1.0,False,15,30,49f630ac8d324ba01390c1a1dcaa4386cd94ae84,49f630ac8d324ba01390c1a1dcaa4386cd94ae84,cuda,2.6.0+cu124,SMD/machine-2-6/seed0/smd_cf_val/eval/best_val/attempt1,,True,val,A_off,fusion,raw,P_raw + C_raw,0.3707262471082614,0.822287694194331,0.322868266562495,0.8715172416503193,0.4776077657408571,0.9464285714285714,0.8571428571428567,0.423007672758791,0.8939305877072731
eval/SMD/machine-2-6/seed0/smd_cf_val/eval/best_val,val_ckpt_eval,val_pred_mae_v2,SMD,machine-2-6,0,scripts/configs/smd_cf_val.yaml,best_val,70,0a676f6aa1009ed02208ae1c31fa754508407549bcfa2a1dfe201908196540d3,0.11654705856997617,val0.2_b22994,train_sub_val,48b4686ca710688f822e0a81972bfdd66d2340c191c284fd990eef83de66982e,SMD_machine-2-6_pcmci_val0.2_b22994_b06edd5e7827b72a,1.0,False,15,30,49f630ac8d324ba01390c1a1dcaa4386cd94ae84,49f630ac8d324ba01390c1a1dcaa4386cd94ae84,cuda,2.6.0+cu124,SMD/machine-2-6/seed0/smd_cf_val/eval/best_val/attempt1,,True,val,A_on,fusion,raw,P_raw + C_raw + 1*CF_raw,0.3458580644811327,0.8799400421879061,0.3149175212076044,0.9113193888908244,0.4326731611924482,0.8581081081081081,0.6482861400894183,0.2149443986527474,0.8119320508492632
eval/SMD/machine-2-6/seed0/smd_cf_val/eval/best_val,val_ckpt_eval,val_pred_mae_v2,SMD,machine-2-6,0,scripts/configs/smd_cf_val.yaml,best_val,70,0a676f6aa1009ed02208ae1c31fa754508407549bcfa2a1dfe201908196540d3,0.11654705856997617,val0.2_b22994,train_sub_val,48b4686ca710688f822e0a81972bfdd66d2340c191c284fd990eef83de66982e,SMD_machine-2-6_pcmci_val0.2_b22994_b06edd5e7827b72a,1.0,False,15,30,49f630ac8d324ba01390c1a1dcaa4386cd94ae84,49f630ac8d324ba01390c1a1dcaa4386cd94ae84,cuda,2.6.0+cu124,SMD/machine-2-6/seed0/smd_cf_val/eval/best_val/attempt1,,True,val,P_raw,diagnostic,raw,P_raw,0.3707781581988621,0.8223029814786428,0.3228433216822287,0.8714948285709692,0.4784011505754387,0.9464285714285714,0.8571428571428567,0.423007672758791,0.8939305877072731
eval/SMD/machine-2-6/seed0/smd_cf_val/eval/best_val,val_ckpt_eval,val_pred_mae_v2,SMD,machine-2-6,0,scripts/configs/smd_cf_val.yaml,best_val,70,0a676f6aa1009ed02208ae1c31fa754508407549bcfa2a1dfe201908196540d3,0.11654705856997617,val0.2_b22994,train_sub_val,48b4686ca710688f822e0a81972bfdd66d2340c191c284fd990eef83de66982e,SMD_machine-2-6_pcmci_val0.2_b22994_b06edd5e7827b72a,1.0,False,15,30,49f630ac8d324ba01390c1a1dcaa4386cd94ae84,49f630ac8d324ba01390c1a1dcaa4386cd94ae84,cuda,2.6.0+cu124,SMD/machine-2-6/seed0/smd_cf_val/eval/best_val/attempt1,,True,val,C_raw,diagnostic,raw,C_raw,0.1421276778379175,0.6547669668028498,0.0829000978924488,0.6964699063544417,0.2162834719770495,0.6388140161725068,0.3999999999999996,0.1326290523930331,0.7053736878096869
eval/SMD/machine-2-6/seed0/smd_cf_val/eval/best_val,val_ckpt_eval,val_pred_mae_v2,SMD,machine-2-6,0,scripts/configs/smd_cf_val.yaml,best_val,70,0a676f6aa1009ed02208ae1c31fa754508407549bcfa2a1dfe201908196540d3,0.11654705856997617,val0.2_b22994,train_sub_val,48b4686ca710688f822e0a81972bfdd66d2340c191c284fd990eef83de66982e,SMD_machine-2-6_pcmci_val0.2_b22994_b06edd5e7827b72a,1.0,False,15,30,49f630ac8d324ba01390c1a1dcaa4386cd94ae84,49f630ac8d324ba01390c1a1dcaa4386cd94ae84,cuda,2.6.0+cu124,SMD/machine-2-6/seed0/smd_cf_val/eval/best_val/attempt1,,True,val,G_raw,diagnostic,raw,G_raw,0.2642946571218496,0.7931104749971675,0.2064226425237684,0.8386476977943267,0.3496689461836421,0.8240165631469979,0.5560975609756094,0.1768380534038123,0.7804297463117172
eval/SMD/machine-2-6/seed0/smd_cf_val/eval/best_val,val_ckpt_eval,val_pred_mae_v2,SMD,machine-2-6,0,scripts/configs/smd_cf_val.yaml,best_val,70,0a676f6aa1009ed02208ae1c31fa754508407549bcfa2a1dfe201908196540d3,0.11654705856997617,val0.2_b22994,train_sub_val,48b4686ca710688f822e0a81972bfdd66d2340c191c284fd990eef83de66982e,SMD_machine-2-6_pcmci_val0.2_b22994_b06edd5e7827b72a,1.0,False,15,30,49f630ac8d324ba01390c1a1dcaa4386cd94ae84,49f630ac8d324ba01390c1a1dcaa4386cd94ae84,cuda,2.6.0+cu124,SMD/machine-2-6/seed0/smd_cf_val/eval/best_val/attempt1,,True,val,CF_raw,diagnostic,raw,CF_raw,0.1797100781618369,0.8793765787141019,0.2110776848088009,0.9096829853889044,0.3485604049124414,0.8629671574178935,0.4999999999999995,0.2551034146498802,0.8011321486305476
eval/SMD/machine-2-6/seed1/smd_cf_val/eval/last,val_ckpt_eval,val_pred_mae_v2,SMD,machine-2-6,1,scripts/configs/smd_cf_val.yaml,last,80,140d41aff6396718f30221581ac3038f4adcf2698ad2206bc15475d2739d2cfd,0.11859679341906476,val0.2_b22994,train_sub_val,48b4686ca710688f822e0a81972bfdd66d2340c191c284fd990eef83de66982e,SMD_machine-2-6_pcmci_val0.2_b22994_b06edd5e7827b72a,1.0,False,15,30,49f630ac8d324ba01390c1a1dcaa4386cd94ae84,49f630ac8d324ba01390c1a1dcaa4386cd94ae84,cuda,2.6.0+cu124,SMD/machine-2-6/seed1/smd_cf_val/eval/last/attempt1,,True,val,A_off,fusion,raw,P_raw + C_raw,0.367901654300821,0.8046028471838074,0.3218837647126483,0.8563222255694504,0.4779620578336965,0.9485458612975392,0.8630952380952375,0.4206264766085231,0.9018171905904512
eval/SMD/machine-2-6/seed1/smd_cf_val/eval/last,val_ckpt_eval,val_pred_mae_v2,SMD,machine-2-6,1,scripts/configs/smd_cf_val.yaml,last,80,140d41aff6396718f30221581ac3038f4adcf2698ad2206bc15475d2739d2cfd,0.11859679341906476,val0.2_b22994,train_sub_val,48b4686ca710688f822e0a81972bfdd66d2340c191c284fd990eef83de66982e,SMD_machine-2-6_pcmci_val0.2_b22994_b06edd5e7827b72a,1.0,False,15,30,49f630ac8d324ba01390c1a1dcaa4386cd94ae84,49f630ac8d324ba01390c1a1dcaa4386cd94ae84,cuda,2.6.0+cu124,SMD/machine-2-6/seed1/smd_cf_val/eval/last/attempt1,,True,val,A_on,fusion,raw,P_raw + C_raw + 1*CF_raw,0.3773240875748642,0.8730236498870324,0.3568364138058155,0.904414989263416,0.4615339255357045,0.8901220865704772,0.7548526240115021,0.2636362839956389,0.8308509742280664
eval/SMD/machine-2-6/seed1/smd_cf_val/eval/last,val_ckpt_eval,val_pred_mae_v2,SMD,machine-2-6,1,scripts/configs/smd_cf_val.yaml,last,80,140d41aff6396718f30221581ac3038f4adcf2698ad2206bc15475d2739d2cfd,0.11859679341906476,val0.2_b22994,train_sub_val,48b4686ca710688f822e0a81972bfdd66d2340c191c284fd990eef83de66982e,SMD_machine-2-6_pcmci_val0.2_b22994_b06edd5e7827b72a,1.0,False,15,30,49f630ac8d324ba01390c1a1dcaa4386cd94ae84,49f630ac8d324ba01390c1a1dcaa4386cd94ae84,cuda,2.6.0+cu124,SMD/machine-2-6/seed1/smd_cf_val/eval/last/attempt1,,True,val,P_raw,diagnostic,raw,P_raw,0.3678650230679329,0.8044841312157183,0.3218601978318286,0.856157589286049,0.4779620578336965,0.9485458612975392,0.8622754491017959,0.4206264766085231,0.9017603023898912
eval/SMD/machine-2-6/seed1/smd_cf_val/eval/last,val_ckpt_eval,val_pred_mae_v2,SMD,machine-2-6,1,scripts/configs/smd_cf_val.yaml,last,80,140d41aff6396718f30221581ac3038f4adcf2698ad2206bc15475d2739d2cfd,0.11859679341906476,val0.2_b22994,train_sub_val,48b4686ca710688f822e0a81972bfdd66d2340c191c284fd990eef83de66982e,SMD_machine-2-6_pcmci_val0.2_b22994_b06edd5e7827b72a,1.0,False,15,30,49f630ac8d324ba01390c1a1dcaa4386cd94ae84,49f630ac8d324ba01390c1a1dcaa4386cd94ae84,cuda,2.6.0+cu124,SMD/machine-2-6/seed1/smd_cf_val/eval/last/attempt1,,True,val,C_raw,diagnostic,raw,C_raw,0.0786577401314098,0.6625542344527903,0.0549107806797503,0.7157522428948503,0.1364714405580229,0.4748201438848921,0.3999999999999996,0.103193005000419,0.7031830231818474
eval/SMD/machine-2-6/seed1/smd_cf_val/eval/last,val_ckpt_eval,val_pred_mae_v2,SMD,machine-2-6,1,scripts/configs/smd_cf_val.yaml,last,80,140d41aff6396718f30221581ac3038f4adcf2698ad2206bc15475d2739d2cfd,0.11859679341906476,val0.2_b22994,train_sub_val,48b4686ca710688f822e0a81972bfdd66d2340c191c284fd990eef83de66982e,SMD_machine-2-6_pcmci_val0.2_b22994_b06edd5e7827b72a,1.0,False,15,30,49f630ac8d324ba01390c1a1dcaa4386cd94ae84,49f630ac8d324ba01390c1a1dcaa4386cd94ae84,cuda,2.6.0+cu124,SMD/machine-2-6/seed1/smd_cf_val/eval/last/attempt1,,True,val,G_raw,diagnostic,raw,G_raw,0.1771905010331875,0.6260805235832394,0.1205137782965582,0.6862545240615172,0.2472290660999518,0.6152073732718893,0.4567474048442901,0.1401838463425545,0.7689174747513317
eval/SMD/machine-2-6/seed1/smd_cf_val/eval/last,val_ckpt_eval,val_pred_mae_v2,SMD,machine-2-6,1,scripts/configs/smd_cf_val.yaml,last,80,140d41aff6396718f30221581ac3038f4adcf2698ad2206bc15475d2739d2cfd,0.11859679341906476,val0.2_b22994,train_sub_val,48b4686ca710688f822e0a81972bfdd66d2340c191c284fd990eef83de66982e,SMD_machine-2-6_pcmci_val0.2_b22994_b06edd5e7827b72a,1.0,False,15,30,49f630ac8d324ba01390c1a1dcaa4386cd94ae84,49f630ac8d324ba01390c1a1dcaa4386cd94ae84,cuda,2.6.0+cu124,SMD/machine-2-6/seed1/smd_cf_val/eval/last/attempt1,,True,val,CF_raw,diagnostic,raw,CF_raw,0.2216664637058336,0.8728338293022667,0.2468162233185584,0.9031844598096164,0.3680936114077707,0.8410596026490066,0.5698151950718681,0.2383788939915237,0.8118743501005784
eval/SMD/machine-2-6/seed1/smd_cf_val/eval/best_val,val_ckpt_eval,val_pred_mae_v2,SMD,machine-2-6,1,scripts/configs/smd_cf_val.yaml,best_val,74,2b1d7b41a358ed4c789994e27a44b98a5c1dd6233750a38cd50aa251c620d7c1,0.11769751851851189,val0.2_b22994,train_sub_val,48b4686ca710688f822e0a81972bfdd66d2340c191c284fd990eef83de66982e,SMD_machine-2-6_pcmci_val0.2_b22994_b06edd5e7827b72a,1.0,False,15,30,49f630ac8d324ba01390c1a1dcaa4386cd94ae84,49f630ac8d324ba01390c1a1dcaa4386cd94ae84,cuda,2.6.0+cu124,SMD/machine-2-6/seed1/smd_cf_val/eval/best_val/attempt1,,True,val,A_off,fusion,raw,P_raw + C_raw,0.3680185057490293,0.8032347393747126,0.3218903088404979,0.8558125739623875,0.4779620578336965,0.9485458612975392,0.8637372392365729,0.4206264766085231,0.9018171905904512
eval/SMD/machine-2-6/seed1/smd_cf_val/eval/best_val,val_ckpt_eval,val_pred_mae_v2,SMD,machine-2-6,1,scripts/configs/smd_cf_val.yaml,best_val,74,2b1d7b41a358ed4c789994e27a44b98a5c1dd6233750a38cd50aa251c620d7c1,0.11769751851851189,val0.2_b22994,train_sub_val,48b4686ca710688f822e0a81972bfdd66d2340c191c284fd990eef83de66982e,SMD_machine-2-6_pcmci_val0.2_b22994_b06edd5e7827b72a,1.0,False,15,30,49f630ac8d324ba01390c1a1dcaa4386cd94ae84,49f630ac8d324ba01390c1a1dcaa4386cd94ae84,cuda,2.6.0+cu124,SMD/machine-2-6/seed1/smd_cf_val/eval/best_val/attempt1,,True,val,A_on,fusion,raw,P_raw + C_raw + 1*CF_raw,0.3730748165993913,0.8748010986850435,0.3465258899086273,0.9057121577134516,0.4594135163639832,0.8871681415929203,0.7491972886193359,0.2547802640206794,0.8279661853072635
eval/SMD/machine-2-6/seed1/smd_cf_val/eval/best_val,val_ckpt_eval,val_pred_mae_v2,SMD,machine-2-6,1,scripts/configs/smd_cf_val.yaml,best_val,74,2b1d7b41a358ed4c789994e27a44b98a5c1dd6233750a38cd50aa251c620d7c1,0.11769751851851189,val0.2_b22994,train_sub_val,48b4686ca710688f822e0a81972bfdd66d2340c191c284fd990eef83de66982e,SMD_machine-2-6_pcmci_val0.2_b22994_b06edd5e7827b72a,1.0,False,15,30,49f630ac8d324ba01390c1a1dcaa4386cd94ae84,49f630ac8d324ba01390c1a1dcaa4386cd94ae84,cuda,2.6.0+cu124,SMD/machine-2-6/seed1/smd_cf_val/eval/best_val/attempt1,,True,val,P_raw,diagnostic,raw,P_raw,0.3679853514471132,0.8030250078310883,0.3220005150843402,0.8555955700773382,0.4779620578336965,0.9506726457399104,0.8682634730538917,0.4206264766085231,0.9019186206258768
eval/SMD/machine-2-6/seed1/smd_cf_val/eval/best_val,val_ckpt_eval,val_pred_mae_v2,SMD,machine-2-6,1,scripts/configs/smd_cf_val.yaml,best_val,74,2b1d7b41a358ed4c789994e27a44b98a5c1dd6233750a38cd50aa251c620d7c1,0.11769751851851189,val0.2_b22994,train_sub_val,48b4686ca710688f822e0a81972bfdd66d2340c191c284fd990eef83de66982e,SMD_machine-2-6_pcmci_val0.2_b22994_b06edd5e7827b72a,1.0,False,15,30,49f630ac8d324ba01390c1a1dcaa4386cd94ae84,49f630ac8d324ba01390c1a1dcaa4386cd94ae84,cuda,2.6.0+cu124,SMD/machine-2-6/seed1/smd_cf_val/eval/best_val/attempt1,,True,val,C_raw,diagnostic,raw,C_raw,0.0776100826114163,0.669925704631339,0.0549653475035568,0.7246527272233234,0.1420593903947717,0.4748201438848921,0.3999999999999996,0.1041198397297184,0.7155643989772327
eval/SMD/machine-2-6/seed1/smd_cf_val/eval/best_val,val_ckpt_eval,val_pred_mae_v2,SMD,machine-2-6,1,scripts/configs/smd_cf_val.yaml,best_val,74,2b1d7b41a358ed4c789994e27a44b98a5c1dd6233750a38cd50aa251c620d7c1,0.11769751851851189,val0.2_b22994,train_sub_val,48b4686ca710688f822e0a81972bfdd66d2340c191c284fd990eef83de66982e,SMD_machine-2-6_pcmci_val0.2_b22994_b06edd5e7827b72a,1.0,False,15,30,49f630ac8d324ba01390c1a1dcaa4386cd94ae84,49f630ac8d324ba01390c1a1dcaa4386cd94ae84,cuda,2.6.0+cu124,SMD/machine-2-6/seed1/smd_cf_val/eval/best_val/attempt1,,True,val,G_raw,diagnostic,raw,G_raw,0.1819517826781576,0.6299907359890164,0.1274888873916838,0.6907294870108175,0.2542023189175543,0.569164265129683,0.4694376528117354,0.1464292277639254,0.7561166768006751
eval/SMD/machine-2-6/seed1/smd_cf_val/eval/best_val,val_ckpt_eval,val_pred_mae_v2,SMD,machine-2-6,1,scripts/configs/smd_cf_val.yaml,best_val,74,2b1d7b41a358ed4c789994e27a44b98a5c1dd6233750a38cd50aa251c620d7c1,0.11769751851851189,val0.2_b22994,train_sub_val,48b4686ca710688f822e0a81972bfdd66d2340c191c284fd990eef83de66982e,SMD_machine-2-6_pcmci_val0.2_b22994_b06edd5e7827b72a,1.0,False,15,30,49f630ac8d324ba01390c1a1dcaa4386cd94ae84,49f630ac8d324ba01390c1a1dcaa4386cd94ae84,cuda,2.6.0+cu124,SMD/machine-2-6/seed1/smd_cf_val/eval/best_val/attempt1,,True,val,CF_raw,diagnostic,raw,CF_raw,0.2174605760714406,0.8752161880260992,0.2429891848760898,0.9028304177315796,0.3653797513025259,0.8273615635179153,0.5634861006761828,0.2542566279741812,0.8127381811445712
eval/SMD/machine-2-6/seed2/smd_cf_val/eval/last,val_ckpt_eval,val_pred_mae_v2,SMD,machine-2-6,2,scripts/configs/smd_cf_val.yaml,last,80,f6c59a8f8416c31fd3e42b7a4208a2f66ed55f8e671970cdbffa97bff2da5051,0.11753964895461429,val0.2_b22994,train_sub_val,48b4686ca710688f822e0a81972bfdd66d2340c191c284fd990eef83de66982e,SMD_machine-2-6_pcmci_val0.2_b22994_b06edd5e7827b72a,1.0,False,15,30,49f630ac8d324ba01390c1a1dcaa4386cd94ae84,49f630ac8d324ba01390c1a1dcaa4386cd94ae84,cuda,2.6.0+cu124,SMD/machine-2-6/seed2/smd_cf_val/eval/last/attempt1,,True,val,A_off,fusion,raw,P_raw + C_raw,0.3703994057299526,0.8272255286817779,0.3236035319791887,0.8726646841116648,0.4755439853157031,0.9435294117647058,0.8610619469026543,0.4334858347081509,0.8935968275787977
eval/SMD/machine-2-6/seed2/smd_cf_val/eval/last,val_ckpt_eval,val_pred_mae_v2,SMD,machine-2-6,2,scripts/configs/smd_cf_val.yaml,last,80,f6c59a8f8416c31fd3e42b7a4208a2f66ed55f8e671970cdbffa97bff2da5051,0.11753964895461429,val0.2_b22994,train_sub_val,48b4686ca710688f822e0a81972bfdd66d2340c191c284fd990eef83de66982e,SMD_machine-2-6_pcmci_val0.2_b22994_b06edd5e7827b72a,1.0,False,15,30,49f630ac8d324ba01390c1a1dcaa4386cd94ae84,49f630ac8d324ba01390c1a1dcaa4386cd94ae84,cuda,2.6.0+cu124,SMD/machine-2-6/seed2/smd_cf_val/eval/last/attempt1,,True,val,A_on,fusion,raw,P_raw + C_raw + 1*CF_raw,0.3897096167774627,0.8626892790733323,0.3489819481339063,0.8937841433948372,0.4761862462998517,0.9138920780711826,0.7636363636363631,0.3891474936787676,0.8498767082333222
eval/SMD/machine-2-6/seed2/smd_cf_val/eval/last,val_ckpt_eval,val_pred_mae_v2,SMD,machine-2-6,2,scripts/configs/smd_cf_val.yaml,last,80,f6c59a8f8416c31fd3e42b7a4208a2f66ed55f8e671970cdbffa97bff2da5051,0.11753964895461429,val0.2_b22994,train_sub_val,48b4686ca710688f822e0a81972bfdd66d2340c191c284fd990eef83de66982e,SMD_machine-2-6_pcmci_val0.2_b22994_b06edd5e7827b72a,1.0,False,15,30,49f630ac8d324ba01390c1a1dcaa4386cd94ae84,49f630ac8d324ba01390c1a1dcaa4386cd94ae84,cuda,2.6.0+cu124,SMD/machine-2-6/seed2/smd_cf_val/eval/last/attempt1,,True,val,P_raw,diagnostic,raw,P_raw,0.3704382218851993,0.8275764280906142,0.3236598601288359,0.8727689451217292,0.4755439853157031,0.9435294117647058,0.8610619469026543,0.4334858347081509,0.8935934805995891
eval/SMD/machine-2-6/seed2/smd_cf_val/eval/last,val_ckpt_eval,val_pred_mae_v2,SMD,machine-2-6,2,scripts/configs/smd_cf_val.yaml,last,80,f6c59a8f8416c31fd3e42b7a4208a2f66ed55f8e671970cdbffa97bff2da5051,0.11753964895461429,val0.2_b22994,train_sub_val,48b4686ca710688f822e0a81972bfdd66d2340c191c284fd990eef83de66982e,SMD_machine-2-6_pcmci_val0.2_b22994_b06edd5e7827b72a,1.0,False,15,30,49f630ac8d324ba01390c1a1dcaa4386cd94ae84,49f630ac8d324ba01390c1a1dcaa4386cd94ae84,cuda,2.6.0+cu124,SMD/machine-2-6/seed2/smd_cf_val/eval/last/attempt1,,True,val,C_raw,diagnostic,raw,C_raw,0.0281724096414871,0.6404508624194397,0.0336813013902123,0.6991149845972522,0.0734742475222146,0.4334554334554334,0.0869151089415405,0.0710691444766252,0.6801184029747978
eval/SMD/machine-2-6/seed2/smd_cf_val/eval/last,val_ckpt_eval,val_pred_mae_v2,SMD,machine-2-6,2,scripts/configs/smd_cf_val.yaml,last,80,f6c59a8f8416c31fd3e42b7a4208a2f66ed55f8e671970cdbffa97bff2da5051,0.11753964895461429,val0.2_b22994,train_sub_val,48b4686ca710688f822e0a81972bfdd66d2340c191c284fd990eef83de66982e,SMD_machine-2-6_pcmci_val0.2_b22994_b06edd5e7827b72a,1.0,False,15,30,49f630ac8d324ba01390c1a1dcaa4386cd94ae84,49f630ac8d324ba01390c1a1dcaa4386cd94ae84,cuda,2.6.0+cu124,SMD/machine-2-6/seed2/smd_cf_val/eval/last/attempt1,,True,val,G_raw,diagnostic,raw,G_raw,0.0541757813678404,0.7726601707510514,0.0612365094526958,0.8320714984205779,0.1201167766494022,0.7260406582768635,0.1999999999999996,0.1148380969464578,0.6729716669173499
eval/SMD/machine-2-6/seed2/smd_cf_val/eval/last,val_ckpt_eval,val_pred_mae_v2,SMD,machine-2-6,2,scripts/configs/smd_cf_val.yaml,last,80,f6c59a8f8416c31fd3e42b7a4208a2f66ed55f8e671970cdbffa97bff2da5051,0.11753964895461429,val0.2_b22994,train_sub_val,48b4686ca710688f822e0a81972bfdd66d2340c191c284fd990eef83de66982e,SMD_machine-2-6_pcmci_val0.2_b22994_b06edd5e7827b72a,1.0,False,15,30,49f630ac8d324ba01390c1a1dcaa4386cd94ae84,49f630ac8d324ba01390c1a1dcaa4386cd94ae84,cuda,2.6.0+cu124,SMD/machine-2-6/seed2/smd_cf_val/eval/last/attempt1,,True,val,CF_raw,diagnostic,raw,CF_raw,0.2609858772924256,0.8542039615310278,0.2592577714864336,0.8818348065236848,0.3742468601098012,0.8387776606954689,0.5971337579617829,0.2217156564618267,0.8386017278463995
eval/SMD/machine-2-6/seed2/smd_cf_val/eval/best_val,val_ckpt_eval,val_pred_mae_v2,SMD,machine-2-6,2,scripts/configs/smd_cf_val.yaml,best_val,80,915fdc2dc29288585cccc47fd30a6e351780810f85b7333b1d638fe0969d1a06,0.11753964895461429,val0.2_b22994,train_sub_val,48b4686ca710688f822e0a81972bfdd66d2340c191c284fd990eef83de66982e,SMD_machine-2-6_pcmci_val0.2_b22994_b06edd5e7827b72a,1.0,False,15,30,49f630ac8d324ba01390c1a1dcaa4386cd94ae84,49f630ac8d324ba01390c1a1dcaa4386cd94ae84,cuda,2.6.0+cu124,SMD/machine-2-6/seed2/smd_cf_val/eval/best_val/attempt1,,True,val,A_off,fusion,raw,P_raw + C_raw,0.3703994057299526,0.8272255286817779,0.3236035319791887,0.8726646841116648,0.4755439853157031,0.9435294117647058,0.8610619469026543,0.4334858347081509,0.8935968275787977
eval/SMD/machine-2-6/seed2/smd_cf_val/eval/best_val,val_ckpt_eval,val_pred_mae_v2,SMD,machine-2-6,2,scripts/configs/smd_cf_val.yaml,best_val,80,915fdc2dc29288585cccc47fd30a6e351780810f85b7333b1d638fe0969d1a06,0.11753964895461429,val0.2_b22994,train_sub_val,48b4686ca710688f822e0a81972bfdd66d2340c191c284fd990eef83de66982e,SMD_machine-2-6_pcmci_val0.2_b22994_b06edd5e7827b72a,1.0,False,15,30,49f630ac8d324ba01390c1a1dcaa4386cd94ae84,49f630ac8d324ba01390c1a1dcaa4386cd94ae84,cuda,2.6.0+cu124,SMD/machine-2-6/seed2/smd_cf_val/eval/best_val/attempt1,,True,val,A_on,fusion,raw,P_raw + C_raw + 1*CF_raw,0.3897096167774627,0.8626892790733323,0.3489819481339063,0.8937841433948372,0.4761862462998517,0.9138920780711826,0.7636363636363631,0.3891474936787676,0.8498767082333222
eval/SMD/machine-2-6/seed2/smd_cf_val/eval/best_val,val_ckpt_eval,val_pred_mae_v2,SMD,machine-2-6,2,scripts/configs/smd_cf_val.yaml,best_val,80,915fdc2dc29288585cccc47fd30a6e351780810f85b7333b1d638fe0969d1a06,0.11753964895461429,val0.2_b22994,train_sub_val,48b4686ca710688f822e0a81972bfdd66d2340c191c284fd990eef83de66982e,SMD_machine-2-6_pcmci_val0.2_b22994_b06edd5e7827b72a,1.0,False,15,30,49f630ac8d324ba01390c1a1dcaa4386cd94ae84,49f630ac8d324ba01390c1a1dcaa4386cd94ae84,cuda,2.6.0+cu124,SMD/machine-2-6/seed2/smd_cf_val/eval/best_val/attempt1,,True,val,P_raw,diagnostic,raw,P_raw,0.3704382218851993,0.8275764280906142,0.3236598601288359,0.8727689451217292,0.4755439853157031,0.9435294117647058,0.8610619469026543,0.4334858347081509,0.8935934805995891
eval/SMD/machine-2-6/seed2/smd_cf_val/eval/best_val,val_ckpt_eval,val_pred_mae_v2,SMD,machine-2-6,2,scripts/configs/smd_cf_val.yaml,best_val,80,915fdc2dc29288585cccc47fd30a6e351780810f85b7333b1d638fe0969d1a06,0.11753964895461429,val0.2_b22994,train_sub_val,48b4686ca710688f822e0a81972bfdd66d2340c191c284fd990eef83de66982e,SMD_machine-2-6_pcmci_val0.2_b22994_b06edd5e7827b72a,1.0,False,15,30,49f630ac8d324ba01390c1a1dcaa4386cd94ae84,49f630ac8d324ba01390c1a1dcaa4386cd94ae84,cuda,2.6.0+cu124,SMD/machine-2-6/seed2/smd_cf_val/eval/best_val/attempt1,,True,val,C_raw,diagnostic,raw,C_raw,0.0281724096414871,0.6404508624194397,0.0336813013902123,0.6991149845972522,0.0734742475222146,0.4334554334554334,0.0869151089415405,0.0710691444766252,0.6801184029747978
eval/SMD/machine-2-6/seed2/smd_cf_val/eval/best_val,val_ckpt_eval,val_pred_mae_v2,SMD,machine-2-6,2,scripts/configs/smd_cf_val.yaml,best_val,80,915fdc2dc29288585cccc47fd30a6e351780810f85b7333b1d638fe0969d1a06,0.11753964895461429,val0.2_b22994,train_sub_val,48b4686ca710688f822e0a81972bfdd66d2340c191c284fd990eef83de66982e,SMD_machine-2-6_pcmci_val0.2_b22994_b06edd5e7827b72a,1.0,False,15,30,49f630ac8d324ba01390c1a1dcaa4386cd94ae84,49f630ac8d324ba01390c1a1dcaa4386cd94ae84,cuda,2.6.0+cu124,SMD/machine-2-6/seed2/smd_cf_val/eval/best_val/attempt1,,True,val,G_raw,diagnostic,raw,G_raw,0.0541757813678404,0.7726601707510514,0.0612365094526958,0.8320714984205779,0.1201167766494022,0.7260406582768635,0.1999999999999996,0.1148380969464578,0.6729716669173499
eval/SMD/machine-2-6/seed2/smd_cf_val/eval/best_val,val_ckpt_eval,val_pred_mae_v2,SMD,machine-2-6,2,scripts/configs/smd_cf_val.yaml,best_val,80,915fdc2dc29288585cccc47fd30a6e351780810f85b7333b1d638fe0969d1a06,0.11753964895461429,val0.2_b22994,train_sub_val,48b4686ca710688f822e0a81972bfdd66d2340c191c284fd990eef83de66982e,SMD_machine-2-6_pcmci_val0.2_b22994_b06edd5e7827b72a,1.0,False,15,30,49f630ac8d324ba01390c1a1dcaa4386cd94ae84,49f630ac8d324ba01390c1a1dcaa4386cd94ae84,cuda,2.6.0+cu124,SMD/machine-2-6/seed2/smd_cf_val/eval/best_val/attempt1,,True,val,CF_raw,diagnostic,raw,CF_raw,0.2609858772924256,0.8542039615310278,0.2592577714864336,0.8818348065236848,0.3742468601098012,0.8387776606954689,0.5971337579617829,0.2217156564618267,0.8386017278463995
eval/SMD/machine-2-6/seed3/smd_cf_val/eval/last,val_ckpt_eval,val_pred_mae_v2,SMD,machine-2-6,3,scripts/configs/smd_cf_val.yaml,last,80,c2d6b35de4421fbb779456e35c900c6209303c8c681ab406c42a354a5b634f1d,0.11934772269694757,val0.2_b22994,train_sub_val,48b4686ca710688f822e0a81972bfdd66d2340c191c284fd990eef83de66982e,SMD_machine-2-6_pcmci_val0.2_b22994_b06edd5e7827b72a,1.0,False,15,30,49f630ac8d324ba01390c1a1dcaa4386cd94ae84,49f630ac8d324ba01390c1a1dcaa4386cd94ae84,cuda,2.6.0+cu124,SMD/machine-2-6/seed3/smd_cf_val/eval/last/attempt1,,True,val,A_off,fusion,raw,P_raw + C_raw,0.3690852526947402,0.8104906593443213,0.3222563994455027,0.8600021832584744,0.4763472863750834,0.9443207126948776,0.8610619469026543,0.423007672758791,0.8979997053313765
eval/SMD/machine-2-6/seed3/smd_cf_val/eval/last,val_ckpt_eval,val_pred_mae_v2,SMD,machine-2-6,3,scripts/configs/smd_cf_val.yaml,last,80,c2d6b35de4421fbb779456e35c900c6209303c8c681ab406c42a354a5b634f1d,0.11934772269694757,val0.2_b22994,train_sub_val,48b4686ca710688f822e0a81972bfdd66d2340c191c284fd990eef83de66982e,SMD_machine-2-6_pcmci_val0.2_b22994_b06edd5e7827b72a,1.0,False,15,30,49f630ac8d324ba01390c1a1dcaa4386cd94ae84,49f630ac8d324ba01390c1a1dcaa4386cd94ae84,cuda,2.6.0+cu124,SMD/machine-2-6/seed3/smd_cf_val/eval/last/attempt1,,True,val,A_on,fusion,raw,P_raw + C_raw + 1*CF_raw,0.3945504916942799,0.8717603037129358,0.3589431736610934,0.9006423255112753,0.4891081116704289,0.951015531660693,0.8761487964989054,0.4221592214995413,0.8966400571449883
eval/SMD/machine-2-6/seed3/smd_cf_val/eval/last,val_ckpt_eval,val_pred_mae_v2,SMD,machine-2-6,3,scripts/configs/smd_cf_val.yaml,last,80,c2d6b35de4421fbb779456e35c900c6209303c8c681ab406c42a354a5b634f1d,0.11934772269694757,val0.2_b22994,train_sub_val,48b4686ca710688f822e0a81972bfdd66d2340c191c284fd990eef83de66982e,SMD_machine-2-6_pcmci_val0.2_b22994_b06edd5e7827b72a,1.0,False,15,30,49f630ac8d324ba01390c1a1dcaa4386cd94ae84,49f630ac8d324ba01390c1a1dcaa4386cd94ae84,cuda,2.6.0+cu124,SMD/machine-2-6/seed3/smd_cf_val/eval/last/attempt1,,True,val,P_raw,diagnostic,raw,P_raw,0.3690218814534265,0.8103850229600847,0.3222451584235448,0.8598404493612976,0.4763472863750834,0.9443207126948776,0.8610619469026543,0.423007672758791,0.8979997053313765
eval/SMD/machine-2-6/seed3/smd_cf_val/eval/last,val_ckpt_eval,val_pred_mae_v2,SMD,machine-2-6,3,scripts/configs/smd_cf_val.yaml,last,80,c2d6b35de4421fbb779456e35c900c6209303c8c681ab406c42a354a5b634f1d,0.11934772269694757,val0.2_b22994,train_sub_val,48b4686ca710688f822e0a81972bfdd66d2340c191c284fd990eef83de66982e,SMD_machine-2-6_pcmci_val0.2_b22994_b06edd5e7827b72a,1.0,False,15,30,49f630ac8d324ba01390c1a1dcaa4386cd94ae84,49f630ac8d324ba01390c1a1dcaa4386cd94ae84,cuda,2.6.0+cu124,SMD/machine-2-6/seed3/smd_cf_val/eval/last/attempt1,,True,val,C_raw,diagnostic,raw,C_raw,0.0544305779342698,0.6637915880780844,0.0516918172978985,0.7148329562229668,0.1369515525432529,0.6504263093788063,0.3333333333333328,0.1371838318629101,0.7619364010748358
eval/SMD/machine-2-6/seed3/smd_cf_val/eval/last,val_ckpt_eval,val_pred_mae_v2,SMD,machine-2-6,3,scripts/configs/smd_cf_val.yaml,last,80,c2d6b35de4421fbb779456e35c900c6209303c8c681ab406c42a354a5b634f1d,0.11934772269694757,val0.2_b22994,train_sub_val,48b4686ca710688f822e0a81972bfdd66d2340c191c284fd990eef83de66982e,SMD_machine-2-6_pcmci_val0.2_b22994_b06edd5e7827b72a,1.0,False,15,30,49f630ac8d324ba01390c1a1dcaa4386cd94ae84,49f630ac8d324ba01390c1a1dcaa4386cd94ae84,cuda,2.6.0+cu124,SMD/machine-2-6/seed3/smd_cf_val/eval/last/attempt1,,True,val,G_raw,diagnostic,raw,G_raw,0.1901223443313048,0.7898388295355331,0.1389160439204341,0.8309179181302793,0.2765920125245809,0.7140115163147792,0.4090909090909086,0.1233105170949203,0.7615722055926363
eval/SMD/machine-2-6/seed3/smd_cf_val/eval/last,val_ckpt_eval,val_pred_mae_v2,SMD,machine-2-6,3,scripts/configs/smd_cf_val.yaml,last,80,c2d6b35de4421fbb779456e35c900c6209303c8c681ab406c42a354a5b634f1d,0.11934772269694757,val0.2_b22994,train_sub_val,48b4686ca710688f822e0a81972bfdd66d2340c191c284fd990eef83de66982e,SMD_machine-2-6_pcmci_val0.2_b22994_b06edd5e7827b72a,1.0,False,15,30,49f630ac8d324ba01390c1a1dcaa4386cd94ae84,49f630ac8d324ba01390c1a1dcaa4386cd94ae84,cuda,2.6.0+cu124,SMD/machine-2-6/seed3/smd_cf_val/eval/last/attempt1,,True,val,CF_raw,diagnostic,raw,CF_raw,0.3330516322553021,0.8678797078170924,0.3031816449909658,0.8967001198055154,0.4025312490656416,0.8048533872598584,0.7241379310344822,0.2650668223396729,0.903980708646843
eval/SMD/machine-2-6/seed3/smd_cf_val/eval/best_val,val_ckpt_eval,val_pred_mae_v2,SMD,machine-2-6,3,scripts/configs/smd_cf_val.yaml,best_val,76,a5772569f603ddfbd06eac4a4efca23d55a53831b57876f0bf5fd7aef953454a,0.11871486421071256,val0.2_b22994,train_sub_val,48b4686ca710688f822e0a81972bfdd66d2340c191c284fd990eef83de66982e,SMD_machine-2-6_pcmci_val0.2_b22994_b06edd5e7827b72a,1.0,False,15,30,49f630ac8d324ba01390c1a1dcaa4386cd94ae84,49f630ac8d324ba01390c1a1dcaa4386cd94ae84,cuda,2.6.0+cu124,SMD/machine-2-6/seed3/smd_cf_val/eval/best_val/attempt1,,True,val,A_off,fusion,raw,P_raw + C_raw,0.3692997895322472,0.8103511160134094,0.3259332020497138,0.8600187492535474,0.4771533059400119,0.9474860335195532,0.8610619469026543,0.423007672758791,0.9018185485573876
eval/SMD/machine-2-6/seed3/smd_cf_val/eval/best_val,val_ckpt_eval,val_pred_mae_v2,SMD,machine-2-6,3,scripts/configs/smd_cf_val.yaml,best_val,76,a5772569f603ddfbd06eac4a4efca23d55a53831b57876f0bf5fd7aef953454a,0.11871486421071256,val0.2_b22994,train_sub_val,48b4686ca710688f822e0a81972bfdd66d2340c191c284fd990eef83de66982e,SMD_machine-2-6_pcmci_val0.2_b22994_b06edd5e7827b72a,1.0,False,15,30,49f630ac8d324ba01390c1a1dcaa4386cd94ae84,49f630ac8d324ba01390c1a1dcaa4386cd94ae84,cuda,2.6.0+cu124,SMD/machine-2-6/seed3/smd_cf_val/eval/best_val/attempt1,,True,val,A_on,fusion,raw,P_raw + C_raw + 1*CF_raw,0.3953108051243542,0.8711986730470598,0.361993481743317,0.9005690321999567,0.4932391782657873,0.9479905437352246,0.8734729493891791,0.4389167406814999,0.8946034656053845
eval/SMD/machine-2-6/seed3/smd_cf_val/eval/best_val,val_ckpt_eval,val_pred_mae_v2,SMD,machine-2-6,3,scripts/configs/smd_cf_val.yaml,best_val,76,a5772569f603ddfbd06eac4a4efca23d55a53831b57876f0bf5fd7aef953454a,0.11871486421071256,val0.2_b22994,train_sub_val,48b4686ca710688f822e0a81972bfdd66d2340c191c284fd990eef83de66982e,SMD_machine-2-6_pcmci_val0.2_b22994_b06edd5e7827b72a,1.0,False,15,30,49f630ac8d324ba01390c1a1dcaa4386cd94ae84,49f630ac8d324ba01390c1a1dcaa4386cd94ae84,cuda,2.6.0+cu124,SMD/machine-2-6/seed3/smd_cf_val/eval/best_val/attempt1,,True,val,P_raw,diagnostic,raw,P_raw,0.3692407794654805,0.8103522823457276,0.325607895145406,0.8598281013037499,0.4763472863750834,0.9485458612975392,0.8630952380952375,0.4334858347081509,0.9018996415857248
eval/SMD/machine-2-6/seed3/smd_cf_val/eval/best_val,val_ckpt_eval,val_pred_mae_v2,SMD,machine-2-6,3,scripts/configs/smd_cf_val.yaml,best_val,76,a5772569f603ddfbd06eac4a4efca23d55a53831b57876f0bf5fd7aef953454a,0.11871486421071256,val0.2_b22994,train_sub_val,48b4686ca710688f822e0a81972bfdd66d2340c191c284fd990eef83de66982e,SMD_machine-2-6_pcmci_val0.2_b22994_b06edd5e7827b72a,1.0,False,15,30,49f630ac8d324ba01390c1a1dcaa4386cd94ae84,49f630ac8d324ba01390c1a1dcaa4386cd94ae84,cuda,2.6.0+cu124,SMD/machine-2-6/seed3/smd_cf_val/eval/best_val/attempt1,,True,val,C_raw,diagnostic,raw,C_raw,0.0556677583926301,0.6659664646134775,0.0514897921329556,0.7136836071347874,0.134339561907673,0.5155709342560554,0.4067796610169486,0.144963596323262,0.7504660737104287
eval/SMD/machine-2-6/seed3/smd_cf_val/eval/best_val,val_ckpt_eval,val_pred_mae_v2,SMD,machine-2-6,3,scripts/configs/smd_cf_val.yaml,best_val,76,a5772569f603ddfbd06eac4a4efca23d55a53831b57876f0bf5fd7aef953454a,0.11871486421071256,val0.2_b22994,train_sub_val,48b4686ca710688f822e0a81972bfdd66d2340c191c284fd990eef83de66982e,SMD_machine-2-6_pcmci_val0.2_b22994_b06edd5e7827b72a,1.0,False,15,30,49f630ac8d324ba01390c1a1dcaa4386cd94ae84,49f630ac8d324ba01390c1a1dcaa4386cd94ae84,cuda,2.6.0+cu124,SMD/machine-2-6/seed3/smd_cf_val/eval/best_val/attempt1,,True,val,G_raw,diagnostic,raw,G_raw,0.2134834186981872,0.7870500456535794,0.1525859207064911,0.8283995727379883,0.3111071217401036,0.7249544626593807,0.4822546972860119,0.1506812924217239,0.7633564256348129
eval/SMD/machine-2-6/seed3/smd_cf_val/eval/best_val,val_ckpt_eval,val_pred_mae_v2,SMD,machine-2-6,3,scripts/configs/smd_cf_val.yaml,best_val,76,a5772569f603ddfbd06eac4a4efca23d55a53831b57876f0bf5fd7aef953454a,0.11871486421071256,val0.2_b22994,train_sub_val,48b4686ca710688f822e0a81972bfdd66d2340c191c284fd990eef83de66982e,SMD_machine-2-6_pcmci_val0.2_b22994_b06edd5e7827b72a,1.0,False,15,30,49f630ac8d324ba01390c1a1dcaa4386cd94ae84,49f630ac8d324ba01390c1a1dcaa4386cd94ae84,cuda,2.6.0+cu124,SMD/machine-2-6/seed3/smd_cf_val/eval/best_val/attempt1,,True,val,CF_raw,diagnostic,raw,CF_raw,0.3248270301361576,0.8674671594143013,0.300625277898216,0.894482729613065,0.4027032213440122,0.7928286852589641,0.6831922611850054,0.2461657698439235,0.8875814765696965
eval/SMD/machine-2-7/seed0/smd_cf_val/eval/last,val_ckpt_eval,val_pred_mae_v2,SMD,machine-2-7,0,scripts/configs/smd_cf_val.yaml,last,80,09abda807ec22e1b0d2672e5ae6b6ca22844c78b75147c28c7c41a7827b064e2,0.11228255198372475,val0.2_b18957,train_sub_val,db6e785a5a0b9775ba71f8c0bb132f3628e2456708765381fe144ac2429b1ceb,SMD_machine-2-7_pcmci_val0.2_b18957_761434aaa9421189,1.0,False,15,3,49f630ac8d324ba01390c1a1dcaa4386cd94ae84,49f630ac8d324ba01390c1a1dcaa4386cd94ae84,cuda,2.6.0+cu124,SMD/machine-2-7/seed0/smd_cf_val/eval/last/attempt1,,True,val,A_off,fusion,raw,P_raw + C_raw,0.8089108896526435,0.9521495137366686,0.7577792790098662,0.9540698825960416,0.8172539003176862,0.9830508474576272,0.9450742596010188,0.524330861210862,0.973488479404216
eval/SMD/machine-2-7/seed0/smd_cf_val/eval/last,val_ckpt_eval,val_pred_mae_v2,SMD,machine-2-7,0,scripts/configs/smd_cf_val.yaml,last,80,09abda807ec22e1b0d2672e5ae6b6ca22844c78b75147c28c7c41a7827b064e2,0.11228255198372475,val0.2_b18957,train_sub_val,db6e785a5a0b9775ba71f8c0bb132f3628e2456708765381fe144ac2429b1ceb,SMD_machine-2-7_pcmci_val0.2_b18957_761434aaa9421189,1.0,False,15,3,49f630ac8d324ba01390c1a1dcaa4386cd94ae84,49f630ac8d324ba01390c1a1dcaa4386cd94ae84,cuda,2.6.0+cu124,SMD/machine-2-7/seed0/smd_cf_val/eval/last/attempt1,,True,val,A_on,fusion,raw,P_raw + C_raw + 1*CF_raw,0.7924234320759003,0.9340433798212828,0.6820746588694119,0.9409330395513924,0.8177165345280598,0.9258836944127709,0.853556485355648,0.4767365270135296,0.884517390383716
eval/SMD/machine-2-7/seed0/smd_cf_val/eval/last,val_ckpt_eval,val_pred_mae_v2,SMD,machine-2-7,0,scripts/configs/smd_cf_val.yaml,last,80,09abda807ec22e1b0d2672e5ae6b6ca22844c78b75147c28c7c41a7827b064e2,0.11228255198372475,val0.2_b18957,train_sub_val,db6e785a5a0b9775ba71f8c0bb132f3628e2456708765381fe144ac2429b1ceb,SMD_machine-2-7_pcmci_val0.2_b18957_761434aaa9421189,1.0,False,15,3,49f630ac8d324ba01390c1a1dcaa4386cd94ae84,49f630ac8d324ba01390c1a1dcaa4386cd94ae84,cuda,2.6.0+cu124,SMD/machine-2-7/seed0/smd_cf_val/eval/last/attempt1,,True,val,P_raw,diagnostic,raw,P_raw,0.8088163009440338,0.9519484026015116,0.7578012953229576,0.9541035244340113,0.8172539003176862,0.9830508474576272,0.9450742596010188,0.524330861210862,0.973488479404216
eval/SMD/machine-2-7/seed0/smd_cf_val/eval/last,val_ckpt_eval,val_pred_mae_v2,SMD,machine-2-7,0,scripts/configs/smd_cf_val.yaml,last,80,09abda807ec22e1b0d2672e5ae6b6ca22844c78b75147c28c7c41a7827b064e2,0.11228255198372475,val0.2_b18957,train_sub_val,db6e785a5a0b9775ba71f8c0bb132f3628e2456708765381fe144ac2429b1ceb,SMD_machine-2-7_pcmci_val0.2_b18957_761434aaa9421189,1.0,False,15,3,49f630ac8d324ba01390c1a1dcaa4386cd94ae84,49f630ac8d324ba01390c1a1dcaa4386cd94ae84,cuda,2.6.0+cu124,SMD/machine-2-7/seed0/smd_cf_val/eval/last/attempt1,,True,val,C_raw,diagnostic,raw,C_raw,0.0149992109030224,0.4739835462957523,0.0171887263163794,0.4200583477324028,0.0416051191669975,0.3259187620889748,0.0413544116842623,0.0896919499978254,0.6694191764869144
eval/SMD/machine-2-7/seed0/smd_cf_val/eval/last,val_ckpt_eval,val_pred_mae_v2,SMD,machine-2-7,0,scripts/configs/smd_cf_val.yaml,last,80,09abda807ec22e1b0d2672e5ae6b6ca22844c78b75147c28c7c41a7827b064e2,0.11228255198372475,val0.2_b18957,train_sub_val,db6e785a5a0b9775ba71f8c0bb132f3628e2456708765381fe144ac2429b1ceb,SMD_machine-2-7_pcmci_val0.2_b18957_761434aaa9421189,1.0,False,15,3,49f630ac8d324ba01390c1a1dcaa4386cd94ae84,49f630ac8d324ba01390c1a1dcaa4386cd94ae84,cuda,2.6.0+cu124,SMD/machine-2-7/seed0/smd_cf_val/eval/last/attempt1,,True,val,G_raw,diagnostic,raw,G_raw,0.496406785276067,0.921819759491075,0.202704499778423,0.73373520797992,0.5955334949084893,0.891358024691358,0.4173833276000454,0.2764651851220842,0.7046482970834633
eval/SMD/machine-2-7/seed0/smd_cf_val/eval/last,val_ckpt_eval,val_pred_mae_v2,SMD,machine-2-7,0,scripts/configs/smd_cf_val.yaml,last,80,09abda807ec22e1b0d2672e5ae6b6ca22844c78b75147c28c7c41a7827b064e2,0.11228255198372475,val0.2_b18957,train_sub_val,db6e785a5a0b9775ba71f8c0bb132f3628e2456708765381fe144ac2429b1ceb,SMD_machine-2-7_pcmci_val0.2_b18957_761434aaa9421189,1.0,False,15,3,49f630ac8d324ba01390c1a1dcaa4386cd94ae84,49f630ac8d324ba01390c1a1dcaa4386cd94ae84,cuda,2.6.0+cu124,SMD/machine-2-7/seed0/smd_cf_val/eval/last/attempt1,,True,val,CF_raw,diagnostic,raw,CF_raw,0.6760764791828637,0.9057429260716908,0.1648371990245915,0.7611460043813145,0.7948337386866563,0.8868175765645806,0.2282867172460646,0.0903514740429604,0.669439077724477
eval/SMD/machine-2-7/seed0/smd_cf_val/eval/best_val,val_ckpt_eval,val_pred_mae_v2,SMD,machine-2-7,0,scripts/configs/smd_cf_val.yaml,best_val,75,eb318134a39bc4050f14cdfe9c7722c4d79762149e4cc02aeb1e3ae543ccf20a,0.11209777886363202,val0.2_b18957,train_sub_val,db6e785a5a0b9775ba71f8c0bb132f3628e2456708765381fe144ac2429b1ceb,SMD_machine-2-7_pcmci_val0.2_b18957_761434aaa9421189,1.0,False,15,3,49f630ac8d324ba01390c1a1dcaa4386cd94ae84,49f630ac8d324ba01390c1a1dcaa4386cd94ae84,cuda,2.6.0+cu124,SMD/machine-2-7/seed0/smd_cf_val/eval/best_val/attempt1,,True,val,A_off,fusion,raw,P_raw + C_raw,0.8081572184227248,0.9524711988037418,0.7591956495298836,0.9553658593476,0.8157510534412381,0.9831730769230768,0.9480600195329836,0.5333579156609723,0.973488479404216
eval/SMD/machine-2-7/seed0/smd_cf_val/eval/best_val,val_ckpt_eval,val_pred_mae_v2,SMD,machine-2-7,0,scripts/configs/smd_cf_val.yaml,best_val,75,eb318134a39bc4050f14cdfe9c7722c4d79762149e4cc02aeb1e3ae543ccf20a,0.11209777886363202,val0.2_b18957,train_sub_val,db6e785a5a0b9775ba71f8c0bb132f3628e2456708765381fe144ac2429b1ceb,SMD_machine-2-7_pcmci_val0.2_b18957_761434aaa9421189,1.0,False,15,3,49f630ac8d324ba01390c1a1dcaa4386cd94ae84,49f630ac8d324ba01390c1a1dcaa4386cd94ae84,cuda,2.6.0+cu124,SMD/machine-2-7/seed0/smd_cf_val/eval/best_val/attempt1,,True,val,A_on,fusion,raw,P_raw + C_raw + 1*CF_raw,0.7957831904785997,0.935306932794976,0.6856068016364827,0.9419469548815383,0.8233749416239297,0.9260969976905312,0.8528121874278672,0.4748878995748384,0.8867765641251008
eval/SMD/machine-2-7/seed0/smd_cf_val/eval/best_val,val_ckpt_eval,val_pred_mae_v2,SMD,machine-2-7,0,scripts/configs/smd_cf_val.yaml,best_val,75,eb318134a39bc4050f14cdfe9c7722c4d79762149e4cc02aeb1e3ae543ccf20a,0.11209777886363202,val0.2_b18957,train_sub_val,db6e785a5a0b9775ba71f8c0bb132f3628e2456708765381fe144ac2429b1ceb,SMD_machine-2-7_pcmci_val0.2_b18957_761434aaa9421189,1.0,False,15,3,49f630ac8d324ba01390c1a1dcaa4386cd94ae84,49f630ac8d324ba01390c1a1dcaa4386cd94ae84,cuda,2.6.0+cu124,SMD/machine-2-7/seed0/smd_cf_val/eval/best_val/attempt1,,True,val,P_raw,diagnostic,raw,P_raw,0.8081069044786144,0.9525104626225964,0.7595657310998772,0.9557562375997566,0.8157510534412381,0.9831730769230768,0.9480600195329836,0.5333579156609723,0.973488479404216
eval/SMD/machine-2-7/seed0/smd_cf_val/eval/best_val,val_ckpt_eval,val_pred_mae_v2,SMD,machine-2-7,0,scripts/configs/smd_cf_val.yaml,best_val,75,eb318134a39bc4050f14cdfe9c7722c4d79762149e4cc02aeb1e3ae543ccf20a,0.11209777886363202,val0.2_b18957,train_sub_val,db6e785a5a0b9775ba71f8c0bb132f3628e2456708765381fe144ac2429b1ceb,SMD_machine-2-7_pcmci_val0.2_b18957_761434aaa9421189,1.0,False,15,3,49f630ac8d324ba01390c1a1dcaa4386cd94ae84,49f630ac8d324ba01390c1a1dcaa4386cd94ae84,cuda,2.6.0+cu124,SMD/machine-2-7/seed0/smd_cf_val/eval/best_val/attempt1,,True,val,C_raw,diagnostic,raw,C_raw,0.0146803311692395,0.4633137838676201,0.0165136909200224,0.4185837914806695,0.0402819684706392,0.3540336622170633,0.040307001514123,0.0857335808348079,0.6694134104305284
eval/SMD/machine-2-7/seed0/smd_cf_val/eval/best_val,val_ckpt_eval,val_pred_mae_v2,SMD,machine-2-7,0,scripts/configs/smd_cf_val.yaml,best_val,75,eb318134a39bc4050f14cdfe9c7722c4d79762149e4cc02aeb1e3ae543ccf20a,0.11209777886363202,val0.2_b18957,train_sub_val,db6e785a5a0b9775ba71f8c0bb132f3628e2456708765381fe144ac2429b1ceb,SMD_machine-2-7_pcmci_val0.2_b18957_761434aaa9421189,1.0,False,15,3,49f630ac8d324ba01390c1a1dcaa4386cd94ae84,49f630ac8d324ba01390c1a1dcaa4386cd94ae84,cuda,2.6.0+cu124,SMD/machine-2-7/seed0/smd_cf_val/eval/best_val/attempt1,,True,val,G_raw,diagnostic,raw,G_raw,0.5856985484459866,0.9213021160209776,0.2271359329711679,0.7131438319781698,0.6740281799823018,0.888,0.4428397070789255,0.2431716163671527,0.7022169624505136
eval/SMD/machine-2-7/seed0/smd_cf_val/eval/best_val,val_ckpt_eval,val_pred_mae_v2,SMD,machine-2-7,0,scripts/configs/smd_cf_val.yaml,best_val,75,eb318134a39bc4050f14cdfe9c7722c4d79762149e4cc02aeb1e3ae543ccf20a,0.11209777886363202,val0.2_b18957,train_sub_val,db6e785a5a0b9775ba71f8c0bb132f3628e2456708765381fe144ac2429b1ceb,SMD_machine-2-7_pcmci_val0.2_b18957_761434aaa9421189,1.0,False,15,3,49f630ac8d324ba01390c1a1dcaa4386cd94ae84,49f630ac8d324ba01390c1a1dcaa4386cd94ae84,cuda,2.6.0+cu124,SMD/machine-2-7/seed0/smd_cf_val/eval/best_val/attempt1,,True,val,CF_raw,diagnostic,raw,CF_raw,0.6894847972819397,0.9072495849474266,0.1681330745713276,0.7680461302880358,0.8010353478470733,0.8868175765645806,0.230479021378758,0.1030845738792438,0.669439077724477
eval/SMD/machine-2-7/seed1/smd_cf_val/eval/last,val_ckpt_eval,val_pred_mae_v2,SMD,machine-2-7,1,scripts/configs/smd_cf_val.yaml,last,80,ecfcb0d700b0d0722c38a89e3ae267b0aee9aed209a061b5fda5924f0bc75a5d,0.11154478401446404,val0.2_b18957,train_sub_val,db6e785a5a0b9775ba71f8c0bb132f3628e2456708765381fe144ac2429b1ceb,SMD_machine-2-7_pcmci_val0.2_b18957_761434aaa9421189,1.0,False,15,3,49f630ac8d324ba01390c1a1dcaa4386cd94ae84,49f630ac8d324ba01390c1a1dcaa4386cd94ae84,cuda,2.6.0+cu124,SMD/machine-2-7/seed1/smd_cf_val/eval/last/attempt1,,True,val,A_off,fusion,raw,P_raw + C_raw,0.8055970202019231,0.950119801022096,0.7552514668526678,0.9536159571219084,0.8187529377143655,0.9830508474576272,0.9395157840704932,0.5276612274640801,0.9736337754903156
eval/SMD/machine-2-7/seed1/smd_cf_val/eval/last,val_ckpt_eval,val_pred_mae_v2,SMD,machine-2-7,1,scripts/configs/smd_cf_val.yaml,last,80,ecfcb0d700b0d0722c38a89e3ae267b0aee9aed209a061b5fda5924f0bc75a5d,0.11154478401446404,val0.2_b18957,train_sub_val,db6e785a5a0b9775ba71f8c0bb132f3628e2456708765381fe144ac2429b1ceb,SMD_machine-2-7_pcmci_val0.2_b18957_761434aaa9421189,1.0,False,15,3,49f630ac8d324ba01390c1a1dcaa4386cd94ae84,49f630ac8d324ba01390c1a1dcaa4386cd94ae84,cuda,2.6.0+cu124,SMD/machine-2-7/seed1/smd_cf_val/eval/last/attempt1,,True,val,A_on,fusion,raw,P_raw + C_raw + 1*CF_raw,0.7966150909596896,0.9450174626091992,0.6928040507113777,0.9521763325168592,0.8157510534412381,0.9250288350634372,0.8520507432485013,0.4564656022835186,0.8849725203613429
eval/SMD/machine-2-7/seed1/smd_cf_val/eval/last,val_ckpt_eval,val_pred_mae_v2,SMD,machine-2-7,1,scripts/configs/smd_cf_val.yaml,last,80,ecfcb0d700b0d0722c38a89e3ae267b0aee9aed209a061b5fda5924f0bc75a5d,0.11154478401446404,val0.2_b18957,train_sub_val,db6e785a5a0b9775ba71f8c0bb132f3628e2456708765381fe144ac2429b1ceb,SMD_machine-2-7_pcmci_val0.2_b18957_761434aaa9421189,1.0,False,15,3,49f630ac8d324ba01390c1a1dcaa4386cd94ae84,49f630ac8d324ba01390c1a1dcaa4386cd94ae84,cuda,2.6.0+cu124,SMD/machine-2-7/seed1/smd_cf_val/eval/last/attempt1,,True,val,P_raw,diagnostic,raw,P_raw,0.8057539802818984,0.9502689210900296,0.7554282266219537,0.953790346402445,0.8187529377143655,0.9830508474576272,0.9410454155955436,0.5276612274640801,0.9736337754903156
eval/SMD/machine-2-7/seed1/smd_cf_val/eval/last,val_ckpt_eval,val_pred_mae_v2,SMD,machine-2-7,1,scripts/configs/smd_cf_val.yaml,last,80,ecfcb0d700b0d0722c38a89e3ae267b0aee9aed209a061b5fda5924f0bc75a5d,0.11154478401446404,val0.2_b18957,train_sub_val,db6e785a5a0b9775ba71f8c0bb132f3628e2456708765381fe144ac2429b1ceb,SMD_machine-2-7_pcmci_val0.2_b18957_761434aaa9421189,1.0,False,15,3,49f630ac8d324ba01390c1a1dcaa4386cd94ae84,49f630ac8d324ba01390c1a1dcaa4386cd94ae84,cuda,2.6.0+cu124,SMD/machine-2-7/seed1/smd_cf_val/eval/last/attempt1,,True,val,C_raw,diagnostic,raw,C_raw,0.0163769317513113,0.5158602640878273,0.0190775251953868,0.4794110564780872,0.0470194358284961,0.1847168774051676,0.0470065896150875,0.0945921981868135,0.6694603437810607
eval/SMD/machine-2-7/seed1/smd_cf_val/eval/last,val_ckpt_eval,val_pred_mae_v2,SMD,machine-2-7,1,scripts/configs/smd_cf_val.yaml,last,80,ecfcb0d700b0d0722c38a89e3ae267b0aee9aed209a061b5fda5924f0bc75a5d,0.11154478401446404,val0.2_b18957,train_sub_val,db6e785a5a0b9775ba71f8c0bb132f3628e2456708765381fe144ac2429b1ceb,SMD_machine-2-7_pcmci_val0.2_b18957_761434aaa9421189,1.0,False,15,3,49f630ac8d324ba01390c1a1dcaa4386cd94ae84,49f630ac8d324ba01390c1a1dcaa4386cd94ae84,cuda,2.6.0+cu124,SMD/machine-2-7/seed1/smd_cf_val/eval/last/attempt1,,True,val,G_raw,diagnostic,raw,G_raw,0.583500336665791,0.9200507234951188,0.227716686174437,0.7180733412116744,0.684090902466624,0.9323308270676692,0.4574136425988273,0.2733053641672555,0.6800086609207237
eval/SMD/machine-2-7/seed1/smd_cf_val/eval/last,val_ckpt_eval,val_pred_mae_v2,SMD,machine-2-7,1,scripts/configs/smd_cf_val.yaml,last,80,ecfcb0d700b0d0722c38a89e3ae267b0aee9aed209a061b5fda5924f0bc75a5d,0.11154478401446404,val0.2_b18957,train_sub_val,db6e785a5a0b9775ba71f8c0bb132f3628e2456708765381fe144ac2429b1ceb,SMD_machine-2-7_pcmci_val0.2_b18957_761434aaa9421189,1.0,False,15,3,49f630ac8d324ba01390c1a1dcaa4386cd94ae84,49f630ac8d324ba01390c1a1dcaa4386cd94ae84,cuda,2.6.0+cu124,SMD/machine-2-7/seed1/smd_cf_val/eval/last/attempt1,,True,val,CF_raw,diagnostic,raw,CF_raw,0.5492921441768307,0.9209797610987274,0.1600137633659194,0.8220301142304569,0.6384389464386709,0.888,0.2298050139275761,0.0641037384299503,0.683715615480747
eval/SMD/machine-2-7/seed1/smd_cf_val/eval/best_val,val_ckpt_eval,val_pred_mae_v2,SMD,machine-2-7,1,scripts/configs/smd_cf_val.yaml,best_val,69,d725ce1e36122d5c8f9e70518e839057e6dc5da1f350990eedd8a7e3d19b1915,0.11102141977430942,val0.2_b18957,train_sub_val,db6e785a5a0b9775ba71f8c0bb132f3628e2456708765381fe144ac2429b1ceb,SMD_machine-2-7_pcmci_val0.2_b18957_761434aaa9421189,1.0,False,15,3,49f630ac8d324ba01390c1a1dcaa4386cd94ae84,49f630ac8d324ba01390c1a1dcaa4386cd94ae84,cuda,2.6.0+cu124,SMD/machine-2-7/seed1/smd_cf_val/eval/best_val/attempt1,,True,val,A_off,fusion,raw,P_raw + C_raw,0.8075091841323929,0.9506002417661918,0.7537873505304322,0.9544709623908008,0.8223300424494783,0.9830508474576272,0.921424735994272,0.5397304771390428,0.9736434426651736
eval/SMD/machine-2-7/seed1/smd_cf_val/eval/best_val,val_ckpt_eval,val_pred_mae_v2,SMD,machine-2-7,1,scripts/configs/smd_cf_val.yaml,best_val,69,d725ce1e36122d5c8f9e70518e839057e6dc5da1f350990eedd8a7e3d19b1915,0.11102141977430942,val0.2_b18957,train_sub_val,db6e785a5a0b9775ba71f8c0bb132f3628e2456708765381fe144ac2429b1ceb,SMD_machine-2-7_pcmci_val0.2_b18957_761434aaa9421189,1.0,False,15,3,49f630ac8d324ba01390c1a1dcaa4386cd94ae84,49f630ac8d324ba01390c1a1dcaa4386cd94ae84,cuda,2.6.0+cu124,SMD/machine-2-7/seed1/smd_cf_val/eval/best_val/attempt1,,True,val,A_on,fusion,raw,P_raw + C_raw + 1*CF_raw,0.7974414179493228,0.9443014389519754,0.6945267596094745,0.9509485591451976,0.8158517996326771,0.9258836944127709,0.853179551122194,0.4427631962076374,0.8727448241514827
eval/SMD/machine-2-7/seed1/smd_cf_val/eval/best_val,val_ckpt_eval,val_pred_mae_v2,SMD,machine-2-7,1,scripts/configs/smd_cf_val.yaml,best_val,69,d725ce1e36122d5c8f9e70518e839057e6dc5da1f350990eedd8a7e3d19b1915,0.11102141977430942,val0.2_b18957,train_sub_val,db6e785a5a0b9775ba71f8c0bb132f3628e2456708765381fe144ac2429b1ceb,SMD_machine-2-7_pcmci_val0.2_b18957_761434aaa9421189,1.0,False,15,3,49f630ac8d324ba01390c1a1dcaa4386cd94ae84,49f630ac8d324ba01390c1a1dcaa4386cd94ae84,cuda,2.6.0+cu124,SMD/machine-2-7/seed1/smd_cf_val/eval/best_val/attempt1,,True,val,P_raw,diagnostic,raw,P_raw,0.8076911150463599,0.9507434877194936,0.7532809615554792,0.9548878892144445,0.8223300424494783,0.9830508474576272,0.921424735994272,0.5397304771390428,0.9736434426651736
eval/SMD/machine-2-7/seed1/smd_cf_val/eval/best_val,val_ckpt_eval,val_pred_mae_v2,SMD,machine-2-7,1,scripts/configs/smd_cf_val.yaml,best_val,69,d725ce1e36122d5c8f9e70518e839057e6dc5da1f350990eedd8a7e3d19b1915,0.11102141977430942,val0.2_b18957,train_sub_val,db6e785a5a0b9775ba71f8c0bb132f3628e2456708765381fe144ac2429b1ceb,SMD_machine-2-7_pcmci_val0.2_b18957_761434aaa9421189,1.0,False,15,3,49f630ac8d324ba01390c1a1dcaa4386cd94ae84,49f630ac8d324ba01390c1a1dcaa4386cd94ae84,cuda,2.6.0+cu124,SMD/machine-2-7/seed1/smd_cf_val/eval/best_val/attempt1,,True,val,C_raw,diagnostic,raw,C_raw,0.0169409545534682,0.532003722333693,0.0199172990465951,0.4908443921972168,0.0482340911797326,0.1388268723361071,0.0479557465590335,0.09267867549621,0.6694533868457541
eval/SMD/machine-2-7/seed1/smd_cf_val/eval/best_val,val_ckpt_eval,val_pred_mae_v2,SMD,machine-2-7,1,scripts/configs/smd_cf_val.yaml,best_val,69,d725ce1e36122d5c8f9e70518e839057e6dc5da1f350990eedd8a7e3d19b1915,0.11102141977430942,val0.2_b18957,train_sub_val,db6e785a5a0b9775ba71f8c0bb132f3628e2456708765381fe144ac2429b1ceb,SMD_machine-2-7_pcmci_val0.2_b18957_761434aaa9421189,1.0,False,15,3,49f630ac8d324ba01390c1a1dcaa4386cd94ae84,49f630ac8d324ba01390c1a1dcaa4386cd94ae84,cuda,2.6.0+cu124,SMD/machine-2-7/seed1/smd_cf_val/eval/best_val/attempt1,,True,val,G_raw,diagnostic,raw,G_raw,0.5858364193089339,0.9215507868737242,0.2336113192229848,0.7276931691877001,0.6865622256800691,0.9311639549436797,0.4546528105810104,0.2698074979995117,0.6831108325833432
eval/SMD/machine-2-7/seed1/smd_cf_val/eval/best_val,val_ckpt_eval,val_pred_mae_v2,SMD,machine-2-7,1,scripts/configs/smd_cf_val.yaml,best_val,69,d725ce1e36122d5c8f9e70518e839057e6dc5da1f350990eedd8a7e3d19b1915,0.11102141977430942,val0.2_b18957,train_sub_val,db6e785a5a0b9775ba71f8c0bb132f3628e2456708765381fe144ac2429b1ceb,SMD_machine-2-7_pcmci_val0.2_b18957_761434aaa9421189,1.0,False,15,3,49f630ac8d324ba01390c1a1dcaa4386cd94ae84,49f630ac8d324ba01390c1a1dcaa4386cd94ae84,cuda,2.6.0+cu124,SMD/machine-2-7/seed1/smd_cf_val/eval/best_val/attempt1,,True,val,CF_raw,diagnostic,raw,CF_raw,0.4489949944389159,0.917166636265547,0.1389721592941084,0.7853301228914493,0.5434946819485249,0.888,0.2171073760839305,0.0704334121227951,0.6817496401969919
eval/SMD/machine-2-7/seed2/smd_cf_val/eval/last,val_ckpt_eval,val_pred_mae_v2,SMD,machine-2-7,2,scripts/configs/smd_cf_val.yaml,last,80,dc046881020a790644f375a08eb01acddab44d718c4da0ba29f4913d1ddf67e4,0.11320518713526961,val0.2_b18957,train_sub_val,db6e785a5a0b9775ba71f8c0bb132f3628e2456708765381fe144ac2429b1ceb,SMD_machine-2-7_pcmci_val0.2_b18957_761434aaa9421189,1.0,False,15,3,49f630ac8d324ba01390c1a1dcaa4386cd94ae84,49f630ac8d324ba01390c1a1dcaa4386cd94ae84,cuda,2.6.0+cu124,SMD/machine-2-7/seed2/smd_cf_val/eval/last/attempt1,,True,val,A_off,fusion,raw,P_raw + C_raw,0.8104788740761868,0.9563447136575226,0.758954420122918,0.9579085361577718,0.8181768322732671,0.9831730769230768,0.9395157840704932,0.5298642759195569,0.9736119181902216
eval/SMD/machine-2-7/seed2/smd_cf_val/eval/last,val_ckpt_eval,val_pred_mae_v2,SMD,machine-2-7,2,scripts/configs/smd_cf_val.yaml,last,80,dc046881020a790644f375a08eb01acddab44d718c4da0ba29f4913d1ddf67e4,0.11320518713526961,val0.2_b18957,train_sub_val,db6e785a5a0b9775ba71f8c0bb132f3628e2456708765381fe144ac2429b1ceb,SMD_machine-2-7_pcmci_val0.2_b18957_761434aaa9421189,1.0,False,15,3,49f630ac8d324ba01390c1a1dcaa4386cd94ae84,49f630ac8d324ba01390c1a1dcaa4386cd94ae84,cuda,2.6.0+cu124,SMD/machine-2-7/seed2/smd_cf_val/eval/last/attempt1,,True,val,A_on,fusion,raw,P_raw + C_raw + 1*CF_raw,0.7993237047216468,0.9502855128874984,0.688127264117449,0.954735370507516,0.8199183928899966,0.935483870967742,0.8676950459804207,0.5029755633604265,0.9173020307917074
eval/SMD/machine-2-7/seed2/smd_cf_val/eval/last,val_ckpt_eval,val_pred_mae_v2,SMD,machine-2-7,2,scripts/configs/smd_cf_val.yaml,last,80,dc046881020a790644f375a08eb01acddab44d718c4da0ba29f4913d1ddf67e4,0.11320518713526961,val0.2_b18957,train_sub_val,db6e785a5a0b9775ba71f8c0bb132f3628e2456708765381fe144ac2429b1ceb,SMD_machine-2-7_pcmci_val0.2_b18957_761434aaa9421189,1.0,False,15,3,49f630ac8d324ba01390c1a1dcaa4386cd94ae84,49f630ac8d324ba01390c1a1dcaa4386cd94ae84,cuda,2.6.0+cu124,SMD/machine-2-7/seed2/smd_cf_val/eval/last/attempt1,,True,val,P_raw,diagnostic,raw,P_raw,0.8103336777772695,0.9558556163234432,0.7588184686960384,0.9573990826839522,0.8181768322732671,0.9830508474576272,0.9395157840704932,0.5277868784771,0.9736119181902216
eval/SMD/machine-2-7/seed2/smd_cf_val/eval/last,val_ckpt_eval,val_pred_mae_v2,SMD,machine-2-7,2,scripts/configs/smd_cf_val.yaml,last,80,dc046881020a790644f375a08eb01acddab44d718c4da0ba29f4913d1ddf67e4,0.11320518713526961,val0.2_b18957,train_sub_val,db6e785a5a0b9775ba71f8c0bb132f3628e2456708765381fe144ac2429b1ceb,SMD_machine-2-7_pcmci_val0.2_b18957_761434aaa9421189,1.0,False,15,3,49f630ac8d324ba01390c1a1dcaa4386cd94ae84,49f630ac8d324ba01390c1a1dcaa4386cd94ae84,cuda,2.6.0+cu124,SMD/machine-2-7/seed2/smd_cf_val/eval/last/attempt1,,True,val,C_raw,diagnostic,raw,C_raw,0.0162737477602609,0.5130262098872685,0.0181957475670105,0.4745020532950243,0.0415591321848917,0.3269513991163476,0.0414069698119342,0.0735760673626669,0.6694856333735973
eval/SMD/machine-2-7/seed2/smd_cf_val/eval/last,val_ckpt_eval,val_pred_mae_v2,SMD,machine-2-7,2,scripts/configs/smd_cf_val.yaml,last,80,dc046881020a790644f375a08eb01acddab44d718c4da0ba29f4913d1ddf67e4,0.11320518713526961,val0.2_b18957,train_sub_val,db6e785a5a0b9775ba71f8c0bb132f3628e2456708765381fe144ac2429b1ceb,SMD_machine-2-7_pcmci_val0.2_b18957_761434aaa9421189,1.0,False,15,3,49f630ac8d324ba01390c1a1dcaa4386cd94ae84,49f630ac8d324ba01390c1a1dcaa4386cd94ae84,cuda,2.6.0+cu124,SMD/machine-2-7/seed2/smd_cf_val/eval/last/attempt1,,True,val,G_raw,diagnostic,raw,G_raw,0.4303425091313628,0.9369284460699596,0.2654341513257983,0.8628457321620704,0.5356532613429085,0.9346733668341708,0.4468085106382974,0.2644740465627198,0.7037138384443299
eval/SMD/machine-2-7/seed2/smd_cf_val/eval/last,val_ckpt_eval,val_pred_mae_v2,SMD,machine-2-7,2,scripts/configs/smd_cf_val.yaml,last,80,dc046881020a790644f375a08eb01acddab44d718c4da0ba29f4913d1ddf67e4,0.11320518713526961,val0.2_b18957,train_sub_val,db6e785a5a0b9775ba71f8c0bb132f3628e2456708765381fe144ac2429b1ceb,SMD_machine-2-7_pcmci_val0.2_b18957_761434aaa9421189,1.0,False,15,3,49f630ac8d324ba01390c1a1dcaa4386cd94ae84,49f630ac8d324ba01390c1a1dcaa4386cd94ae84,cuda,2.6.0+cu124,SMD/machine-2-7/seed2/smd_cf_val/eval/last/attempt1,,True,val,CF_raw,diagnostic,raw,CF_raw,0.6594194975829569,0.9245169055988556,0.1621682676651606,0.8015603790804513,0.7363134149555183,0.888,0.219437859803589,0.0615444332136261,0.6711771629310305
eval/SMD/machine-2-7/seed2/smd_cf_val/eval/best_val,val_ckpt_eval,val_pred_mae_v2,SMD,machine-2-7,2,scripts/configs/smd_cf_val.yaml,best_val,77,1e6cec58171de84bdcfc914aeb407cdad899e1aa8ad42cd0848d880e9a53c375,0.11160204530730587,val0.2_b18957,train_sub_val,db6e785a5a0b9775ba71f8c0bb132f3628e2456708765381fe144ac2429b1ceb,SMD_machine-2-7_pcmci_val0.2_b18957_761434aaa9421189,1.0,False,15,3,49f630ac8d324ba01390c1a1dcaa4386cd94ae84,49f630ac8d324ba01390c1a1dcaa4386cd94ae84,cuda,2.6.0+cu124,SMD/machine-2-7/seed2/smd_cf_val/eval/best_val/attempt1,,True,val,A_off,fusion,raw,P_raw + C_raw,0.8070629847216866,0.954399042004042,0.7555123861076425,0.9558849196210162,0.8156515797481086,0.9843561973525872,0.9436040919821626,0.5301008601948453,0.9672565098798496
eval/SMD/machine-2-7/seed2/smd_cf_val/eval/best_val,val_ckpt_eval,val_pred_mae_v2,SMD,machine-2-7,2,scripts/configs/smd_cf_val.yaml,best_val,77,1e6cec58171de84bdcfc914aeb407cdad899e1aa8ad42cd0848d880e9a53c375,0.11160204530730587,val0.2_b18957,train_sub_val,db6e785a5a0b9775ba71f8c0bb132f3628e2456708765381fe144ac2429b1ceb,SMD_machine-2-7_pcmci_val0.2_b18957_761434aaa9421189,1.0,False,15,3,49f630ac8d324ba01390c1a1dcaa4386cd94ae84,49f630ac8d324ba01390c1a1dcaa4386cd94ae84,cuda,2.6.0+cu124,SMD/machine-2-7/seed2/smd_cf_val/eval/best_val/attempt1,,True,val,A_on,fusion,raw,P_raw + C_raw + 1*CF_raw,0.8000733884840395,0.9492096224180948,0.6956707285589081,0.9539969116435354,0.8230719470715033,0.9376443418013856,0.8697986577181203,0.5105779927159014,0.9163007597119772
eval/SMD/machine-2-7/seed2/smd_cf_val/eval/best_val,val_ckpt_eval,val_pred_mae_v2,SMD,machine-2-7,2,scripts/configs/smd_cf_val.yaml,best_val,77,1e6cec58171de84bdcfc914aeb407cdad899e1aa8ad42cd0848d880e9a53c375,0.11160204530730587,val0.2_b18957,train_sub_val,db6e785a5a0b9775ba71f8c0bb132f3628e2456708765381fe144ac2429b1ceb,SMD_machine-2-7_pcmci_val0.2_b18957_761434aaa9421189,1.0,False,15,3,49f630ac8d324ba01390c1a1dcaa4386cd94ae84,49f630ac8d324ba01390c1a1dcaa4386cd94ae84,cuda,2.6.0+cu124,SMD/machine-2-7/seed2/smd_cf_val/eval/best_val/attempt1,,True,val,P_raw,diagnostic,raw,P_raw,0.8070798047893168,0.9539015972439068,0.7549993716491005,0.955233029096871,0.8156515797481086,0.9843561973525872,0.9436040919821626,0.5298359873448423,0.9672565098798496
eval/SMD/machine-2-7/seed2/smd_cf_val/eval/best_val,val_ckpt_eval,val_pred_mae_v2,SMD,machine-2-7,2,scripts/configs/smd_cf_val.yaml,best_val,77,1e6cec58171de84bdcfc914aeb407cdad899e1aa8ad42cd0848d880e9a53c375,0.11160204530730587,val0.2_b18957,train_sub_val,db6e785a5a0b9775ba71f8c0bb132f3628e2456708765381fe144ac2429b1ceb,SMD_machine-2-7_pcmci_val0.2_b18957_761434aaa9421189,1.0,False,15,3,49f630ac8d324ba01390c1a1dcaa4386cd94ae84,49f630ac8d324ba01390c1a1dcaa4386cd94ae84,cuda,2.6.0+cu124,SMD/machine-2-7/seed2/smd_cf_val/eval/best_val/attempt1,,True,val,C_raw,diagnostic,raw,C_raw,0.0161725307555124,0.5107176313096493,0.0180846507716913,0.4652648146999889,0.0414425513625982,0.253956292388847,0.0410991164387743,0.0654633482403699,0.669462361457604
eval/SMD/machine-2-7/seed2/smd_cf_val/eval/best_val,val_ckpt_eval,val_pred_mae_v2,SMD,machine-2-7,2,scripts/configs/smd_cf_val.yaml,best_val,77,1e6cec58171de84bdcfc914aeb407cdad899e1aa8ad42cd0848d880e9a53c375,0.11160204530730587,val0.2_b18957,train_sub_val,db6e785a5a0b9775ba71f8c0bb132f3628e2456708765381fe144ac2429b1ceb,SMD_machine-2-7_pcmci_val0.2_b18957_761434aaa9421189,1.0,False,15,3,49f630ac8d324ba01390c1a1dcaa4386cd94ae84,49f630ac8d324ba01390c1a1dcaa4386cd94ae84,cuda,2.6.0+cu124,SMD/machine-2-7/seed2/smd_cf_val/eval/best_val/attempt1,,True,val,G_raw,diagnostic,raw,G_raw,0.4331102373549483,0.934585447241691,0.2444965322875702,0.8595892029093435,0.5521321645351592,0.901818181818182,0.4019138755980856,0.271018577295775,0.687409587986175
eval/SMD/machine-2-7/seed2/smd_cf_val/eval/best_val,val_ckpt_eval,val_pred_mae_v2,SMD,machine-2-7,2,scripts/configs/smd_cf_val.yaml,best_val,77,1e6cec58171de84bdcfc914aeb407cdad899e1aa8ad42cd0848d880e9a53c375,0.11160204530730587,val0.2_b18957,train_sub_val,db6e785a5a0b9775ba71f8c0bb132f3628e2456708765381fe144ac2429b1ceb,SMD_machine-2-7_pcmci_val0.2_b18957_761434aaa9421189,1.0,False,15,3,49f630ac8d324ba01390c1a1dcaa4386cd94ae84,49f630ac8d324ba01390c1a1dcaa4386cd94ae84,cuda,2.6.0+cu124,SMD/machine-2-7/seed2/smd_cf_val/eval/best_val/attempt1,,True,val,CF_raw,diagnostic,raw,CF_raw,0.670485165184217,0.9237663586363396,0.1561446276178361,0.7793074927269726,0.7607003023948722,0.888,0.2231932773109239,0.0649312982634231,0.6706296212532769
eval/SMD/machine-2-7/seed3/smd_cf_val/eval/last,val_ckpt_eval,val_pred_mae_v2,SMD,machine-2-7,3,scripts/configs/smd_cf_val.yaml,last,80,76aa5c27c82c21727998fedeb679a1055ab02117fd8177e24505d076156d9848,0.11046598932561878,val0.2_b18957,train_sub_val,db6e785a5a0b9775ba71f8c0bb132f3628e2456708765381fe144ac2429b1ceb,SMD_machine-2-7_pcmci_val0.2_b18957_761434aaa9421189,1.0,False,15,3,49f630ac8d324ba01390c1a1dcaa4386cd94ae84,49f630ac8d324ba01390c1a1dcaa4386cd94ae84,cuda,2.6.0+cu124,SMD/machine-2-7/seed3/smd_cf_val/eval/last/attempt1,,True,val,A_off,fusion,raw,P_raw + C_raw,0.8089621719137821,0.9526138264291876,0.7560124747640194,0.9565652451366884,0.8208336455630318,0.9830508474576272,0.9200356188780048,0.531526034223723,0.9736129079421968
eval/SMD/machine-2-7/seed3/smd_cf_val/eval/last,val_ckpt_eval,val_pred_mae_v2,SMD,machine-2-7,3,scripts/configs/smd_cf_val.yaml,last,80,76aa5c27c82c21727998fedeb679a1055ab02117fd8177e24505d076156d9848,0.11046598932561878,val0.2_b18957,train_sub_val,db6e785a5a0b9775ba71f8c0bb132f3628e2456708765381fe144ac2429b1ceb,SMD_machine-2-7_pcmci_val0.2_b18957_761434aaa9421189,1.0,False,15,3,49f630ac8d324ba01390c1a1dcaa4386cd94ae84,49f630ac8d324ba01390c1a1dcaa4386cd94ae84,cuda,2.6.0+cu124,SMD/machine-2-7/seed3/smd_cf_val/eval/last/attempt1,,True,val,A_on,fusion,raw,P_raw + C_raw + 1*CF_raw,0.8068218239880998,0.9440916196995132,0.6874974305684346,0.9498315324545294,0.8164263471624317,0.9290617848970252,0.8562209805618944,0.4893304580529216,0.8920179953116476
eval/SMD/machine-2-7/seed3/smd_cf_val/eval/last,val_ckpt_eval,val_pred_mae_v2,SMD,machine-2-7,3,scripts/configs/smd_cf_val.yaml,last,80,76aa5c27c82c21727998fedeb679a1055ab02117fd8177e24505d076156d9848,0.11046598932561878,val0.2_b18957,train_sub_val,db6e785a5a0b9775ba71f8c0bb132f3628e2456708765381fe144ac2429b1ceb,SMD_machine-2-7_pcmci_val0.2_b18957_761434aaa9421189,1.0,False,15,3,49f630ac8d324ba01390c1a1dcaa4386cd94ae84,49f630ac8d324ba01390c1a1dcaa4386cd94ae84,cuda,2.6.0+cu124,SMD/machine-2-7/seed3/smd_cf_val/eval/last/attempt1,,True,val,P_raw,diagnostic,raw,P_raw,0.8088344214702196,0.9523827779203368,0.7557228773506703,0.9565274032662658,0.8208336455630318,0.9830508474576272,0.9199428162973546,0.531526034223723,0.9736129079421968
eval/SMD/machine-2-7/seed3/smd_cf_val/eval/last,val_ckpt_eval,val_pred_mae_v2,SMD,machine-2-7,3,scripts/configs/smd_cf_val.yaml,last,80,76aa5c27c82c21727998fedeb679a1055ab02117fd8177e24505d076156d9848,0.11046598932561878,val0.2_b18957,train_sub_val,db6e785a5a0b9775ba71f8c0bb132f3628e2456708765381fe144ac2429b1ceb,SMD_machine-2-7_pcmci_val0.2_b18957_761434aaa9421189,1.0,False,15,3,49f630ac8d324ba01390c1a1dcaa4386cd94ae84,49f630ac8d324ba01390c1a1dcaa4386cd94ae84,cuda,2.6.0+cu124,SMD/machine-2-7/seed3/smd_cf_val/eval/last/attempt1,,True,val,C_raw,diagnostic,raw,C_raw,0.0228221666239334,0.6038081266830112,0.0233890324008181,0.4813634878569887,0.0501836311824259,0.8448753462603878,0.0952380952380951,0.0578418579212228,0.6694191764869144
eval/SMD/machine-2-7/seed3/smd_cf_val/eval/last,val_ckpt_eval,val_pred_mae_v2,SMD,machine-2-7,3,scripts/configs/smd_cf_val.yaml,last,80,76aa5c27c82c21727998fedeb679a1055ab02117fd8177e24505d076156d9848,0.11046598932561878,val0.2_b18957,train_sub_val,db6e785a5a0b9775ba71f8c0bb132f3628e2456708765381fe144ac2429b1ceb,SMD_machine-2-7_pcmci_val0.2_b18957_761434aaa9421189,1.0,False,15,3,49f630ac8d324ba01390c1a1dcaa4386cd94ae84,49f630ac8d324ba01390c1a1dcaa4386cd94ae84,cuda,2.6.0+cu124,SMD/machine-2-7/seed3/smd_cf_val/eval/last/attempt1,,True,val,G_raw,diagnostic,raw,G_raw,0.6689709802685584,0.9286776852690602,0.2790460281274267,0.7351645907109423,0.7831750723219282,0.8746928746928747,0.4574062938464617,0.179521830718481,0.6883716127202838
eval/SMD/machine-2-7/seed3/smd_cf_val/eval/last,val_ckpt_eval,val_pred_mae_v2,SMD,machine-2-7,3,scripts/configs/smd_cf_val.yaml,last,80,76aa5c27c82c21727998fedeb679a1055ab02117fd8177e24505d076156d9848,0.11046598932561878,val0.2_b18957,train_sub_val,db6e785a5a0b9775ba71f8c0bb132f3628e2456708765381fe144ac2429b1ceb,SMD_machine-2-7_pcmci_val0.2_b18957_761434aaa9421189,1.0,False,15,3,49f630ac8d324ba01390c1a1dcaa4386cd94ae84,49f630ac8d324ba01390c1a1dcaa4386cd94ae84,cuda,2.6.0+cu124,SMD/machine-2-7/seed3/smd_cf_val/eval/last/attempt1,,True,val,CF_raw,diagnostic,raw,CF_raw,0.711351545833314,0.9139795168592242,0.1745205972521942,0.7648752322869433,0.761523375599168,0.888,0.2490092026600386,0.0603737379961094,0.669488037693036
eval/SMD/machine-2-7/seed3/smd_cf_val/eval/best_val,val_ckpt_eval,val_pred_mae_v2,SMD,machine-2-7,3,scripts/configs/smd_cf_val.yaml,best_val,80,dee78757dca55b8621402580d2d0019a0ff8c230eec93267f6c2a34fbb6ae174,0.11046598932561878,val0.2_b18957,train_sub_val,db6e785a5a0b9775ba71f8c0bb132f3628e2456708765381fe144ac2429b1ceb,SMD_machine-2-7_pcmci_val0.2_b18957_761434aaa9421189,1.0,False,15,3,49f630ac8d324ba01390c1a1dcaa4386cd94ae84,49f630ac8d324ba01390c1a1dcaa4386cd94ae84,cuda,2.6.0+cu124,SMD/machine-2-7/seed3/smd_cf_val/eval/best_val/attempt1,,True,val,A_off,fusion,raw,P_raw + C_raw,0.8089621719137821,0.9526138264291876,0.7560124747640194,0.9565652451366884,0.8208336455630318,0.9830508474576272,0.9200356188780048,0.531526034223723,0.9736129079421968
eval/SMD/machine-2-7/seed3/smd_cf_val/eval/best_val,val_ckpt_eval,val_pred_mae_v2,SMD,machine-2-7,3,scripts/configs/smd_cf_val.yaml,best_val,80,dee78757dca55b8621402580d2d0019a0ff8c230eec93267f6c2a34fbb6ae174,0.11046598932561878,val0.2_b18957,train_sub_val,db6e785a5a0b9775ba71f8c0bb132f3628e2456708765381fe144ac2429b1ceb,SMD_machine-2-7_pcmci_val0.2_b18957_761434aaa9421189,1.0,False,15,3,49f630ac8d324ba01390c1a1dcaa4386cd94ae84,49f630ac8d324ba01390c1a1dcaa4386cd94ae84,cuda,2.6.0+cu124,SMD/machine-2-7/seed3/smd_cf_val/eval/best_val/attempt1,,True,val,A_on,fusion,raw,P_raw + C_raw + 1*CF_raw,0.8068218239880998,0.9440916196995132,0.6874974305684346,0.9498315324545294,0.8164263471624317,0.9290617848970252,0.8562209805618944,0.4893304580529216,0.8920179953116476
eval/SMD/machine-2-7/seed3/smd_cf_val/eval/best_val,val_ckpt_eval,val_pred_mae_v2,SMD,machine-2-7,3,scripts/configs/smd_cf_val.yaml,best_val,80,dee78757dca55b8621402580d2d0019a0ff8c230eec93267f6c2a34fbb6ae174,0.11046598932561878,val0.2_b18957,train_sub_val,db6e785a5a0b9775ba71f8c0bb132f3628e2456708765381fe144ac2429b1ceb,SMD_machine-2-7_pcmci_val0.2_b18957_761434aaa9421189,1.0,False,15,3,49f630ac8d324ba01390c1a1dcaa4386cd94ae84,49f630ac8d324ba01390c1a1dcaa4386cd94ae84,cuda,2.6.0+cu124,SMD/machine-2-7/seed3/smd_cf_val/eval/best_val/attempt1,,True,val,P_raw,diagnostic,raw,P_raw,0.8088344214702196,0.9523827779203368,0.7557228773506703,0.9565274032662658,0.8208336455630318,0.9830508474576272,0.9199428162973546,0.531526034223723,0.9736129079421968
eval/SMD/machine-2-7/seed3/smd_cf_val/eval/best_val,val_ckpt_eval,val_pred_mae_v2,SMD,machine-2-7,3,scripts/configs/smd_cf_val.yaml,best_val,80,dee78757dca55b8621402580d2d0019a0ff8c230eec93267f6c2a34fbb6ae174,0.11046598932561878,val0.2_b18957,train_sub_val,db6e785a5a0b9775ba71f8c0bb132f3628e2456708765381fe144ac2429b1ceb,SMD_machine-2-7_pcmci_val0.2_b18957_761434aaa9421189,1.0,False,15,3,49f630ac8d324ba01390c1a1dcaa4386cd94ae84,49f630ac8d324ba01390c1a1dcaa4386cd94ae84,cuda,2.6.0+cu124,SMD/machine-2-7/seed3/smd_cf_val/eval/best_val/attempt1,,True,val,C_raw,diagnostic,raw,C_raw,0.0228221666239334,0.6038081266830112,0.0233890324008181,0.4813634878569887,0.0501836311824259,0.8448753462603878,0.0952380952380951,0.0578418579212228,0.6694191764869144
eval/SMD/machine-2-7/seed3/smd_cf_val/eval/best_val,val_ckpt_eval,val_pred_mae_v2,SMD,machine-2-7,3,scripts/configs/smd_cf_val.yaml,best_val,80,dee78757dca55b8621402580d2d0019a0ff8c230eec93267f6c2a34fbb6ae174,0.11046598932561878,val0.2_b18957,train_sub_val,db6e785a5a0b9775ba71f8c0bb132f3628e2456708765381fe144ac2429b1ceb,SMD_machine-2-7_pcmci_val0.2_b18957_761434aaa9421189,1.0,False,15,3,49f630ac8d324ba01390c1a1dcaa4386cd94ae84,49f630ac8d324ba01390c1a1dcaa4386cd94ae84,cuda,2.6.0+cu124,SMD/machine-2-7/seed3/smd_cf_val/eval/best_val/attempt1,,True,val,G_raw,diagnostic,raw,G_raw,0.6689709802685584,0.9286776852690602,0.2790460281274267,0.7351645907109423,0.7831750723219282,0.8746928746928747,0.4574062938464617,0.179521830718481,0.6883716127202838
eval/SMD/machine-2-7/seed3/smd_cf_val/eval/best_val,val_ckpt_eval,val_pred_mae_v2,SMD,machine-2-7,3,scripts/configs/smd_cf_val.yaml,best_val,80,dee78757dca55b8621402580d2d0019a0ff8c230eec93267f6c2a34fbb6ae174,0.11046598932561878,val0.2_b18957,train_sub_val,db6e785a5a0b9775ba71f8c0bb132f3628e2456708765381fe144ac2429b1ceb,SMD_machine-2-7_pcmci_val0.2_b18957_761434aaa9421189,1.0,False,15,3,49f630ac8d324ba01390c1a1dcaa4386cd94ae84,49f630ac8d324ba01390c1a1dcaa4386cd94ae84,cuda,2.6.0+cu124,SMD/machine-2-7/seed3/smd_cf_val/eval/best_val/attempt1,,True,val,CF_raw,diagnostic,raw,CF_raw,0.711351545833314,0.9139795168592242,0.1745205972521942,0.7648752322869433,0.761523375599168,0.888,0.2490092026600386,0.0603737379961094,0.669488037693036
eval/SMD/machine-2-8/seed0/smd_cf_val/eval/last,val_ckpt_eval,val_pred_mae_v2,SMD,machine-2-8,0,scripts/configs/smd_cf_val.yaml,last,80,a46d80bc639305251e5a5c59eea18654f3e486b55bc307f8a8ff3d9b78834cbc,0.19370119808462555,val0.2_b18962,train_sub_val,1b33b6e7dd6ff72069a83c00b97ce159e0acf02672392c634757f046078d415e,SMD_machine-2-8_pcmci_val0.2_b18962_1717d9e3e84f6909,1.0,False,15,161,49f630ac8d324ba01390c1a1dcaa4386cd94ae84,49f630ac8d324ba01390c1a1dcaa4386cd94ae84,cuda,2.6.0+cu124,SMD/machine-2-8/seed0/smd_cf_val/eval/last/attempt1,,True,val,A_off,fusion,raw,P_raw + C_raw,0.967456649828162,0.9899525260286004,0.9357544343011688,0.9989946533355428,0.962727919280626,1.0,0.9999999999999996,0.6032388663967612,0.9999836814268483
eval/SMD/machine-2-8/seed0/smd_cf_val/eval/last,val_ckpt_eval,val_pred_mae_v2,SMD,machine-2-8,0,scripts/configs/smd_cf_val.yaml,last,80,a46d80bc639305251e5a5c59eea18654f3e486b55bc307f8a8ff3d9b78834cbc,0.19370119808462555,val0.2_b18962,train_sub_val,1b33b6e7dd6ff72069a83c00b97ce159e0acf02672392c634757f046078d415e,SMD_machine-2-8_pcmci_val0.2_b18962_1717d9e3e84f6909,1.0,False,15,161,49f630ac8d324ba01390c1a1dcaa4386cd94ae84,49f630ac8d324ba01390c1a1dcaa4386cd94ae84,cuda,2.6.0+cu124,SMD/machine-2-8/seed0/smd_cf_val/eval/last/attempt1,,True,val,A_on,fusion,raw,P_raw + C_raw + 1*CF_raw,0.9686133020195484,0.9901222361726484,0.935648946514386,0.99898596543648,0.9717818343237332,1.0,0.9999999999999996,0.9365918097754292,0.9999854509364284
eval/SMD/machine-2-8/seed0/smd_cf_val/eval/last,val_ckpt_eval,val_pred_mae_v2,SMD,machine-2-8,0,scripts/configs/smd_cf_val.yaml,last,80,a46d80bc639305251e5a5c59eea18654f3e486b55bc307f8a8ff3d9b78834cbc,0.19370119808462555,val0.2_b18962,train_sub_val,1b33b6e7dd6ff72069a83c00b97ce159e0acf02672392c634757f046078d415e,SMD_machine-2-8_pcmci_val0.2_b18962_1717d9e3e84f6909,1.0,False,15,161,49f630ac8d324ba01390c1a1dcaa4386cd94ae84,49f630ac8d324ba01390c1a1dcaa4386cd94ae84,cuda,2.6.0+cu124,SMD/machine-2-8/seed0/smd_cf_val/eval/last/attempt1,,True,val,P_raw,diagnostic,raw,P_raw,0.9674567177396112,0.9899535817682212,0.9357602412381202,0.998994688583295,0.962727919280626,1.0,0.9999999999999996,0.6032388663967612,0.9999836814268483
eval/SMD/machine-2-8/seed0/smd_cf_val/eval/last,val_ckpt_eval,val_pred_mae_v2,SMD,machine-2-8,0,scripts/configs/smd_cf_val.yaml,last,80,a46d80bc639305251e5a5c59eea18654f3e486b55bc307f8a8ff3d9b78834cbc,0.19370119808462555,val0.2_b18962,train_sub_val,1b33b6e7dd6ff72069a83c00b97ce159e0acf02672392c634757f046078d415e,SMD_machine-2-8_pcmci_val0.2_b18962_1717d9e3e84f6909,1.0,False,15,161,49f630ac8d324ba01390c1a1dcaa4386cd94ae84,49f630ac8d324ba01390c1a1dcaa4386cd94ae84,cuda,2.6.0+cu124,SMD/machine-2-8/seed0/smd_cf_val/eval/last/attempt1,,True,val,C_raw,diagnostic,raw,C_raw,0.1197105942918933,0.867014286532484,0.0805869006654862,0.8895552606780616,0.1727524995638382,1.0,0.9999999999999996,0.3470225872689939,0.9991726529191756
eval/SMD/machine-2-8/seed0/smd_cf_val/eval/last,val_ckpt_eval,val_pred_mae_v2,SMD,machine-2-8,0,scripts/configs/smd_cf_val.yaml,last,80,a46d80bc639305251e5a5c59eea18654f3e486b55bc307f8a8ff3d9b78834cbc,0.19370119808462555,val0.2_b18962,train_sub_val,1b33b6e7dd6ff72069a83c00b97ce159e0acf02672392c634757f046078d415e,SMD_machine-2-8_pcmci_val0.2_b18962_1717d9e3e84f6909,1.0,False,15,161,49f630ac8d324ba01390c1a1dcaa4386cd94ae84,49f630ac8d324ba01390c1a1dcaa4386cd94ae84,cuda,2.6.0+cu124,SMD/machine-2-8/seed0/smd_cf_val/eval/last/attempt1,,True,val,G_raw,diagnostic,raw,G_raw,0.6862819449814622,0.9861093698738892,0.6502481051346061,0.9895565824731728,0.7081665260949128,1.0,0.9999999999999996,0.3715343878716555,0.9998835300857776
eval/SMD/machine-2-8/seed0/smd_cf_val/eval/last,val_ckpt_eval,val_pred_mae_v2,SMD,machine-2-8,0,scripts/configs/smd_cf_val.yaml,last,80,a46d80bc639305251e5a5c59eea18654f3e486b55bc307f8a8ff3d9b78834cbc,0.19370119808462555,val0.2_b18962,train_sub_val,1b33b6e7dd6ff72069a83c00b97ce159e0acf02672392c634757f046078d415e,SMD_machine-2-8_pcmci_val0.2_b18962_1717d9e3e84f6909,1.0,False,15,161,49f630ac8d324ba01390c1a1dcaa4386cd94ae84,49f630ac8d324ba01390c1a1dcaa4386cd94ae84,cuda,2.6.0+cu124,SMD/machine-2-8/seed0/smd_cf_val/eval/last/attempt1,,True,val,CF_raw,diagnostic,raw,CF_raw,0.9107411760115974,0.9930656382355108,0.854533930202093,0.995901498158558,0.9072797901680968,1.0,0.9999999999999996,0.4627625716104392,0.9999804045407196
eval/SMD/machine-2-8/seed0/smd_cf_val/eval/best_val,val_ckpt_eval,val_pred_mae_v2,SMD,machine-2-8,0,scripts/configs/smd_cf_val.yaml,best_val,45,7e6f01902a3c48b6af468ca73761d51c21b2aebcd4bd8942e9c556b8f6214f2b,0.19229563901381147,val0.2_b18962,train_sub_val,1b33b6e7dd6ff72069a83c00b97ce159e0acf02672392c634757f046078d415e,SMD_machine-2-8_pcmci_val0.2_b18962_1717d9e3e84f6909,1.0,False,15,161,49f630ac8d324ba01390c1a1dcaa4386cd94ae84,49f630ac8d324ba01390c1a1dcaa4386cd94ae84,cuda,2.6.0+cu124,SMD/machine-2-8/seed0/smd_cf_val/eval/best_val/attempt1,,True,val,A_off,fusion,raw,P_raw + C_raw,0.9676466800283128,0.9899778637795004,0.9334781613987208,0.9989832123727586,0.965512241847411,1.0,0.9999999999999996,0.6032388663967612,0.9999836814268483
eval/SMD/machine-2-8/seed0/smd_cf_val/eval/best_val,val_ckpt_eval,val_pred_mae_v2,SMD,machine-2-8,0,scripts/configs/smd_cf_val.yaml,best_val,45,7e6f01902a3c48b6af468ca73761d51c21b2aebcd4bd8942e9c556b8f6214f2b,0.19229563901381147,val0.2_b18962,train_sub_val,1b33b6e7dd6ff72069a83c00b97ce159e0acf02672392c634757f046078d415e,SMD_machine-2-8_pcmci_val0.2_b18962_1717d9e3e84f6909,1.0,False,15,161,49f630ac8d324ba01390c1a1dcaa4386cd94ae84,49f630ac8d324ba01390c1a1dcaa4386cd94ae84,cuda,2.6.0+cu124,SMD/machine-2-8/seed0/smd_cf_val/eval/best_val/attempt1,,True,val,A_on,fusion,raw,P_raw + C_raw + 1*CF_raw,0.968764563231077,0.9899876293709932,0.9308155952557152,0.9989526852564488,0.9687450002211166,1.0,0.9999999999999996,0.9365918097754292,0.9999855164737
eval/SMD/machine-2-8/seed0/smd_cf_val/eval/best_val,val_ckpt_eval,val_pred_mae_v2,SMD,machine-2-8,0,scripts/configs/smd_cf_val.yaml,best_val,45,7e6f01902a3c48b6af468ca73761d51c21b2aebcd4bd8942e9c556b8f6214f2b,0.19229563901381147,val0.2_b18962,train_sub_val,1b33b6e7dd6ff72069a83c00b97ce159e0acf02672392c634757f046078d415e,SMD_machine-2-8_pcmci_val0.2_b18962_1717d9e3e84f6909,1.0,False,15,161,49f630ac8d324ba01390c1a1dcaa4386cd94ae84,49f630ac8d324ba01390c1a1dcaa4386cd94ae84,cuda,2.6.0+cu124,SMD/machine-2-8/seed0/smd_cf_val/eval/best_val/attempt1,,True,val,P_raw,diagnostic,raw,P_raw,0.967646266285498,0.9899702096672494,0.933448726017032,0.9989830337184256,0.965512241847411,1.0,0.9999999999999996,0.6032388663967612,0.9999836814268483
eval/SMD/machine-2-8/seed0/smd_cf_val/eval/best_val,val_ckpt_eval,val_pred_mae_v2,SMD,machine-2-8,0,scripts/configs/smd_cf_val.yaml,best_val,45,7e6f01902a3c48b6af468ca73761d51c21b2aebcd4bd8942e9c556b8f6214f2b,0.19229563901381147,val0.2_b18962,train_sub_val,1b33b6e7dd6ff72069a83c00b97ce159e0acf02672392c634757f046078d415e,SMD_machine-2-8_pcmci_val0.2_b18962_1717d9e3e84f6909,1.0,False,15,161,49f630ac8d324ba01390c1a1dcaa4386cd94ae84,49f630ac8d324ba01390c1a1dcaa4386cd94ae84,cuda,2.6.0+cu124,SMD/machine-2-8/seed0/smd_cf_val/eval/best_val/attempt1,,True,val,C_raw,diagnostic,raw,C_raw,0.087903933057892,0.824442246159945,0.0594013288535198,0.843875637454358,0.1523129028862533,1.0,0.9999999999999996,0.3470225872689939,0.9984582664361598
eval/SMD/machine-2-8/seed0/smd_cf_val/eval/best_val,val_ckpt_eval,val_pred_mae_v2,SMD,machine-2-8,0,scripts/configs/smd_cf_val.yaml,best_val,45,7e6f01902a3c48b6af468ca73761d51c21b2aebcd4bd8942e9c556b8f6214f2b,0.19229563901381147,val0.2_b18962,train_sub_val,1b33b6e7dd6ff72069a83c00b97ce159e0acf02672392c634757f046078d415e,SMD_machine-2-8_pcmci_val0.2_b18962_1717d9e3e84f6909,1.0,False,15,161,49f630ac8d324ba01390c1a1dcaa4386cd94ae84,49f630ac8d324ba01390c1a1dcaa4386cd94ae84,cuda,2.6.0+cu124,SMD/machine-2-8/seed0/smd_cf_val/eval/best_val/attempt1,,True,val,G_raw,diagnostic,raw,G_raw,0.6239480598230296,0.9899279800824164,0.521804363992665,0.990307356690307,0.5905465394995613,1.0,0.9999999999999996,0.3617021276595745,0.9993866061377938
eval/SMD/machine-2-8/seed0/smd_cf_val/eval/best_val,val_ckpt_eval,val_pred_mae_v2,SMD,machine-2-8,0,scripts/configs/smd_cf_val.yaml,best_val,45,7e6f01902a3c48b6af468ca73761d51c21b2aebcd4bd8942e9c556b8f6214f2b,0.19229563901381147,val0.2_b18962,train_sub_val,1b33b6e7dd6ff72069a83c00b97ce159e0acf02672392c634757f046078d415e,SMD_machine-2-8_pcmci_val0.2_b18962_1717d9e3e84f6909,1.0,False,15,161,49f630ac8d324ba01390c1a1dcaa4386cd94ae84,49f630ac8d324ba01390c1a1dcaa4386cd94ae84,cuda,2.6.0+cu124,SMD/machine-2-8/seed0/smd_cf_val/eval/best_val/attempt1,,True,val,CF_raw,diagnostic,raw,CF_raw,0.8657784569462286,0.991817226133884,0.8057521372256621,0.9925747007670396,0.8650469683355229,1.0,0.9999999999999996,0.3859836106781961,0.9999644130282916
eval/SMD/machine-2-8/seed1/smd_cf_val/eval/last,val_ckpt_eval,val_pred_mae_v2,SMD,machine-2-8,1,scripts/configs/smd_cf_val.yaml,last,80,c3f0f444600075cacbacd1b531b89b90e38e5ff00c43c3be6592d4ff2535b46e,0.19136292399514956,val0.2_b18962,train_sub_val,1b33b6e7dd6ff72069a83c00b97ce159e0acf02672392c634757f046078d415e,SMD_machine-2-8_pcmci_val0.2_b18962_1717d9e3e84f6909,1.0,False,15,161,49f630ac8d324ba01390c1a1dcaa4386cd94ae84,49f630ac8d324ba01390c1a1dcaa4386cd94ae84,cuda,2.6.0+cu124,SMD/machine-2-8/seed1/smd_cf_val/eval/last/attempt1,,True,val,A_off,fusion,raw,P_raw + C_raw,0.967431846190539,0.9901776625027416,0.9400911700266708,0.9990369869128236,0.962727919280626,1.0,0.9999999999999996,0.6032388663967612,0.9999836814268483
eval/SMD/machine-2-8/seed1/smd_cf_val/eval/last,val_ckpt_eval,val_pred_mae_v2,SMD,machine-2-8,1,scripts/configs/smd_cf_val.yaml,last,80,c3f0f444600075cacbacd1b531b89b90e38e5ff00c43c3be6592d4ff2535b46e,0.19136292399514956,val0.2_b18962,train_sub_val,1b33b6e7dd6ff72069a83c00b97ce159e0acf02672392c634757f046078d415e,SMD_machine-2-8_pcmci_val0.2_b18962_1717d9e3e84f6909,1.0,False,15,161,49f630ac8d324ba01390c1a1dcaa4386cd94ae84,49f630ac8d324ba01390c1a1dcaa4386cd94ae84,cuda,2.6.0+cu124,SMD/machine-2-8/seed1/smd_cf_val/eval/last/attempt1,,True,val,A_on,fusion,raw,P_raw + C_raw + 1*CF_raw,0.9686933547410488,0.9901174853443544,0.9295044479701502,0.9989497004458976,0.9687450002211166,1.0,0.9999999999999996,0.7161084529505581,0.9999855164737
eval/SMD/machine-2-8/seed1/smd_cf_val/eval/last,val_ckpt_eval,val_pred_mae_v2,SMD,machine-2-8,1,scripts/configs/smd_cf_val.yaml,last,80,c3f0f444600075cacbacd1b531b89b90e38e5ff00c43c3be6592d4ff2535b46e,0.19136292399514956,val0.2_b18962,train_sub_val,1b33b6e7dd6ff72069a83c00b97ce159e0acf02672392c634757f046078d415e,SMD_machine-2-8_pcmci_val0.2_b18962_1717d9e3e84f6909,1.0,False,15,161,49f630ac8d324ba01390c1a1dcaa4386cd94ae84,49f630ac8d324ba01390c1a1dcaa4386cd94ae84,cuda,2.6.0+cu124,SMD/machine-2-8/seed1/smd_cf_val/eval/last/attempt1,,True,val,P_raw,diagnostic,raw,P_raw,0.9674320664469528,0.9901813575914143,0.940091126466422,0.9990371620943076,0.962727919280626,1.0,0.9999999999999996,0.6032388663967612,0.9999836814268483
eval/SMD/machine-2-8/seed1/smd_cf_val/eval/last,val_ckpt_eval,val_pred_mae_v2,SMD,machine-2-8,1,scripts/configs/smd_cf_val.yaml,last,80,c3f0f444600075cacbacd1b531b89b90e38e5ff00c43c3be6592d4ff2535b46e,0.19136292399514956,val0.2_b18962,train_sub_val,1b33b6e7dd6ff72069a83c00b97ce159e0acf02672392c634757f046078d415e,SMD_machine-2-8_pcmci_val0.2_b18962_1717d9e3e84f6909,1.0,False,15,161,49f630ac8d324ba01390c1a1dcaa4386cd94ae84,49f630ac8d324ba01390c1a1dcaa4386cd94ae84,cuda,2.6.0+cu124,SMD/machine-2-8/seed1/smd_cf_val/eval/last/attempt1,,True,val,C_raw,diagnostic,raw,C_raw,0.0397104195566145,0.7720832355674455,0.0366492632714745,0.8137418433424204,0.0869516777183302,1.0,0.9999999999999996,0.3402061855670102,0.9978984609904444
eval/SMD/machine-2-8/seed1/smd_cf_val/eval/last,val_ckpt_eval,val_pred_mae_v2,SMD,machine-2-8,1,scripts/configs/smd_cf_val.yaml,last,80,c3f0f444600075cacbacd1b531b89b90e38e5ff00c43c3be6592d4ff2535b46e,0.19136292399514956,val0.2_b18962,train_sub_val,1b33b6e7dd6ff72069a83c00b97ce159e0acf02672392c634757f046078d415e,SMD_machine-2-8_pcmci_val0.2_b18962_1717d9e3e84f6909,1.0,False,15,161,49f630ac8d324ba01390c1a1dcaa4386cd94ae84,49f630ac8d324ba01390c1a1dcaa4386cd94ae84,cuda,2.6.0+cu124,SMD/machine-2-8/seed1/smd_cf_val/eval/last/attempt1,,True,val,G_raw,diagnostic,raw,G_raw,0.4413666439159618,0.9720920509932794,0.3554721248483894,0.9793087993170684,0.474221860917601,1.0,0.9999999999999996,0.3510856206472757,0.999330960852225
eval/SMD/machine-2-8/seed1/smd_cf_val/eval/last,val_ckpt_eval,val_pred_mae_v2,SMD,machine-2-8,1,scripts/configs/smd_cf_val.yaml,last,80,c3f0f444600075cacbacd1b531b89b90e38e5ff00c43c3be6592d4ff2535b46e,0.19136292399514956,val0.2_b18962,train_sub_val,1b33b6e7dd6ff72069a83c00b97ce159e0acf02672392c634757f046078d415e,SMD_machine-2-8_pcmci_val0.2_b18962_1717d9e3e84f6909,1.0,False,15,161,49f630ac8d324ba01390c1a1dcaa4386cd94ae84,49f630ac8d324ba01390c1a1dcaa4386cd94ae84,cuda,2.6.0+cu124,SMD/machine-2-8/seed1/smd_cf_val/eval/last/attempt1,,True,val,CF_raw,diagnostic,raw,CF_raw,0.9466046436492146,0.9918169621989787,0.8879236614259712,0.9983015905930528,0.937288749059782,1.0,0.9999999999999996,0.4753787878787879,0.9999864995317428
eval/SMD/machine-2-8/seed1/smd_cf_val/eval/best_val,val_ckpt_eval,val_pred_mae_v2,SMD,machine-2-8,1,scripts/configs/smd_cf_val.yaml,best_val,72,573caa852aab085cf1d290860981abc57702cc1d9903fdb3bb8db07933de1156,0.1848981324471188,val0.2_b18962,train_sub_val,1b33b6e7dd6ff72069a83c00b97ce159e0acf02672392c634757f046078d415e,SMD_machine-2-8_pcmci_val0.2_b18962_1717d9e3e84f6909,1.0,False,15,161,49f630ac8d324ba01390c1a1dcaa4386cd94ae84,49f630ac8d324ba01390c1a1dcaa4386cd94ae84,cuda,2.6.0+cu124,SMD/machine-2-8/seed1/smd_cf_val/eval/best_val/attempt1,,True,val,A_off,fusion,raw,P_raw + C_raw,0.967616911089245,0.9900456950501384,0.9381127918528572,0.9990190147268928,0.965512241847411,1.0,0.9999999999999996,0.6032388663967612,0.9999836814268483
eval/SMD/machine-2-8/seed1/smd_cf_val/eval/best_val,val_ckpt_eval,val_pred_mae_v2,SMD,machine-2-8,1,scripts/configs/smd_cf_val.yaml,best_val,72,573caa852aab085cf1d290860981abc57702cc1d9903fdb3bb8db07933de1156,0.1848981324471188,val0.2_b18962,train_sub_val,1b33b6e7dd6ff72069a83c00b97ce159e0acf02672392c634757f046078d415e,SMD_machine-2-8_pcmci_val0.2_b18962_1717d9e3e84f6909,1.0,False,15,161,49f630ac8d324ba01390c1a1dcaa4386cd94ae84,49f630ac8d324ba01390c1a1dcaa4386cd94ae84,cuda,2.6.0+cu124,SMD/machine-2-8/seed1/smd_cf_val/eval/best_val/attempt1,,True,val,A_on,fusion,raw,P_raw + C_raw + 1*CF_raw,0.9689313878886844,0.990132265699046,0.9288298395245844,0.998942472729681,0.9748377681123422,1.0,0.9999999999999996,0.6995153473344103,0.9999911526469212
eval/SMD/machine-2-8/seed1/smd_cf_val/eval/best_val,val_ckpt_eval,val_pred_mae_v2,SMD,machine-2-8,1,scripts/configs/smd_cf_val.yaml,best_val,72,573caa852aab085cf1d290860981abc57702cc1d9903fdb3bb8db07933de1156,0.1848981324471188,val0.2_b18962,train_sub_val,1b33b6e7dd6ff72069a83c00b97ce159e0acf02672392c634757f046078d415e,SMD_machine-2-8_pcmci_val0.2_b18962_1717d9e3e84f6909,1.0,False,15,161,49f630ac8d324ba01390c1a1dcaa4386cd94ae84,49f630ac8d324ba01390c1a1dcaa4386cd94ae84,cuda,2.6.0+cu124,SMD/machine-2-8/seed1/smd_cf_val/eval/best_val/attempt1,,True,val,P_raw,diagnostic,raw,P_raw,0.967616997462682,0.9900470147246644,0.9362183970957646,0.9990087671263658,0.965512241847411,1.0,0.9999999999999996,0.6032388663967612,0.9999836814268483
eval/SMD/machine-2-8/seed1/smd_cf_val/eval/best_val,val_ckpt_eval,val_pred_mae_v2,SMD,machine-2-8,1,scripts/configs/smd_cf_val.yaml,best_val,72,573caa852aab085cf1d290860981abc57702cc1d9903fdb3bb8db07933de1156,0.1848981324471188,val0.2_b18962,train_sub_val,1b33b6e7dd6ff72069a83c00b97ce159e0acf02672392c634757f046078d415e,SMD_machine-2-8_pcmci_val0.2_b18962_1717d9e3e84f6909,1.0,False,15,161,49f630ac8d324ba01390c1a1dcaa4386cd94ae84,49f630ac8d324ba01390c1a1dcaa4386cd94ae84,cuda,2.6.0+cu124,SMD/machine-2-8/seed1/smd_cf_val/eval/best_val/attempt1,,True,val,C_raw,diagnostic,raw,C_raw,0.0410246070316343,0.7804813803162097,0.0377486727026501,0.8178988332300337,0.0935622688266157,1.0,0.9999999999999996,0.3402061855670102,0.9978984609904444
eval/SMD/machine-2-8/seed1/smd_cf_val/eval/best_val,val_ckpt_eval,val_pred_mae_v2,SMD,machine-2-8,1,scripts/configs/smd_cf_val.yaml,best_val,72,573caa852aab085cf1d290860981abc57702cc1d9903fdb3bb8db07933de1156,0.1848981324471188,val0.2_b18962,train_sub_val,1b33b6e7dd6ff72069a83c00b97ce159e0acf02672392c634757f046078d415e,SMD_machine-2-8_pcmci_val0.2_b18962_1717d9e3e84f6909,1.0,False,15,161,49f630ac8d324ba01390c1a1dcaa4386cd94ae84,49f630ac8d324ba01390c1a1dcaa4386cd94ae84,cuda,2.6.0+cu124,SMD/machine-2-8/seed1/smd_cf_val/eval/best_val/attempt1,,True,val,G_raw,diagnostic,raw,G_raw,0.4880950826497102,0.975989313803558,0.3836512843176451,0.9826214046283273,0.4962914818025349,1.0,0.9999999999999996,0.3497334973349734,0.9996397534169498
eval/SMD/machine-2-8/seed1/smd_cf_val/eval/best_val,val_ckpt_eval,val_pred_mae_v2,SMD,machine-2-8,1,scripts/configs/smd_cf_val.yaml,best_val,72,573caa852aab085cf1d290860981abc57702cc1d9903fdb3bb8db07933de1156,0.1848981324471188,val0.2_b18962,train_sub_val,1b33b6e7dd6ff72069a83c00b97ce159e0acf02672392c634757f046078d415e,SMD_machine-2-8_pcmci_val0.2_b18962_1717d9e3e84f6909,1.0,False,15,161,49f630ac8d324ba01390c1a1dcaa4386cd94ae84,49f630ac8d324ba01390c1a1dcaa4386cd94ae84,cuda,2.6.0+cu124,SMD/machine-2-8/seed1/smd_cf_val/eval/best_val/attempt1,,True,val,CF_raw,diagnostic,raw,CF_raw,0.9357816322299806,0.9928386542170332,0.8740719882264731,0.9967794160586856,0.934635536572375,1.0,0.9999999999999996,0.4637404580152672,0.999983353739202
eval/SMD/machine-2-8/seed2/smd_cf_val/eval/last,val_ckpt_eval,val_pred_mae_v2,SMD,machine-2-8,2,scripts/configs/smd_cf_val.yaml,last,80,449999f716e59f2683d17d210a958e6d5d6fa624c93ae8e091d45e9d9a245803,0.18726426682535197,val0.2_b18962,train_sub_val,1b33b6e7dd6ff72069a83c00b97ce159e0acf02672392c634757f046078d415e,SMD_machine-2-8_pcmci_val0.2_b18962_1717d9e3e84f6909,1.0,False,15,161,49f630ac8d324ba01390c1a1dcaa4386cd94ae84,49f630ac8d324ba01390c1a1dcaa4386cd94ae84,cuda,2.6.0+cu124,SMD/machine-2-8/seed2/smd_cf_val/eval/last/attempt1,,True,val,A_off,fusion,raw,P_raw + C_raw,0.9672679776703478,0.99036109726186,0.9444454819439034,0.9990686942164358,0.962727919280626,1.0,0.9999999999999996,0.6032388663967612,0.9999836814268483
eval/SMD/machine-2-8/seed2/smd_cf_val/eval/last,val_ckpt_eval,val_pred_mae_v2,SMD,machine-2-8,2,scripts/configs/smd_cf_val.yaml,last,80,449999f716e59f2683d17d210a958e6d5d6fa624c93ae8e091d45e9d9a245803,0.18726426682535197,val0.2_b18962,train_sub_val,1b33b6e7dd6ff72069a83c00b97ce159e0acf02672392c634757f046078d415e,SMD_machine-2-8_pcmci_val0.2_b18962_1717d9e3e84f6909,1.0,False,15,161,49f630ac8d324ba01390c1a1dcaa4386cd94ae84,49f630ac8d324ba01390c1a1dcaa4386cd94ae84,cuda,2.6.0+cu124,SMD/machine-2-8/seed2/smd_cf_val/eval/last/attempt1,,True,val,A_on,fusion,raw,P_raw + C_raw + 1*CF_raw,0.9689891698802816,0.9896991485196024,0.9266740162226575,0.9988895072748396,0.9748377681123422,1.0,0.9999999999999996,0.9365918097754292,0.9999855164737
eval/SMD/machine-2-8/seed2/smd_cf_val/eval/last,val_ckpt_eval,val_pred_mae_v2,SMD,machine-2-8,2,scripts/configs/smd_cf_val.yaml,last,80,449999f716e59f2683d17d210a958e6d5d6fa624c93ae8e091d45e9d9a245803,0.18726426682535197,val0.2_b18962,train_sub_val,1b33b6e7dd6ff72069a83c00b97ce159e0acf02672392c634757f046078d415e,SMD_machine-2-8_pcmci_val0.2_b18962_1717d9e3e84f6909,1.0,False,15,161,49f630ac8d324ba01390c1a1dcaa4386cd94ae84,49f630ac8d324ba01390c1a1dcaa4386cd94ae84,cuda,2.6.0+cu124,SMD/machine-2-8/seed2/smd_cf_val/eval/last/attempt1,,True,val,P_raw,diagnostic,raw,P_raw,0.9671932795735566,0.9903642644807228,0.9424469432436008,0.9990593721797724,0.9597473220553971,1.0,0.9999999999999996,0.6032388663967612,0.9999836814268483
eval/SMD/machine-2-8/seed2/smd_cf_val/eval/last,val_ckpt_eval,val_pred_mae_v2,SMD,machine-2-8,2,scripts/configs/smd_cf_val.yaml,last,80,449999f716e59f2683d17d210a958e6d5d6fa624c93ae8e091d45e9d9a245803,0.18726426682535197,val0.2_b18962,train_sub_val,1b33b6e7dd6ff72069a83c00b97ce159e0acf02672392c634757f046078d415e,SMD_machine-2-8_pcmci_val0.2_b18962_1717d9e3e84f6909,1.0,False,15,161,49f630ac8d324ba01390c1a1dcaa4386cd94ae84,49f630ac8d324ba01390c1a1dcaa4386cd94ae84,cuda,2.6.0+cu124,SMD/machine-2-8/seed2/smd_cf_val/eval/last/attempt1,,True,val,C_raw,diagnostic,raw,C_raw,0.220485813199879,0.9439383785898116,0.1723828125000397,0.9623517789402932,0.2631531585523091,1.0,0.9999999999999996,0.3470225872689939,0.9991262405616298
eval/SMD/machine-2-8/seed2/smd_cf_val/eval/last,val_ckpt_eval,val_pred_mae_v2,SMD,machine-2-8,2,scripts/configs/smd_cf_val.yaml,last,80,449999f716e59f2683d17d210a958e6d5d6fa624c93ae8e091d45e9d9a245803,0.18726426682535197,val0.2_b18962,train_sub_val,1b33b6e7dd6ff72069a83c00b97ce159e0acf02672392c634757f046078d415e,SMD_machine-2-8_pcmci_val0.2_b18962_1717d9e3e84f6909,1.0,False,15,161,49f630ac8d324ba01390c1a1dcaa4386cd94ae84,49f630ac8d324ba01390c1a1dcaa4386cd94ae84,cuda,2.6.0+cu124,SMD/machine-2-8/seed2/smd_cf_val/eval/last/attempt1,,True,val,G_raw,diagnostic,raw,G_raw,0.7426929004658376,0.9791515179028366,0.7244444450540657,0.9877139792471638,0.8029148615029611,1.0,0.9999999999999996,0.5456392005381827,0.9997372652299632
eval/SMD/machine-2-8/seed2/smd_cf_val/eval/last,val_ckpt_eval,val_pred_mae_v2,SMD,machine-2-8,2,scripts/configs/smd_cf_val.yaml,last,80,449999f716e59f2683d17d210a958e6d5d6fa624c93ae8e091d45e9d9a245803,0.18726426682535197,val0.2_b18962,train_sub_val,1b33b6e7dd6ff72069a83c00b97ce159e0acf02672392c634757f046078d415e,SMD_machine-2-8_pcmci_val0.2_b18962_1717d9e3e84f6909,1.0,False,15,161,49f630ac8d324ba01390c1a1dcaa4386cd94ae84,49f630ac8d324ba01390c1a1dcaa4386cd94ae84,cuda,2.6.0+cu124,SMD/machine-2-8/seed2/smd_cf_val/eval/last/attempt1,,True,val,CF_raw,diagnostic,raw,CF_raw,0.9137892922206,0.9808597046093328,0.8567397739947632,0.9960183532108352,0.9271473398363856,1.0,0.9999999999999996,0.5868929198361615,0.99998230513729
eval/SMD/machine-2-8/seed2/smd_cf_val/eval/best_val,val_ckpt_eval,val_pred_mae_v2,SMD,machine-2-8,2,scripts/configs/smd_cf_val.yaml,best_val,78,883958de4dc97f960720c63d55927db12972a063b90cb025a86fd2ef932e82c6,0.18454789987512377,val0.2_b18962,train_sub_val,1b33b6e7dd6ff72069a83c00b97ce159e0acf02672392c634757f046078d415e,SMD_machine-2-8_pcmci_val0.2_b18962_1717d9e3e84f6909,1.0,False,15,161,49f630ac8d324ba01390c1a1dcaa4386cd94ae84,49f630ac8d324ba01390c1a1dcaa4386cd94ae84,cuda,2.6.0+cu124,SMD/machine-2-8/seed2/smd_cf_val/eval/best_val/attempt1,,True,val,A_off,fusion,raw,P_raw + C_raw,0.9672680247015382,0.9903616251316706,0.9444455006048011,0.999068959122272,0.962727919280626,1.0,0.9999999999999996,0.6032388663967612,0.9999836814268483
eval/SMD/machine-2-8/seed2/smd_cf_val/eval/best_val,val_ckpt_eval,val_pred_mae_v2,SMD,machine-2-8,2,scripts/configs/smd_cf_val.yaml,best_val,78,883958de4dc97f960720c63d55927db12972a063b90cb025a86fd2ef932e82c6,0.18454789987512377,val0.2_b18962,train_sub_val,1b33b6e7dd6ff72069a83c00b97ce159e0acf02672392c634757f046078d415e,SMD_machine-2-8_pcmci_val0.2_b18962_1717d9e3e84f6909,1.0,False,15,161,49f630ac8d324ba01390c1a1dcaa4386cd94ae84,49f630ac8d324ba01390c1a1dcaa4386cd94ae84,cuda,2.6.0+cu124,SMD/machine-2-8/seed2/smd_cf_val/eval/best_val/attempt1,,True,val,A_on,fusion,raw,P_raw + C_raw + 1*CF_raw,0.9691044168279468,0.9897094419809054,0.9292280663445932,0.9989068061092532,0.977912982342024,1.0,0.9999999999999996,0.9365918097754292,0.9999914803294564
eval/SMD/machine-2-8/seed2/smd_cf_val/eval/best_val,val_ckpt_eval,val_pred_mae_v2,SMD,machine-2-8,2,scripts/configs/smd_cf_val.yaml,best_val,78,883958de4dc97f960720c63d55927db12972a063b90cb025a86fd2ef932e82c6,0.18454789987512377,val0.2_b18962,train_sub_val,1b33b6e7dd6ff72069a83c00b97ce159e0acf02672392c634757f046078d415e,SMD_machine-2-8_pcmci_val0.2_b18962_1717d9e3e84f6909,1.0,False,15,161,49f630ac8d324ba01390c1a1dcaa4386cd94ae84,49f630ac8d324ba01390c1a1dcaa4386cd94ae84,cuda,2.6.0+cu124,SMD/machine-2-8/seed2/smd_cf_val/eval/best_val/attempt1,,True,val,P_raw,diagnostic,raw,P_raw,0.9672313554004652,0.9903642644807226,0.9424467848170128,0.9990593712177556,0.9597473220553971,1.0,0.9999999999999996,0.6032388663967612,0.9999836814268483
eval/SMD/machine-2-8/seed2/smd_cf_val/eval/best_val,val_ckpt_eval,val_pred_mae_v2,SMD,machine-2-8,2,scripts/configs/smd_cf_val.yaml,best_val,78,883958de4dc97f960720c63d55927db12972a063b90cb025a86fd2ef932e82c6,0.18454789987512377,val0.2_b18962,train_sub_val,1b33b6e7dd6ff72069a83c00b97ce159e0acf02672392c634757f046078d415e,SMD_machine-2-8_pcmci_val0.2_b18962_1717d9e3e84f6909,1.0,False,15,161,49f630ac8d324ba01390c1a1dcaa4386cd94ae84,49f630ac8d324ba01390c1a1dcaa4386cd94ae84,cuda,2.6.0+cu124,SMD/machine-2-8/seed2/smd_cf_val/eval/best_val/attempt1,,True,val,C_raw,diagnostic,raw,C_raw,0.250764550471044,0.9435527696933048,0.1912924870606898,0.961310523059378,0.2805146144881881,1.0,0.9999999999999996,0.3470225872689939,0.9991680578282448
eval/SMD/machine-2-8/seed2/smd_cf_val/eval/best_val,val_ckpt_eval,val_pred_mae_v2,SMD,machine-2-8,2,scripts/configs/smd_cf_val.yaml,best_val,78,883958de4dc97f960720c63d55927db12972a063b90cb025a86fd2ef932e82c6,0.18454789987512377,val0.2_b18962,train_sub_val,1b33b6e7dd6ff72069a83c00b97ce159e0acf02672392c634757f046078d415e,SMD_machine-2-8_pcmci_val0.2_b18962_1717d9e3e84f6909,1.0,False,15,161,49f630ac8d324ba01390c1a1dcaa4386cd94ae84,49f630ac8d324ba01390c1a1dcaa4386cd94ae84,cuda,2.6.0+cu124,SMD/machine-2-8/seed2/smd_cf_val/eval/best_val/attempt1,,True,val,G_raw,diagnostic,raw,G_raw,0.7429496829626819,0.9784995986869768,0.7213390828843295,0.9873801828855526,0.8072678733514996,1.0,0.9999999999999996,0.5508498058256566,0.9997433631851436
eval/SMD/machine-2-8/seed2/smd_cf_val/eval/best_val,val_ckpt_eval,val_pred_mae_v2,SMD,machine-2-8,2,scripts/configs/smd_cf_val.yaml,best_val,78,883958de4dc97f960720c63d55927db12972a063b90cb025a86fd2ef932e82c6,0.18454789987512377,val0.2_b18962,train_sub_val,1b33b6e7dd6ff72069a83c00b97ce159e0acf02672392c634757f046078d415e,SMD_machine-2-8_pcmci_val0.2_b18962_1717d9e3e84f6909,1.0,False,15,161,49f630ac8d324ba01390c1a1dcaa4386cd94ae84,49f630ac8d324ba01390c1a1dcaa4386cd94ae84,cuda,2.6.0+cu124,SMD/machine-2-8/seed2/smd_cf_val/eval/best_val/attempt1,,True,val,CF_raw,diagnostic,raw,CF_raw,0.9199945459939386,0.983667444130919,0.8611430307555906,0.9965136212577336,0.9235830642313946,1.0,0.9999999999999996,0.5852372583479789,0.9999834192767482
eval/SMD/machine-2-8/seed3/smd_cf_val/eval/last,val_ckpt_eval,val_pred_mae_v2,SMD,machine-2-8,3,scripts/configs/smd_cf_val.yaml,last,80,bc28275c793e1e1a5b759dc694dd88d67fe5f490c0f7c55cd0b68b3cfa2f49a3,0.19216269170670736,val0.2_b18962,train_sub_val,1b33b6e7dd6ff72069a83c00b97ce159e0acf02672392c634757f046078d415e,SMD_machine-2-8_pcmci_val0.2_b18962_1717d9e3e84f6909,1.0,False,15,161,49f630ac8d324ba01390c1a1dcaa4386cd94ae84,49f630ac8d324ba01390c1a1dcaa4386cd94ae84,cuda,2.6.0+cu124,SMD/machine-2-8/seed3/smd_cf_val/eval/last/attempt1,,True,val,A_off,fusion,raw,P_raw + C_raw,0.9675155406245498,0.9902800692459618,0.9462940764884404,0.9990707711170502,0.962727919280626,1.0,0.9999999999999996,0.6032388663967612,0.9999836814268483
eval/SMD/machine-2-8/seed3/smd_cf_val/eval/last,val_ckpt_eval,val_pred_mae_v2,SMD,machine-2-8,3,scripts/configs/smd_cf_val.yaml,last,80,bc28275c793e1e1a5b759dc694dd88d67fe5f490c0f7c55cd0b68b3cfa2f49a3,0.19216269170670736,val0.2_b18962,train_sub_val,1b33b6e7dd6ff72069a83c00b97ce159e0acf02672392c634757f046078d415e,SMD_machine-2-8_pcmci_val0.2_b18962_1717d9e3e84f6909,1.0,False,15,161,49f630ac8d324ba01390c1a1dcaa4386cd94ae84,49f630ac8d324ba01390c1a1dcaa4386cd94ae84,cuda,2.6.0+cu124,SMD/machine-2-8/seed3/smd_cf_val/eval/last/attempt1,,True,val,A_on,fusion,raw,P_raw + C_raw + 1*CF_raw,0.9684227729955128,0.988834497770146,0.9300737826829188,0.9988698773357793,0.9687450002211166,1.0,0.9999999999999996,0.9365918097754292,0.9999854509364284
eval/SMD/machine-2-8/seed3/smd_cf_val/eval/last,val_ckpt_eval,val_pred_mae_v2,SMD,machine-2-8,3,scripts/configs/smd_cf_val.yaml,last,80,bc28275c793e1e1a5b759dc694dd88d67fe5f490c0f7c55cd0b68b3cfa2f49a3,0.19216269170670736,val0.2_b18962,train_sub_val,1b33b6e7dd6ff72069a83c00b97ce159e0acf02672392c634757f046078d415e,SMD_machine-2-8_pcmci_val0.2_b18962_1717d9e3e84f6909,1.0,False,15,161,49f630ac8d324ba01390c1a1dcaa4386cd94ae84,49f630ac8d324ba01390c1a1dcaa4386cd94ae84,cuda,2.6.0+cu124,SMD/machine-2-8/seed3/smd_cf_val/eval/last/attempt1,,True,val,P_raw,diagnostic,raw,P_raw,0.9675155786396276,0.9902805971157722,0.9462940764884404,0.9990707711170502,0.962727919280626,1.0,0.9999999999999996,0.6032388663967612,0.9999836814268483
eval/SMD/machine-2-8/seed3/smd_cf_val/eval/last,val_ckpt_eval,val_pred_mae_v2,SMD,machine-2-8,3,scripts/configs/smd_cf_val.yaml,last,80,bc28275c793e1e1a5b759dc694dd88d67fe5f490c0f7c55cd0b68b3cfa2f49a3,0.19216269170670736,val0.2_b18962,train_sub_val,1b33b6e7dd6ff72069a83c00b97ce159e0acf02672392c634757f046078d415e,SMD_machine-2-8_pcmci_val0.2_b18962_1717d9e3e84f6909,1.0,False,15,161,49f630ac8d324ba01390c1a1dcaa4386cd94ae84,49f630ac8d324ba01390c1a1dcaa4386cd94ae84,cuda,2.6.0+cu124,SMD/machine-2-8/seed3/smd_cf_val/eval/last/attempt1,,True,val,C_raw,diagnostic,raw,C_raw,0.0250269135904891,0.7164937937026714,0.02533246737419,0.7689343878085175,0.0733283605594516,0.9907692307692308,0.3999999999999996,0.2252559726962457,0.852353066620245
eval/SMD/machine-2-8/seed3/smd_cf_val/eval/last,val_ckpt_eval,val_pred_mae_v2,SMD,machine-2-8,3,scripts/configs/smd_cf_val.yaml,last,80,bc28275c793e1e1a5b759dc694dd88d67fe5f490c0f7c55cd0b68b3cfa2f49a3,0.19216269170670736,val0.2_b18962,train_sub_val,1b33b6e7dd6ff72069a83c00b97ce159e0acf02672392c634757f046078d415e,SMD_machine-2-8_pcmci_val0.2_b18962_1717d9e3e84f6909,1.0,False,15,161,49f630ac8d324ba01390c1a1dcaa4386cd94ae84,49f630ac8d324ba01390c1a1dcaa4386cd94ae84,cuda,2.6.0+cu124,SMD/machine-2-8/seed3/smd_cf_val/eval/last/attempt1,,True,val,G_raw,diagnostic,raw,G_raw,0.8172720167735947,0.9879400223764012,0.750333227568518,0.9918257872082572,0.783127534688564,1.0,0.9999999999999996,0.3827525103366805,0.9998705508914908
eval/SMD/machine-2-8/seed3/smd_cf_val/eval/last,val_ckpt_eval,val_pred_mae_v2,SMD,machine-2-8,3,scripts/configs/smd_cf_val.yaml,last,80,bc28275c793e1e1a5b759dc694dd88d67fe5f490c0f7c55cd0b68b3cfa2f49a3,0.19216269170670736,val0.2_b18962,train_sub_val,1b33b6e7dd6ff72069a83c00b97ce159e0acf02672392c634757f046078d415e,SMD_machine-2-8_pcmci_val0.2_b18962_1717d9e3e84f6909,1.0,False,15,161,49f630ac8d324ba01390c1a1dcaa4386cd94ae84,49f630ac8d324ba01390c1a1dcaa4386cd94ae84,cuda,2.6.0+cu124,SMD/machine-2-8/seed3/smd_cf_val/eval/last/attempt1,,True,val,CF_raw,diagnostic,raw,CF_raw,0.8784746490633283,0.9831348234922124,0.8112177791602484,0.9923095049059484,0.8963160998474751,1.0,0.9999999999999996,0.4480859267419443,0.999962381283128
eval/SMD/machine-2-8/seed3/smd_cf_val/eval/best_val,val_ckpt_eval,val_pred_mae_v2,SMD,machine-2-8,3,scripts/configs/smd_cf_val.yaml,best_val,76,f2558ef56c2b33fbf193ccdb4cb246e1d6f6722fac519a50356f849f2ed7fe95,0.18816655830819817,val0.2_b18962,train_sub_val,1b33b6e7dd6ff72069a83c00b97ce159e0acf02672392c634757f046078d415e,SMD_machine-2-8_pcmci_val0.2_b18962_1717d9e3e84f6909,1.0,False,15,161,49f630ac8d324ba01390c1a1dcaa4386cd94ae84,49f630ac8d324ba01390c1a1dcaa4386cd94ae84,cuda,2.6.0+cu124,SMD/machine-2-8/seed3/smd_cf_val/eval/best_val/attempt1,,True,val,A_off,fusion,raw,P_raw + C_raw,0.967514906417201,0.9902697757846586,0.9463275478832636,0.9990695981492168,0.962727919280626,1.0,0.9999999999999996,0.6032388663967612,0.9999836814268483
eval/SMD/machine-2-8/seed3/smd_cf_val/eval/best_val,val_ckpt_eval,val_pred_mae_v2,SMD,machine-2-8,3,scripts/configs/smd_cf_val.yaml,best_val,76,f2558ef56c2b33fbf193ccdb4cb246e1d6f6722fac519a50356f849f2ed7fe95,0.18816655830819817,val0.2_b18962,train_sub_val,1b33b6e7dd6ff72069a83c00b97ce159e0acf02672392c634757f046078d415e,SMD_machine-2-8_pcmci_val0.2_b18962_1717d9e3e84f6909,1.0,False,15,161,49f630ac8d324ba01390c1a1dcaa4386cd94ae84,49f630ac8d324ba01390c1a1dcaa4386cd94ae84,cuda,2.6.0+cu124,SMD/machine-2-8/seed3/smd_cf_val/eval/best_val/attempt1,,True,val,A_on,fusion,raw,P_raw + C_raw + 1*CF_raw,0.9685361726434244,0.988669802389297,0.927603656378772,0.9988448509703126,0.9687450002211166,1.0,0.9999999999999996,0.9365918097754292,0.9999854509364284
eval/SMD/machine-2-8/seed3/smd_cf_val/eval/best_val,val_ckpt_eval,val_pred_mae_v2,SMD,machine-2-8,3,scripts/configs/smd_cf_val.yaml,best_val,76,f2558ef56c2b33fbf193ccdb4cb246e1d6f6722fac519a50356f849f2ed7fe95,0.18816655830819817,val0.2_b18962,train_sub_val,1b33b6e7dd6ff72069a83c00b97ce159e0acf02672392c634757f046078d415e,SMD_machine-2-8_pcmci_val0.2_b18962_1717d9e3e84f6909,1.0,False,15,161,49f630ac8d324ba01390c1a1dcaa4386cd94ae84,49f630ac8d324ba01390c1a1dcaa4386cd94ae84,cuda,2.6.0+cu124,SMD/machine-2-8/seed3/smd_cf_val/eval/best_val/attempt1,,True,val,P_raw,diagnostic,raw,P_raw,0.9675154011149624,0.9902771659620044,0.9463275767784748,0.9990706480706658,0.962727919280626,1.0,0.9999999999999996,0.6032388663967612,0.9999836814268483
eval/SMD/machine-2-8/seed3/smd_cf_val/eval/best_val,val_ckpt_eval,val_pred_mae_v2,SMD,machine-2-8,3,scripts/configs/smd_cf_val.yaml,best_val,76,f2558ef56c2b33fbf193ccdb4cb246e1d6f6722fac519a50356f849f2ed7fe95,0.18816655830819817,val0.2_b18962,train_sub_val,1b33b6e7dd6ff72069a83c00b97ce159e0acf02672392c634757f046078d415e,SMD_machine-2-8_pcmci_val0.2_b18962_1717d9e3e84f6909,1.0,False,15,161,49f630ac8d324ba01390c1a1dcaa4386cd94ae84,49f630ac8d324ba01390c1a1dcaa4386cd94ae84,cuda,2.6.0+cu124,SMD/machine-2-8/seed3/smd_cf_val/eval/best_val/attempt1,,True,val,C_raw,diagnostic,raw,C_raw,0.0241809208922859,0.7080389029492877,0.0254125928916376,0.7594795407065661,0.0590024614184314,1.0,0.9999999999999996,0.3402061855670102,0.997762608447545
eval/SMD/machine-2-8/seed3/smd_cf_val/eval/best_val,val_ckpt_eval,val_pred_mae_v2,SMD,machine-2-8,3,scripts/configs/smd_cf_val.yaml,best_val,76,f2558ef56c2b33fbf193ccdb4cb246e1d6f6722fac519a50356f849f2ed7fe95,0.18816655830819817,val0.2_b18962,train_sub_val,1b33b6e7dd6ff72069a83c00b97ce159e0acf02672392c634757f046078d415e,SMD_machine-2-8_pcmci_val0.2_b18962_1717d9e3e84f6909,1.0,False,15,161,49f630ac8d324ba01390c1a1dcaa4386cd94ae84,49f630ac8d324ba01390c1a1dcaa4386cd94ae84,cuda,2.6.0+cu124,SMD/machine-2-8/seed3/smd_cf_val/eval/best_val/attempt1,,True,val,G_raw,diagnostic,raw,G_raw,0.8159441773079253,0.9891087261366556,0.7371051136510726,0.9911719416426744,0.7872965898024455,1.0,0.9999999999999996,0.396414342629482,0.9998860865540312
eval/SMD/machine-2-8/seed3/smd_cf_val/eval/best_val,val_ckpt_eval,val_pred_mae_v2,SMD,machine-2-8,3,scripts/configs/smd_cf_val.yaml,best_val,76,f2558ef56c2b33fbf193ccdb4cb246e1d6f6722fac519a50356f849f2ed7fe95,0.18816655830819817,val0.2_b18962,train_sub_val,1b33b6e7dd6ff72069a83c00b97ce159e0acf02672392c634757f046078d415e,SMD_machine-2-8_pcmci_val0.2_b18962_1717d9e3e84f6909,1.0,False,15,161,49f630ac8d324ba01390c1a1dcaa4386cd94ae84,49f630ac8d324ba01390c1a1dcaa4386cd94ae84,cuda,2.6.0+cu124,SMD/machine-2-8/seed3/smd_cf_val/eval/best_val/attempt1,,True,val,CF_raw,diagnostic,raw,CF_raw,0.8480011582616191,0.9811159854022884,0.7835920952334618,0.9886987522362356,0.863152979036921,1.0,0.9999999999999996,0.4572633192794174,0.9999507149736818
eval/SMD/machine-2-9/seed0/smd_cf_val/eval/last,val_ckpt_eval,val_pred_mae_v2,SMD,machine-2-9,0,scripts/configs/smd_cf_val.yaml,last,80,2ce6d3657c290c225556703d2adb662480fb46f2b9e26c0ae0283e7e5c58a21a,0.13268836362799624,val0.2_b22978,train_sub_val,74a2481c01fb50d86e3f77fa92ea1523f042716e8a62e38c6b163fd43d0c5ce2,SMD_machine-2-9_pcmci_val0.2_b22978_cd56409f6dcf735c,1.0,False,15,192,49f630ac8d324ba01390c1a1dcaa4386cd94ae84,49f630ac8d324ba01390c1a1dcaa4386cd94ae84,cuda,2.6.0+cu124,SMD/machine-2-9/seed0/smd_cf_val/eval/last/attempt1,,True,val,A_off,fusion,raw,P_raw + C_raw,0.828717536236176,0.956204893166092,0.8875568431888736,0.9856031903011044,0.8146782521887955,0.9567519858781994,0.7371754274857499,0.2189592834866517,0.841792837457405
eval/SMD/machine-2-9/seed0/smd_cf_val/eval/last,val_ckpt_eval,val_pred_mae_v2,SMD,machine-2-9,0,scripts/configs/smd_cf_val.yaml,last,80,2ce6d3657c290c225556703d2adb662480fb46f2b9e26c0ae0283e7e5c58a21a,0.13268836362799624,val0.2_b22978,train_sub_val,74a2481c01fb50d86e3f77fa92ea1523f042716e8a62e38c6b163fd43d0c5ce2,SMD_machine-2-9_pcmci_val0.2_b22978_cd56409f6dcf735c,1.0,False,15,192,49f630ac8d324ba01390c1a1dcaa4386cd94ae84,49f630ac8d324ba01390c1a1dcaa4386cd94ae84,cuda,2.6.0+cu124,SMD/machine-2-9/seed0/smd_cf_val/eval/last/attempt1,,True,val,A_on,fusion,raw,P_raw + C_raw + 1*CF_raw,0.874220777680628,0.974843044863076,0.9272616479384966,0.9942016878297312,0.8329521110996819,0.955399061032864,0.8085062024392781,0.3082570033023689,0.9352290093509366
eval/SMD/machine-2-9/seed0/smd_cf_val/eval/last,val_ckpt_eval,val_pred_mae_v2,SMD,machine-2-9,0,scripts/configs/smd_cf_val.yaml,last,80,2ce6d3657c290c225556703d2adb662480fb46f2b9e26c0ae0283e7e5c58a21a,0.13268836362799624,val0.2_b22978,train_sub_val,74a2481c01fb50d86e3f77fa92ea1523f042716e8a62e38c6b163fd43d0c5ce2,SMD_machine-2-9_pcmci_val0.2_b22978_cd56409f6dcf735c,1.0,False,15,192,49f630ac8d324ba01390c1a1dcaa4386cd94ae84,49f630ac8d324ba01390c1a1dcaa4386cd94ae84,cuda,2.6.0+cu124,SMD/machine-2-9/seed0/smd_cf_val/eval/last/attempt1,,True,val,P_raw,diagnostic,raw,P_raw,0.8285691005498016,0.9559481468376786,0.887364570376068,0.9855483871967574,0.8147879068353253,0.9567519858781994,0.7371754274857499,0.2189592834866517,0.841792837457405
eval/SMD/machine-2-9/seed0/smd_cf_val/eval/last,val_ckpt_eval,val_pred_mae_v2,SMD,machine-2-9,0,scripts/configs/smd_cf_val.yaml,last,80,2ce6d3657c290c225556703d2adb662480fb46f2b9e26c0ae0283e7e5c58a21a,0.13268836362799624,val0.2_b22978,train_sub_val,74a2481c01fb50d86e3f77fa92ea1523f042716e8a62e38c6b163fd43d0c5ce2,SMD_machine-2-9_pcmci_val0.2_b22978_cd56409f6dcf735c,1.0,False,15,192,49f630ac8d324ba01390c1a1dcaa4386cd94ae84,49f630ac8d324ba01390c1a1dcaa4386cd94ae84,cuda,2.6.0+cu124,SMD/machine-2-9/seed0/smd_cf_val/eval/last/attempt1,,True,val,C_raw,diagnostic,raw,C_raw,0.0979801062198778,0.6898932897412013,0.1269094716366146,0.7588029792805404,0.1823863357745776,0.9067840497151736,0.192127833581479,0.1462176781451936,0.7520592143464425
eval/SMD/machine-2-9/seed0/smd_cf_val/eval/last,val_ckpt_eval,val_pred_mae_v2,SMD,machine-2-9,0,scripts/configs/smd_cf_val.yaml,last,80,2ce6d3657c290c225556703d2adb662480fb46f2b9e26c0ae0283e7e5c58a21a,0.13268836362799624,val0.2_b22978,train_sub_val,74a2481c01fb50d86e3f77fa92ea1523f042716e8a62e38c6b163fd43d0c5ce2,SMD_machine-2-9_pcmci_val0.2_b22978_cd56409f6dcf735c,1.0,False,15,192,49f630ac8d324ba01390c1a1dcaa4386cd94ae84,49f630ac8d324ba01390c1a1dcaa4386cd94ae84,cuda,2.6.0+cu124,SMD/machine-2-9/seed0/smd_cf_val/eval/last/attempt1,,True,val,G_raw,diagnostic,raw,G_raw,0.2642531301745306,0.6373640837102518,0.1697544763745879,0.6750151916447844,0.305307680304262,0.5926222935044105,0.4615384615384611,0.2234704465762611,0.6912435920501745
eval/SMD/machine-2-9/seed0/smd_cf_val/eval/last,val_ckpt_eval,val_pred_mae_v2,SMD,machine-2-9,0,scripts/configs/smd_cf_val.yaml,last,80,2ce6d3657c290c225556703d2adb662480fb46f2b9e26c0ae0283e7e5c58a21a,0.13268836362799624,val0.2_b22978,train_sub_val,74a2481c01fb50d86e3f77fa92ea1523f042716e8a62e38c6b163fd43d0c5ce2,SMD_machine-2-9_pcmci_val0.2_b22978_cd56409f6dcf735c,1.0,False,15,192,49f630ac8d324ba01390c1a1dcaa4386cd94ae84,49f630ac8d324ba01390c1a1dcaa4386cd94ae84,cuda,2.6.0+cu124,SMD/machine-2-9/seed0/smd_cf_val/eval/last/attempt1,,True,val,CF_raw,diagnostic,raw,CF_raw,0.7944099795756924,0.9666848018728722,0.8544380539903681,0.9878421473360884,0.7844753173993165,0.9347536617842876,0.9095607235142114,0.431141527558314,0.9508840935920349
eval/SMD/machine-2-9/seed0/smd_cf_val/eval/best_val,val_ckpt_eval,val_pred_mae_v2,SMD,machine-2-9,0,scripts/configs/smd_cf_val.yaml,best_val,79,05846c3db35f81415f79b9ed213e9824975037859fa096e0411e1728c445b86f,0.13178926701664526,val0.2_b22978,train_sub_val,74a2481c01fb50d86e3f77fa92ea1523f042716e8a62e38c6b163fd43d0c5ce2,SMD_machine-2-9_pcmci_val0.2_b22978_cd56409f6dcf735c,1.0,False,15,192,49f630ac8d324ba01390c1a1dcaa4386cd94ae84,49f630ac8d324ba01390c1a1dcaa4386cd94ae84,cuda,2.6.0+cu124,SMD/machine-2-9/seed0/smd_cf_val/eval/best_val/attempt1,,True,val,A_off,fusion,raw,P_raw + C_raw,0.8295224561302219,0.9571389831053012,0.8880964274692478,0.9858520630263696,0.8152703185002002,0.9567519858781994,0.7371754274857499,0.2189592834866517,0.841792837457405
eval/SMD/machine-2-9/seed0/smd_cf_val/eval/best_val,val_ckpt_eval,val_pred_mae_v2,SMD,machine-2-9,0,scripts/configs/smd_cf_val.yaml,best_val,79,05846c3db35f81415f79b9ed213e9824975037859fa096e0411e1728c445b86f,0.13178926701664526,val0.2_b22978,train_sub_val,74a2481c01fb50d86e3f77fa92ea1523f042716e8a62e38c6b163fd43d0c5ce2,SMD_machine-2-9_pcmci_val0.2_b22978_cd56409f6dcf735c,1.0,False,15,192,49f630ac8d324ba01390c1a1dcaa4386cd94ae84,49f630ac8d324ba01390c1a1dcaa4386cd94ae84,cuda,2.6.0+cu124,SMD/machine-2-9/seed0/smd_cf_val/eval/best_val/attempt1,,True,val,A_on,fusion,raw,P_raw + C_raw + 1*CF_raw,0.8734448390114955,0.9748345690848844,0.927239728395136,0.9942031505798437,0.8288493142830633,0.9559600704638872,0.8098336948662322,0.3085591715333906,0.9355422513870886
eval/SMD/machine-2-9/seed0/smd_cf_val/eval/best_val,val_ckpt_eval,val_pred_mae_v2,SMD,machine-2-9,0,scripts/configs/smd_cf_val.yaml,best_val,79,05846c3db35f81415f79b9ed213e9824975037859fa096e0411e1728c445b86f,0.13178926701664526,val0.2_b22978,train_sub_val,74a2481c01fb50d86e3f77fa92ea1523f042716e8a62e38c6b163fd43d0c5ce2,SMD_machine-2-9_pcmci_val0.2_b22978_cd56409f6dcf735c,1.0,False,15,192,49f630ac8d324ba01390c1a1dcaa4386cd94ae84,49f630ac8d324ba01390c1a1dcaa4386cd94ae84,cuda,2.6.0+cu124,SMD/machine-2-9/seed0/smd_cf_val/eval/best_val/attempt1,,True,val,P_raw,diagnostic,raw,P_raw,0.8293579729710353,0.9568869079663648,0.887986093680343,0.9858118209825526,0.8149416276220433,0.9567519858781994,0.7371754274857499,0.2189592834866517,0.841792837457405
eval/SMD/machine-2-9/seed0/smd_cf_val/eval/best_val,val_ckpt_eval,val_pred_mae_v2,SMD,machine-2-9,0,scripts/configs/smd_cf_val.yaml,best_val,79,05846c3db35f81415f79b9ed213e9824975037859fa096e0411e1728c445b86f,0.13178926701664526,val0.2_b22978,train_sub_val,74a2481c01fb50d86e3f77fa92ea1523f042716e8a62e38c6b163fd43d0c5ce2,SMD_machine-2-9_pcmci_val0.2_b22978_cd56409f6dcf735c,1.0,False,15,192,49f630ac8d324ba01390c1a1dcaa4386cd94ae84,49f630ac8d324ba01390c1a1dcaa4386cd94ae84,cuda,2.6.0+cu124,SMD/machine-2-9/seed0/smd_cf_val/eval/best_val/attempt1,,True,val,C_raw,diagnostic,raw,C_raw,0.0959142938750459,0.6859495059213139,0.1252460037571353,0.7555464013357115,0.1796572207426094,0.8718670796958603,0.1867720507193849,0.1525222855058864,0.7650997794021047
eval/SMD/machine-2-9/seed0/smd_cf_val/eval/best_val,val_ckpt_eval,val_pred_mae_v2,SMD,machine-2-9,0,scripts/configs/smd_cf_val.yaml,best_val,79,05846c3db35f81415f79b9ed213e9824975037859fa096e0411e1728c445b86f,0.13178926701664526,val0.2_b22978,train_sub_val,74a2481c01fb50d86e3f77fa92ea1523f042716e8a62e38c6b163fd43d0c5ce2,SMD_machine-2-9_pcmci_val0.2_b22978_cd56409f6dcf735c,1.0,False,15,192,49f630ac8d324ba01390c1a1dcaa4386cd94ae84,49f630ac8d324ba01390c1a1dcaa4386cd94ae84,cuda,2.6.0+cu124,SMD/machine-2-9/seed0/smd_cf_val/eval/best_val/attempt1,,True,val,G_raw,diagnostic,raw,G_raw,0.2647772774482175,0.6449385125622236,0.1710395491604871,0.682168460583997,0.3047977538955338,0.5926222935044105,0.4615384615384611,0.2177299559644218,0.691242141656609
eval/SMD/machine-2-9/seed0/smd_cf_val/eval/best_val,val_ckpt_eval,val_pred_mae_v2,SMD,machine-2-9,0,scripts/configs/smd_cf_val.yaml,best_val,79,05846c3db35f81415f79b9ed213e9824975037859fa096e0411e1728c445b86f,0.13178926701664526,val0.2_b22978,train_sub_val,74a2481c01fb50d86e3f77fa92ea1523f042716e8a62e38c6b163fd43d0c5ce2,SMD_machine-2-9_pcmci_val0.2_b22978_cd56409f6dcf735c,1.0,False,15,192,49f630ac8d324ba01390c1a1dcaa4386cd94ae84,49f630ac8d324ba01390c1a1dcaa4386cd94ae84,cuda,2.6.0+cu124,SMD/machine-2-9/seed0/smd_cf_val/eval/best_val/attempt1,,True,val,CF_raw,diagnostic,raw,CF_raw,0.7948915296967856,0.967298207256661,0.8556690329659363,0.9879580721359013,0.7757039660926801,0.9287749287749288,0.85600976205003,0.4156100141916434,0.9491639806925236
eval/SMD/machine-2-9/seed1/smd_cf_val/eval/last,val_ckpt_eval,val_pred_mae_v2,SMD,machine-2-9,1,scripts/configs/smd_cf_val.yaml,last,80,72d283d514cf1d3aa8accfadedd3b8b9e55a2101f160a614e8177a03e668be73,0.13039513532244443,val0.2_b22978,train_sub_val,74a2481c01fb50d86e3f77fa92ea1523f042716e8a62e38c6b163fd43d0c5ce2,SMD_machine-2-9_pcmci_val0.2_b22978_cd56409f6dcf735c,1.0,False,15,192,49f630ac8d324ba01390c1a1dcaa4386cd94ae84,49f630ac8d324ba01390c1a1dcaa4386cd94ae84,cuda,2.6.0+cu124,SMD/machine-2-9/seed1/smd_cf_val/eval/last/attempt1,,True,val,A_off,fusion,raw,P_raw + C_raw,0.8348337813551713,0.961100870426488,0.8934412978287926,0.9874674255916962,0.8163932469452929,0.9567519858781994,0.7371754274857499,0.2189592834866517,0.841792837457405
eval/SMD/machine-2-9/seed1/smd_cf_val/eval/last,val_ckpt_eval,val_pred_mae_v2,SMD,machine-2-9,1,scripts/configs/smd_cf_val.yaml,last,80,72d283d514cf1d3aa8accfadedd3b8b9e55a2101f160a614e8177a03e668be73,0.13039513532244443,val0.2_b22978,train_sub_val,74a2481c01fb50d86e3f77fa92ea1523f042716e8a62e38c6b163fd43d0c5ce2,SMD_machine-2-9_pcmci_val0.2_b22978_cd56409f6dcf735c,1.0,False,15,192,49f630ac8d324ba01390c1a1dcaa4386cd94ae84,49f630ac8d324ba01390c1a1dcaa4386cd94ae84,cuda,2.6.0+cu124,SMD/machine-2-9/seed1/smd_cf_val/eval/last/attempt1,,True,val,A_on,fusion,raw,P_raw + C_raw + 1*CF_raw,0.8754652536355203,0.9744704488083076,0.9288049316906392,0.9942270751466136,0.8413383713498098,0.9590091418460632,0.8105883453371989,0.3126260826930579,0.9391658998727366
eval/SMD/machine-2-9/seed1/smd_cf_val/eval/last,val_ckpt_eval,val_pred_mae_v2,SMD,machine-2-9,1,scripts/configs/smd_cf_val.yaml,last,80,72d283d514cf1d3aa8accfadedd3b8b9e55a2101f160a614e8177a03e668be73,0.13039513532244443,val0.2_b22978,train_sub_val,74a2481c01fb50d86e3f77fa92ea1523f042716e8a62e38c6b163fd43d0c5ce2,SMD_machine-2-9_pcmci_val0.2_b22978_cd56409f6dcf735c,1.0,False,15,192,49f630ac8d324ba01390c1a1dcaa4386cd94ae84,49f630ac8d324ba01390c1a1dcaa4386cd94ae84,cuda,2.6.0+cu124,SMD/machine-2-9/seed1/smd_cf_val/eval/last/attempt1,,True,val,P_raw,diagnostic,raw,P_raw,0.8348906096287989,0.9610464859444752,0.8934720043292623,0.987485170027388,0.8163932469452929,0.9567519858781994,0.7371754274857499,0.2189592834866517,0.841792837457405
eval/SMD/machine-2-9/seed1/smd_cf_val/eval/last,val_ckpt_eval,val_pred_mae_v2,SMD,machine-2-9,1,scripts/configs/smd_cf_val.yaml,last,80,72d283d514cf1d3aa8accfadedd3b8b9e55a2101f160a614e8177a03e668be73,0.13039513532244443,val0.2_b22978,train_sub_val,74a2481c01fb50d86e3f77fa92ea1523f042716e8a62e38c6b163fd43d0c5ce2,SMD_machine-2-9_pcmci_val0.2_b22978_cd56409f6dcf735c,1.0,False,15,192,49f630ac8d324ba01390c1a1dcaa4386cd94ae84,49f630ac8d324ba01390c1a1dcaa4386cd94ae84,cuda,2.6.0+cu124,SMD/machine-2-9/seed1/smd_cf_val/eval/last/attempt1,,True,val,C_raw,diagnostic,raw,C_raw,0.0658135737790098,0.5693135824451203,0.0955967052211476,0.6682876575550322,0.1394720441197714,0.6512059369202227,0.1411953041622197,0.1245263992062649,0.7095186604529334
eval/SMD/machine-2-9/seed1/smd_cf_val/eval/last,val_ckpt_eval,val_pred_mae_v2,SMD,machine-2-9,1,scripts/configs/smd_cf_val.yaml,last,80,72d283d514cf1d3aa8accfadedd3b8b9e55a2101f160a614e8177a03e668be73,0.13039513532244443,val0.2_b22978,train_sub_val,74a2481c01fb50d86e3f77fa92ea1523f042716e8a62e38c6b163fd43d0c5ce2,SMD_machine-2-9_pcmci_val0.2_b22978_cd56409f6dcf735c,1.0,False,15,192,49f630ac8d324ba01390c1a1dcaa4386cd94ae84,49f630ac8d324ba01390c1a1dcaa4386cd94ae84,cuda,2.6.0+cu124,SMD/machine-2-9/seed1/smd_cf_val/eval/last/attempt1,,True,val,G_raw,diagnostic,raw,G_raw,0.1490169637155859,0.618746371109306,0.1887803345945343,0.7187675669054057,0.2558851856985698,0.6129846295021794,0.3563909774436085,0.115677093471417,0.692771574641666
eval/SMD/machine-2-9/seed1/smd_cf_val/eval/last,val_ckpt_eval,val_pred_mae_v2,SMD,machine-2-9,1,scripts/configs/smd_cf_val.yaml,last,80,72d283d514cf1d3aa8accfadedd3b8b9e55a2101f160a614e8177a03e668be73,0.13039513532244443,val0.2_b22978,train_sub_val,74a2481c01fb50d86e3f77fa92ea1523f042716e8a62e38c6b163fd43d0c5ce2,SMD_machine-2-9_pcmci_val0.2_b22978_cd56409f6dcf735c,1.0,False,15,192,49f630ac8d324ba01390c1a1dcaa4386cd94ae84,49f630ac8d324ba01390c1a1dcaa4386cd94ae84,cuda,2.6.0+cu124,SMD/machine-2-9/seed1/smd_cf_val/eval/last/attempt1,,True,val,CF_raw,diagnostic,raw,CF_raw,0.7869935917345541,0.9645524144448396,0.8432071937580022,0.986567023822408,0.7529560834588611,0.9695796460176992,0.8996983408748109,0.52131250518884,0.956136146697856
eval/SMD/machine-2-9/seed1/smd_cf_val/eval/best_val,val_ckpt_eval,val_pred_mae_v2,SMD,machine-2-9,1,scripts/configs/smd_cf_val.yaml,best_val,78,f3716ebfd8d9209ad4c9929841d19212b047b3f35ea9a857db57101117fff131,0.13021275074798244,val0.2_b22978,train_sub_val,74a2481c01fb50d86e3f77fa92ea1523f042716e8a62e38c6b163fd43d0c5ce2,SMD_machine-2-9_pcmci_val0.2_b22978_cd56409f6dcf735c,1.0,False,15,192,49f630ac8d324ba01390c1a1dcaa4386cd94ae84,49f630ac8d324ba01390c1a1dcaa4386cd94ae84,cuda,2.6.0+cu124,SMD/machine-2-9/seed1/smd_cf_val/eval/best_val/attempt1,,True,val,A_off,fusion,raw,P_raw + C_raw,0.8361583121040471,0.96199461058872,0.8947429208071245,0.9878406153870054,0.8166080483225467,0.9567519858781994,0.7371754274857499,0.2189592834866517,0.841792837457405
eval/SMD/machine-2-9/seed1/smd_cf_val/eval/best_val,val_ckpt_eval,val_pred_mae_v2,SMD,machine-2-9,1,scripts/configs/smd_cf_val.yaml,best_val,78,f3716ebfd8d9209ad4c9929841d19212b047b3f35ea9a857db57101117fff131,0.13021275074798244,val0.2_b22978,train_sub_val,74a2481c01fb50d86e3f77fa92ea1523f042716e8a62e38c6b163fd43d0c5ce2,SMD_machine-2-9_pcmci_val0.2_b22978_cd56409f6dcf735c,1.0,False,15,192,49f630ac8d324ba01390c1a1dcaa4386cd94ae84,49f630ac8d324ba01390c1a1dcaa4386cd94ae84,cuda,2.6.0+cu124,SMD/machine-2-9/seed1/smd_cf_val/eval/best_val/attempt1,,True,val,A_on,fusion,raw,P_raw + C_raw + 1*CF_raw,0.8622161388383951,0.9738450589700682,0.9128514506614984,0.9934334865364768,0.8224405631895517,0.9587264150943396,0.8612250671947936,0.371238249245522,0.948481750234738
eval/SMD/machine-2-9/seed1/smd_cf_val/eval/best_val,val_ckpt_eval,val_pred_mae_v2,SMD,machine-2-9,1,scripts/configs/smd_cf_val.yaml,best_val,78,f3716ebfd8d9209ad4c9929841d19212b047b3f35ea9a857db57101117fff131,0.13021275074798244,val0.2_b22978,train_sub_val,74a2481c01fb50d86e3f77fa92ea1523f042716e8a62e38c6b163fd43d0c5ce2,SMD_machine-2-9_pcmci_val0.2_b22978_cd56409f6dcf735c,1.0,False,15,192,49f630ac8d324ba01390c1a1dcaa4386cd94ae84,49f630ac8d324ba01390c1a1dcaa4386cd94ae84,cuda,2.6.0+cu124,SMD/machine-2-9/seed1/smd_cf_val/eval/best_val/attempt1,,True,val,P_raw,diagnostic,raw,P_raw,0.8362127437124404,0.9619217738514424,0.8947654465895687,0.9878503797509374,0.8169540678206479,0.9567519858781994,0.7371754274857499,0.2189592834866517,0.841792837457405
eval/SMD/machine-2-9/seed1/smd_cf_val/eval/best_val,val_ckpt_eval,val_pred_mae_v2,SMD,machine-2-9,1,scripts/configs/smd_cf_val.yaml,best_val,78,f3716ebfd8d9209ad4c9929841d19212b047b3f35ea9a857db57101117fff131,0.13021275074798244,val0.2_b22978,train_sub_val,74a2481c01fb50d86e3f77fa92ea1523f042716e8a62e38c6b163fd43d0c5ce2,SMD_machine-2-9_pcmci_val0.2_b22978_cd56409f6dcf735c,1.0,False,15,192,49f630ac8d324ba01390c1a1dcaa4386cd94ae84,49f630ac8d324ba01390c1a1dcaa4386cd94ae84,cuda,2.6.0+cu124,SMD/machine-2-9/seed1/smd_cf_val/eval/best_val/attempt1,,True,val,C_raw,diagnostic,raw,C_raw,0.0673061841742446,0.5786841576291832,0.0986364172517405,0.6785043590860576,0.1410591507363679,0.6465992647058824,0.1435646258503399,0.1257304147071363,0.7127582677644781
eval/SMD/machine-2-9/seed1/smd_cf_val/eval/best_val,val_ckpt_eval,val_pred_mae_v2,SMD,machine-2-9,1,scripts/configs/smd_cf_val.yaml,best_val,78,f3716ebfd8d9209ad4c9929841d19212b047b3f35ea9a857db57101117fff131,0.13021275074798244,val0.2_b22978,train_sub_val,74a2481c01fb50d86e3f77fa92ea1523f042716e8a62e38c6b163fd43d0c5ce2,SMD_machine-2-9_pcmci_val0.2_b22978_cd56409f6dcf735c,1.0,False,15,192,49f630ac8d324ba01390c1a1dcaa4386cd94ae84,49f630ac8d324ba01390c1a1dcaa4386cd94ae84,cuda,2.6.0+cu124,SMD/machine-2-9/seed1/smd_cf_val/eval/best_val/attempt1,,True,val,G_raw,diagnostic,raw,G_raw,0.1528191995131513,0.6195696524022067,0.1888574839011405,0.7194379238230475,0.2555631217121353,0.57153905645785,0.3626094323637386,0.1213964622898864,0.692418071776154
eval/SMD/machine-2-9/seed1/smd_cf_val/eval/best_val,val_ckpt_eval,val_pred_mae_v2,SMD,machine-2-9,1,scripts/configs/smd_cf_val.yaml,best_val,78,f3716ebfd8d9209ad4c9929841d19212b047b3f35ea9a857db57101117fff131,0.13021275074798244,val0.2_b22978,train_sub_val,74a2481c01fb50d86e3f77fa92ea1523f042716e8a62e38c6b163fd43d0c5ce2,SMD_machine-2-9_pcmci_val0.2_b22978_cd56409f6dcf735c,1.0,False,15,192,49f630ac8d324ba01390c1a1dcaa4386cd94ae84,49f630ac8d324ba01390c1a1dcaa4386cd94ae84,cuda,2.6.0+cu124,SMD/machine-2-9/seed1/smd_cf_val/eval/best_val/attempt1,,True,val,CF_raw,diagnostic,raw,CF_raw,0.7617595044554766,0.9651821161502888,0.82133278470211,0.9862539132023634,0.7623572495914739,0.9609929078014184,0.8872586872586867,0.5381942624117225,0.9540289357801068
eval/SMD/machine-2-9/seed2/smd_cf_val/eval/last,val_ckpt_eval,val_pred_mae_v2,SMD,machine-2-9,2,scripts/configs/smd_cf_val.yaml,last,80,75d4dc87b714d02cdebf27a589360923bd89073a050ed82e677d943857fb6fa2,0.13213255553227385,val0.2_b22978,train_sub_val,74a2481c01fb50d86e3f77fa92ea1523f042716e8a62e38c6b163fd43d0c5ce2,SMD_machine-2-9_pcmci_val0.2_b22978_cd56409f6dcf735c,1.0,False,15,192,49f630ac8d324ba01390c1a1dcaa4386cd94ae84,49f630ac8d324ba01390c1a1dcaa4386cd94ae84,cuda,2.6.0+cu124,SMD/machine-2-9/seed2/smd_cf_val/eval/last/attempt1,,True,val,A_off,fusion,raw,P_raw + C_raw,0.8341067142450092,0.9596274800370058,0.8937082992032879,0.987195708305974,0.8178826193669084,0.9567519858781994,0.7372400756143661,0.2189631818757383,0.8418122445597516
eval/SMD/machine-2-9/seed2/smd_cf_val/eval/last,val_ckpt_eval,val_pred_mae_v2,SMD,machine-2-9,2,scripts/configs/smd_cf_val.yaml,last,80,75d4dc87b714d02cdebf27a589360923bd89073a050ed82e677d943857fb6fa2,0.13213255553227385,val0.2_b22978,train_sub_val,74a2481c01fb50d86e3f77fa92ea1523f042716e8a62e38c6b163fd43d0c5ce2,SMD_machine-2-9_pcmci_val0.2_b22978_cd56409f6dcf735c,1.0,False,15,192,49f630ac8d324ba01390c1a1dcaa4386cd94ae84,49f630ac8d324ba01390c1a1dcaa4386cd94ae84,cuda,2.6.0+cu124,SMD/machine-2-9/seed2/smd_cf_val/eval/last/attempt1,,True,val,A_on,fusion,raw,P_raw + C_raw + 1*CF_raw,0.8799980582993803,0.9753073949156744,0.9308766780007576,0.9943218880613676,0.8255384889612146,0.9492711370262392,0.8063801506424453,0.3239320525586928,0.9308255500517576
eval/SMD/machine-2-9/seed2/smd_cf_val/eval/last,val_ckpt_eval,val_pred_mae_v2,SMD,machine-2-9,2,scripts/configs/smd_cf_val.yaml,last,80,75d4dc87b714d02cdebf27a589360923bd89073a050ed82e677d943857fb6fa2,0.13213255553227385,val0.2_b22978,train_sub_val,74a2481c01fb50d86e3f77fa92ea1523f042716e8a62e38c6b163fd43d0c5ce2,SMD_machine-2-9_pcmci_val0.2_b22978_cd56409f6dcf735c,1.0,False,15,192,49f630ac8d324ba01390c1a1dcaa4386cd94ae84,49f630ac8d324ba01390c1a1dcaa4386cd94ae84,cuda,2.6.0+cu124,SMD/machine-2-9/seed2/smd_cf_val/eval/last/attempt1,,True,val,P_raw,diagnostic,raw,P_raw,0.834024208350332,0.9594169488931712,0.8934599568592417,0.9871423655273318,0.8172942110115317,0.9567519858781994,0.7372078332280474,0.218963690390202,0.8418061776443189
eval/SMD/machine-2-9/seed2/smd_cf_val/eval/last,val_ckpt_eval,val_pred_mae_v2,SMD,machine-2-9,2,scripts/configs/smd_cf_val.yaml,last,80,75d4dc87b714d02cdebf27a589360923bd89073a050ed82e677d943857fb6fa2,0.13213255553227385,val0.2_b22978,train_sub_val,74a2481c01fb50d86e3f77fa92ea1523f042716e8a62e38c6b163fd43d0c5ce2,SMD_machine-2-9_pcmci_val0.2_b22978_cd56409f6dcf735c,1.0,False,15,192,49f630ac8d324ba01390c1a1dcaa4386cd94ae84,49f630ac8d324ba01390c1a1dcaa4386cd94ae84,cuda,2.6.0+cu124,SMD/machine-2-9/seed2/smd_cf_val/eval/last/attempt1,,True,val,C_raw,diagnostic,raw,C_raw,0.0872270808381829,0.5766119778175569,0.1325984706283133,0.6854496751678257,0.1382559711547896,0.9450741063644288,0.3196125907990311,0.1526610201551807,0.765703657123648
eval/SMD/machine-2-9/seed2/smd_cf_val/eval/last,val_ckpt_eval,val_pred_mae_v2,SMD,machine-2-9,2,scripts/configs/smd_cf_val.yaml,last,80,75d4dc87b714d02cdebf27a589360923bd89073a050ed82e677d943857fb6fa2,0.13213255553227385,val0.2_b22978,train_sub_val,74a2481c01fb50d86e3f77fa92ea1523f042716e8a62e38c6b163fd43d0c5ce2,SMD_machine-2-9_pcmci_val0.2_b22978_cd56409f6dcf735c,1.0,False,15,192,49f630ac8d324ba01390c1a1dcaa4386cd94ae84,49f630ac8d324ba01390c1a1dcaa4386cd94ae84,cuda,2.6.0+cu124,SMD/machine-2-9/seed2/smd_cf_val/eval/last/attempt1,,True,val,G_raw,diagnostic,raw,G_raw,0.0957641680914764,0.6645896571410334,0.1354766171106018,0.7302294792146583,0.1702293096955749,0.5176174496644296,0.1864406779661012,0.1755888563195237,0.694999217529357
eval/SMD/machine-2-9/seed2/smd_cf_val/eval/last,val_ckpt_eval,val_pred_mae_v2,SMD,machine-2-9,2,scripts/configs/smd_cf_val.yaml,last,80,75d4dc87b714d02cdebf27a589360923bd89073a050ed82e677d943857fb6fa2,0.13213255553227385,val0.2_b22978,train_sub_val,74a2481c01fb50d86e3f77fa92ea1523f042716e8a62e38c6b163fd43d0c5ce2,SMD_machine-2-9_pcmci_val0.2_b22978_cd56409f6dcf735c,1.0,False,15,192,49f630ac8d324ba01390c1a1dcaa4386cd94ae84,49f630ac8d324ba01390c1a1dcaa4386cd94ae84,cuda,2.6.0+cu124,SMD/machine-2-9/seed2/smd_cf_val/eval/last/attempt1,,True,val,CF_raw,diagnostic,raw,CF_raw,0.8430224996942174,0.9717238950787432,0.8893591023300684,0.9902850840744616,0.79142993058874,0.9237744403513743,0.8853721129170224,0.4619483883794575,0.948908896633486
eval/SMD/machine-2-9/seed2/smd_cf_val/eval/best_val,val_ckpt_eval,val_pred_mae_v2,SMD,machine-2-9,2,scripts/configs/smd_cf_val.yaml,best_val,78,ddf3bbe396ebd732f3b9ac00b451fd3269e234586746521eb486b41287020377,0.13190388304695028,val0.2_b22978,train_sub_val,74a2481c01fb50d86e3f77fa92ea1523f042716e8a62e38c6b163fd43d0c5ce2,SMD_machine-2-9_pcmci_val0.2_b22978_cd56409f6dcf735c,1.0,False,15,192,49f630ac8d324ba01390c1a1dcaa4386cd94ae84,49f630ac8d324ba01390c1a1dcaa4386cd94ae84,cuda,2.6.0+cu124,SMD/machine-2-9/seed2/smd_cf_val/eval/best_val/attempt1,,True,val,A_off,fusion,raw,P_raw + C_raw,0.8336554762651998,0.9594319875868952,0.8930013983622253,0.987041336695224,0.8180162070782769,0.9567519858781994,0.7372400756143661,0.2189631818757383,0.8418122445597516
eval/SMD/machine-2-9/seed2/smd_cf_val/eval/best_val,val_ckpt_eval,val_pred_mae_v2,SMD,machine-2-9,2,scripts/configs/smd_cf_val.yaml,best_val,78,ddf3bbe396ebd732f3b9ac00b451fd3269e234586746521eb486b41287020377,0.13190388304695028,val0.2_b22978,train_sub_val,74a2481c01fb50d86e3f77fa92ea1523f042716e8a62e38c6b163fd43d0c5ce2,SMD_machine-2-9_pcmci_val0.2_b22978_cd56409f6dcf735c,1.0,False,15,192,49f630ac8d324ba01390c1a1dcaa4386cd94ae84,49f630ac8d324ba01390c1a1dcaa4386cd94ae84,cuda,2.6.0+cu124,SMD/machine-2-9/seed2/smd_cf_val/eval/best_val/attempt1,,True,val,A_on,fusion,raw,P_raw + C_raw + 1*CF_raw,0.87853318546001,0.9750975507114684,0.9302468883152956,0.99422934763069,0.8256529019221803,0.9499126383226558,0.8685931739802587,0.3783317418400941,0.945285132945256
eval/SMD/machine-2-9/seed2/smd_cf_val/eval/best_val,val_ckpt_eval,val_pred_mae_v2,SMD,machine-2-9,2,scripts/configs/smd_cf_val.yaml,best_val,78,ddf3bbe396ebd732f3b9ac00b451fd3269e234586746521eb486b41287020377,0.13190388304695028,val0.2_b22978,train_sub_val,74a2481c01fb50d86e3f77fa92ea1523f042716e8a62e38c6b163fd43d0c5ce2,SMD_machine-2-9_pcmci_val0.2_b22978_cd56409f6dcf735c,1.0,False,15,192,49f630ac8d324ba01390c1a1dcaa4386cd94ae84,49f630ac8d324ba01390c1a1dcaa4386cd94ae84,cuda,2.6.0+cu124,SMD/machine-2-9/seed2/smd_cf_val/eval/best_val/attempt1,,True,val,P_raw,diagnostic,raw,P_raw,0.8335446670602593,0.9592301330189896,0.892961881225097,0.9870060367533698,0.8173506184318112,0.9567519858781994,0.7372078332280474,0.218963690390202,0.8418061776443189
eval/SMD/machine-2-9/seed2/smd_cf_val/eval/best_val,val_ckpt_eval,val_pred_mae_v2,SMD,machine-2-9,2,scripts/configs/smd_cf_val.yaml,best_val,78,ddf3bbe396ebd732f3b9ac00b451fd3269e234586746521eb486b41287020377,0.13190388304695028,val0.2_b22978,train_sub_val,74a2481c01fb50d86e3f77fa92ea1523f042716e8a62e38c6b163fd43d0c5ce2,SMD_machine-2-9_pcmci_val0.2_b22978_cd56409f6dcf735c,1.0,False,15,192,49f630ac8d324ba01390c1a1dcaa4386cd94ae84,49f630ac8d324ba01390c1a1dcaa4386cd94ae84,cuda,2.6.0+cu124,SMD/machine-2-9/seed2/smd_cf_val/eval/best_val/attempt1,,True,val,C_raw,diagnostic,raw,C_raw,0.0789181000803938,0.5562341039527774,0.1189189578368407,0.665198188902634,0.1267555392767178,0.9078726968174204,0.2727272727272722,0.1326875982912871,0.7570733202434093
eval/SMD/machine-2-9/seed2/smd_cf_val/eval/best_val,val_ckpt_eval,val_pred_mae_v2,SMD,machine-2-9,2,scripts/configs/smd_cf_val.yaml,best_val,78,ddf3bbe396ebd732f3b9ac00b451fd3269e234586746521eb486b41287020377,0.13190388304695028,val0.2_b22978,train_sub_val,74a2481c01fb50d86e3f77fa92ea1523f042716e8a62e38c6b163fd43d0c5ce2,SMD_machine-2-9_pcmci_val0.2_b22978_cd56409f6dcf735c,1.0,False,15,192,49f630ac8d324ba01390c1a1dcaa4386cd94ae84,49f630ac8d324ba01390c1a1dcaa4386cd94ae84,cuda,2.6.0+cu124,SMD/machine-2-9/seed2/smd_cf_val/eval/best_val/attempt1,,True,val,G_raw,diagnostic,raw,G_raw,0.0957270769600088,0.6588656534201456,0.136218668649716,0.7281584925374297,0.1703982364769357,0.5180520570948782,0.1860166773572799,0.1609637027648761,0.6936640250295746
eval/SMD/machine-2-9/seed2/smd_cf_val/eval/best_val,val_ckpt_eval,val_pred_mae_v2,SMD,machine-2-9,2,scripts/configs/smd_cf_val.yaml,best_val,78,ddf3bbe396ebd732f3b9ac00b451fd3269e234586746521eb486b41287020377,0.13190388304695028,val0.2_b22978,train_sub_val,74a2481c01fb50d86e3f77fa92ea1523f042716e8a62e38c6b163fd43d0c5ce2,SMD_machine-2-9_pcmci_val0.2_b22978_cd56409f6dcf735c,1.0,False,15,192,49f630ac8d324ba01390c1a1dcaa4386cd94ae84,49f630ac8d324ba01390c1a1dcaa4386cd94ae84,cuda,2.6.0+cu124,SMD/machine-2-9/seed2/smd_cf_val/eval/best_val/attempt1,,True,val,CF_raw,diagnostic,raw,CF_raw,0.8391694859076148,0.9712970836347942,0.8854458675504286,0.9898034648019188,0.7904341358741508,0.9287749287749288,0.8905803996194096,0.4819831892723996,0.9483081590687936
eval/SMD/machine-2-9/seed3/smd_cf_val/eval/last,val_ckpt_eval,val_pred_mae_v2,SMD,machine-2-9,3,scripts/configs/smd_cf_val.yaml,last,80,eb5a609938c9d4111adb7d771b39bb60ddf041b2167c71a999c3a386ba6bdf5a,0.130596297876791,val0.2_b22978,train_sub_val,74a2481c01fb50d86e3f77fa92ea1523f042716e8a62e38c6b163fd43d0c5ce2,SMD_machine-2-9_pcmci_val0.2_b22978_cd56409f6dcf735c,1.0,False,15,192,49f630ac8d324ba01390c1a1dcaa4386cd94ae84,49f630ac8d324ba01390c1a1dcaa4386cd94ae84,cuda,2.6.0+cu124,SMD/machine-2-9/seed3/smd_cf_val/eval/last/attempt1,,True,val,A_off,fusion,raw,P_raw + C_raw,0.836352814922373,0.9613642430802458,0.8941656013943857,0.987536646220652,0.8182299536585143,0.9567519858781994,0.7372078332280474,0.218963690390202,0.8418061776443189
eval/SMD/machine-2-9/seed3/smd_cf_val/eval/last,val_ckpt_eval,val_pred_mae_v2,SMD,machine-2-9,3,scripts/configs/smd_cf_val.yaml,last,80,eb5a609938c9d4111adb7d771b39bb60ddf041b2167c71a999c3a386ba6bdf5a,0.130596297876791,val0.2_b22978,train_sub_val,74a2481c01fb50d86e3f77fa92ea1523f042716e8a62e38c6b163fd43d0c5ce2,SMD_machine-2-9_pcmci_val0.2_b22978_cd56409f6dcf735c,1.0,False,15,192,49f630ac8d324ba01390c1a1dcaa4386cd94ae84,49f630ac8d324ba01390c1a1dcaa4386cd94ae84,cuda,2.6.0+cu124,SMD/machine-2-9/seed3/smd_cf_val/eval/last/attempt1,,True,val,A_on,fusion,raw,P_raw + C_raw + 1*CF_raw,0.8559277821482211,0.973201713586757,0.9143216518474692,0.9932944564059027,0.820637978549186,0.9500438212094654,0.7310317141710151,0.2193673008144615,0.8739449301806521
eval/SMD/machine-2-9/seed3/smd_cf_val/eval/last,val_ckpt_eval,val_pred_mae_v2,SMD,machine-2-9,3,scripts/configs/smd_cf_val.yaml,last,80,eb5a609938c9d4111adb7d771b39bb60ddf041b2167c71a999c3a386ba6bdf5a,0.130596297876791,val0.2_b22978,train_sub_val,74a2481c01fb50d86e3f77fa92ea1523f042716e8a62e38c6b163fd43d0c5ce2,SMD_machine-2-9_pcmci_val0.2_b22978_cd56409f6dcf735c,1.0,False,15,192,49f630ac8d324ba01390c1a1dcaa4386cd94ae84,49f630ac8d324ba01390c1a1dcaa4386cd94ae84,cuda,2.6.0+cu124,SMD/machine-2-9/seed3/smd_cf_val/eval/last/attempt1,,True,val,P_raw,diagnostic,raw,P_raw,0.836426243555626,0.9613803174675642,0.8943271619685902,0.9875793279716772,0.8180701218802947,0.9567519858781994,0.7372078332280474,0.218963690390202,0.8418061776443189
eval/SMD/machine-2-9/seed3/smd_cf_val/eval/last,val_ckpt_eval,val_pred_mae_v2,SMD,machine-2-9,3,scripts/configs/smd_cf_val.yaml,last,80,eb5a609938c9d4111adb7d771b39bb60ddf041b2167c71a999c3a386ba6bdf5a,0.130596297876791,val0.2_b22978,train_sub_val,74a2481c01fb50d86e3f77fa92ea1523f042716e8a62e38c6b163fd43d0c5ce2,SMD_machine-2-9_pcmci_val0.2_b22978_cd56409f6dcf735c,1.0,False,15,192,49f630ac8d324ba01390c1a1dcaa4386cd94ae84,49f630ac8d324ba01390c1a1dcaa4386cd94ae84,cuda,2.6.0+cu124,SMD/machine-2-9/seed3/smd_cf_val/eval/last/attempt1,,True,val,C_raw,diagnostic,raw,C_raw,0.0895297422945774,0.6569159285236146,0.1243699118646561,0.7407093710425734,0.1604591471360378,0.8844166440032635,0.178530676731326,0.1639252964426286,0.7428674838851984
eval/SMD/machine-2-9/seed3/smd_cf_val/eval/last,val_ckpt_eval,val_pred_mae_v2,SMD,machine-2-9,3,scripts/configs/smd_cf_val.yaml,last,80,eb5a609938c9d4111adb7d771b39bb60ddf041b2167c71a999c3a386ba6bdf5a,0.130596297876791,val0.2_b22978,train_sub_val,74a2481c01fb50d86e3f77fa92ea1523f042716e8a62e38c6b163fd43d0c5ce2,SMD_machine-2-9_pcmci_val0.2_b22978_cd56409f6dcf735c,1.0,False,15,192,49f630ac8d324ba01390c1a1dcaa4386cd94ae84,49f630ac8d324ba01390c1a1dcaa4386cd94ae84,cuda,2.6.0+cu124,SMD/machine-2-9/seed3/smd_cf_val/eval/last/attempt1,,True,val,G_raw,diagnostic,raw,G_raw,0.1071149696890552,0.6354599187635763,0.149744455681087,0.7128765066799523,0.1800962947986337,0.7426470588235294,0.2857142857142853,0.1340411083327449,0.693243346776304
eval/SMD/machine-2-9/seed3/smd_cf_val/eval/last,val_ckpt_eval,val_pred_mae_v2,SMD,machine-2-9,3,scripts/configs/smd_cf_val.yaml,last,80,eb5a609938c9d4111adb7d771b39bb60ddf041b2167c71a999c3a386ba6bdf5a,0.130596297876791,val0.2_b22978,train_sub_val,74a2481c01fb50d86e3f77fa92ea1523f042716e8a62e38c6b163fd43d0c5ce2,SMD_machine-2-9_pcmci_val0.2_b22978_cd56409f6dcf735c,1.0,False,15,192,49f630ac8d324ba01390c1a1dcaa4386cd94ae84,49f630ac8d324ba01390c1a1dcaa4386cd94ae84,cuda,2.6.0+cu124,SMD/machine-2-9/seed3/smd_cf_val/eval/last/attempt1,,True,val,CF_raw,diagnostic,raw,CF_raw,0.7308332281149147,0.9614839396685232,0.8044543560154839,0.9838295453689327,0.7289829932320723,0.9278409090909092,0.8791714614499418,0.4844154468519924,0.9473797524866984
eval/SMD/machine-2-9/seed3/smd_cf_val/eval/best_val,val_ckpt_eval,val_pred_mae_v2,SMD,machine-2-9,3,scripts/configs/smd_cf_val.yaml,best_val,80,88a50ee7bc937f8d6069df9ba5464b8ed2882ec086d563aa778d03a52481df40,0.130596297876791,val0.2_b22978,train_sub_val,74a2481c01fb50d86e3f77fa92ea1523f042716e8a62e38c6b163fd43d0c5ce2,SMD_machine-2-9_pcmci_val0.2_b22978_cd56409f6dcf735c,1.0,False,15,192,49f630ac8d324ba01390c1a1dcaa4386cd94ae84,49f630ac8d324ba01390c1a1dcaa4386cd94ae84,cuda,2.6.0+cu124,SMD/machine-2-9/seed3/smd_cf_val/eval/best_val/attempt1,,True,val,A_off,fusion,raw,P_raw + C_raw,0.836352814922373,0.9613642430802458,0.8941656013943857,0.987536646220652,0.8182299536585143,0.9567519858781994,0.7372078332280474,0.218963690390202,0.8418061776443189
eval/SMD/machine-2-9/seed3/smd_cf_val/eval/best_val,val_ckpt_eval,val_pred_mae_v2,SMD,machine-2-9,3,scripts/configs/smd_cf_val.yaml,best_val,80,88a50ee7bc937f8d6069df9ba5464b8ed2882ec086d563aa778d03a52481df40,0.130596297876791,val0.2_b22978,train_sub_val,74a2481c01fb50d86e3f77fa92ea1523f042716e8a62e38c6b163fd43d0c5ce2,SMD_machine-2-9_pcmci_val0.2_b22978_cd56409f6dcf735c,1.0,False,15,192,49f630ac8d324ba01390c1a1dcaa4386cd94ae84,49f630ac8d324ba01390c1a1dcaa4386cd94ae84,cuda,2.6.0+cu124,SMD/machine-2-9/seed3/smd_cf_val/eval/best_val/attempt1,,True,val,A_on,fusion,raw,P_raw + C_raw + 1*CF_raw,0.8559277821482211,0.973201713586757,0.9143216518474692,0.9932944564059027,0.820637978549186,0.9500438212094654,0.7310317141710151,0.2193673008144615,0.8739449301806521
eval/SMD/machine-2-9/seed3/smd_cf_val/eval/best_val,val_ckpt_eval,val_pred_mae_v2,SMD,machine-2-9,3,scripts/configs/smd_cf_val.yaml,best_val,80,88a50ee7bc937f8d6069df9ba5464b8ed2882ec086d563aa778d03a52481df40,0.130596297876791,val0.2_b22978,train_sub_val,74a2481c01fb50d86e3f77fa92ea1523f042716e8a62e38c6b163fd43d0c5ce2,SMD_machine-2-9_pcmci_val0.2_b22978_cd56409f6dcf735c,1.0,False,15,192,49f630ac8d324ba01390c1a1dcaa4386cd94ae84,49f630ac8d324ba01390c1a1dcaa4386cd94ae84,cuda,2.6.0+cu124,SMD/machine-2-9/seed3/smd_cf_val/eval/best_val/attempt1,,True,val,P_raw,diagnostic,raw,P_raw,0.836426243555626,0.9613803174675642,0.8943271619685902,0.9875793279716772,0.8180701218802947,0.9567519858781994,0.7372078332280474,0.218963690390202,0.8418061776443189
eval/SMD/machine-2-9/seed3/smd_cf_val/eval/best_val,val_ckpt_eval,val_pred_mae_v2,SMD,machine-2-9,3,scripts/configs/smd_cf_val.yaml,best_val,80,88a50ee7bc937f8d6069df9ba5464b8ed2882ec086d563aa778d03a52481df40,0.130596297876791,val0.2_b22978,train_sub_val,74a2481c01fb50d86e3f77fa92ea1523f042716e8a62e38c6b163fd43d0c5ce2,SMD_machine-2-9_pcmci_val0.2_b22978_cd56409f6dcf735c,1.0,False,15,192,49f630ac8d324ba01390c1a1dcaa4386cd94ae84,49f630ac8d324ba01390c1a1dcaa4386cd94ae84,cuda,2.6.0+cu124,SMD/machine-2-9/seed3/smd_cf_val/eval/best_val/attempt1,,True,val,C_raw,diagnostic,raw,C_raw,0.0895297422945774,0.6569159285236146,0.1243699118646561,0.7407093710425734,0.1604591471360378,0.8844166440032635,0.178530676731326,0.1639252964426286,0.7428674838851984
eval/SMD/machine-2-9/seed3/smd_cf_val/eval/best_val,val_ckpt_eval,val_pred_mae_v2,SMD,machine-2-9,3,scripts/configs/smd_cf_val.yaml,best_val,80,88a50ee7bc937f8d6069df9ba5464b8ed2882ec086d563aa778d03a52481df40,0.130596297876791,val0.2_b22978,train_sub_val,74a2481c01fb50d86e3f77fa92ea1523f042716e8a62e38c6b163fd43d0c5ce2,SMD_machine-2-9_pcmci_val0.2_b22978_cd56409f6dcf735c,1.0,False,15,192,49f630ac8d324ba01390c1a1dcaa4386cd94ae84,49f630ac8d324ba01390c1a1dcaa4386cd94ae84,cuda,2.6.0+cu124,SMD/machine-2-9/seed3/smd_cf_val/eval/best_val/attempt1,,True,val,G_raw,diagnostic,raw,G_raw,0.1071149696890552,0.6354599187635763,0.149744455681087,0.7128765066799523,0.1800962947986337,0.7426470588235294,0.2857142857142853,0.1340411083327449,0.693243346776304
eval/SMD/machine-2-9/seed3/smd_cf_val/eval/best_val,val_ckpt_eval,val_pred_mae_v2,SMD,machine-2-9,3,scripts/configs/smd_cf_val.yaml,best_val,80,88a50ee7bc937f8d6069df9ba5464b8ed2882ec086d563aa778d03a52481df40,0.130596297876791,val0.2_b22978,train_sub_val,74a2481c01fb50d86e3f77fa92ea1523f042716e8a62e38c6b163fd43d0c5ce2,SMD_machine-2-9_pcmci_val0.2_b22978_cd56409f6dcf735c,1.0,False,15,192,49f630ac8d324ba01390c1a1dcaa4386cd94ae84,49f630ac8d324ba01390c1a1dcaa4386cd94ae84,cuda,2.6.0+cu124,SMD/machine-2-9/seed3/smd_cf_val/eval/best_val/attempt1,,True,val,CF_raw,diagnostic,raw,CF_raw,0.7308332281149147,0.9614839396685232,0.8044543560154839,0.9838295453689327,0.7289829932320723,0.9278409090909092,0.8791714614499418,0.4844154468519924,0.9473797524866984
eval/SMD/machine-3-1/seed0/smd_cf_val/eval/last,val_ckpt_eval,val_pred_mae_v2,SMD,machine-3-1,0,scripts/configs/smd_cf_val.yaml,last,80,f3c712dc4a20ef850ce8e7b4b3852e12deb4ba69197c86dfecf77c7a66c66d9b,0.12808642356604977,val0.2_b22960,train_sub_val,bc6d8333026403f1b1dd1167a05fee622666f5dd68cdcd81557310f8a1f726c3,SMD_machine-3-1_pcmci_val0.2_b22960_c66336ea4a8261cb,1.0,False,15,78,49f630ac8d324ba01390c1a1dcaa4386cd94ae84,49f630ac8d324ba01390c1a1dcaa4386cd94ae84,cuda,2.6.0+cu124,SMD/machine-3-1/seed0/smd_cf_val/eval/last/attempt1,,True,val,A_off,fusion,raw,P_raw + C_raw,0.4902913825529503,0.8670780387565082,0.4296414956264675,0.9206258013431292,0.5381768902269422,0.6417582417582418,0.6642335766423353,0.2669833510123138,0.666784300144827
eval/SMD/machine-3-1/seed0/smd_cf_val/eval/last,val_ckpt_eval,val_pred_mae_v2,SMD,machine-3-1,0,scripts/configs/smd_cf_val.yaml,last,80,f3c712dc4a20ef850ce8e7b4b3852e12deb4ba69197c86dfecf77c7a66c66d9b,0.12808642356604977,val0.2_b22960,train_sub_val,bc6d8333026403f1b1dd1167a05fee622666f5dd68cdcd81557310f8a1f726c3,SMD_machine-3-1_pcmci_val0.2_b22960_c66336ea4a8261cb,1.0,False,15,78,49f630ac8d324ba01390c1a1dcaa4386cd94ae84,49f630ac8d324ba01390c1a1dcaa4386cd94ae84,cuda,2.6.0+cu124,SMD/machine-3-1/seed0/smd_cf_val/eval/last/attempt1,,True,val,A_on,fusion,raw,P_raw + C_raw + 1*CF_raw,0.4254387725141212,0.8450551843956345,0.3672985288371943,0.9050785062307164,0.4637643063161552,0.6417582417582418,0.6642335766423353,0.2669833510123138,0.8454559694154734
eval/SMD/machine-3-1/seed0/smd_cf_val/eval/last,val_ckpt_eval,val_pred_mae_v2,SMD,machine-3-1,0,scripts/configs/smd_cf_val.yaml,last,80,f3c712dc4a20ef850ce8e7b4b3852e12deb4ba69197c86dfecf77c7a66c66d9b,0.12808642356604977,val0.2_b22960,train_sub_val,bc6d8333026403f1b1dd1167a05fee622666f5dd68cdcd81557310f8a1f726c3,SMD_machine-3-1_pcmci_val0.2_b22960_c66336ea4a8261cb,1.0,False,15,78,49f630ac8d324ba01390c1a1dcaa4386cd94ae84,49f630ac8d324ba01390c1a1dcaa4386cd94ae84,cuda,2.6.0+cu124,SMD/machine-3-1/seed0/smd_cf_val/eval/last/attempt1,,True,val,P_raw,diagnostic,raw,P_raw,0.4907250467449529,0.8676382103609669,0.4294063464964536,0.9207800121575423,0.5391571874464985,0.6417582417582418,0.6642335766423353,0.2669833510123138,0.666784300144827
eval/SMD/machine-3-1/seed0/smd_cf_val/eval/last,val_ckpt_eval,val_pred_mae_v2,SMD,machine-3-1,0,scripts/configs/smd_cf_val.yaml,last,80,f3c712dc4a20ef850ce8e7b4b3852e12deb4ba69197c86dfecf77c7a66c66d9b,0.12808642356604977,val0.2_b22960,train_sub_val,bc6d8333026403f1b1dd1167a05fee622666f5dd68cdcd81557310f8a1f726c3,SMD_machine-3-1_pcmci_val0.2_b22960_c66336ea4a8261cb,1.0,False,15,78,49f630ac8d324ba01390c1a1dcaa4386cd94ae84,49f630ac8d324ba01390c1a1dcaa4386cd94ae84,cuda,2.6.0+cu124,SMD/machine-3-1/seed0/smd_cf_val/eval/last/attempt1,,True,val,C_raw,diagnostic,raw,C_raw,0.0216739922753651,0.5806237019507287,0.0309285662694694,0.7051237955468455,0.0690042304448408,0.5208711433756806,0.080385852090032,0.1710706773658821,0.668371559849323
eval/SMD/machine-3-1/seed0/smd_cf_val/eval/last,val_ckpt_eval,val_pred_mae_v2,SMD,machine-3-1,0,scripts/configs/smd_cf_val.yaml,last,80,f3c712dc4a20ef850ce8e7b4b3852e12deb4ba69197c86dfecf77c7a66c66d9b,0.12808642356604977,val0.2_b22960,train_sub_val,bc6d8333026403f1b1dd1167a05fee622666f5dd68cdcd81557310f8a1f726c3,SMD_machine-3-1_pcmci_val0.2_b22960_c66336ea4a8261cb,1.0,False,15,78,49f630ac8d324ba01390c1a1dcaa4386cd94ae84,49f630ac8d324ba01390c1a1dcaa4386cd94ae84,cuda,2.6.0+cu124,SMD/machine-3-1/seed0/smd_cf_val/eval/last/attempt1,,True,val,G_raw,diagnostic,raw,G_raw,0.1128530417295983,0.711489775066564,0.1091957754223277,0.8005148001249983,0.2072489065481486,0.6596194503171248,0.5128205128205123,0.1797762978564029,0.7490114390837375
eval/SMD/machine-3-1/seed0/smd_cf_val/eval/last,val_ckpt_eval,val_pred_mae_v2,SMD,machine-3-1,0,scripts/configs/smd_cf_val.yaml,last,80,f3c712dc4a20ef850ce8e7b4b3852e12deb4ba69197c86dfecf77c7a66c66d9b,0.12808642356604977,val0.2_b22960,train_sub_val,bc6d8333026403f1b1dd1167a05fee622666f5dd68cdcd81557310f8a1f726c3,SMD_machine-3-1_pcmci_val0.2_b22960_c66336ea4a8261cb,1.0,False,15,78,49f630ac8d324ba01390c1a1dcaa4386cd94ae84,49f630ac8d324ba01390c1a1dcaa4386cd94ae84,cuda,2.6.0+cu124,SMD/machine-3-1/seed0/smd_cf_val/eval/last/attempt1,,True,val,CF_raw,diagnostic,raw,CF_raw,0.0605212825958615,0.7578255870191184,0.0654938496154438,0.8298257110372226,0.1276923875199603,0.9078014184397164,0.6666666666666662,0.1869716613982739,0.8258242098966294
eval/SMD/machine-3-1/seed0/smd_cf_val/eval/best_val,val_ckpt_eval,val_pred_mae_v2,SMD,machine-3-1,0,scripts/configs/smd_cf_val.yaml,best_val,80,0bda958e4565fa7896dad1d39c0fa5015cd42a61ece0ac727485b0643fdb5645,0.12808642356604977,val0.2_b22960,train_sub_val,bc6d8333026403f1b1dd1167a05fee622666f5dd68cdcd81557310f8a1f726c3,SMD_machine-3-1_pcmci_val0.2_b22960_c66336ea4a8261cb,1.0,False,15,78,49f630ac8d324ba01390c1a1dcaa4386cd94ae84,49f630ac8d324ba01390c1a1dcaa4386cd94ae84,cuda,2.6.0+cu124,SMD/machine-3-1/seed0/smd_cf_val/eval/best_val/attempt1,,True,val,A_off,fusion,raw,P_raw + C_raw,0.4902913825529503,0.8670780387565082,0.4296414956264675,0.9206258013431292,0.5381768902269422,0.6417582417582418,0.6642335766423353,0.2669833510123138,0.666784300144827
eval/SMD/machine-3-1/seed0/smd_cf_val/eval/best_val,val_ckpt_eval,val_pred_mae_v2,SMD,machine-3-1,0,scripts/configs/smd_cf_val.yaml,best_val,80,0bda958e4565fa7896dad1d39c0fa5015cd42a61ece0ac727485b0643fdb5645,0.12808642356604977,val0.2_b22960,train_sub_val,bc6d8333026403f1b1dd1167a05fee622666f5dd68cdcd81557310f8a1f726c3,SMD_machine-3-1_pcmci_val0.2_b22960_c66336ea4a8261cb,1.0,False,15,78,49f630ac8d324ba01390c1a1dcaa4386cd94ae84,49f630ac8d324ba01390c1a1dcaa4386cd94ae84,cuda,2.6.0+cu124,SMD/machine-3-1/seed0/smd_cf_val/eval/best_val/attempt1,,True,val,A_on,fusion,raw,P_raw + C_raw + 1*CF_raw,0.4254387725141212,0.8450551843956345,0.3672985288371943,0.9050785062307164,0.4637643063161552,0.6417582417582418,0.6642335766423353,0.2669833510123138,0.8454559694154734
eval/SMD/machine-3-1/seed0/smd_cf_val/eval/best_val,val_ckpt_eval,val_pred_mae_v2,SMD,machine-3-1,0,scripts/configs/smd_cf_val.yaml,best_val,80,0bda958e4565fa7896dad1d39c0fa5015cd42a61ece0ac727485b0643fdb5645,0.12808642356604977,val0.2_b22960,train_sub_val,bc6d8333026403f1b1dd1167a05fee622666f5dd68cdcd81557310f8a1f726c3,SMD_machine-3-1_pcmci_val0.2_b22960_c66336ea4a8261cb,1.0,False,15,78,49f630ac8d324ba01390c1a1dcaa4386cd94ae84,49f630ac8d324ba01390c1a1dcaa4386cd94ae84,cuda,2.6.0+cu124,SMD/machine-3-1/seed0/smd_cf_val/eval/best_val/attempt1,,True,val,P_raw,diagnostic,raw,P_raw,0.4907250467449529,0.8676382103609669,0.4294063464964536,0.9207800121575423,0.5391571874464985,0.6417582417582418,0.6642335766423353,0.2669833510123138,0.666784300144827
eval/SMD/machine-3-1/seed0/smd_cf_val/eval/best_val,val_ckpt_eval,val_pred_mae_v2,SMD,machine-3-1,0,scripts/configs/smd_cf_val.yaml,best_val,80,0bda958e4565fa7896dad1d39c0fa5015cd42a61ece0ac727485b0643fdb5645,0.12808642356604977,val0.2_b22960,train_sub_val,bc6d8333026403f1b1dd1167a05fee622666f5dd68cdcd81557310f8a1f726c3,SMD_machine-3-1_pcmci_val0.2_b22960_c66336ea4a8261cb,1.0,False,15,78,49f630ac8d324ba01390c1a1dcaa4386cd94ae84,49f630ac8d324ba01390c1a1dcaa4386cd94ae84,cuda,2.6.0+cu124,SMD/machine-3-1/seed0/smd_cf_val/eval/best_val/attempt1,,True,val,C_raw,diagnostic,raw,C_raw,0.0216739922753651,0.5806237019507287,0.0309285662694694,0.7051237955468455,0.0690042304448408,0.5208711433756806,0.080385852090032,0.1710706773658821,0.668371559849323
eval/SMD/machine-3-1/seed0/smd_cf_val/eval/best_val,val_ckpt_eval,val_pred_mae_v2,SMD,machine-3-1,0,scripts/configs/smd_cf_val.yaml,best_val,80,0bda958e4565fa7896dad1d39c0fa5015cd42a61ece0ac727485b0643fdb5645,0.12808642356604977,val0.2_b22960,train_sub_val,bc6d8333026403f1b1dd1167a05fee622666f5dd68cdcd81557310f8a1f726c3,SMD_machine-3-1_pcmci_val0.2_b22960_c66336ea4a8261cb,1.0,False,15,78,49f630ac8d324ba01390c1a1dcaa4386cd94ae84,49f630ac8d324ba01390c1a1dcaa4386cd94ae84,cuda,2.6.0+cu124,SMD/machine-3-1/seed0/smd_cf_val/eval/best_val/attempt1,,True,val,G_raw,diagnostic,raw,G_raw,0.1128530417295983,0.711489775066564,0.1091957754223277,0.8005148001249983,0.2072489065481486,0.6596194503171248,0.5128205128205123,0.1797762978564029,0.7490114390837375
eval/SMD/machine-3-1/seed0/smd_cf_val/eval/best_val,val_ckpt_eval,val_pred_mae_v2,SMD,machine-3-1,0,scripts/configs/smd_cf_val.yaml,best_val,80,0bda958e4565fa7896dad1d39c0fa5015cd42a61ece0ac727485b0643fdb5645,0.12808642356604977,val0.2_b22960,train_sub_val,bc6d8333026403f1b1dd1167a05fee622666f5dd68cdcd81557310f8a1f726c3,SMD_machine-3-1_pcmci_val0.2_b22960_c66336ea4a8261cb,1.0,False,15,78,49f630ac8d324ba01390c1a1dcaa4386cd94ae84,49f630ac8d324ba01390c1a1dcaa4386cd94ae84,cuda,2.6.0+cu124,SMD/machine-3-1/seed0/smd_cf_val/eval/best_val/attempt1,,True,val,CF_raw,diagnostic,raw,CF_raw,0.0605212825958615,0.7578255870191184,0.0654938496154438,0.8298257110372226,0.1276923875199603,0.9078014184397164,0.6666666666666662,0.1869716613982739,0.8258242098966294
eval/SMD/machine-3-1/seed1/smd_cf_val/eval/last,val_ckpt_eval,val_pred_mae_v2,SMD,machine-3-1,1,scripts/configs/smd_cf_val.yaml,last,80,586d221366743054b534c20e8a27743e1f459cef09ece9d9621a8036bd47ba4e,0.12764749946584078,val0.2_b22960,train_sub_val,bc6d8333026403f1b1dd1167a05fee622666f5dd68cdcd81557310f8a1f726c3,SMD_machine-3-1_pcmci_val0.2_b22960_c66336ea4a8261cb,1.0,False,15,78,49f630ac8d324ba01390c1a1dcaa4386cd94ae84,49f630ac8d324ba01390c1a1dcaa4386cd94ae84,cuda,2.6.0+cu124,SMD/machine-3-1/seed1/smd_cf_val/eval/last/attempt1,,True,val,A_off,fusion,raw,P_raw + C_raw,0.4768389354509368,0.872484604146162,0.3966276659811916,0.9224376495193588,0.511940405644449,0.6417582417582418,0.6642335766423353,0.2669833510123138,0.6667821679681746
eval/SMD/machine-3-1/seed1/smd_cf_val/eval/last,val_ckpt_eval,val_pred_mae_v2,SMD,machine-3-1,1,scripts/configs/smd_cf_val.yaml,last,80,586d221366743054b534c20e8a27743e1f459cef09ece9d9621a8036bd47ba4e,0.12764749946584078,val0.2_b22960,train_sub_val,bc6d8333026403f1b1dd1167a05fee622666f5dd68cdcd81557310f8a1f726c3,SMD_machine-3-1_pcmci_val0.2_b22960_c66336ea4a8261cb,1.0,False,15,78,49f630ac8d324ba01390c1a1dcaa4386cd94ae84,49f630ac8d324ba01390c1a1dcaa4386cd94ae84,cuda,2.6.0+cu124,SMD/machine-3-1/seed1/smd_cf_val/eval/last/attempt1,,True,val,A_on,fusion,raw,P_raw + C_raw + 1*CF_raw,0.3822291618915396,0.7944358956408423,0.3073228204790971,0.8670480858840398,0.474816282602466,0.6417582417582418,0.6642335766423353,0.2669833510123138,0.8142505820166284
eval/SMD/machine-3-1/seed1/smd_cf_val/eval/last,val_ckpt_eval,val_pred_mae_v2,SMD,machine-3-1,1,scripts/configs/smd_cf_val.yaml,last,80,586d221366743054b534c20e8a27743e1f459cef09ece9d9621a8036bd47ba4e,0.12764749946584078,val0.2_b22960,train_sub_val,bc6d8333026403f1b1dd1167a05fee622666f5dd68cdcd81557310f8a1f726c3,SMD_machine-3-1_pcmci_val0.2_b22960_c66336ea4a8261cb,1.0,False,15,78,49f630ac8d324ba01390c1a1dcaa4386cd94ae84,49f630ac8d324ba01390c1a1dcaa4386cd94ae84,cuda,2.6.0+cu124,SMD/machine-3-1/seed1/smd_cf_val/eval/last/attempt1,,True,val,P_raw,diagnostic,raw,P_raw,0.4768975191799512,0.872351110116674,0.3971337463011995,0.9224508540451706,0.511940405644449,0.6417582417582418,0.6642335766423353,0.2669833510123138,0.6667821679681746
eval/SMD/machine-3-1/seed1/smd_cf_val/eval/last,val_ckpt_eval,val_pred_mae_v2,SMD,machine-3-1,1,scripts/configs/smd_cf_val.yaml,last,80,586d221366743054b534c20e8a27743e1f459cef09ece9d9621a8036bd47ba4e,0.12764749946584078,val0.2_b22960,train_sub_val,bc6d8333026403f1b1dd1167a05fee622666f5dd68cdcd81557310f8a1f726c3,SMD_machine-3-1_pcmci_val0.2_b22960_c66336ea4a8261cb,1.0,False,15,78,49f630ac8d324ba01390c1a1dcaa4386cd94ae84,49f630ac8d324ba01390c1a1dcaa4386cd94ae84,cuda,2.6.0+cu124,SMD/machine-3-1/seed1/smd_cf_val/eval/last/attempt1,,True,val,C_raw,diagnostic,raw,C_raw,0.0249270185357787,0.7101727941226937,0.0318048838584695,0.7781943998368424,0.0674696503049012,0.4826254826254826,0.0807174887892375,0.0792444934433737,0.6945254362612578
eval/SMD/machine-3-1/seed1/smd_cf_val/eval/last,val_ckpt_eval,val_pred_mae_v2,SMD,machine-3-1,1,scripts/configs/smd_cf_val.yaml,last,80,586d221366743054b534c20e8a27743e1f459cef09ece9d9621a8036bd47ba4e,0.12764749946584078,val0.2_b22960,train_sub_val,bc6d8333026403f1b1dd1167a05fee622666f5dd68cdcd81557310f8a1f726c3,SMD_machine-3-1_pcmci_val0.2_b22960_c66336ea4a8261cb,1.0,False,15,78,49f630ac8d324ba01390c1a1dcaa4386cd94ae84,49f630ac8d324ba01390c1a1dcaa4386cd94ae84,cuda,2.6.0+cu124,SMD/machine-3-1/seed1/smd_cf_val/eval/last/attempt1,,True,val,G_raw,diagnostic,raw,G_raw,0.0315712853955549,0.6496522406177834,0.0382548613651117,0.7425484516830221,0.095570262235544,0.7095179233621756,0.3333333333333328,0.1454034015436305,0.7550420081255808
eval/SMD/machine-3-1/seed1/smd_cf_val/eval/last,val_ckpt_eval,val_pred_mae_v2,SMD,machine-3-1,1,scripts/configs/smd_cf_val.yaml,last,80,586d221366743054b534c20e8a27743e1f459cef09ece9d9621a8036bd47ba4e,0.12764749946584078,val0.2_b22960,train_sub_val,bc6d8333026403f1b1dd1167a05fee622666f5dd68cdcd81557310f8a1f726c3,SMD_machine-3-1_pcmci_val0.2_b22960_c66336ea4a8261cb,1.0,False,15,78,49f630ac8d324ba01390c1a1dcaa4386cd94ae84,49f630ac8d324ba01390c1a1dcaa4386cd94ae84,cuda,2.6.0+cu124,SMD/machine-3-1/seed1/smd_cf_val/eval/last/attempt1,,True,val,CF_raw,diagnostic,raw,CF_raw,0.0169106962372121,0.5540482093039962,0.0229505126667716,0.661163089483197,0.0472718884354544,0.6478555304740407,0.1333333333333329,0.0696517412935323,0.8289657355607319
eval/SMD/machine-3-1/seed1/smd_cf_val/eval/best_val,val_ckpt_eval,val_pred_mae_v2,SMD,machine-3-1,1,scripts/configs/smd_cf_val.yaml,best_val,80,cb802e9daf1157c476165941ed603d0e3de7269b428533537370fb4e14064f9b,0.12764749946584078,val0.2_b22960,train_sub_val,bc6d8333026403f1b1dd1167a05fee622666f5dd68cdcd81557310f8a1f726c3,SMD_machine-3-1_pcmci_val0.2_b22960_c66336ea4a8261cb,1.0,False,15,78,49f630ac8d324ba01390c1a1dcaa4386cd94ae84,49f630ac8d324ba01390c1a1dcaa4386cd94ae84,cuda,2.6.0+cu124,SMD/machine-3-1/seed1/smd_cf_val/eval/best_val/attempt1,,True,val,A_off,fusion,raw,P_raw + C_raw,0.4768389354509368,0.872484604146162,0.3966276659811916,0.9224376495193588,0.511940405644449,0.6417582417582418,0.6642335766423353,0.2669833510123138,0.6667821679681746
eval/SMD/machine-3-1/seed1/smd_cf_val/eval/best_val,val_ckpt_eval,val_pred_mae_v2,SMD,machine-3-1,1,scripts/configs/smd_cf_val.yaml,best_val,80,cb802e9daf1157c476165941ed603d0e3de7269b428533537370fb4e14064f9b,0.12764749946584078,val0.2_b22960,train_sub_val,bc6d8333026403f1b1dd1167a05fee622666f5dd68cdcd81557310f8a1f726c3,SMD_machine-3-1_pcmci_val0.2_b22960_c66336ea4a8261cb,1.0,False,15,78,49f630ac8d324ba01390c1a1dcaa4386cd94ae84,49f630ac8d324ba01390c1a1dcaa4386cd94ae84,cuda,2.6.0+cu124,SMD/machine-3-1/seed1/smd_cf_val/eval/best_val/attempt1,,True,val,A_on,fusion,raw,P_raw + C_raw + 1*CF_raw,0.3822291618915396,0.7944358956408423,0.3073228204790971,0.8670480858840398,0.474816282602466,0.6417582417582418,0.6642335766423353,0.2669833510123138,0.8142505820166284
eval/SMD/machine-3-1/seed1/smd_cf_val/eval/best_val,val_ckpt_eval,val_pred_mae_v2,SMD,machine-3-1,1,scripts/configs/smd_cf_val.yaml,best_val,80,cb802e9daf1157c476165941ed603d0e3de7269b428533537370fb4e14064f9b,0.12764749946584078,val0.2_b22960,train_sub_val,bc6d8333026403f1b1dd1167a05fee622666f5dd68cdcd81557310f8a1f726c3,SMD_machine-3-1_pcmci_val0.2_b22960_c66336ea4a8261cb,1.0,False,15,78,49f630ac8d324ba01390c1a1dcaa4386cd94ae84,49f630ac8d324ba01390c1a1dcaa4386cd94ae84,cuda,2.6.0+cu124,SMD/machine-3-1/seed1/smd_cf_val/eval/best_val/attempt1,,True,val,P_raw,diagnostic,raw,P_raw,0.4768975191799512,0.872351110116674,0.3971337463011995,0.9224508540451706,0.511940405644449,0.6417582417582418,0.6642335766423353,0.2669833510123138,0.6667821679681746
eval/SMD/machine-3-1/seed1/smd_cf_val/eval/best_val,val_ckpt_eval,val_pred_mae_v2,SMD,machine-3-1,1,scripts/configs/smd_cf_val.yaml,best_val,80,cb802e9daf1157c476165941ed603d0e3de7269b428533537370fb4e14064f9b,0.12764749946584078,val0.2_b22960,train_sub_val,bc6d8333026403f1b1dd1167a05fee622666f5dd68cdcd81557310f8a1f726c3,SMD_machine-3-1_pcmci_val0.2_b22960_c66336ea4a8261cb,1.0,False,15,78,49f630ac8d324ba01390c1a1dcaa4386cd94ae84,49f630ac8d324ba01390c1a1dcaa4386cd94ae84,cuda,2.6.0+cu124,SMD/machine-3-1/seed1/smd_cf_val/eval/best_val/attempt1,,True,val,C_raw,diagnostic,raw,C_raw,0.0249270185357787,0.7101727941226937,0.0318048838584695,0.7781943998368424,0.0674696503049012,0.4826254826254826,0.0807174887892375,0.0792444934433737,0.6945254362612578
eval/SMD/machine-3-1/seed1/smd_cf_val/eval/best_val,val_ckpt_eval,val_pred_mae_v2,SMD,machine-3-1,1,scripts/configs/smd_cf_val.yaml,best_val,80,cb802e9daf1157c476165941ed603d0e3de7269b428533537370fb4e14064f9b,0.12764749946584078,val0.2_b22960,train_sub_val,bc6d8333026403f1b1dd1167a05fee622666f5dd68cdcd81557310f8a1f726c3,SMD_machine-3-1_pcmci_val0.2_b22960_c66336ea4a8261cb,1.0,False,15,78,49f630ac8d324ba01390c1a1dcaa4386cd94ae84,49f630ac8d324ba01390c1a1dcaa4386cd94ae84,cuda,2.6.0+cu124,SMD/machine-3-1/seed1/smd_cf_val/eval/best_val/attempt1,,True,val,G_raw,diagnostic,raw,G_raw,0.0315712853955549,0.6496522406177834,0.0382548613651117,0.7425484516830221,0.095570262235544,0.7095179233621756,0.3333333333333328,0.1454034015436305,0.7550420081255808
eval/SMD/machine-3-1/seed1/smd_cf_val/eval/best_val,val_ckpt_eval,val_pred_mae_v2,SMD,machine-3-1,1,scripts/configs/smd_cf_val.yaml,best_val,80,cb802e9daf1157c476165941ed603d0e3de7269b428533537370fb4e14064f9b,0.12764749946584078,val0.2_b22960,train_sub_val,bc6d8333026403f1b1dd1167a05fee622666f5dd68cdcd81557310f8a1f726c3,SMD_machine-3-1_pcmci_val0.2_b22960_c66336ea4a8261cb,1.0,False,15,78,49f630ac8d324ba01390c1a1dcaa4386cd94ae84,49f630ac8d324ba01390c1a1dcaa4386cd94ae84,cuda,2.6.0+cu124,SMD/machine-3-1/seed1/smd_cf_val/eval/best_val/attempt1,,True,val,CF_raw,diagnostic,raw,CF_raw,0.0169106962372121,0.5540482093039962,0.0229505126667716,0.661163089483197,0.0472718884354544,0.6478555304740407,0.1333333333333329,0.0696517412935323,0.8289657355607319
eval/SMD/machine-3-1/seed2/smd_cf_val/eval/last,val_ckpt_eval,val_pred_mae_v2,SMD,machine-3-1,2,scripts/configs/smd_cf_val.yaml,last,80,ecbb6c2dd5b15516c585eb831197d38c1e5ec514f6f3f55194b321b0dd03c381,0.13381198690761062,val0.2_b22960,train_sub_val,bc6d8333026403f1b1dd1167a05fee622666f5dd68cdcd81557310f8a1f726c3,SMD_machine-3-1_pcmci_val0.2_b22960_c66336ea4a8261cb,1.0,False,15,78,49f630ac8d324ba01390c1a1dcaa4386cd94ae84,49f630ac8d324ba01390c1a1dcaa4386cd94ae84,cuda,2.6.0+cu124,SMD/machine-3-1/seed2/smd_cf_val/eval/last/attempt1,,True,val,A_off,fusion,raw,P_raw + C_raw,0.4733502129624796,0.8675592235337506,0.3997016713505402,0.9174006592584816,0.5077137124668019,0.6417582417582418,0.6642335766423353,0.2669833510123138,0.6667630759976666
eval/SMD/machine-3-1/seed2/smd_cf_val/eval/last,val_ckpt_eval,val_pred_mae_v2,SMD,machine-3-1,2,scripts/configs/smd_cf_val.yaml,last,80,ecbb6c2dd5b15516c585eb831197d38c1e5ec514f6f3f55194b321b0dd03c381,0.13381198690761062,val0.2_b22960,train_sub_val,bc6d8333026403f1b1dd1167a05fee622666f5dd68cdcd81557310f8a1f726c3,SMD_machine-3-1_pcmci_val0.2_b22960_c66336ea4a8261cb,1.0,False,15,78,49f630ac8d324ba01390c1a1dcaa4386cd94ae84,49f630ac8d324ba01390c1a1dcaa4386cd94ae84,cuda,2.6.0+cu124,SMD/machine-3-1/seed2/smd_cf_val/eval/last/attempt1,,True,val,A_on,fusion,raw,P_raw + C_raw + 1*CF_raw,0.4040238088000127,0.8395104921502765,0.3483901255988953,0.8974388741981979,0.4656825740394013,0.6417582417582418,0.6642335766423353,0.2669833510123138,0.8503741353408059
eval/SMD/machine-3-1/seed2/smd_cf_val/eval/last,val_ckpt_eval,val_pred_mae_v2,SMD,machine-3-1,2,scripts/configs/smd_cf_val.yaml,last,80,ecbb6c2dd5b15516c585eb831197d38c1e5ec514f6f3f55194b321b0dd03c381,0.13381198690761062,val0.2_b22960,train_sub_val,bc6d8333026403f1b1dd1167a05fee622666f5dd68cdcd81557310f8a1f726c3,SMD_machine-3-1_pcmci_val0.2_b22960_c66336ea4a8261cb,1.0,False,15,78,49f630ac8d324ba01390c1a1dcaa4386cd94ae84,49f630ac8d324ba01390c1a1dcaa4386cd94ae84,cuda,2.6.0+cu124,SMD/machine-3-1/seed2/smd_cf_val/eval/last/attempt1,,True,val,P_raw,diagnostic,raw,P_raw,0.4736930472725967,0.8675897086741606,0.3997203105380222,0.917411821442494,0.5078211124268015,0.6417582417582418,0.6642335766423353,0.2669833510123138,0.6667630759976666
eval/SMD/machine-3-1/seed2/smd_cf_val/eval/last,val_ckpt_eval,val_pred_mae_v2,SMD,machine-3-1,2,scripts/configs/smd_cf_val.yaml,last,80,ecbb6c2dd5b15516c585eb831197d38c1e5ec514f6f3f55194b321b0dd03c381,0.13381198690761062,val0.2_b22960,train_sub_val,bc6d8333026403f1b1dd1167a05fee622666f5dd68cdcd81557310f8a1f726c3,SMD_machine-3-1_pcmci_val0.2_b22960_c66336ea4a8261cb,1.0,False,15,78,49f630ac8d324ba01390c1a1dcaa4386cd94ae84,49f630ac8d324ba01390c1a1dcaa4386cd94ae84,cuda,2.6.0+cu124,SMD/machine-3-1/seed2/smd_cf_val/eval/last/attempt1,,True,val,C_raw,diagnostic,raw,C_raw,0.0183669842613256,0.5881527308966269,0.0282518698766198,0.7113855263066804,0.0507574800289169,0.5672727272727273,0.0720720720720719,0.0672159635906841,0.7153657401281819
eval/SMD/machine-3-1/seed2/smd_cf_val/eval/last,val_ckpt_eval,val_pred_mae_v2,SMD,machine-3-1,2,scripts/configs/smd_cf_val.yaml,last,80,ecbb6c2dd5b15516c585eb831197d38c1e5ec514f6f3f55194b321b0dd03c381,0.13381198690761062,val0.2_b22960,train_sub_val,bc6d8333026403f1b1dd1167a05fee622666f5dd68cdcd81557310f8a1f726c3,SMD_machine-3-1_pcmci_val0.2_b22960_c66336ea4a8261cb,1.0,False,15,78,49f630ac8d324ba01390c1a1dcaa4386cd94ae84,49f630ac8d324ba01390c1a1dcaa4386cd94ae84,cuda,2.6.0+cu124,SMD/machine-3-1/seed2/smd_cf_val/eval/last/attempt1,,True,val,G_raw,diagnostic,raw,G_raw,0.2214389142100633,0.6732658702323642,0.1435062535511994,0.776321859611798,0.2988457369289192,0.6610169491525424,0.6138613861386134,0.187088533198425,0.8366484201998887
eval/SMD/machine-3-1/seed2/smd_cf_val/eval/last,val_ckpt_eval,val_pred_mae_v2,SMD,machine-3-1,2,scripts/configs/smd_cf_val.yaml,last,80,ecbb6c2dd5b15516c585eb831197d38c1e5ec514f6f3f55194b321b0dd03c381,0.13381198690761062,val0.2_b22960,train_sub_val,bc6d8333026403f1b1dd1167a05fee622666f5dd68cdcd81557310f8a1f726c3,SMD_machine-3-1_pcmci_val0.2_b22960_c66336ea4a8261cb,1.0,False,15,78,49f630ac8d324ba01390c1a1dcaa4386cd94ae84,49f630ac8d324ba01390c1a1dcaa4386cd94ae84,cuda,2.6.0+cu124,SMD/machine-3-1/seed2/smd_cf_val/eval/last/attempt1,,True,val,CF_raw,diagnostic,raw,CF_raw,0.03911872513376,0.6794671083065544,0.0332821482424279,0.7512477588537194,0.0690930552561345,0.6724137931034483,0.6666666666666662,0.2158068006538204,0.6762836601272607
eval/SMD/machine-3-1/seed2/smd_cf_val/eval/best_val,val_ckpt_eval,val_pred_mae_v2,SMD,machine-3-1,2,scripts/configs/smd_cf_val.yaml,best_val,76,d95f71ec80d4ea9753905cf41a0a48103bde674e8fe93d961d312e5ed6b49168,0.1333680713200484,val0.2_b22960,train_sub_val,bc6d8333026403f1b1dd1167a05fee622666f5dd68cdcd81557310f8a1f726c3,SMD_machine-3-1_pcmci_val0.2_b22960_c66336ea4a8261cb,1.0,False,15,78,49f630ac8d324ba01390c1a1dcaa4386cd94ae84,49f630ac8d324ba01390c1a1dcaa4386cd94ae84,cuda,2.6.0+cu124,SMD/machine-3-1/seed2/smd_cf_val/eval/best_val/attempt1,,True,val,A_off,fusion,raw,P_raw + C_raw,0.4731801978537165,0.8677008965033487,0.3990889831398928,0.9173469060634158,0.5085860824049565,0.6417582417582418,0.6642335766423353,0.2669833510123138,0.6667730766218417
eval/SMD/machine-3-1/seed2/smd_cf_val/eval/best_val,val_ckpt_eval,val_pred_mae_v2,SMD,machine-3-1,2,scripts/configs/smd_cf_val.yaml,best_val,76,d95f71ec80d4ea9753905cf41a0a48103bde674e8fe93d961d312e5ed6b49168,0.1333680713200484,val0.2_b22960,train_sub_val,bc6d8333026403f1b1dd1167a05fee622666f5dd68cdcd81557310f8a1f726c3,SMD_machine-3-1_pcmci_val0.2_b22960_c66336ea4a8261cb,1.0,False,15,78,49f630ac8d324ba01390c1a1dcaa4386cd94ae84,49f630ac8d324ba01390c1a1dcaa4386cd94ae84,cuda,2.6.0+cu124,SMD/machine-3-1/seed2/smd_cf_val/eval/best_val/attempt1,,True,val,A_on,fusion,raw,P_raw + C_raw + 1*CF_raw,0.4060764042785126,0.8383596638009491,0.3494126360621117,0.8978747379458897,0.4666627555883341,0.6417582417582418,0.6642335766423353,0.2669833510123138,0.8550215912395679
eval/SMD/machine-3-1/seed2/smd_cf_val/eval/best_val,val_ckpt_eval,val_pred_mae_v2,SMD,machine-3-1,2,scripts/configs/smd_cf_val.yaml,best_val,76,d95f71ec80d4ea9753905cf41a0a48103bde674e8fe93d961d312e5ed6b49168,0.1333680713200484,val0.2_b22960,train_sub_val,bc6d8333026403f1b1dd1167a05fee622666f5dd68cdcd81557310f8a1f726c3,SMD_machine-3-1_pcmci_val0.2_b22960_c66336ea4a8261cb,1.0,False,15,78,49f630ac8d324ba01390c1a1dcaa4386cd94ae84,49f630ac8d324ba01390c1a1dcaa4386cd94ae84,cuda,2.6.0+cu124,SMD/machine-3-1/seed2/smd_cf_val/eval/best_val/attempt1,,True,val,P_raw,diagnostic,raw,P_raw,0.4736090357617776,0.8677978998769613,0.3990855369924849,0.9173226963060944,0.5087669624369267,0.6417582417582418,0.6642335766423353,0.2669833510123138,0.6667730766218417
eval/SMD/machine-3-1/seed2/smd_cf_val/eval/best_val,val_ckpt_eval,val_pred_mae_v2,SMD,machine-3-1,2,scripts/configs/smd_cf_val.yaml,best_val,76,d95f71ec80d4ea9753905cf41a0a48103bde674e8fe93d961d312e5ed6b49168,0.1333680713200484,val0.2_b22960,train_sub_val,bc6d8333026403f1b1dd1167a05fee622666f5dd68cdcd81557310f8a1f726c3,SMD_machine-3-1_pcmci_val0.2_b22960_c66336ea4a8261cb,1.0,False,15,78,49f630ac8d324ba01390c1a1dcaa4386cd94ae84,49f630ac8d324ba01390c1a1dcaa4386cd94ae84,cuda,2.6.0+cu124,SMD/machine-3-1/seed2/smd_cf_val/eval/best_val/attempt1,,True,val,C_raw,diagnostic,raw,C_raw,0.0168267187229544,0.5746573081289285,0.0255760200721792,0.6936085218494179,0.0475894234904695,0.5197505197505198,0.05073086844368,0.0488557752726998,0.7276311140440306
eval/SMD/machine-3-1/seed2/smd_cf_val/eval/best_val,val_ckpt_eval,val_pred_mae_v2,SMD,machine-3-1,2,scripts/configs/smd_cf_val.yaml,best_val,76,d95f71ec80d4ea9753905cf41a0a48103bde674e8fe93d961d312e5ed6b49168,0.1333680713200484,val0.2_b22960,train_sub_val,bc6d8333026403f1b1dd1167a05fee622666f5dd68cdcd81557310f8a1f726c3,SMD_machine-3-1_pcmci_val0.2_b22960_c66336ea4a8261cb,1.0,False,15,78,49f630ac8d324ba01390c1a1dcaa4386cd94ae84,49f630ac8d324ba01390c1a1dcaa4386cd94ae84,cuda,2.6.0+cu124,SMD/machine-3-1/seed2/smd_cf_val/eval/best_val/attempt1,,True,val,G_raw,diagnostic,raw,G_raw,0.2178506835622206,0.6780699394323747,0.1426708784608639,0.7805793370468305,0.2954905559790076,0.6680942184154176,0.6399999999999995,0.1934581119860935,0.8434748082866228
eval/SMD/machine-3-1/seed2/smd_cf_val/eval/best_val,val_ckpt_eval,val_pred_mae_v2,SMD,machine-3-1,2,scripts/configs/smd_cf_val.yaml,best_val,76,d95f71ec80d4ea9753905cf41a0a48103bde674e8fe93d961d312e5ed6b49168,0.1333680713200484,val0.2_b22960,train_sub_val,bc6d8333026403f1b1dd1167a05fee622666f5dd68cdcd81557310f8a1f726c3,SMD_machine-3-1_pcmci_val0.2_b22960_c66336ea4a8261cb,1.0,False,15,78,49f630ac8d324ba01390c1a1dcaa4386cd94ae84,49f630ac8d324ba01390c1a1dcaa4386cd94ae84,cuda,2.6.0+cu124,SMD/machine-3-1/seed2/smd_cf_val/eval/best_val/attempt1,,True,val,CF_raw,diagnostic,raw,CF_raw,0.0404554140306256,0.6726399239347132,0.0351989082628697,0.7491968159076194,0.0771830766707502,0.6724137931034483,0.6666666666666662,0.2158068006538204,0.6829497938678695
eval/SMD/machine-3-1/seed3/smd_cf_val/eval/last,val_ckpt_eval,val_pred_mae_v2,SMD,machine-3-1,3,scripts/configs/smd_cf_val.yaml,last,80,4860ea764404a54f22fb8ce26f2d6af22ccc8f92efdf7497a73cc96f2912431e,0.12783359254015988,val0.2_b22960,train_sub_val,bc6d8333026403f1b1dd1167a05fee622666f5dd68cdcd81557310f8a1f726c3,SMD_machine-3-1_pcmci_val0.2_b22960_c66336ea4a8261cb,1.0,False,15,78,49f630ac8d324ba01390c1a1dcaa4386cd94ae84,49f630ac8d324ba01390c1a1dcaa4386cd94ae84,cuda,2.6.0+cu124,SMD/machine-3-1/seed3/smd_cf_val/eval/last/attempt1,,True,val,A_off,fusion,raw,P_raw + C_raw,0.4763294533679965,0.8687514613420966,0.4051840891681516,0.9207837081422936,0.5117795186919366,0.6417582417582418,0.6642335766423353,0.2669833510123138,0.6667730766218417
eval/SMD/machine-3-1/seed3/smd_cf_val/eval/last,val_ckpt_eval,val_pred_mae_v2,SMD,machine-3-1,3,scripts/configs/smd_cf_val.yaml,last,80,4860ea764404a54f22fb8ce26f2d6af22ccc8f92efdf7497a73cc96f2912431e,0.12783359254015988,val0.2_b22960,train_sub_val,bc6d8333026403f1b1dd1167a05fee622666f5dd68cdcd81557310f8a1f726c3,SMD_machine-3-1_pcmci_val0.2_b22960_c66336ea4a8261cb,1.0,False,15,78,49f630ac8d324ba01390c1a1dcaa4386cd94ae84,49f630ac8d324ba01390c1a1dcaa4386cd94ae84,cuda,2.6.0+cu124,SMD/machine-3-1/seed3/smd_cf_val/eval/last/attempt1,,True,val,A_on,fusion,raw,P_raw + C_raw + 1*CF_raw,0.3836588483709229,0.816946455052892,0.2838854712231377,0.8808587471341803,0.4648872491793687,0.6417582417582418,0.6642335766423353,0.2669833510123138,0.8040589633593074
eval/SMD/machine-3-1/seed3/smd_cf_val/eval/last,val_ckpt_eval,val_pred_mae_v2,SMD,machine-3-1,3,scripts/configs/smd_cf_val.yaml,last,80,4860ea764404a54f22fb8ce26f2d6af22ccc8f92efdf7497a73cc96f2912431e,0.12783359254015988,val0.2_b22960,train_sub_val,bc6d8333026403f1b1dd1167a05fee622666f5dd68cdcd81557310f8a1f726c3,SMD_machine-3-1_pcmci_val0.2_b22960_c66336ea4a8261cb,1.0,False,15,78,49f630ac8d324ba01390c1a1dcaa4386cd94ae84,49f630ac8d324ba01390c1a1dcaa4386cd94ae84,cuda,2.6.0+cu124,SMD/machine-3-1/seed3/smd_cf_val/eval/last/attempt1,,True,val,P_raw,diagnostic,raw,P_raw,0.4765035579044564,0.8686593767716271,0.4051430837282473,0.9205566944598992,0.5117795186919366,0.6417582417582418,0.6642335766423353,0.2669833510123138,0.6667730766218417
eval/SMD/machine-3-1/seed3/smd_cf_val/eval/last,val_ckpt_eval,val_pred_mae_v2,SMD,machine-3-1,3,scripts/configs/smd_cf_val.yaml,last,80,4860ea764404a54f22fb8ce26f2d6af22ccc8f92efdf7497a73cc96f2912431e,0.12783359254015988,val0.2_b22960,train_sub_val,bc6d8333026403f1b1dd1167a05fee622666f5dd68cdcd81557310f8a1f726c3,SMD_machine-3-1_pcmci_val0.2_b22960_c66336ea4a8261cb,1.0,False,15,78,49f630ac8d324ba01390c1a1dcaa4386cd94ae84,49f630ac8d324ba01390c1a1dcaa4386cd94ae84,cuda,2.6.0+cu124,SMD/machine-3-1/seed3/smd_cf_val/eval/last/attempt1,,True,val,C_raw,diagnostic,raw,C_raw,0.0232661810159625,0.7008753982514685,0.032781338261632,0.7864525960152875,0.0654718547373345,0.4067796610169492,0.0702901512055577,0.073476371165941,0.6796493282992004
eval/SMD/machine-3-1/seed3/smd_cf_val/eval/last,val_ckpt_eval,val_pred_mae_v2,SMD,machine-3-1,3,scripts/configs/smd_cf_val.yaml,last,80,4860ea764404a54f22fb8ce26f2d6af22ccc8f92efdf7497a73cc96f2912431e,0.12783359254015988,val0.2_b22960,train_sub_val,bc6d8333026403f1b1dd1167a05fee622666f5dd68cdcd81557310f8a1f726c3,SMD_machine-3-1_pcmci_val0.2_b22960_c66336ea4a8261cb,1.0,False,15,78,49f630ac8d324ba01390c1a1dcaa4386cd94ae84,49f630ac8d324ba01390c1a1dcaa4386cd94ae84,cuda,2.6.0+cu124,SMD/machine-3-1/seed3/smd_cf_val/eval/last/attempt1,,True,val,G_raw,diagnostic,raw,G_raw,0.0878293248841289,0.6538672545437157,0.1005547686077623,0.7688753004680379,0.2271998147484457,0.65,0.3999999999999996,0.1265071772253006,0.7525393721226422
eval/SMD/machine-3-1/seed3/smd_cf_val/eval/last,val_ckpt_eval,val_pred_mae_v2,SMD,machine-3-1,3,scripts/configs/smd_cf_val.yaml,last,80,4860ea764404a54f22fb8ce26f2d6af22ccc8f92efdf7497a73cc96f2912431e,0.12783359254015988,val0.2_b22960,train_sub_val,bc6d8333026403f1b1dd1167a05fee622666f5dd68cdcd81557310f8a1f726c3,SMD_machine-3-1_pcmci_val0.2_b22960_c66336ea4a8261cb,1.0,False,15,78,49f630ac8d324ba01390c1a1dcaa4386cd94ae84,49f630ac8d324ba01390c1a1dcaa4386cd94ae84,cuda,2.6.0+cu124,SMD/machine-3-1/seed3/smd_cf_val/eval/last/attempt1,,True,val,CF_raw,diagnostic,raw,CF_raw,0.0170995119413043,0.6157821057144597,0.0239433387666603,0.6890964830450912,0.0453886830993505,0.5788497217068646,0.057142857142857,0.0477082130594634,0.6823316579108706
eval/SMD/machine-3-1/seed3/smd_cf_val/eval/best_val,val_ckpt_eval,val_pred_mae_v2,SMD,machine-3-1,3,scripts/configs/smd_cf_val.yaml,best_val,80,097ad91420f2e0ae60b38442bc3d1da14b76621bbbe7ab749624d30d867f48b1,0.12783359254015988,val0.2_b22960,train_sub_val,bc6d8333026403f1b1dd1167a05fee622666f5dd68cdcd81557310f8a1f726c3,SMD_machine-3-1_pcmci_val0.2_b22960_c66336ea4a8261cb,1.0,False,15,78,49f630ac8d324ba01390c1a1dcaa4386cd94ae84,49f630ac8d324ba01390c1a1dcaa4386cd94ae84,cuda,2.6.0+cu124,SMD/machine-3-1/seed3/smd_cf_val/eval/best_val/attempt1,,True,val,A_off,fusion,raw,P_raw + C_raw,0.4763294533679965,0.8687514613420966,0.4051840891681516,0.9207837081422936,0.5117795186919366,0.6417582417582418,0.6642335766423353,0.2669833510123138,0.6667730766218417
eval/SMD/machine-3-1/seed3/smd_cf_val/eval/best_val,val_ckpt_eval,val_pred_mae_v2,SMD,machine-3-1,3,scripts/configs/smd_cf_val.yaml,best_val,80,097ad91420f2e0ae60b38442bc3d1da14b76621bbbe7ab749624d30d867f48b1,0.12783359254015988,val0.2_b22960,train_sub_val,bc6d8333026403f1b1dd1167a05fee622666f5dd68cdcd81557310f8a1f726c3,SMD_machine-3-1_pcmci_val0.2_b22960_c66336ea4a8261cb,1.0,False,15,78,49f630ac8d324ba01390c1a1dcaa4386cd94ae84,49f630ac8d324ba01390c1a1dcaa4386cd94ae84,cuda,2.6.0+cu124,SMD/machine-3-1/seed3/smd_cf_val/eval/best_val/attempt1,,True,val,A_on,fusion,raw,P_raw + C_raw + 1*CF_raw,0.3836588483709229,0.816946455052892,0.2838854712231377,0.8808587471341803,0.4648872491793687,0.6417582417582418,0.6642335766423353,0.2669833510123138,0.8040589633593074
eval/SMD/machine-3-1/seed3/smd_cf_val/eval/best_val,val_ckpt_eval,val_pred_mae_v2,SMD,machine-3-1,3,scripts/configs/smd_cf_val.yaml,best_val,80,097ad91420f2e0ae60b38442bc3d1da14b76621bbbe7ab749624d30d867f48b1,0.12783359254015988,val0.2_b22960,train_sub_val,bc6d8333026403f1b1dd1167a05fee622666f5dd68cdcd81557310f8a1f726c3,SMD_machine-3-1_pcmci_val0.2_b22960_c66336ea4a8261cb,1.0,False,15,78,49f630ac8d324ba01390c1a1dcaa4386cd94ae84,49f630ac8d324ba01390c1a1dcaa4386cd94ae84,cuda,2.6.0+cu124,SMD/machine-3-1/seed3/smd_cf_val/eval/best_val/attempt1,,True,val,P_raw,diagnostic,raw,P_raw,0.4765035579044564,0.8686593767716271,0.4051430837282473,0.9205566944598992,0.5117795186919366,0.6417582417582418,0.6642335766423353,0.2669833510123138,0.6667730766218417
eval/SMD/machine-3-1/seed3/smd_cf_val/eval/best_val,val_ckpt_eval,val_pred_mae_v2,SMD,machine-3-1,3,scripts/configs/smd_cf_val.yaml,best_val,80,097ad91420f2e0ae60b38442bc3d1da14b76621bbbe7ab749624d30d867f48b1,0.12783359254015988,val0.2_b22960,train_sub_val,bc6d8333026403f1b1dd1167a05fee622666f5dd68cdcd81557310f8a1f726c3,SMD_machine-3-1_pcmci_val0.2_b22960_c66336ea4a8261cb,1.0,False,15,78,49f630ac8d324ba01390c1a1dcaa4386cd94ae84,49f630ac8d324ba01390c1a1dcaa4386cd94ae84,cuda,2.6.0+cu124,SMD/machine-3-1/seed3/smd_cf_val/eval/best_val/attempt1,,True,val,C_raw,diagnostic,raw,C_raw,0.0232661810159625,0.7008753982514685,0.032781338261632,0.7864525960152875,0.0654718547373345,0.4067796610169492,0.0702901512055577,0.073476371165941,0.6796493282992004
eval/SMD/machine-3-1/seed3/smd_cf_val/eval/best_val,val_ckpt_eval,val_pred_mae_v2,SMD,machine-3-1,3,scripts/configs/smd_cf_val.yaml,best_val,80,097ad91420f2e0ae60b38442bc3d1da14b76621bbbe7ab749624d30d867f48b1,0.12783359254015988,val0.2_b22960,train_sub_val,bc6d8333026403f1b1dd1167a05fee622666f5dd68cdcd81557310f8a1f726c3,SMD_machine-3-1_pcmci_val0.2_b22960_c66336ea4a8261cb,1.0,False,15,78,49f630ac8d324ba01390c1a1dcaa4386cd94ae84,49f630ac8d324ba01390c1a1dcaa4386cd94ae84,cuda,2.6.0+cu124,SMD/machine-3-1/seed3/smd_cf_val/eval/best_val/attempt1,,True,val,G_raw,diagnostic,raw,G_raw,0.0878293248841289,0.6538672545437157,0.1005547686077623,0.7688753004680379,0.2271998147484457,0.65,0.3999999999999996,0.1265071772253006,0.7525393721226422
eval/SMD/machine-3-1/seed3/smd_cf_val/eval/best_val,val_ckpt_eval,val_pred_mae_v2,SMD,machine-3-1,3,scripts/configs/smd_cf_val.yaml,best_val,80,097ad91420f2e0ae60b38442bc3d1da14b76621bbbe7ab749624d30d867f48b1,0.12783359254015988,val0.2_b22960,train_sub_val,bc6d8333026403f1b1dd1167a05fee622666f5dd68cdcd81557310f8a1f726c3,SMD_machine-3-1_pcmci_val0.2_b22960_c66336ea4a8261cb,1.0,False,15,78,49f630ac8d324ba01390c1a1dcaa4386cd94ae84,49f630ac8d324ba01390c1a1dcaa4386cd94ae84,cuda,2.6.0+cu124,SMD/machine-3-1/seed3/smd_cf_val/eval/best_val/attempt1,,True,val,CF_raw,diagnostic,raw,CF_raw,0.0170995119413043,0.6157821057144597,0.0239433387666603,0.6890964830450912,0.0453886830993505,0.5788497217068646,0.057142857142857,0.0477082130594634,0.6823316579108706
eval/SMD/machine-3-2/seed0/smd_cf_val/eval/last,val_ckpt_eval,val_pred_mae_v2,SMD,machine-3-2,0,scripts/configs/smd_cf_val.yaml,last,80,6d5730a368b8bb547b1cfa9fe61cdc0fd035f2c34bac9cd603341e7cfc2bf20f,0.23181475686332587,val0.2_b18962,train_sub_val,f84450a10c9998883b3c85cd334e349a412e6fb2a768943bbbd871bf91ba99b7,SMD_machine-3-2_pcmci_val0.2_b18962_4c3982c7290111cb,1.0,False,15,5,49f630ac8d324ba01390c1a1dcaa4386cd94ae84,49f630ac8d324ba01390c1a1dcaa4386cd94ae84,cuda,2.6.0+cu124,SMD/machine-3-2/seed0/smd_cf_val/eval/last/attempt1,,True,val,A_off,fusion,raw,P_raw + C_raw,0.0735721233042024,0.5837640310036047,0.0659631042809849,0.5680264813788197,0.1071007350121096,0.9804618117229128,0.6392694063926936,0.3380131527230606,0.76043582895675
eval/SMD/machine-3-2/seed0/smd_cf_val/eval/last,val_ckpt_eval,val_pred_mae_v2,SMD,machine-3-2,0,scripts/configs/smd_cf_val.yaml,last,80,6d5730a368b8bb547b1cfa9fe61cdc0fd035f2c34bac9cd603341e7cfc2bf20f,0.23181475686332587,val0.2_b18962,train_sub_val,f84450a10c9998883b3c85cd334e349a412e6fb2a768943bbbd871bf91ba99b7,SMD_machine-3-2_pcmci_val0.2_b18962_4c3982c7290111cb,1.0,False,15,5,49f630ac8d324ba01390c1a1dcaa4386cd94ae84,49f630ac8d324ba01390c1a1dcaa4386cd94ae84,cuda,2.6.0+cu124,SMD/machine-3-2/seed0/smd_cf_val/eval/last/attempt1,,True,val,A_on,fusion,raw,P_raw + C_raw + 1*CF_raw,0.0838917167139168,0.6614355187186849,0.0805239632815427,0.641831347682231,0.1472171090070097,0.9470875944864384,0.3370786516853928,0.176966930001854,0.7366576445307459
eval/SMD/machine-3-2/seed0/smd_cf_val/eval/last,val_ckpt_eval,val_pred_mae_v2,SMD,machine-3-2,0,scripts/configs/smd_cf_val.yaml,last,80,6d5730a368b8bb547b1cfa9fe61cdc0fd035f2c34bac9cd603341e7cfc2bf20f,0.23181475686332587,val0.2_b18962,train_sub_val,f84450a10c9998883b3c85cd334e349a412e6fb2a768943bbbd871bf91ba99b7,SMD_machine-3-2_pcmci_val0.2_b18962_4c3982c7290111cb,1.0,False,15,5,49f630ac8d324ba01390c1a1dcaa4386cd94ae84,49f630ac8d324ba01390c1a1dcaa4386cd94ae84,cuda,2.6.0+cu124,SMD/machine-3-2/seed0/smd_cf_val/eval/last/attempt1,,True,val,P_raw,diagnostic,raw,P_raw,0.073848439463523,0.5860781222644921,0.0662158695834989,0.5712621871895195,0.1078531026593851,0.9804618117229128,0.6392694063926936,0.3380131527230606,0.76043582895675
eval/SMD/machine-3-2/seed0/smd_cf_val/eval/last,val_ckpt_eval,val_pred_mae_v2,SMD,machine-3-2,0,scripts/configs/smd_cf_val.yaml,last,80,6d5730a368b8bb547b1cfa9fe61cdc0fd035f2c34bac9cd603341e7cfc2bf20f,0.23181475686332587,val0.2_b18962,train_sub_val,f84450a10c9998883b3c85cd334e349a412e6fb2a768943bbbd871bf91ba99b7,SMD_machine-3-2_pcmci_val0.2_b18962_4c3982c7290111cb,1.0,False,15,5,49f630ac8d324ba01390c1a1dcaa4386cd94ae84,49f630ac8d324ba01390c1a1dcaa4386cd94ae84,cuda,2.6.0+cu124,SMD/machine-3-2/seed0/smd_cf_val/eval/last/attempt1,,True,val,C_raw,diagnostic,raw,C_raw,0.0433016073268297,0.4729791452109683,0.0443463732123155,0.4545057067550098,0.0928143658041858,0.8838311996206734,0.1020408163265302,0.110077701212708,0.6876094769639155
eval/SMD/machine-3-2/seed0/smd_cf_val/eval/last,val_ckpt_eval,val_pred_mae_v2,SMD,machine-3-2,0,scripts/configs/smd_cf_val.yaml,last,80,6d5730a368b8bb547b1cfa9fe61cdc0fd035f2c34bac9cd603341e7cfc2bf20f,0.23181475686332587,val0.2_b18962,train_sub_val,f84450a10c9998883b3c85cd334e349a412e6fb2a768943bbbd871bf91ba99b7,SMD_machine-3-2_pcmci_val0.2_b18962_4c3982c7290111cb,1.0,False,15,5,49f630ac8d324ba01390c1a1dcaa4386cd94ae84,49f630ac8d324ba01390c1a1dcaa4386cd94ae84,cuda,2.6.0+cu124,SMD/machine-3-2/seed0/smd_cf_val/eval/last/attempt1,,True,val,G_raw,diagnostic,raw,G_raw,0.0468069901380813,0.5127986588287948,0.0480537504112177,0.4718277395264414,0.1038198233020266,0.8984771573604061,0.1162227602905565,0.1382098709800702,0.6824626163033682
eval/SMD/machine-3-2/seed0/smd_cf_val/eval/last,val_ckpt_eval,val_pred_mae_v2,SMD,machine-3-2,0,scripts/configs/smd_cf_val.yaml,last,80,6d5730a368b8bb547b1cfa9fe61cdc0fd035f2c34bac9cd603341e7cfc2bf20f,0.23181475686332587,val0.2_b18962,train_sub_val,f84450a10c9998883b3c85cd334e349a412e6fb2a768943bbbd871bf91ba99b7,SMD_machine-3-2_pcmci_val0.2_b18962_4c3982c7290111cb,1.0,False,15,5,49f630ac8d324ba01390c1a1dcaa4386cd94ae84,49f630ac8d324ba01390c1a1dcaa4386cd94ae84,cuda,2.6.0+cu124,SMD/machine-3-2/seed0/smd_cf_val/eval/last/attempt1,,True,val,CF_raw,diagnostic,raw,CF_raw,0.0806559367890518,0.6584039096466149,0.0797633846922691,0.6436179088227899,0.1544594354845575,0.91147859922179,0.2823529411764701,0.1528034145506112,0.6899975441088401
eval/SMD/machine-3-2/seed0/smd_cf_val/eval/best_val,val_ckpt_eval,val_pred_mae_v2,SMD,machine-3-2,0,scripts/configs/smd_cf_val.yaml,best_val,78,472f75c38d26c1d64fd9eeb0a7577868a5f496dcf4f9ea158fa2bab0570f731f,0.23056369131303608,val0.2_b18962,train_sub_val,f84450a10c9998883b3c85cd334e349a412e6fb2a768943bbbd871bf91ba99b7,SMD_machine-3-2_pcmci_val0.2_b18962_4c3982c7290111cb,1.0,False,15,5,49f630ac8d324ba01390c1a1dcaa4386cd94ae84,49f630ac8d324ba01390c1a1dcaa4386cd94ae84,cuda,2.6.0+cu124,SMD/machine-3-2/seed0/smd_cf_val/eval/best_val/attempt1,,True,val,A_off,fusion,raw,P_raw + C_raw,0.0732755883025686,0.5825281228933158,0.0656338683455746,0.5662680724433654,0.1063991623848058,0.9804618117229128,0.6392694063926936,0.3380131527230606,0.76043582895675
eval/SMD/machine-3-2/seed0/smd_cf_val/eval/best_val,val_ckpt_eval,val_pred_mae_v2,SMD,machine-3-2,0,scripts/configs/smd_cf_val.yaml,best_val,78,472f75c38d26c1d64fd9eeb0a7577868a5f496dcf4f9ea158fa2bab0570f731f,0.23056369131303608,val0.2_b18962,train_sub_val,f84450a10c9998883b3c85cd334e349a412e6fb2a768943bbbd871bf91ba99b7,SMD_machine-3-2_pcmci_val0.2_b18962_4c3982c7290111cb,1.0,False,15,5,49f630ac8d324ba01390c1a1dcaa4386cd94ae84,49f630ac8d324ba01390c1a1dcaa4386cd94ae84,cuda,2.6.0+cu124,SMD/machine-3-2/seed0/smd_cf_val/eval/best_val/attempt1,,True,val,A_on,fusion,raw,P_raw + C_raw + 1*CF_raw,0.0818880964262998,0.6589382501093455,0.0782310057256563,0.631400612057118,0.1436729177696302,0.9433126660761736,0.2666666666666662,0.1722747456536604,0.7666551176992387
eval/SMD/machine-3-2/seed0/smd_cf_val/eval/best_val,val_ckpt_eval,val_pred_mae_v2,SMD,machine-3-2,0,scripts/configs/smd_cf_val.yaml,best_val,78,472f75c38d26c1d64fd9eeb0a7577868a5f496dcf4f9ea158fa2bab0570f731f,0.23056369131303608,val0.2_b18962,train_sub_val,f84450a10c9998883b3c85cd334e349a412e6fb2a768943bbbd871bf91ba99b7,SMD_machine-3-2_pcmci_val0.2_b18962_4c3982c7290111cb,1.0,False,15,5,49f630ac8d324ba01390c1a1dcaa4386cd94ae84,49f630ac8d324ba01390c1a1dcaa4386cd94ae84,cuda,2.6.0+cu124,SMD/machine-3-2/seed0/smd_cf_val/eval/best_val/attempt1,,True,val,P_raw,diagnostic,raw,P_raw,0.07360263384182,0.584851696416683,0.0659398989318222,0.5693892632275902,0.1076883547539298,0.980897378942692,0.6392694063926936,0.3391626470444336,0.76043582895675
eval/SMD/machine-3-2/seed0/smd_cf_val/eval/best_val,val_ckpt_eval,val_pred_mae_v2,SMD,machine-3-2,0,scripts/configs/smd_cf_val.yaml,best_val,78,472f75c38d26c1d64fd9eeb0a7577868a5f496dcf4f9ea158fa2bab0570f731f,0.23056369131303608,val0.2_b18962,train_sub_val,f84450a10c9998883b3c85cd334e349a412e6fb2a768943bbbd871bf91ba99b7,SMD_machine-3-2_pcmci_val0.2_b18962_4c3982c7290111cb,1.0,False,15,5,49f630ac8d324ba01390c1a1dcaa4386cd94ae84,49f630ac8d324ba01390c1a1dcaa4386cd94ae84,cuda,2.6.0+cu124,SMD/machine-3-2/seed0/smd_cf_val/eval/best_val/attempt1,,True,val,C_raw,diagnostic,raw,C_raw,0.0434339201320088,0.4775833326180048,0.0446920092431258,0.4595811809048142,0.0930998026821506,0.8855106888361045,0.093074450755074,0.1111000474847642,0.6753623032519279
eval/SMD/machine-3-2/seed0/smd_cf_val/eval/best_val,val_ckpt_eval,val_pred_mae_v2,SMD,machine-3-2,0,scripts/configs/smd_cf_val.yaml,best_val,78,472f75c38d26c1d64fd9eeb0a7577868a5f496dcf4f9ea158fa2bab0570f731f,0.23056369131303608,val0.2_b18962,train_sub_val,f84450a10c9998883b3c85cd334e349a412e6fb2a768943bbbd871bf91ba99b7,SMD_machine-3-2_pcmci_val0.2_b18962_4c3982c7290111cb,1.0,False,15,5,49f630ac8d324ba01390c1a1dcaa4386cd94ae84,49f630ac8d324ba01390c1a1dcaa4386cd94ae84,cuda,2.6.0+cu124,SMD/machine-3-2/seed0/smd_cf_val/eval/best_val/attempt1,,True,val,G_raw,diagnostic,raw,G_raw,0.0465891366006266,0.5112526108661138,0.047931393487864,0.4707454802163553,0.104255572005427,0.8990364474235442,0.1078490113840622,0.1443938943861239,0.6804737352828011
eval/SMD/machine-3-2/seed0/smd_cf_val/eval/best_val,val_ckpt_eval,val_pred_mae_v2,SMD,machine-3-2,0,scripts/configs/smd_cf_val.yaml,best_val,78,472f75c38d26c1d64fd9eeb0a7577868a5f496dcf4f9ea158fa2bab0570f731f,0.23056369131303608,val0.2_b18962,train_sub_val,f84450a10c9998883b3c85cd334e349a412e6fb2a768943bbbd871bf91ba99b7,SMD_machine-3-2_pcmci_val0.2_b18962_4c3982c7290111cb,1.0,False,15,5,49f630ac8d324ba01390c1a1dcaa4386cd94ae84,49f630ac8d324ba01390c1a1dcaa4386cd94ae84,cuda,2.6.0+cu124,SMD/machine-3-2/seed0/smd_cf_val/eval/best_val/attempt1,,True,val,CF_raw,diagnostic,raw,CF_raw,0.078052209325923,0.6553860348831476,0.0772444815397194,0.6296214188157707,0.1509865705788471,0.9022265246853824,0.1809238665526088,0.1589542770681455,0.6960512240741998
eval/SMD/machine-3-2/seed1/smd_cf_val/eval/last,val_ckpt_eval,val_pred_mae_v2,SMD,machine-3-2,1,scripts/configs/smd_cf_val.yaml,last,80,1c141229aac87df7305bc02c58573a5b2a2f19b7bf80d49652386107c39368c1,0.24220734869881186,val0.2_b18962,train_sub_val,f84450a10c9998883b3c85cd334e349a412e6fb2a768943bbbd871bf91ba99b7,SMD_machine-3-2_pcmci_val0.2_b18962_4c3982c7290111cb,1.0,False,15,5,49f630ac8d324ba01390c1a1dcaa4386cd94ae84,49f630ac8d324ba01390c1a1dcaa4386cd94ae84,cuda,2.6.0+cu124,SMD/machine-3-2/seed1/smd_cf_val/eval/last/attempt1,,True,val,A_off,fusion,raw,P_raw + C_raw,0.0725094283728713,0.5769908808582666,0.0649618641363682,0.5658562625118803,0.1039434254849477,0.976991150442478,0.5192307692307687,0.3253278280351124,0.730417096365364
eval/SMD/machine-3-2/seed1/smd_cf_val/eval/last,val_ckpt_eval,val_pred_mae_v2,SMD,machine-3-2,1,scripts/configs/smd_cf_val.yaml,last,80,1c141229aac87df7305bc02c58573a5b2a2f19b7bf80d49652386107c39368c1,0.24220734869881186,val0.2_b18962,train_sub_val,f84450a10c9998883b3c85cd334e349a412e6fb2a768943bbbd871bf91ba99b7,SMD_machine-3-2_pcmci_val0.2_b18962_4c3982c7290111cb,1.0,False,15,5,49f630ac8d324ba01390c1a1dcaa4386cd94ae84,49f630ac8d324ba01390c1a1dcaa4386cd94ae84,cuda,2.6.0+cu124,SMD/machine-3-2/seed1/smd_cf_val/eval/last/attempt1,,True,val,A_on,fusion,raw,P_raw + C_raw + 1*CF_raw,0.0773337267311368,0.634834398773654,0.0720042214767033,0.6160806760838717,0.1231217358019091,0.932503590234562,0.5333333333333328,0.2569633949562138,0.6726129954832503
eval/SMD/machine-3-2/seed1/smd_cf_val/eval/last,val_ckpt_eval,val_pred_mae_v2,SMD,machine-3-2,1,scripts/configs/smd_cf_val.yaml,last,80,1c141229aac87df7305bc02c58573a5b2a2f19b7bf80d49652386107c39368c1,0.24220734869881186,val0.2_b18962,train_sub_val,f84450a10c9998883b3c85cd334e349a412e6fb2a768943bbbd871bf91ba99b7,SMD_machine-3-2_pcmci_val0.2_b18962_4c3982c7290111cb,1.0,False,15,5,49f630ac8d324ba01390c1a1dcaa4386cd94ae84,49f630ac8d324ba01390c1a1dcaa4386cd94ae84,cuda,2.6.0+cu124,SMD/machine-3-2/seed1/smd_cf_val/eval/last/attempt1,,True,val,P_raw,diagnostic,raw,P_raw,0.0727987827261485,0.5791048464741855,0.0652715187136917,0.568483983787039,0.1047472847280473,0.976991150442478,0.5192307692307687,0.3253278280351124,0.730417096365364
eval/SMD/machine-3-2/seed1/smd_cf_val/eval/last,val_ckpt_eval,val_pred_mae_v2,SMD,machine-3-2,1,scripts/configs/smd_cf_val.yaml,last,80,1c141229aac87df7305bc02c58573a5b2a2f19b7bf80d49652386107c39368c1,0.24220734869881186,val0.2_b18962,train_sub_val,f84450a10c9998883b3c85cd334e349a412e6fb2a768943bbbd871bf91ba99b7,SMD_machine-3-2_pcmci_val0.2_b18962_4c3982c7290111cb,1.0,False,15,5,49f630ac8d324ba01390c1a1dcaa4386cd94ae84,49f630ac8d324ba01390c1a1dcaa4386cd94ae84,cuda,2.6.0+cu124,SMD/machine-3-2/seed1/smd_cf_val/eval/last/attempt1,,True,val,C_raw,diagnostic,raw,C_raw,0.0434757168168259,0.445948668420852,0.0442132843117238,0.4363432821518536,0.0894382358999119,0.9457777777777778,0.1578947368421048,0.289373811478148,0.7158015634406797
eval/SMD/machine-3-2/seed1/smd_cf_val/eval/last,val_ckpt_eval,val_pred_mae_v2,SMD,machine-3-2,1,scripts/configs/smd_cf_val.yaml,last,80,1c141229aac87df7305bc02c58573a5b2a2f19b7bf80d49652386107c39368c1,0.24220734869881186,val0.2_b18962,train_sub_val,f84450a10c9998883b3c85cd334e349a412e6fb2a768943bbbd871bf91ba99b7,SMD_machine-3-2_pcmci_val0.2_b18962_4c3982c7290111cb,1.0,False,15,5,49f630ac8d324ba01390c1a1dcaa4386cd94ae84,49f630ac8d324ba01390c1a1dcaa4386cd94ae84,cuda,2.6.0+cu124,SMD/machine-3-2/seed1/smd_cf_val/eval/last/attempt1,,True,val,G_raw,diagnostic,raw,G_raw,0.0555893993446422,0.5771805660331782,0.0556956408223632,0.5319877226723916,0.1272932549117377,0.957619477006312,0.2596964586846539,0.1849638397516065,0.7498687105168584
eval/SMD/machine-3-2/seed1/smd_cf_val/eval/last,val_ckpt_eval,val_pred_mae_v2,SMD,machine-3-2,1,scripts/configs/smd_cf_val.yaml,last,80,1c141229aac87df7305bc02c58573a5b2a2f19b7bf80d49652386107c39368c1,0.24220734869881186,val0.2_b18962,train_sub_val,f84450a10c9998883b3c85cd334e349a412e6fb2a768943bbbd871bf91ba99b7,SMD_machine-3-2_pcmci_val0.2_b18962_4c3982c7290111cb,1.0,False,15,5,49f630ac8d324ba01390c1a1dcaa4386cd94ae84,49f630ac8d324ba01390c1a1dcaa4386cd94ae84,cuda,2.6.0+cu124,SMD/machine-3-2/seed1/smd_cf_val/eval/last/attempt1,,True,val,CF_raw,diagnostic,raw,CF_raw,0.0686341133884946,0.6293775263991178,0.0687644037905973,0.6138577045137862,0.1250125660630806,0.9331016507384884,0.1605273361768125,0.1424184106971356,0.6688610107393098
eval/SMD/machine-3-2/seed1/smd_cf_val/eval/best_val,val_ckpt_eval,val_pred_mae_v2,SMD,machine-3-2,1,scripts/configs/smd_cf_val.yaml,best_val,78,48bf03c428247667fdbca354d800340c384065a62376b4bf9235293fa37b1419,0.2356710544404505,val0.2_b18962,train_sub_val,f84450a10c9998883b3c85cd334e349a412e6fb2a768943bbbd871bf91ba99b7,SMD_machine-3-2_pcmci_val0.2_b18962_4c3982c7290111cb,1.0,False,15,5,49f630ac8d324ba01390c1a1dcaa4386cd94ae84,49f630ac8d324ba01390c1a1dcaa4386cd94ae84,cuda,2.6.0+cu124,SMD/machine-3-2/seed1/smd_cf_val/eval/best_val/attempt1,,True,val,A_off,fusion,raw,P_raw + C_raw,0.0737171998255996,0.5926541012382238,0.0666512585059331,0.5759264176655087,0.1089341026865774,0.9731159100925518,0.5229357798165132,0.3079861330801311,0.7261213076910366
eval/SMD/machine-3-2/seed1/smd_cf_val/eval/best_val,val_ckpt_eval,val_pred_mae_v2,SMD,machine-3-2,1,scripts/configs/smd_cf_val.yaml,best_val,78,48bf03c428247667fdbca354d800340c384065a62376b4bf9235293fa37b1419,0.2356710544404505,val0.2_b18962,train_sub_val,f84450a10c9998883b3c85cd334e349a412e6fb2a768943bbbd871bf91ba99b7,SMD_machine-3-2_pcmci_val0.2_b18962_4c3982c7290111cb,1.0,False,15,5,49f630ac8d324ba01390c1a1dcaa4386cd94ae84,49f630ac8d324ba01390c1a1dcaa4386cd94ae84,cuda,2.6.0+cu124,SMD/machine-3-2/seed1/smd_cf_val/eval/best_val/attempt1,,True,val,A_on,fusion,raw,P_raw + C_raw + 1*CF_raw,0.0758351037107414,0.6367531096331203,0.0707956631738183,0.6309130444115957,0.1246719832940838,0.9424175824175824,0.4999999999999995,0.2327548023066356,0.6828524907150972
eval/SMD/machine-3-2/seed1/smd_cf_val/eval/best_val,val_ckpt_eval,val_pred_mae_v2,SMD,machine-3-2,1,scripts/configs/smd_cf_val.yaml,best_val,78,48bf03c428247667fdbca354d800340c384065a62376b4bf9235293fa37b1419,0.2356710544404505,val0.2_b18962,train_sub_val,f84450a10c9998883b3c85cd334e349a412e6fb2a768943bbbd871bf91ba99b7,SMD_machine-3-2_pcmci_val0.2_b18962_4c3982c7290111cb,1.0,False,15,5,49f630ac8d324ba01390c1a1dcaa4386cd94ae84,49f630ac8d324ba01390c1a1dcaa4386cd94ae84,cuda,2.6.0+cu124,SMD/machine-3-2/seed1/smd_cf_val/eval/best_val/attempt1,,True,val,P_raw,diagnostic,raw,P_raw,0.0740702519782091,0.5952101399122801,0.0670432154263687,0.5786604648529297,0.1095341648235995,0.9726872246696036,0.5229357798165132,0.3061727300955787,0.7209171750139128
eval/SMD/machine-3-2/seed1/smd_cf_val/eval/best_val,val_ckpt_eval,val_pred_mae_v2,SMD,machine-3-2,1,scripts/configs/smd_cf_val.yaml,best_val,78,48bf03c428247667fdbca354d800340c384065a62376b4bf9235293fa37b1419,0.2356710544404505,val0.2_b18962,train_sub_val,f84450a10c9998883b3c85cd334e349a412e6fb2a768943bbbd871bf91ba99b7,SMD_machine-3-2_pcmci_val0.2_b18962_4c3982c7290111cb,1.0,False,15,5,49f630ac8d324ba01390c1a1dcaa4386cd94ae84,49f630ac8d324ba01390c1a1dcaa4386cd94ae84,cuda,2.6.0+cu124,SMD/machine-3-2/seed1/smd_cf_val/eval/best_val/attempt1,,True,val,C_raw,diagnostic,raw,C_raw,0.0420741499067929,0.4375257443426327,0.0427792229713252,0.432128535841701,0.089559827600814,0.9325153374233128,0.1428571428571424,0.1963972459077612,0.6988126062633864
eval/SMD/machine-3-2/seed1/smd_cf_val/eval/best_val,val_ckpt_eval,val_pred_mae_v2,SMD,machine-3-2,1,scripts/configs/smd_cf_val.yaml,best_val,78,48bf03c428247667fdbca354d800340c384065a62376b4bf9235293fa37b1419,0.2356710544404505,val0.2_b18962,train_sub_val,f84450a10c9998883b3c85cd334e349a412e6fb2a768943bbbd871bf91ba99b7,SMD_machine-3-2_pcmci_val0.2_b18962_4c3982c7290111cb,1.0,False,15,5,49f630ac8d324ba01390c1a1dcaa4386cd94ae84,49f630ac8d324ba01390c1a1dcaa4386cd94ae84,cuda,2.6.0+cu124,SMD/machine-3-2/seed1/smd_cf_val/eval/best_val/attempt1,,True,val,G_raw,diagnostic,raw,G_raw,0.0548459860944565,0.571407345419658,0.0550556212541009,0.5283135904104952,0.126092167339323,0.9554655870445344,0.2399999999999995,0.1735857120756229,0.7484795392603616
eval/SMD/machine-3-2/seed1/smd_cf_val/eval/best_val,val_ckpt_eval,val_pred_mae_v2,SMD,machine-3-2,1,scripts/configs/smd_cf_val.yaml,best_val,78,48bf03c428247667fdbca354d800340c384065a62376b4bf9235293fa37b1419,0.2356710544404505,val0.2_b18962,train_sub_val,f84450a10c9998883b3c85cd334e349a412e6fb2a768943bbbd871bf91ba99b7,SMD_machine-3-2_pcmci_val0.2_b18962_4c3982c7290111cb,1.0,False,15,5,49f630ac8d324ba01390c1a1dcaa4386cd94ae84,49f630ac8d324ba01390c1a1dcaa4386cd94ae84,cuda,2.6.0+cu124,SMD/machine-3-2/seed1/smd_cf_val/eval/best_val/attempt1,,True,val,CF_raw,diagnostic,raw,CF_raw,0.0663724404560362,0.6289267496221568,0.0671738856935647,0.6282017490105938,0.1208961845422376,0.9357798165137616,0.1614599443241569,0.1384666921458069,0.6685906999827163
eval/SMD/machine-3-2/seed2/smd_cf_val/eval/last,val_ckpt_eval,val_pred_mae_v2,SMD,machine-3-2,2,scripts/configs/smd_cf_val.yaml,last,80,27009629449a1568d0dfac19e9b1eac8a84f2f8c964a41be84313cf4095afbda,0.2347076368145713,val0.2_b18962,train_sub_val,f84450a10c9998883b3c85cd334e349a412e6fb2a768943bbbd871bf91ba99b7,SMD_machine-3-2_pcmci_val0.2_b18962_4c3982c7290111cb,1.0,False,15,5,49f630ac8d324ba01390c1a1dcaa4386cd94ae84,49f630ac8d324ba01390c1a1dcaa4386cd94ae84,cuda,2.6.0+cu124,SMD/machine-3-2/seed2/smd_cf_val/eval/last/attempt1,,True,val,A_off,fusion,raw,P_raw + C_raw,0.0766891676864261,0.6219101748269686,0.0702646107095889,0.597218420623968,0.1195446221231086,0.969258589511754,0.5026929982046674,0.2959002380476905,0.705012606585894
eval/SMD/machine-3-2/seed2/smd_cf_val/eval/last,val_ckpt_eval,val_pred_mae_v2,SMD,machine-3-2,2,scripts/configs/smd_cf_val.yaml,last,80,27009629449a1568d0dfac19e9b1eac8a84f2f8c964a41be84313cf4095afbda,0.2347076368145713,val0.2_b18962,train_sub_val,f84450a10c9998883b3c85cd334e349a412e6fb2a768943bbbd871bf91ba99b7,SMD_machine-3-2_pcmci_val0.2_b18962_4c3982c7290111cb,1.0,False,15,5,49f630ac8d324ba01390c1a1dcaa4386cd94ae84,49f630ac8d324ba01390c1a1dcaa4386cd94ae84,cuda,2.6.0+cu124,SMD/machine-3-2/seed2/smd_cf_val/eval/last/attempt1,,True,val,A_on,fusion,raw,P_raw + C_raw + 1*CF_raw,0.0570587868527536,0.5286049316149212,0.0541535061102731,0.5202878488018173,0.0956116026968259,0.946578366445916,0.3428571428571423,0.2123135348043335,0.6698974280605354
eval/SMD/machine-3-2/seed2/smd_cf_val/eval/last,val_ckpt_eval,val_pred_mae_v2,SMD,machine-3-2,2,scripts/configs/smd_cf_val.yaml,last,80,27009629449a1568d0dfac19e9b1eac8a84f2f8c964a41be84313cf4095afbda,0.2347076368145713,val0.2_b18962,train_sub_val,f84450a10c9998883b3c85cd334e349a412e6fb2a768943bbbd871bf91ba99b7,SMD_machine-3-2_pcmci_val0.2_b18962_4c3982c7290111cb,1.0,False,15,5,49f630ac8d324ba01390c1a1dcaa4386cd94ae84,49f630ac8d324ba01390c1a1dcaa4386cd94ae84,cuda,2.6.0+cu124,SMD/machine-3-2/seed2/smd_cf_val/eval/last/attempt1,,True,val,P_raw,diagnostic,raw,P_raw,0.077015036037005,0.6235237764238215,0.0705366593662077,0.5996525495396176,0.1202719320032752,0.969258589511754,0.512195121951219,0.2992793806254873,0.7092237650791802
eval/SMD/machine-3-2/seed2/smd_cf_val/eval/last,val_ckpt_eval,val_pred_mae_v2,SMD,machine-3-2,2,scripts/configs/smd_cf_val.yaml,last,80,27009629449a1568d0dfac19e9b1eac8a84f2f8c964a41be84313cf4095afbda,0.2347076368145713,val0.2_b18962,train_sub_val,f84450a10c9998883b3c85cd334e349a412e6fb2a768943bbbd871bf91ba99b7,SMD_machine-3-2_pcmci_val0.2_b18962_4c3982c7290111cb,1.0,False,15,5,49f630ac8d324ba01390c1a1dcaa4386cd94ae84,49f630ac8d324ba01390c1a1dcaa4386cd94ae84,cuda,2.6.0+cu124,SMD/machine-3-2/seed2/smd_cf_val/eval/last/attempt1,,True,val,C_raw,diagnostic,raw,C_raw,0.0446250462086047,0.4713767227025127,0.0447236829505983,0.4520157728362629,0.0920282814111045,0.8599182004089979,0.2399999999999995,0.1110934783945423,0.6774408794179395
eval/SMD/machine-3-2/seed2/smd_cf_val/eval/last,val_ckpt_eval,val_pred_mae_v2,SMD,machine-3-2,2,scripts/configs/smd_cf_val.yaml,last,80,27009629449a1568d0dfac19e9b1eac8a84f2f8c964a41be84313cf4095afbda,0.2347076368145713,val0.2_b18962,train_sub_val,f84450a10c9998883b3c85cd334e349a412e6fb2a768943bbbd871bf91ba99b7,SMD_machine-3-2_pcmci_val0.2_b18962_4c3982c7290111cb,1.0,False,15,5,49f630ac8d324ba01390c1a1dcaa4386cd94ae84,49f630ac8d324ba01390c1a1dcaa4386cd94ae84,cuda,2.6.0+cu124,SMD/machine-3-2/seed2/smd_cf_val/eval/last/attempt1,,True,val,G_raw,diagnostic,raw,G_raw,0.0434276209914633,0.4960620862614394,0.0440004147705559,0.4612685244852262,0.1047023899885554,0.6764495347172512,0.1818181818181816,0.1396808954819179,0.6807874869532956
eval/SMD/machine-3-2/seed2/smd_cf_val/eval/last,val_ckpt_eval,val_pred_mae_v2,SMD,machine-3-2,2,scripts/configs/smd_cf_val.yaml,last,80,27009629449a1568d0dfac19e9b1eac8a84f2f8c964a41be84313cf4095afbda,0.2347076368145713,val0.2_b18962,train_sub_val,f84450a10c9998883b3c85cd334e349a412e6fb2a768943bbbd871bf91ba99b7,SMD_machine-3-2_pcmci_val0.2_b18962_4c3982c7290111cb,1.0,False,15,5,49f630ac8d324ba01390c1a1dcaa4386cd94ae84,49f630ac8d324ba01390c1a1dcaa4386cd94ae84,cuda,2.6.0+cu124,SMD/machine-3-2/seed2/smd_cf_val/eval/last/attempt1,,True,val,CF_raw,diagnostic,raw,CF_raw,0.0448484790992878,0.4953118296913793,0.0458720127912203,0.4919967792013593,0.091864609980144,0.8750563824988723,0.0919890617295018,0.0872406663221981,0.6685792783014457
eval/SMD/machine-3-2/seed2/smd_cf_val/eval/best_val,val_ckpt_eval,val_pred_mae_v2,SMD,machine-3-2,2,scripts/configs/smd_cf_val.yaml,best_val,79,eef632e4a5c07e51bf2f07c2c55e0bf9d80a0df0d8fb8db793f5a2c2260b8631,0.23460313713627884,val0.2_b18962,train_sub_val,f84450a10c9998883b3c85cd334e349a412e6fb2a768943bbbd871bf91ba99b7,SMD_machine-3-2_pcmci_val0.2_b18962_4c3982c7290111cb,1.0,False,15,5,49f630ac8d324ba01390c1a1dcaa4386cd94ae84,49f630ac8d324ba01390c1a1dcaa4386cd94ae84,cuda,2.6.0+cu124,SMD/machine-3-2/seed2/smd_cf_val/eval/best_val/attempt1,,True,val,A_off,fusion,raw,P_raw + C_raw,0.0764631176135151,0.6205696025015606,0.0700321657523936,0.596495134049876,0.1193927090602949,0.969258589511754,0.512195121951219,0.2992793806254873,0.7092237650791802
eval/SMD/machine-3-2/seed2/smd_cf_val/eval/best_val,val_ckpt_eval,val_pred_mae_v2,SMD,machine-3-2,2,scripts/configs/smd_cf_val.yaml,best_val,79,eef632e4a5c07e51bf2f07c2c55e0bf9d80a0df0d8fb8db793f5a2c2260b8631,0.23460313713627884,val0.2_b18962,train_sub_val,f84450a10c9998883b3c85cd334e349a412e6fb2a768943bbbd871bf91ba99b7,SMD_machine-3-2_pcmci_val0.2_b18962_4c3982c7290111cb,1.0,False,15,5,49f630ac8d324ba01390c1a1dcaa4386cd94ae84,49f630ac8d324ba01390c1a1dcaa4386cd94ae84,cuda,2.6.0+cu124,SMD/machine-3-2/seed2/smd_cf_val/eval/best_val/attempt1,,True,val,A_on,fusion,raw,P_raw + C_raw + 1*CF_raw,0.057689768650407,0.5323246335404992,0.0546742978569342,0.5290747490411979,0.0967715392439695,0.9524655708573968,0.3658536585365849,0.2314211392921646,0.6705742841060737
eval/SMD/machine-3-2/seed2/smd_cf_val/eval/best_val,val_ckpt_eval,val_pred_mae_v2,SMD,machine-3-2,2,scripts/configs/smd_cf_val.yaml,best_val,79,eef632e4a5c07e51bf2f07c2c55e0bf9d80a0df0d8fb8db793f5a2c2260b8631,0.23460313713627884,val0.2_b18962,train_sub_val,f84450a10c9998883b3c85cd334e349a412e6fb2a768943bbbd871bf91ba99b7,SMD_machine-3-2_pcmci_val0.2_b18962_4c3982c7290111cb,1.0,False,15,5,49f630ac8d324ba01390c1a1dcaa4386cd94ae84,49f630ac8d324ba01390c1a1dcaa4386cd94ae84,cuda,2.6.0+cu124,SMD/machine-3-2/seed2/smd_cf_val/eval/best_val/attempt1,,True,val,P_raw,diagnostic,raw,P_raw,0.0766777074798294,0.6219393602327485,0.0703220848636711,0.5986464361816685,0.1199132314638671,0.969258589511754,0.512195121951219,0.2992793806254873,0.7092237650791802
eval/SMD/machine-3-2/seed2/smd_cf_val/eval/best_val,val_ckpt_eval,val_pred_mae_v2,SMD,machine-3-2,2,scripts/configs/smd_cf_val.yaml,best_val,79,eef632e4a5c07e51bf2f07c2c55e0bf9d80a0df0d8fb8db793f5a2c2260b8631,0.23460313713627884,val0.2_b18962,train_sub_val,f84450a10c9998883b3c85cd334e349a412e6fb2a768943bbbd871bf91ba99b7,SMD_machine-3-2_pcmci_val0.2_b18962_4c3982c7290111cb,1.0,False,15,5,49f630ac8d324ba01390c1a1dcaa4386cd94ae84,49f630ac8d324ba01390c1a1dcaa4386cd94ae84,cuda,2.6.0+cu124,SMD/machine-3-2/seed2/smd_cf_val/eval/best_val/attempt1,,True,val,C_raw,diagnostic,raw,C_raw,0.0455712111085709,0.4791305184521833,0.0461903503430653,0.4632842080875359,0.0917038168507269,0.9028625058657908,0.1818181818181814,0.1296936513054031,0.7255381969664858
eval/SMD/machine-3-2/seed2/smd_cf_val/eval/best_val,val_ckpt_eval,val_pred_mae_v2,SMD,machine-3-2,2,scripts/configs/smd_cf_val.yaml,best_val,79,eef632e4a5c07e51bf2f07c2c55e0bf9d80a0df0d8fb8db793f5a2c2260b8631,0.23460313713627884,val0.2_b18962,train_sub_val,f84450a10c9998883b3c85cd334e349a412e6fb2a768943bbbd871bf91ba99b7,SMD_machine-3-2_pcmci_val0.2_b18962_4c3982c7290111cb,1.0,False,15,5,49f630ac8d324ba01390c1a1dcaa4386cd94ae84,49f630ac8d324ba01390c1a1dcaa4386cd94ae84,cuda,2.6.0+cu124,SMD/machine-3-2/seed2/smd_cf_val/eval/best_val/attempt1,,True,val,G_raw,diagnostic,raw,G_raw,0.0441909229164556,0.5046326142318179,0.044731585562187,0.4693356510468098,0.1065604473723986,0.7185122569737954,0.1818181818181816,0.1354521439336621,0.6806020225490296
eval/SMD/machine-3-2/seed2/smd_cf_val/eval/best_val,val_ckpt_eval,val_pred_mae_v2,SMD,machine-3-2,2,scripts/configs/smd_cf_val.yaml,best_val,79,eef632e4a5c07e51bf2f07c2c55e0bf9d80a0df0d8fb8db793f5a2c2260b8631,0.23460313713627884,val0.2_b18962,train_sub_val,f84450a10c9998883b3c85cd334e349a412e6fb2a768943bbbd871bf91ba99b7,SMD_machine-3-2_pcmci_val0.2_b18962_4c3982c7290111cb,1.0,False,15,5,49f630ac8d324ba01390c1a1dcaa4386cd94ae84,49f630ac8d324ba01390c1a1dcaa4386cd94ae84,cuda,2.6.0+cu124,SMD/machine-3-2/seed2/smd_cf_val/eval/best_val/attempt1,,True,val,CF_raw,diagnostic,raw,CF_raw,0.0452852671344685,0.5002826911978453,0.0462495867690249,0.5021271275260907,0.0927945977825561,0.8729874776386404,0.0929493545183713,0.087607957092596,0.6686683372831018
eval/SMD/machine-3-2/seed3/smd_cf_val/eval/last,val_ckpt_eval,val_pred_mae_v2,SMD,machine-3-2,3,scripts/configs/smd_cf_val.yaml,last,80,de73e58da20f40c128b250ac7e8a1e7e4ad254b6c3c9b002f9fe55eabc79a31c,0.23255435718810144,val0.2_b18962,train_sub_val,f84450a10c9998883b3c85cd334e349a412e6fb2a768943bbbd871bf91ba99b7,SMD_machine-3-2_pcmci_val0.2_b18962_4c3982c7290111cb,1.0,False,15,5,49f630ac8d324ba01390c1a1dcaa4386cd94ae84,49f630ac8d324ba01390c1a1dcaa4386cd94ae84,cuda,2.6.0+cu124,SMD/machine-3-2/seed3/smd_cf_val/eval/last/attempt1,,True,val,A_off,fusion,raw,P_raw + C_raw,0.0759421898515382,0.6022168132291734,0.0684365400245588,0.5824219201199963,0.113072881500623,0.9813333333333332,0.6562499999999994,0.3428932550466732,0.7628000369713854
eval/SMD/machine-3-2/seed3/smd_cf_val/eval/last,val_ckpt_eval,val_pred_mae_v2,SMD,machine-3-2,3,scripts/configs/smd_cf_val.yaml,last,80,de73e58da20f40c128b250ac7e8a1e7e4ad254b6c3c9b002f9fe55eabc79a31c,0.23255435718810144,val0.2_b18962,train_sub_val,f84450a10c9998883b3c85cd334e349a412e6fb2a768943bbbd871bf91ba99b7,SMD_machine-3-2_pcmci_val0.2_b18962_4c3982c7290111cb,1.0,False,15,5,49f630ac8d324ba01390c1a1dcaa4386cd94ae84,49f630ac8d324ba01390c1a1dcaa4386cd94ae84,cuda,2.6.0+cu124,SMD/machine-3-2/seed3/smd_cf_val/eval/last/attempt1,,True,val,A_on,fusion,raw,P_raw + C_raw + 1*CF_raw,0.0666935735807029,0.5954971829695371,0.0637558490363303,0.5761925728420553,0.1115810125633449,0.9388839681133748,0.3934426229508191,0.1567410658988059,0.7332539431545089
eval/SMD/machine-3-2/seed3/smd_cf_val/eval/last,val_ckpt_eval,val_pred_mae_v2,SMD,machine-3-2,3,scripts/configs/smd_cf_val.yaml,last,80,de73e58da20f40c128b250ac7e8a1e7e4ad254b6c3c9b002f9fe55eabc79a31c,0.23255435718810144,val0.2_b18962,train_sub_val,f84450a10c9998883b3c85cd334e349a412e6fb2a768943bbbd871bf91ba99b7,SMD_machine-3-2_pcmci_val0.2_b18962_4c3982c7290111cb,1.0,False,15,5,49f630ac8d324ba01390c1a1dcaa4386cd94ae84,49f630ac8d324ba01390c1a1dcaa4386cd94ae84,cuda,2.6.0+cu124,SMD/machine-3-2/seed3/smd_cf_val/eval/last/attempt1,,True,val,P_raw,diagnostic,raw,P_raw,0.0762998178393305,0.6041499770529247,0.0688101802402538,0.584835690406443,0.1139147041462247,0.9813333333333332,0.649651972157772,0.3414789853762387,0.7623034470185341
eval/SMD/machine-3-2/seed3/smd_cf_val/eval/last,val_ckpt_eval,val_pred_mae_v2,SMD,machine-3-2,3,scripts/configs/smd_cf_val.yaml,last,80,de73e58da20f40c128b250ac7e8a1e7e4ad254b6c3c9b002f9fe55eabc79a31c,0.23255435718810144,val0.2_b18962,train_sub_val,f84450a10c9998883b3c85cd334e349a412e6fb2a768943bbbd871bf91ba99b7,SMD_machine-3-2_pcmci_val0.2_b18962_4c3982c7290111cb,1.0,False,15,5,49f630ac8d324ba01390c1a1dcaa4386cd94ae84,49f630ac8d324ba01390c1a1dcaa4386cd94ae84,cuda,2.6.0+cu124,SMD/machine-3-2/seed3/smd_cf_val/eval/last/attempt1,,True,val,C_raw,diagnostic,raw,C_raw,0.0450161693387168,0.4605696583970026,0.0460433727369924,0.4549089581624795,0.0894382358999119,0.9056122448979592,0.0987272101823184,0.535943389691185,0.6736439279950206
eval/SMD/machine-3-2/seed3/smd_cf_val/eval/last,val_ckpt_eval,val_pred_mae_v2,SMD,machine-3-2,3,scripts/configs/smd_cf_val.yaml,last,80,de73e58da20f40c128b250ac7e8a1e7e4ad254b6c3c9b002f9fe55eabc79a31c,0.23255435718810144,val0.2_b18962,train_sub_val,f84450a10c9998883b3c85cd334e349a412e6fb2a768943bbbd871bf91ba99b7,SMD_machine-3-2_pcmci_val0.2_b18962_4c3982c7290111cb,1.0,False,15,5,49f630ac8d324ba01390c1a1dcaa4386cd94ae84,49f630ac8d324ba01390c1a1dcaa4386cd94ae84,cuda,2.6.0+cu124,SMD/machine-3-2/seed3/smd_cf_val/eval/last/attempt1,,True,val,G_raw,diagnostic,raw,G_raw,0.0468314371382795,0.5090399099444578,0.0472078691526202,0.4661705201802898,0.1025550420266529,0.8653931585961795,0.1818181818181813,0.1267703833980114,0.6859621301226966
eval/SMD/machine-3-2/seed3/smd_cf_val/eval/last,val_ckpt_eval,val_pred_mae_v2,SMD,machine-3-2,3,scripts/configs/smd_cf_val.yaml,last,80,de73e58da20f40c128b250ac7e8a1e7e4ad254b6c3c9b002f9fe55eabc79a31c,0.23255435718810144,val0.2_b18962,train_sub_val,f84450a10c9998883b3c85cd334e349a412e6fb2a768943bbbd871bf91ba99b7,SMD_machine-3-2_pcmci_val0.2_b18962_4c3982c7290111cb,1.0,False,15,5,49f630ac8d324ba01390c1a1dcaa4386cd94ae84,49f630ac8d324ba01390c1a1dcaa4386cd94ae84,cuda,2.6.0+cu124,SMD/machine-3-2/seed3/smd_cf_val/eval/last/attempt1,,True,val,CF_raw,diagnostic,raw,CF_raw,0.0593521508889648,0.5810559367646879,0.0591371541714545,0.562556284385013,0.1080727607966949,0.8866583019657047,0.1538461538461535,0.1209514762950065,0.6863657869556504
eval/SMD/machine-3-2/seed3/smd_cf_val/eval/best_val,val_ckpt_eval,val_pred_mae_v2,SMD,machine-3-2,3,scripts/configs/smd_cf_val.yaml,best_val,75,84c1fddcc9448829f96b22ea6781a3c381fd1de0c28ad7b1953709f0fb6be88d,0.23178771885064497,val0.2_b18962,train_sub_val,f84450a10c9998883b3c85cd334e349a412e6fb2a768943bbbd871bf91ba99b7,SMD_machine-3-2_pcmci_val0.2_b18962_4c3982c7290111cb,1.0,False,15,5,49f630ac8d324ba01390c1a1dcaa4386cd94ae84,49f630ac8d324ba01390c1a1dcaa4386cd94ae84,cuda,2.6.0+cu124,SMD/machine-3-2/seed3/smd_cf_val/eval/best_val/attempt1,,True,val,A_off,fusion,raw,P_raw + C_raw,0.0757720076290861,0.6022493922867883,0.0682783027551522,0.5810307289658773,0.1136139102969337,0.979591836734694,0.6268656716417904,0.3342961625960113,0.7613126390201828
eval/SMD/machine-3-2/seed3/smd_cf_val/eval/best_val,val_ckpt_eval,val_pred_mae_v2,SMD,machine-3-2,3,scripts/configs/smd_cf_val.yaml,best_val,75,84c1fddcc9448829f96b22ea6781a3c381fd1de0c28ad7b1953709f0fb6be88d,0.23178771885064497,val0.2_b18962,train_sub_val,f84450a10c9998883b3c85cd334e349a412e6fb2a768943bbbd871bf91ba99b7,SMD_machine-3-2_pcmci_val0.2_b18962_4c3982c7290111cb,1.0,False,15,5,49f630ac8d324ba01390c1a1dcaa4386cd94ae84,49f630ac8d324ba01390c1a1dcaa4386cd94ae84,cuda,2.6.0+cu124,SMD/machine-3-2/seed3/smd_cf_val/eval/best_val/attempt1,,True,val,A_on,fusion,raw,P_raw + C_raw + 1*CF_raw,0.0666415367306815,0.5982013246021991,0.0637001593554134,0.576321911650204,0.1139080981863122,0.9426411738550466,0.4363636363636359,0.1653817709167118,0.7232592202645591
eval/SMD/machine-3-2/seed3/smd_cf_val/eval/best_val,val_ckpt_eval,val_pred_mae_v2,SMD,machine-3-2,3,scripts/configs/smd_cf_val.yaml,best_val,75,84c1fddcc9448829f96b22ea6781a3c381fd1de0c28ad7b1953709f0fb6be88d,0.23178771885064497,val0.2_b18962,train_sub_val,f84450a10c9998883b3c85cd334e349a412e6fb2a768943bbbd871bf91ba99b7,SMD_machine-3-2_pcmci_val0.2_b18962_4c3982c7290111cb,1.0,False,15,5,49f630ac8d324ba01390c1a1dcaa4386cd94ae84,49f630ac8d324ba01390c1a1dcaa4386cd94ae84,cuda,2.6.0+cu124,SMD/machine-3-2/seed3/smd_cf_val/eval/best_val/attempt1,,True,val,P_raw,diagnostic,raw,P_raw,0.0760605916589714,0.6041440681062005,0.0685086864040076,0.5834211641992043,0.114108031988321,0.9800266311584552,0.6268656716417904,0.3346229823857199,0.7613126390201828
eval/SMD/machine-3-2/seed3/smd_cf_val/eval/best_val,val_ckpt_eval,val_pred_mae_v2,SMD,machine-3-2,3,scripts/configs/smd_cf_val.yaml,best_val,75,84c1fddcc9448829f96b22ea6781a3c381fd1de0c28ad7b1953709f0fb6be88d,0.23178771885064497,val0.2_b18962,train_sub_val,f84450a10c9998883b3c85cd334e349a412e6fb2a768943bbbd871bf91ba99b7,SMD_machine-3-2_pcmci_val0.2_b18962_4c3982c7290111cb,1.0,False,15,5,49f630ac8d324ba01390c1a1dcaa4386cd94ae84,49f630ac8d324ba01390c1a1dcaa4386cd94ae84,cuda,2.6.0+cu124,SMD/machine-3-2/seed3/smd_cf_val/eval/best_val/attempt1,,True,val,C_raw,diagnostic,raw,C_raw,0.0445109971570846,0.4587499822831412,0.0454683001547634,0.4524732409885501,0.0894274176260762,0.8568815729309557,0.0959282487895231,0.5643770834875012,0.6754216745586968
eval/SMD/machine-3-2/seed3/smd_cf_val/eval/best_val,val_ckpt_eval,val_pred_mae_v2,SMD,machine-3-2,3,scripts/configs/smd_cf_val.yaml,best_val,75,84c1fddcc9448829f96b22ea6781a3c381fd1de0c28ad7b1953709f0fb6be88d,0.23178771885064497,val0.2_b18962,train_sub_val,f84450a10c9998883b3c85cd334e349a412e6fb2a768943bbbd871bf91ba99b7,SMD_machine-3-2_pcmci_val0.2_b18962_4c3982c7290111cb,1.0,False,15,5,49f630ac8d324ba01390c1a1dcaa4386cd94ae84,49f630ac8d324ba01390c1a1dcaa4386cd94ae84,cuda,2.6.0+cu124,SMD/machine-3-2/seed3/smd_cf_val/eval/best_val/attempt1,,True,val,G_raw,diagnostic,raw,G_raw,0.0455868827193087,0.4929982374969382,0.0461973553347764,0.4559163505978124,0.1006430685397657,0.8621752531924263,0.2307692307692302,0.1305160613582311,0.6865197674645451
eval/SMD/machine-3-2/seed3/smd_cf_val/eval/best_val,val_ckpt_eval,val_pred_mae_v2,SMD,machine-3-2,3,scripts/configs/smd_cf_val.yaml,best_val,75,84c1fddcc9448829f96b22ea6781a3c381fd1de0c28ad7b1953709f0fb6be88d,0.23178771885064497,val0.2_b18962,train_sub_val,f84450a10c9998883b3c85cd334e349a412e6fb2a768943bbbd871bf91ba99b7,SMD_machine-3-2_pcmci_val0.2_b18962_4c3982c7290111cb,1.0,False,15,5,49f630ac8d324ba01390c1a1dcaa4386cd94ae84,49f630ac8d324ba01390c1a1dcaa4386cd94ae84,cuda,2.6.0+cu124,SMD/machine-3-2/seed3/smd_cf_val/eval/best_val/attempt1,,True,val,CF_raw,diagnostic,raw,CF_raw,0.0588414546145122,0.585017027149015,0.0591866664013346,0.5655288452904682,0.1110699434187289,0.8901623686723973,0.1666666666666664,0.1275857677833021,0.6882858328821861
eval/SMD/machine-3-3/seed0/smd_cf_val/eval/last,val_ckpt_eval,val_pred_mae_v2,SMD,machine-3-3,0,scripts/configs/smd_cf_val.yaml,last,80,a32854e85e6807fbd0afc06b7066b8331e42f90980019ba2ed2c3b5a79edf525,0.12776445308263898,val0.2_b18962,train_sub_val,2436eb187421e938832f39de74ee002c126f5ade240a07ed06fadea10568a433,SMD_machine-3-3_pcmci_val0.2_b18962_dc756dc7e879e904,1.0,False,15,3,49f630ac8d324ba01390c1a1dcaa4386cd94ae84,49f630ac8d324ba01390c1a1dcaa4386cd94ae84,cuda,2.6.0+cu124,SMD/machine-3-3/seed0/smd_cf_val/eval/last/attempt1,,True,val,A_off,fusion,raw,P_raw + C_raw,0.1209413183921388,0.6850846960148154,0.1043369200884088,0.6925341425883365,0.1795617997717314,0.9534510433386838,0.8235294117647053,0.483665160767128,0.8802799235532638
eval/SMD/machine-3-3/seed0/smd_cf_val/eval/last,val_ckpt_eval,val_pred_mae_v2,SMD,machine-3-3,0,scripts/configs/smd_cf_val.yaml,last,80,a32854e85e6807fbd0afc06b7066b8331e42f90980019ba2ed2c3b5a79edf525,0.12776445308263898,val0.2_b18962,train_sub_val,2436eb187421e938832f39de74ee002c126f5ade240a07ed06fadea10568a433,SMD_machine-3-3_pcmci_val0.2_b18962_dc756dc7e879e904,1.0,False,15,3,49f630ac8d324ba01390c1a1dcaa4386cd94ae84,49f630ac8d324ba01390c1a1dcaa4386cd94ae84,cuda,2.6.0+cu124,SMD/machine-3-3/seed0/smd_cf_val/eval/last/attempt1,,True,val,A_on,fusion,raw,P_raw + C_raw + 1*CF_raw,0.1032691909030248,0.6934197880452143,0.0934588614943933,0.7050765333706889,0.134754977499504,0.9169381107491856,0.627093954843408,0.5219731845274669,0.8862526427201692
eval/SMD/machine-3-3/seed0/smd_cf_val/eval/last,val_ckpt_eval,val_pred_mae_v2,SMD,machine-3-3,0,scripts/configs/smd_cf_val.yaml,last,80,a32854e85e6807fbd0afc06b7066b8331e42f90980019ba2ed2c3b5a79edf525,0.12776445308263898,val0.2_b18962,train_sub_val,2436eb187421e938832f39de74ee002c126f5ade240a07ed06fadea10568a433,SMD_machine-3-3_pcmci_val0.2_b18962_dc756dc7e879e904,1.0,False,15,3,49f630ac8d324ba01390c1a1dcaa4386cd94ae84,49f630ac8d324ba01390c1a1dcaa4386cd94ae84,cuda,2.6.0+cu124,SMD/machine-3-3/seed0/smd_cf_val/eval/last/attempt1,,True,val,P_raw,diagnostic,raw,P_raw,0.1209085940124671,0.6842694404406833,0.1042368450352224,0.6917597673979408,0.1789883934599915,0.9534510433386838,0.8235294117647053,0.483665160767128,0.8802799235532638
eval/SMD/machine-3-3/seed0/smd_cf_val/eval/last,val_ckpt_eval,val_pred_mae_v2,SMD,machine-3-3,0,scripts/configs/smd_cf_val.yaml,last,80,a32854e85e6807fbd0afc06b7066b8331e42f90980019ba2ed2c3b5a79edf525,0.12776445308263898,val0.2_b18962,train_sub_val,2436eb187421e938832f39de74ee002c126f5ade240a07ed06fadea10568a433,SMD_machine-3-3_pcmci_val0.2_b18962_dc756dc7e879e904,1.0,False,15,3,49f630ac8d324ba01390c1a1dcaa4386cd94ae84,49f630ac8d324ba01390c1a1dcaa4386cd94ae84,cuda,2.6.0+cu124,SMD/machine-3-3/seed0/smd_cf_val/eval/last/attempt1,,True,val,C_raw,diagnostic,raw,C_raw,0.0285037312475138,0.5626029489576255,0.0313763430116325,0.4521675753853682,0.0649113555731508,0.7667924528301887,0.0646554942769059,0.0982599233882128,0.6697079457870049
eval/SMD/machine-3-3/seed0/smd_cf_val/eval/last,val_ckpt_eval,val_pred_mae_v2,SMD,machine-3-3,0,scripts/configs/smd_cf_val.yaml,last,80,a32854e85e6807fbd0afc06b7066b8331e42f90980019ba2ed2c3b5a79edf525,0.12776445308263898,val0.2_b18962,train_sub_val,2436eb187421e938832f39de74ee002c126f5ade240a07ed06fadea10568a433,SMD_machine-3-3_pcmci_val0.2_b18962_dc756dc7e879e904,1.0,False,15,3,49f630ac8d324ba01390c1a1dcaa4386cd94ae84,49f630ac8d324ba01390c1a1dcaa4386cd94ae84,cuda,2.6.0+cu124,SMD/machine-3-3/seed0/smd_cf_val/eval/last/attempt1,,True,val,G_raw,diagnostic,raw,G_raw,0.0989072851996165,0.700787688169151,0.0562599947298358,0.588858697004788,0.2212404487317605,0.8505550811272417,0.1823617339312401,0.102923551138348,0.7094056639068242
eval/SMD/machine-3-3/seed0/smd_cf_val/eval/last,val_ckpt_eval,val_pred_mae_v2,SMD,machine-3-3,0,scripts/configs/smd_cf_val.yaml,last,80,a32854e85e6807fbd0afc06b7066b8331e42f90980019ba2ed2c3b5a79edf525,0.12776445308263898,val0.2_b18962,train_sub_val,2436eb187421e938832f39de74ee002c126f5ade240a07ed06fadea10568a433,SMD_machine-3-3_pcmci_val0.2_b18962_dc756dc7e879e904,1.0,False,15,3,49f630ac8d324ba01390c1a1dcaa4386cd94ae84,49f630ac8d324ba01390c1a1dcaa4386cd94ae84,cuda,2.6.0+cu124,SMD/machine-3-3/seed0/smd_cf_val/eval/last/attempt1,,True,val,CF_raw,diagnostic,raw,CF_raw,0.0655271162450956,0.6341088386945921,0.0523996688254104,0.6447811686267922,0.0807760752928518,0.8920265780730897,0.455696202531645,0.3670354631901077,0.8359100563826529
eval/SMD/machine-3-3/seed0/smd_cf_val/eval/best_val,val_ckpt_eval,val_pred_mae_v2,SMD,machine-3-3,0,scripts/configs/smd_cf_val.yaml,best_val,79,0c074b65b9e22b26db503a640b0f4525e5b2a0419da63204cf7cebce530281b0,0.1182721808334631,val0.2_b18962,train_sub_val,2436eb187421e938832f39de74ee002c126f5ade240a07ed06fadea10568a433,SMD_machine-3-3_pcmci_val0.2_b18962_dc756dc7e879e904,1.0,False,15,3,49f630ac8d324ba01390c1a1dcaa4386cd94ae84,49f630ac8d324ba01390c1a1dcaa4386cd94ae84,cuda,2.6.0+cu124,SMD/machine-3-3/seed0/smd_cf_val/eval/best_val/attempt1,,True,val,A_off,fusion,raw,P_raw + C_raw,0.1280246674797223,0.7038186962168025,0.1100082305197487,0.711500963510056,0.1904088019796997,0.9509001636661212,0.8235294117647053,0.483665160767128,0.8845967459349338
eval/SMD/machine-3-3/seed0/smd_cf_val/eval/best_val,val_ckpt_eval,val_pred_mae_v2,SMD,machine-3-3,0,scripts/configs/smd_cf_val.yaml,best_val,79,0c074b65b9e22b26db503a640b0f4525e5b2a0419da63204cf7cebce530281b0,0.1182721808334631,val0.2_b18962,train_sub_val,2436eb187421e938832f39de74ee002c126f5ade240a07ed06fadea10568a433,SMD_machine-3-3_pcmci_val0.2_b18962_dc756dc7e879e904,1.0,False,15,3,49f630ac8d324ba01390c1a1dcaa4386cd94ae84,49f630ac8d324ba01390c1a1dcaa4386cd94ae84,cuda,2.6.0+cu124,SMD/machine-3-3/seed0/smd_cf_val/eval/best_val/attempt1,,True,val,A_on,fusion,raw,P_raw + C_raw + 1*CF_raw,0.1041690440074268,0.6962909010273901,0.0966653320241669,0.7077691689159197,0.1477912771259874,0.9233278955954324,0.6445458316051427,0.5075695033656528,0.8699438972546293
eval/SMD/machine-3-3/seed0/smd_cf_val/eval/best_val,val_ckpt_eval,val_pred_mae_v2,SMD,machine-3-3,0,scripts/configs/smd_cf_val.yaml,best_val,79,0c074b65b9e22b26db503a640b0f4525e5b2a0419da63204cf7cebce530281b0,0.1182721808334631,val0.2_b18962,train_sub_val,2436eb187421e938832f39de74ee002c126f5ade240a07ed06fadea10568a433,SMD_machine-3-3_pcmci_val0.2_b18962_dc756dc7e879e904,1.0,False,15,3,49f630ac8d324ba01390c1a1dcaa4386cd94ae84,49f630ac8d324ba01390c1a1dcaa4386cd94ae84,cuda,2.6.0+cu124,SMD/machine-3-3/seed0/smd_cf_val/eval/best_val/attempt1,,True,val,P_raw,diagnostic,raw,P_raw,0.127842606250211,0.7017713807249362,0.110508700052787,0.7096568742859828,0.1890433949182268,0.9509001636661212,0.8235294117647053,0.483665160767128,0.8772000495874762
eval/SMD/machine-3-3/seed0/smd_cf_val/eval/best_val,val_ckpt_eval,val_pred_mae_v2,SMD,machine-3-3,0,scripts/configs/smd_cf_val.yaml,best_val,79,0c074b65b9e22b26db503a640b0f4525e5b2a0419da63204cf7cebce530281b0,0.1182721808334631,val0.2_b18962,train_sub_val,2436eb187421e938832f39de74ee002c126f5ade240a07ed06fadea10568a433,SMD_machine-3-3_pcmci_val0.2_b18962_dc756dc7e879e904,1.0,False,15,3,49f630ac8d324ba01390c1a1dcaa4386cd94ae84,49f630ac8d324ba01390c1a1dcaa4386cd94ae84,cuda,2.6.0+cu124,SMD/machine-3-3/seed0/smd_cf_val/eval/best_val/attempt1,,True,val,C_raw,diagnostic,raw,C_raw,0.0290343756546443,0.5769254782649742,0.0327056948648689,0.4651956828224679,0.0672261128092712,0.6608369768894441,0.0669270429952866,0.1017712926405572,0.6697308083667282
eval/SMD/machine-3-3/seed0/smd_cf_val/eval/best_val,val_ckpt_eval,val_pred_mae_v2,SMD,machine-3-3,0,scripts/configs/smd_cf_val.yaml,best_val,79,0c074b65b9e22b26db503a640b0f4525e5b2a0419da63204cf7cebce530281b0,0.1182721808334631,val0.2_b18962,train_sub_val,2436eb187421e938832f39de74ee002c126f5ade240a07ed06fadea10568a433,SMD_machine-3-3_pcmci_val0.2_b18962_dc756dc7e879e904,1.0,False,15,3,49f630ac8d324ba01390c1a1dcaa4386cd94ae84,49f630ac8d324ba01390c1a1dcaa4386cd94ae84,cuda,2.6.0+cu124,SMD/machine-3-3/seed0/smd_cf_val/eval/best_val/attempt1,,True,val,G_raw,diagnostic,raw,G_raw,0.1021086339924951,0.7018887034290613,0.0554013132251325,0.5705253346543451,0.2334244348237288,0.8505550811272417,0.1865443425076448,0.0922571316536235,0.7121115895221073
eval/SMD/machine-3-3/seed0/smd_cf_val/eval/best_val,val_ckpt_eval,val_pred_mae_v2,SMD,machine-3-3,0,scripts/configs/smd_cf_val.yaml,best_val,79,0c074b65b9e22b26db503a640b0f4525e5b2a0419da63204cf7cebce530281b0,0.1182721808334631,val0.2_b18962,train_sub_val,2436eb187421e938832f39de74ee002c126f5ade240a07ed06fadea10568a433,SMD_machine-3-3_pcmci_val0.2_b18962_dc756dc7e879e904,1.0,False,15,3,49f630ac8d324ba01390c1a1dcaa4386cd94ae84,49f630ac8d324ba01390c1a1dcaa4386cd94ae84,cuda,2.6.0+cu124,SMD/machine-3-3/seed0/smd_cf_val/eval/best_val/attempt1,,True,val,CF_raw,diagnostic,raw,CF_raw,0.0612447924591278,0.6300096794661392,0.0517946512805768,0.6377718716063105,0.0891820133211842,0.8827930174563591,0.4107142857142852,0.3515818662160369,0.8222924985048906
eval/SMD/machine-3-3/seed1/smd_cf_val/eval/last,val_ckpt_eval,val_pred_mae_v2,SMD,machine-3-3,1,scripts/configs/smd_cf_val.yaml,last,80,785aab5d77bef648734ec27745d1264253a6b81dce97f47eb38368d5b0b558fe,0.12006400202911413,val0.2_b18962,train_sub_val,2436eb187421e938832f39de74ee002c126f5ade240a07ed06fadea10568a433,SMD_machine-3-3_pcmci_val0.2_b18962_dc756dc7e879e904,1.0,False,15,3,49f630ac8d324ba01390c1a1dcaa4386cd94ae84,49f630ac8d324ba01390c1a1dcaa4386cd94ae84,cuda,2.6.0+cu124,SMD/machine-3-3/seed1/smd_cf_val/eval/last/attempt1,,True,val,A_off,fusion,raw,P_raw + C_raw,0.1296597328914893,0.7118117342463739,0.1120070603819474,0.7196933662133973,0.1899462347398657,0.9509001636661212,0.8235294117647053,0.483665160767128,0.8778733742897141
eval/SMD/machine-3-3/seed1/smd_cf_val/eval/last,val_ckpt_eval,val_pred_mae_v2,SMD,machine-3-3,1,scripts/configs/smd_cf_val.yaml,last,80,785aab5d77bef648734ec27745d1264253a6b81dce97f47eb38368d5b0b558fe,0.12006400202911413,val0.2_b18962,train_sub_val,2436eb187421e938832f39de74ee002c126f5ade240a07ed06fadea10568a433,SMD_machine-3-3_pcmci_val0.2_b18962_dc756dc7e879e904,1.0,False,15,3,49f630ac8d324ba01390c1a1dcaa4386cd94ae84,49f630ac8d324ba01390c1a1dcaa4386cd94ae84,cuda,2.6.0+cu124,SMD/machine-3-3/seed1/smd_cf_val/eval/last/attempt1,,True,val,A_on,fusion,raw,P_raw + C_raw + 1*CF_raw,0.1027006987737133,0.6912610502893137,0.0916598822343931,0.7029313868767504,0.1418608476687792,0.9183333333333332,0.5991399904443376,0.4819555304534166,0.8912064358884024
eval/SMD/machine-3-3/seed1/smd_cf_val/eval/last,val_ckpt_eval,val_pred_mae_v2,SMD,machine-3-3,1,scripts/configs/smd_cf_val.yaml,last,80,785aab5d77bef648734ec27745d1264253a6b81dce97f47eb38368d5b0b558fe,0.12006400202911413,val0.2_b18962,train_sub_val,2436eb187421e938832f39de74ee002c126f5ade240a07ed06fadea10568a433,SMD_machine-3-3_pcmci_val0.2_b18962_dc756dc7e879e904,1.0,False,15,3,49f630ac8d324ba01390c1a1dcaa4386cd94ae84,49f630ac8d324ba01390c1a1dcaa4386cd94ae84,cuda,2.6.0+cu124,SMD/machine-3-3/seed1/smd_cf_val/eval/last/attempt1,,True,val,P_raw,diagnostic,raw,P_raw,0.1292809351103895,0.7094451088919357,0.1129309560400977,0.7176012825005268,0.1893007192001747,0.9509001636661212,0.8235294117647053,0.483665160767128,0.87840636052521
eval/SMD/machine-3-3/seed1/smd_cf_val/eval/last,val_ckpt_eval,val_pred_mae_v2,SMD,machine-3-3,1,scripts/configs/smd_cf_val.yaml,last,80,785aab5d77bef648734ec27745d1264253a6b81dce97f47eb38368d5b0b558fe,0.12006400202911413,val0.2_b18962,train_sub_val,2436eb187421e938832f39de74ee002c126f5ade240a07ed06fadea10568a433,SMD_machine-3-3_pcmci_val0.2_b18962_dc756dc7e879e904,1.0,False,15,3,49f630ac8d324ba01390c1a1dcaa4386cd94ae84,49f630ac8d324ba01390c1a1dcaa4386cd94ae84,cuda,2.6.0+cu124,SMD/machine-3-3/seed1/smd_cf_val/eval/last/attempt1,,True,val,C_raw,diagnostic,raw,C_raw,0.0299869491166605,0.5887807659923882,0.0335633826490406,0.452160349477594,0.0685731843481127,0.679144385026738,0.0672189836289723,0.1021890810727751,0.6696853698773938
eval/SMD/machine-3-3/seed1/smd_cf_val/eval/last,val_ckpt_eval,val_pred_mae_v2,SMD,machine-3-3,1,scripts/configs/smd_cf_val.yaml,last,80,785aab5d77bef648734ec27745d1264253a6b81dce97f47eb38368d5b0b558fe,0.12006400202911413,val0.2_b18962,train_sub_val,2436eb187421e938832f39de74ee002c126f5ade240a07ed06fadea10568a433,SMD_machine-3-3_pcmci_val0.2_b18962_dc756dc7e879e904,1.0,False,15,3,49f630ac8d324ba01390c1a1dcaa4386cd94ae84,49f630ac8d324ba01390c1a1dcaa4386cd94ae84,cuda,2.6.0+cu124,SMD/machine-3-3/seed1/smd_cf_val/eval/last/attempt1,,True,val,G_raw,diagnostic,raw,G_raw,0.0864341385743192,0.639714942878251,0.0428233750886563,0.3995012139905334,0.1841336757128245,0.874451273046532,0.1746575342465748,0.0775298620649109,0.6823551065276586
eval/SMD/machine-3-3/seed1/smd_cf_val/eval/last,val_ckpt_eval,val_pred_mae_v2,SMD,machine-3-3,1,scripts/configs/smd_cf_val.yaml,last,80,785aab5d77bef648734ec27745d1264253a6b81dce97f47eb38368d5b0b558fe,0.12006400202911413,val0.2_b18962,train_sub_val,2436eb187421e938832f39de74ee002c126f5ade240a07ed06fadea10568a433,SMD_machine-3-3_pcmci_val0.2_b18962_dc756dc7e879e904,1.0,False,15,3,49f630ac8d324ba01390c1a1dcaa4386cd94ae84,49f630ac8d324ba01390c1a1dcaa4386cd94ae84,cuda,2.6.0+cu124,SMD/machine-3-3/seed1/smd_cf_val/eval/last/attempt1,,True,val,CF_raw,diagnostic,raw,CF_raw,0.0578378799291815,0.6227528242525102,0.0475127550285089,0.6315581014360524,0.0754513579855881,0.8841059602649006,0.4074074074074069,0.348457877555489,0.7500750309497762
eval/SMD/machine-3-3/seed1/smd_cf_val/eval/best_val,val_ckpt_eval,val_pred_mae_v2,SMD,machine-3-3,1,scripts/configs/smd_cf_val.yaml,best_val,54,9bda6e4e165aef470b6284874dbaae039b81213965669e7bc154512aeeaabf11,0.1195182299631985,val0.2_b18962,train_sub_val,2436eb187421e938832f39de74ee002c126f5ade240a07ed06fadea10568a433,SMD_machine-3-3_pcmci_val0.2_b18962_dc756dc7e879e904,1.0,False,15,3,49f630ac8d324ba01390c1a1dcaa4386cd94ae84,49f630ac8d324ba01390c1a1dcaa4386cd94ae84,cuda,2.6.0+cu124,SMD/machine-3-3/seed1/smd_cf_val/eval/best_val/attempt1,,True,val,A_off,fusion,raw,P_raw + C_raw,0.1304438821343768,0.7113898527799032,0.1135798201318018,0.7194388795874803,0.1914184742472624,0.9509001636661212,0.8235294117647053,0.483665160767128,0.8792320979599205
eval/SMD/machine-3-3/seed1/smd_cf_val/eval/best_val,val_ckpt_eval,val_pred_mae_v2,SMD,machine-3-3,1,scripts/configs/smd_cf_val.yaml,best_val,54,9bda6e4e165aef470b6284874dbaae039b81213965669e7bc154512aeeaabf11,0.1195182299631985,val0.2_b18962,train_sub_val,2436eb187421e938832f39de74ee002c126f5ade240a07ed06fadea10568a433,SMD_machine-3-3_pcmci_val0.2_b18962_dc756dc7e879e904,1.0,False,15,3,49f630ac8d324ba01390c1a1dcaa4386cd94ae84,49f630ac8d324ba01390c1a1dcaa4386cd94ae84,cuda,2.6.0+cu124,SMD/machine-3-3/seed1/smd_cf_val/eval/best_val/attempt1,,True,val,A_on,fusion,raw,P_raw + C_raw + 1*CF_raw,0.0981260175511941,0.6876343722315957,0.0885291970847001,0.699226894448044,0.1358055591332163,0.915702479338843,0.5714285714285708,0.469454830472255,0.8612766471326387
eval/SMD/machine-3-3/seed1/smd_cf_val/eval/best_val,val_ckpt_eval,val_pred_mae_v2,SMD,machine-3-3,1,scripts/configs/smd_cf_val.yaml,best_val,54,9bda6e4e165aef470b6284874dbaae039b81213965669e7bc154512aeeaabf11,0.1195182299631985,val0.2_b18962,train_sub_val,2436eb187421e938832f39de74ee002c126f5ade240a07ed06fadea10568a433,SMD_machine-3-3_pcmci_val0.2_b18962_dc756dc7e879e904,1.0,False,15,3,49f630ac8d324ba01390c1a1dcaa4386cd94ae84,49f630ac8d324ba01390c1a1dcaa4386cd94ae84,cuda,2.6.0+cu124,SMD/machine-3-3/seed1/smd_cf_val/eval/best_val/attempt1,,True,val,P_raw,diagnostic,raw,P_raw,0.1300893111185034,0.7091020600494651,0.1134436463850309,0.7171819006691915,0.1897580192006664,0.9509001636661212,0.8235294117647053,0.483665160767128,0.882166678858506
eval/SMD/machine-3-3/seed1/smd_cf_val/eval/best_val,val_ckpt_eval,val_pred_mae_v2,SMD,machine-3-3,1,scripts/configs/smd_cf_val.yaml,best_val,54,9bda6e4e165aef470b6284874dbaae039b81213965669e7bc154512aeeaabf11,0.1195182299631985,val0.2_b18962,train_sub_val,2436eb187421e938832f39de74ee002c126f5ade240a07ed06fadea10568a433,SMD_machine-3-3_pcmci_val0.2_b18962_dc756dc7e879e904,1.0,False,15,3,49f630ac8d324ba01390c1a1dcaa4386cd94ae84,49f630ac8d324ba01390c1a1dcaa4386cd94ae84,cuda,2.6.0+cu124,SMD/machine-3-3/seed1/smd_cf_val/eval/best_val/attempt1,,True,val,C_raw,diagnostic,raw,C_raw,0.0303193964701901,0.5950072053978872,0.0344500406863973,0.4572249174519723,0.0702636983215254,0.6198901769371568,0.0686593432670534,0.0969346698536934,0.6696853698773938
eval/SMD/machine-3-3/seed1/smd_cf_val/eval/best_val,val_ckpt_eval,val_pred_mae_v2,SMD,machine-3-3,1,scripts/configs/smd_cf_val.yaml,best_val,54,9bda6e4e165aef470b6284874dbaae039b81213965669e7bc154512aeeaabf11,0.1195182299631985,val0.2_b18962,train_sub_val,2436eb187421e938832f39de74ee002c126f5ade240a07ed06fadea10568a433,SMD_machine-3-3_pcmci_val0.2_b18962_dc756dc7e879e904,1.0,False,15,3,49f630ac8d324ba01390c1a1dcaa4386cd94ae84,49f630ac8d324ba01390c1a1dcaa4386cd94ae84,cuda,2.6.0+cu124,SMD/machine-3-3/seed1/smd_cf_val/eval/best_val/attempt1,,True,val,G_raw,diagnostic,raw,G_raw,0.0736043778914078,0.6336652422363931,0.0411227890187931,0.3931504877783477,0.17191498568795,0.8469387755102041,0.1806451612903221,0.0815197322400158,0.6785529395552385
eval/SMD/machine-3-3/seed1/smd_cf_val/eval/best_val,val_ckpt_eval,val_pred_mae_v2,SMD,machine-3-3,1,scripts/configs/smd_cf_val.yaml,best_val,54,9bda6e4e165aef470b6284874dbaae039b81213965669e7bc154512aeeaabf11,0.1195182299631985,val0.2_b18962,train_sub_val,2436eb187421e938832f39de74ee002c126f5ade240a07ed06fadea10568a433,SMD_machine-3-3_pcmci_val0.2_b18962_dc756dc7e879e904,1.0,False,15,3,49f630ac8d324ba01390c1a1dcaa4386cd94ae84,49f630ac8d324ba01390c1a1dcaa4386cd94ae84,cuda,2.6.0+cu124,SMD/machine-3-3/seed1/smd_cf_val/eval/best_val/attempt1,,True,val,CF_raw,diagnostic,raw,CF_raw,0.0564415812376596,0.6183108563157761,0.0464454259164243,0.6281365655942427,0.0763301011745934,0.8776508972267537,0.375426621160409,0.2945004198152813,0.7274604225056489
eval/SMD/machine-3-3/seed2/smd_cf_val/eval/last,val_ckpt_eval,val_pred_mae_v2,SMD,machine-3-3,2,scripts/configs/smd_cf_val.yaml,last,80,60655c2736a7bcd18b362881779ef2ae912eafc848c9f2bad1a90aa79c044a14,0.12251272505753277,val0.2_b18962,train_sub_val,2436eb187421e938832f39de74ee002c126f5ade240a07ed06fadea10568a433,SMD_machine-3-3_pcmci_val0.2_b18962_dc756dc7e879e904,1.0,False,15,3,49f630ac8d324ba01390c1a1dcaa4386cd94ae84,49f630ac8d324ba01390c1a1dcaa4386cd94ae84,cuda,2.6.0+cu124,SMD/machine-3-3/seed2/smd_cf_val/eval/last/attempt1,,True,val,A_off,fusion,raw,P_raw + C_raw,0.124216864899593,0.6978234717311288,0.1069461414406281,0.7057045112594029,0.1868508424034035,0.9509001636661212,0.8235294117647053,0.483665160767128,0.8767517675200891
eval/SMD/machine-3-3/seed2/smd_cf_val/eval/last,val_ckpt_eval,val_pred_mae_v2,SMD,machine-3-3,2,scripts/configs/smd_cf_val.yaml,last,80,60655c2736a7bcd18b362881779ef2ae912eafc848c9f2bad1a90aa79c044a14,0.12251272505753277,val0.2_b18962,train_sub_val,2436eb187421e938832f39de74ee002c126f5ade240a07ed06fadea10568a433,SMD_machine-3-3_pcmci_val0.2_b18962_dc756dc7e879e904,1.0,False,15,3,49f630ac8d324ba01390c1a1dcaa4386cd94ae84,49f630ac8d324ba01390c1a1dcaa4386cd94ae84,cuda,2.6.0+cu124,SMD/machine-3-3/seed2/smd_cf_val/eval/last/attempt1,,True,val,A_on,fusion,raw,P_raw + C_raw + 1*CF_raw,0.0827300078569069,0.6794271345047858,0.0733986281589225,0.6886868709491236,0.1241339670706952,0.9184339314845024,0.5870020964360582,0.4632410227762589,0.8480073533737049
eval/SMD/machine-3-3/seed2/smd_cf_val/eval/last,val_ckpt_eval,val_pred_mae_v2,SMD,machine-3-3,2,scripts/configs/smd_cf_val.yaml,last,80,60655c2736a7bcd18b362881779ef2ae912eafc848c9f2bad1a90aa79c044a14,0.12251272505753277,val0.2_b18962,train_sub_val,2436eb187421e938832f39de74ee002c126f5ade240a07ed06fadea10568a433,SMD_machine-3-3_pcmci_val0.2_b18962_dc756dc7e879e904,1.0,False,15,3,49f630ac8d324ba01390c1a1dcaa4386cd94ae84,49f630ac8d324ba01390c1a1dcaa4386cd94ae84,cuda,2.6.0+cu124,SMD/machine-3-3/seed2/smd_cf_val/eval/last/attempt1,,True,val,P_raw,diagnostic,raw,P_raw,0.1242035944574044,0.6981094029413283,0.1070042110955317,0.7060633606529894,0.1852776667979785,0.9509001636661212,0.8235294117647053,0.483665160767128,0.8767517675200891
eval/SMD/machine-3-3/seed2/smd_cf_val/eval/last,val_ckpt_eval,val_pred_mae_v2,SMD,machine-3-3,2,scripts/configs/smd_cf_val.yaml,last,80,60655c2736a7bcd18b362881779ef2ae912eafc848c9f2bad1a90aa79c044a14,0.12251272505753277,val0.2_b18962,train_sub_val,2436eb187421e938832f39de74ee002c126f5ade240a07ed06fadea10568a433,SMD_machine-3-3_pcmci_val0.2_b18962_dc756dc7e879e904,1.0,False,15,3,49f630ac8d324ba01390c1a1dcaa4386cd94ae84,49f630ac8d324ba01390c1a1dcaa4386cd94ae84,cuda,2.6.0+cu124,SMD/machine-3-3/seed2/smd_cf_val/eval/last/attempt1,,True,val,C_raw,diagnostic,raw,C_raw,0.0267525764299002,0.5350870013030367,0.02892952947297,0.4607007200820365,0.0611963963406216,0.7747886241352806,0.0612397972881336,0.0844594229131376,0.6697145322497399
eval/SMD/machine-3-3/seed2/smd_cf_val/eval/last,val_ckpt_eval,val_pred_mae_v2,SMD,machine-3-3,2,scripts/configs/smd_cf_val.yaml,last,80,60655c2736a7bcd18b362881779ef2ae912eafc848c9f2bad1a90aa79c044a14,0.12251272505753277,val0.2_b18962,train_sub_val,2436eb187421e938832f39de74ee002c126f5ade240a07ed06fadea10568a433,SMD_machine-3-3_pcmci_val0.2_b18962_dc756dc7e879e904,1.0,False,15,3,49f630ac8d324ba01390c1a1dcaa4386cd94ae84,49f630ac8d324ba01390c1a1dcaa4386cd94ae84,cuda,2.6.0+cu124,SMD/machine-3-3/seed2/smd_cf_val/eval/last/attempt1,,True,val,G_raw,diagnostic,raw,G_raw,0.0999903290450291,0.6951012762514697,0.0540383273526383,0.5644353911301592,0.1866128079271782,0.8645833333333334,0.1924310455420136,0.0950663909634473,0.7027562299154982
eval/SMD/machine-3-3/seed2/smd_cf_val/eval/last,val_ckpt_eval,val_pred_mae_v2,SMD,machine-3-3,2,scripts/configs/smd_cf_val.yaml,last,80,60655c2736a7bcd18b362881779ef2ae912eafc848c9f2bad1a90aa79c044a14,0.12251272505753277,val0.2_b18962,train_sub_val,2436eb187421e938832f39de74ee002c126f5ade240a07ed06fadea10568a433,SMD_machine-3-3_pcmci_val0.2_b18962_dc756dc7e879e904,1.0,False,15,3,49f630ac8d324ba01390c1a1dcaa4386cd94ae84,49f630ac8d324ba01390c1a1dcaa4386cd94ae84,cuda,2.6.0+cu124,SMD/machine-3-3/seed2/smd_cf_val/eval/last/attempt1,,True,val,CF_raw,diagnostic,raw,CF_raw,0.0457625993433273,0.6208812183777578,0.0388624761674856,0.6245396598375329,0.0779239511603996,0.8164556962025317,0.2553191489361697,0.1864929118605265,0.7357035552212596
eval/SMD/machine-3-3/seed2/smd_cf_val/eval/best_val,val_ckpt_eval,val_pred_mae_v2,SMD,machine-3-3,2,scripts/configs/smd_cf_val.yaml,best_val,79,8f4bcde2773a794e0de3a1bac898d691c09a1f3edc5789042d9a697d77749516,0.11951458277521797,val0.2_b18962,train_sub_val,2436eb187421e938832f39de74ee002c126f5ade240a07ed06fadea10568a433,SMD_machine-3-3_pcmci_val0.2_b18962_dc756dc7e879e904,1.0,False,15,3,49f630ac8d324ba01390c1a1dcaa4386cd94ae84,49f630ac8d324ba01390c1a1dcaa4386cd94ae84,cuda,2.6.0+cu124,SMD/machine-3-3/seed2/smd_cf_val/eval/best_val/attempt1,,True,val,A_off,fusion,raw,P_raw + C_raw,0.1274679117850831,0.7056145912120216,0.1100428502381747,0.7136485100463756,0.1907846156361683,0.9509001636661212,0.8235294117647053,0.483665160767128,0.8781643480553463
eval/SMD/machine-3-3/seed2/smd_cf_val/eval/best_val,val_ckpt_eval,val_pred_mae_v2,SMD,machine-3-3,2,scripts/configs/smd_cf_val.yaml,best_val,79,8f4bcde2773a794e0de3a1bac898d691c09a1f3edc5789042d9a697d77749516,0.11951458277521797,val0.2_b18962,train_sub_val,2436eb187421e938832f39de74ee002c126f5ade240a07ed06fadea10568a433,SMD_machine-3-3_pcmci_val0.2_b18962_dc756dc7e879e904,1.0,False,15,3,49f630ac8d324ba01390c1a1dcaa4386cd94ae84,49f630ac8d324ba01390c1a1dcaa4386cd94ae84,cuda,2.6.0+cu124,SMD/machine-3-3/seed2/smd_cf_val/eval/best_val/attempt1,,True,val,A_on,fusion,raw,P_raw + C_raw + 1*CF_raw,0.0880702417567654,0.6822738910191459,0.0772014519704815,0.6905505686964006,0.1287396123192181,0.9202958093672966,0.6191011235955051,0.4854715012197553,0.8477864242214378
eval/SMD/machine-3-3/seed2/smd_cf_val/eval/best_val,val_ckpt_eval,val_pred_mae_v2,SMD,machine-3-3,2,scripts/configs/smd_cf_val.yaml,best_val,79,8f4bcde2773a794e0de3a1bac898d691c09a1f3edc5789042d9a697d77749516,0.11951458277521797,val0.2_b18962,train_sub_val,2436eb187421e938832f39de74ee002c126f5ade240a07ed06fadea10568a433,SMD_machine-3-3_pcmci_val0.2_b18962_dc756dc7e879e904,1.0,False,15,3,49f630ac8d324ba01390c1a1dcaa4386cd94ae84,49f630ac8d324ba01390c1a1dcaa4386cd94ae84,cuda,2.6.0+cu124,SMD/machine-3-3/seed2/smd_cf_val/eval/best_val/attempt1,,True,val,P_raw,diagnostic,raw,P_raw,0.1272622377900518,0.7051364154305015,0.1100794203687165,0.7132007138631364,0.1887972402501042,0.9509001636661212,0.8235294117647053,0.483665160767128,0.8767517675200891
eval/SMD/machine-3-3/seed2/smd_cf_val/eval/best_val,val_ckpt_eval,val_pred_mae_v2,SMD,machine-3-3,2,scripts/configs/smd_cf_val.yaml,best_val,79,8f4bcde2773a794e0de3a1bac898d691c09a1f3edc5789042d9a697d77749516,0.11951458277521797,val0.2_b18962,train_sub_val,2436eb187421e938832f39de74ee002c126f5ade240a07ed06fadea10568a433,SMD_machine-3-3_pcmci_val0.2_b18962_dc756dc7e879e904,1.0,False,15,3,49f630ac8d324ba01390c1a1dcaa4386cd94ae84,49f630ac8d324ba01390c1a1dcaa4386cd94ae84,cuda,2.6.0+cu124,SMD/machine-3-3/seed2/smd_cf_val/eval/best_val/attempt1,,True,val,C_raw,diagnostic,raw,C_raw,0.0281295495245178,0.5526270886185725,0.0309232262286589,0.4429880873952925,0.0633331973549554,0.8327759197324415,0.0645161290322578,0.079873612762442,0.6697461323562414
eval/SMD/machine-3-3/seed2/smd_cf_val/eval/best_val,val_ckpt_eval,val_pred_mae_v2,SMD,machine-3-3,2,scripts/configs/smd_cf_val.yaml,best_val,79,8f4bcde2773a794e0de3a1bac898d691c09a1f3edc5789042d9a697d77749516,0.11951458277521797,val0.2_b18962,train_sub_val,2436eb187421e938832f39de74ee002c126f5ade240a07ed06fadea10568a433,SMD_machine-3-3_pcmci_val0.2_b18962_dc756dc7e879e904,1.0,False,15,3,49f630ac8d324ba01390c1a1dcaa4386cd94ae84,49f630ac8d324ba01390c1a1dcaa4386cd94ae84,cuda,2.6.0+cu124,SMD/machine-3-3/seed2/smd_cf_val/eval/best_val/attempt1,,True,val,G_raw,diagnostic,raw,G_raw,0.1016869335801054,0.7159926763188719,0.0608300534877063,0.6357060296246952,0.1885195967998228,0.8578811369509044,0.1881188118811876,0.1025329513448567,0.7140337181624123
eval/SMD/machine-3-3/seed2/smd_cf_val/eval/best_val,val_ckpt_eval,val_pred_mae_v2,SMD,machine-3-3,2,scripts/configs/smd_cf_val.yaml,best_val,79,8f4bcde2773a794e0de3a1bac898d691c09a1f3edc5789042d9a697d77749516,0.11951458277521797,val0.2_b18962,train_sub_val,2436eb187421e938832f39de74ee002c126f5ade240a07ed06fadea10568a433,SMD_machine-3-3_pcmci_val0.2_b18962_dc756dc7e879e904,1.0,False,15,3,49f630ac8d324ba01390c1a1dcaa4386cd94ae84,49f630ac8d324ba01390c1a1dcaa4386cd94ae84,cuda,2.6.0+cu124,SMD/machine-3-3/seed2/smd_cf_val/eval/best_val/attempt1,,True,val,CF_raw,diagnostic,raw,CF_raw,0.0459622676435691,0.6192660415127521,0.038243488605297,0.6200450062077973,0.0747295971497672,0.8425324675324676,0.3243243243243238,0.2417413572343149,0.7274126403947945
eval/SMD/machine-3-3/seed3/smd_cf_val/eval/last,val_ckpt_eval,val_pred_mae_v2,SMD,machine-3-3,3,scripts/configs/smd_cf_val.yaml,last,80,d09bd08ba7729ab1a727af74a7d02b15758bea501cb608f5f854381d6f7ae03f,0.12077078021823784,val0.2_b18962,train_sub_val,2436eb187421e938832f39de74ee002c126f5ade240a07ed06fadea10568a433,SMD_machine-3-3_pcmci_val0.2_b18962_dc756dc7e879e904,1.0,False,15,3,49f630ac8d324ba01390c1a1dcaa4386cd94ae84,49f630ac8d324ba01390c1a1dcaa4386cd94ae84,cuda,2.6.0+cu124,SMD/machine-3-3/seed3/smd_cf_val/eval/last/attempt1,,True,val,A_off,fusion,raw,P_raw + C_raw,0.1270503244984339,0.7046276396922331,0.1102710482398403,0.7127372286162187,0.1884834996807034,0.9509001636661212,0.8235294117647053,0.483665160767128,0.8800446953321991
eval/SMD/machine-3-3/seed3/smd_cf_val/eval/last,val_ckpt_eval,val_pred_mae_v2,SMD,machine-3-3,3,scripts/configs/smd_cf_val.yaml,last,80,d09bd08ba7729ab1a727af74a7d02b15758bea501cb608f5f854381d6f7ae03f,0.12077078021823784,val0.2_b18962,train_sub_val,2436eb187421e938832f39de74ee002c126f5ade240a07ed06fadea10568a433,SMD_machine-3-3_pcmci_val0.2_b18962_dc756dc7e879e904,1.0,False,15,3,49f630ac8d324ba01390c1a1dcaa4386cd94ae84,49f630ac8d324ba01390c1a1dcaa4386cd94ae84,cuda,2.6.0+cu124,SMD/machine-3-3/seed3/smd_cf_val/eval/last/attempt1,,True,val,A_on,fusion,raw,P_raw + C_raw + 1*CF_raw,0.0946946952354324,0.6960687425970059,0.0875496402258525,0.7068369898884652,0.1330306459549226,0.9135399673735726,0.587412587412587,0.4563297926469009,0.882618943178796
eval/SMD/machine-3-3/seed3/smd_cf_val/eval/last,val_ckpt_eval,val_pred_mae_v2,SMD,machine-3-3,3,scripts/configs/smd_cf_val.yaml,last,80,d09bd08ba7729ab1a727af74a7d02b15758bea501cb608f5f854381d6f7ae03f,0.12077078021823784,val0.2_b18962,train_sub_val,2436eb187421e938832f39de74ee002c126f5ade240a07ed06fadea10568a433,SMD_machine-3-3_pcmci_val0.2_b18962_dc756dc7e879e904,1.0,False,15,3,49f630ac8d324ba01390c1a1dcaa4386cd94ae84,49f630ac8d324ba01390c1a1dcaa4386cd94ae84,cuda,2.6.0+cu124,SMD/machine-3-3/seed3/smd_cf_val/eval/last/attempt1,,True,val,P_raw,diagnostic,raw,P_raw,0.1269734946397339,0.7040647651515068,0.1097404066141478,0.7122610844277382,0.1875345422011246,0.9509001636661212,0.8235294117647053,0.483665160767128,0.8793059794509226
eval/SMD/machine-3-3/seed3/smd_cf_val/eval/last,val_ckpt_eval,val_pred_mae_v2,SMD,machine-3-3,3,scripts/configs/smd_cf_val.yaml,last,80,d09bd08ba7729ab1a727af74a7d02b15758bea501cb608f5f854381d6f7ae03f,0.12077078021823784,val0.2_b18962,train_sub_val,2436eb187421e938832f39de74ee002c126f5ade240a07ed06fadea10568a433,SMD_machine-3-3_pcmci_val0.2_b18962_dc756dc7e879e904,1.0,False,15,3,49f630ac8d324ba01390c1a1dcaa4386cd94ae84,49f630ac8d324ba01390c1a1dcaa4386cd94ae84,cuda,2.6.0+cu124,SMD/machine-3-3/seed3/smd_cf_val/eval/last/attempt1,,True,val,C_raw,diagnostic,raw,C_raw,0.0277323771468023,0.5495508324285991,0.0306468484760636,0.4240022417074321,0.0626546405205912,0.7542687453600594,0.0619549595460452,0.0825191205476745,0.6696986082892724
eval/SMD/machine-3-3/seed3/smd_cf_val/eval/last,val_ckpt_eval,val_pred_mae_v2,SMD,machine-3-3,3,scripts/configs/smd_cf_val.yaml,last,80,d09bd08ba7729ab1a727af74a7d02b15758bea501cb608f5f854381d6f7ae03f,0.12077078021823784,val0.2_b18962,train_sub_val,2436eb187421e938832f39de74ee002c126f5ade240a07ed06fadea10568a433,SMD_machine-3-3_pcmci_val0.2_b18962_dc756dc7e879e904,1.0,False,15,3,49f630ac8d324ba01390c1a1dcaa4386cd94ae84,49f630ac8d324ba01390c1a1dcaa4386cd94ae84,cuda,2.6.0+cu124,SMD/machine-3-3/seed3/smd_cf_val/eval/last/attempt1,,True,val,G_raw,diagnostic,raw,G_raw,0.0768564434576727,0.6556669198824522,0.043815977990459,0.4719454346501981,0.1700737404160603,0.8571428571428571,0.1816220104297783,0.0908492382841533,0.6985567243692318
eval/SMD/machine-3-3/seed3/smd_cf_val/eval/last,val_ckpt_eval,val_pred_mae_v2,SMD,machine-3-3,3,scripts/configs/smd_cf_val.yaml,last,80,d09bd08ba7729ab1a727af74a7d02b15758bea501cb608f5f854381d6f7ae03f,0.12077078021823784,val0.2_b18962,train_sub_val,2436eb187421e938832f39de74ee002c126f5ade240a07ed06fadea10568a433,SMD_machine-3-3_pcmci_val0.2_b18962_dc756dc7e879e904,1.0,False,15,3,49f630ac8d324ba01390c1a1dcaa4386cd94ae84,49f630ac8d324ba01390c1a1dcaa4386cd94ae84,cuda,2.6.0+cu124,SMD/machine-3-3/seed3/smd_cf_val/eval/last/attempt1,,True,val,CF_raw,diagnostic,raw,CF_raw,0.0542527970558356,0.6329253887978361,0.0458195328856088,0.6400065435432274,0.078722980711121,0.8714168714168714,0.323450134770889,0.2382881939461547,0.7853390363674637
eval/SMD/machine-3-3/seed3/smd_cf_val/eval/best_val,val_ckpt_eval,val_pred_mae_v2,SMD,machine-3-3,3,scripts/configs/smd_cf_val.yaml,best_val,76,f1630e40a5020f209c6d76a24935e77aae9fc7df03a37ceded19a4ffad0d364a,0.11886974025325281,val0.2_b18962,train_sub_val,2436eb187421e938832f39de74ee002c126f5ade240a07ed06fadea10568a433,SMD_machine-3-3_pcmci_val0.2_b18962_dc756dc7e879e904,1.0,False,15,3,49f630ac8d324ba01390c1a1dcaa4386cd94ae84,49f630ac8d324ba01390c1a1dcaa4386cd94ae84,cuda,2.6.0+cu124,SMD/machine-3-3/seed3/smd_cf_val/eval/best_val/attempt1,,True,val,A_off,fusion,raw,P_raw + C_raw,0.1295370420769027,0.7088822343512096,0.1121589197698512,0.7167818522563632,0.1897387698791762,0.9509001636661212,0.8235294117647053,0.483665160767128,0.8829420451693367
eval/SMD/machine-3-3/seed3/smd_cf_val/eval/best_val,val_ckpt_eval,val_pred_mae_v2,SMD,machine-3-3,3,scripts/configs/smd_cf_val.yaml,best_val,76,f1630e40a5020f209c6d76a24935e77aae9fc7df03a37ceded19a4ffad0d364a,0.11886974025325281,val0.2_b18962,train_sub_val,2436eb187421e938832f39de74ee002c126f5ade240a07ed06fadea10568a433,SMD_machine-3-3_pcmci_val0.2_b18962_dc756dc7e879e904,1.0,False,15,3,49f630ac8d324ba01390c1a1dcaa4386cd94ae84,49f630ac8d324ba01390c1a1dcaa4386cd94ae84,cuda,2.6.0+cu124,SMD/machine-3-3/seed3/smd_cf_val/eval/best_val/attempt1,,True,val,A_on,fusion,raw,P_raw + C_raw + 1*CF_raw,0.0989475297253309,0.7028708522650554,0.0905304657913081,0.7135688477866703,0.1369202262322484,0.9134377576257212,0.6082548877624905,0.4722302731146485,0.8820306314513477
eval/SMD/machine-3-3/seed3/smd_cf_val/eval/best_val,val_ckpt_eval,val_pred_mae_v2,SMD,machine-3-3,3,scripts/configs/smd_cf_val.yaml,best_val,76,f1630e40a5020f209c6d76a24935e77aae9fc7df03a37ceded19a4ffad0d364a,0.11886974025325281,val0.2_b18962,train_sub_val,2436eb187421e938832f39de74ee002c126f5ade240a07ed06fadea10568a433,SMD_machine-3-3_pcmci_val0.2_b18962_dc756dc7e879e904,1.0,False,15,3,49f630ac8d324ba01390c1a1dcaa4386cd94ae84,49f630ac8d324ba01390c1a1dcaa4386cd94ae84,cuda,2.6.0+cu124,SMD/machine-3-3/seed3/smd_cf_val/eval/best_val/attempt1,,True,val,P_raw,diagnostic,raw,P_raw,0.1294181942937698,0.7080342862223902,0.1119111078712973,0.7159770405720409,0.1883643551209999,0.9509001636661212,0.8235294117647053,0.483665160767128,0.8839561488546525
eval/SMD/machine-3-3/seed3/smd_cf_val/eval/best_val,val_ckpt_eval,val_pred_mae_v2,SMD,machine-3-3,3,scripts/configs/smd_cf_val.yaml,best_val,76,f1630e40a5020f209c6d76a24935e77aae9fc7df03a37ceded19a4ffad0d364a,0.11886974025325281,val0.2_b18962,train_sub_val,2436eb187421e938832f39de74ee002c126f5ade240a07ed06fadea10568a433,SMD_machine-3-3_pcmci_val0.2_b18962_dc756dc7e879e904,1.0,False,15,3,49f630ac8d324ba01390c1a1dcaa4386cd94ae84,49f630ac8d324ba01390c1a1dcaa4386cd94ae84,cuda,2.6.0+cu124,SMD/machine-3-3/seed3/smd_cf_val/eval/best_val/attempt1,,True,val,C_raw,diagnostic,raw,C_raw,0.0280945500587254,0.554340274537872,0.0308701546355363,0.4191041246458586,0.0633945600554121,0.8329004329004329,0.0626048627897055,0.0839292590144051,0.6696986082892724
eval/SMD/machine-3-3/seed3/smd_cf_val/eval/best_val,val_ckpt_eval,val_pred_mae_v2,SMD,machine-3-3,3,scripts/configs/smd_cf_val.yaml,best_val,76,f1630e40a5020f209c6d76a24935e77aae9fc7df03a37ceded19a4ffad0d364a,0.11886974025325281,val0.2_b18962,train_sub_val,2436eb187421e938832f39de74ee002c126f5ade240a07ed06fadea10568a433,SMD_machine-3-3_pcmci_val0.2_b18962_dc756dc7e879e904,1.0,False,15,3,49f630ac8d324ba01390c1a1dcaa4386cd94ae84,49f630ac8d324ba01390c1a1dcaa4386cd94ae84,cuda,2.6.0+cu124,SMD/machine-3-3/seed3/smd_cf_val/eval/best_val/attempt1,,True,val,G_raw,diagnostic,raw,G_raw,0.0753293648559869,0.6450949435698377,0.0428869061580757,0.456030660830539,0.1657230788104,0.8498293515358362,0.1820187534473243,0.0905514464470605,0.6955909735062429
eval/SMD/machine-3-3/seed3/smd_cf_val/eval/best_val,val_ckpt_eval,val_pred_mae_v2,SMD,machine-3-3,3,scripts/configs/smd_cf_val.yaml,best_val,76,f1630e40a5020f209c6d76a24935e77aae9fc7df03a37ceded19a4ffad0d364a,0.11886974025325281,val0.2_b18962,train_sub_val,2436eb187421e938832f39de74ee002c126f5ade240a07ed06fadea10568a433,SMD_machine-3-3_pcmci_val0.2_b18962_dc756dc7e879e904,1.0,False,15,3,49f630ac8d324ba01390c1a1dcaa4386cd94ae84,49f630ac8d324ba01390c1a1dcaa4386cd94ae84,cuda,2.6.0+cu124,SMD/machine-3-3/seed3/smd_cf_val/eval/best_val/attempt1,,True,val,CF_raw,diagnostic,raw,CF_raw,0.0560471688783554,0.6385465185207952,0.0484313009803981,0.6465458745538111,0.0779748442657026,0.8739903069466882,0.3726708074534157,0.2941299735442806,0.7994904403836445
eval/SMD/machine-3-4/seed0/smd_cf_val/eval/last,val_ckpt_eval,val_pred_mae_v2,SMD,machine-3-4,0,scripts/configs/smd_cf_val.yaml,last,80,3dd7957705db9024d2b0672007d4d5e5e4429db29c65788b40d5c66d980006de,0.2761826321133651,val0.2_b18950,train_sub_val,414d1915f8688888d75c92fbe6e8392fe7758de0e04337512bbee2f9ce39fe5c,SMD_machine-3-4_pcmci_val0.2_b18950_ae8676a58cabc147,1.0,False,15,25,49f630ac8d324ba01390c1a1dcaa4386cd94ae84,49f630ac8d324ba01390c1a1dcaa4386cd94ae84,cuda,2.6.0+cu124,SMD/machine-3-4/seed0/smd_cf_val/eval/last/attempt1,,True,val,A_off,fusion,raw,P_raw + C_raw,0.8844264446409643,0.953467955117836,0.883788672010061,0.9693125937202876,0.8862956451918319,0.9928861788617886,0.9911054637865304,0.4792163464176288,0.9957899926269526
eval/SMD/machine-3-4/seed0/smd_cf_val/eval/last,val_ckpt_eval,val_pred_mae_v2,SMD,machine-3-4,0,scripts/configs/smd_cf_val.yaml,last,80,3dd7957705db9024d2b0672007d4d5e5e4429db29c65788b40d5c66d980006de,0.2761826321133651,val0.2_b18950,train_sub_val,414d1915f8688888d75c92fbe6e8392fe7758de0e04337512bbee2f9ce39fe5c,SMD_machine-3-4_pcmci_val0.2_b18950_ae8676a58cabc147,1.0,False,15,25,49f630ac8d324ba01390c1a1dcaa4386cd94ae84,49f630ac8d324ba01390c1a1dcaa4386cd94ae84,cuda,2.6.0+cu124,SMD/machine-3-4/seed0/smd_cf_val/eval/last/attempt1,,True,val,A_on,fusion,raw,P_raw + C_raw + 1*CF_raw,0.8823601567565083,0.9631160315285576,0.8587397080828423,0.9752270865593776,0.866085727938276,0.9701414353064431,0.866362946089597,0.4532600541595228,0.8857705809397509
eval/SMD/machine-3-4/seed0/smd_cf_val/eval/last,val_ckpt_eval,val_pred_mae_v2,SMD,machine-3-4,0,scripts/configs/smd_cf_val.yaml,last,80,3dd7957705db9024d2b0672007d4d5e5e4429db29c65788b40d5c66d980006de,0.2761826321133651,val0.2_b18950,train_sub_val,414d1915f8688888d75c92fbe6e8392fe7758de0e04337512bbee2f9ce39fe5c,SMD_machine-3-4_pcmci_val0.2_b18950_ae8676a58cabc147,1.0,False,15,25,49f630ac8d324ba01390c1a1dcaa4386cd94ae84,49f630ac8d324ba01390c1a1dcaa4386cd94ae84,cuda,2.6.0+cu124,SMD/machine-3-4/seed0/smd_cf_val/eval/last/attempt1,,True,val,P_raw,diagnostic,raw,P_raw,0.8844907325975027,0.9536428738028532,0.8838026736274733,0.9694160141220884,0.8862956451918319,0.9928861788617886,0.9911054637865304,0.4792163464176288,0.9957899926269526
eval/SMD/machine-3-4/seed0/smd_cf_val/eval/last,val_ckpt_eval,val_pred_mae_v2,SMD,machine-3-4,0,scripts/configs/smd_cf_val.yaml,last,80,3dd7957705db9024d2b0672007d4d5e5e4429db29c65788b40d5c66d980006de,0.2761826321133651,val0.2_b18950,train_sub_val,414d1915f8688888d75c92fbe6e8392fe7758de0e04337512bbee2f9ce39fe5c,SMD_machine-3-4_pcmci_val0.2_b18950_ae8676a58cabc147,1.0,False,15,25,49f630ac8d324ba01390c1a1dcaa4386cd94ae84,49f630ac8d324ba01390c1a1dcaa4386cd94ae84,cuda,2.6.0+cu124,SMD/machine-3-4/seed0/smd_cf_val/eval/last/attempt1,,True,val,C_raw,diagnostic,raw,C_raw,0.047948653353274,0.5432177878077415,0.0510228750429009,0.5613373147868903,0.0886440417960135,0.8876341050254094,0.1176470588235289,0.0966269057124874,0.6733901616358339
eval/SMD/machine-3-4/seed0/smd_cf_val/eval/last,val_ckpt_eval,val_pred_mae_v2,SMD,machine-3-4,0,scripts/configs/smd_cf_val.yaml,last,80,3dd7957705db9024d2b0672007d4d5e5e4429db29c65788b40d5c66d980006de,0.2761826321133651,val0.2_b18950,train_sub_val,414d1915f8688888d75c92fbe6e8392fe7758de0e04337512bbee2f9ce39fe5c,SMD_machine-3-4_pcmci_val0.2_b18950_ae8676a58cabc147,1.0,False,15,25,49f630ac8d324ba01390c1a1dcaa4386cd94ae84,49f630ac8d324ba01390c1a1dcaa4386cd94ae84,cuda,2.6.0+cu124,SMD/machine-3-4/seed0/smd_cf_val/eval/last/attempt1,,True,val,G_raw,diagnostic,raw,G_raw,0.1348152329085144,0.5507008087019014,0.1023823984982743,0.5806465890795457,0.1982466286685547,0.9875776397515528,0.6451612903225801,0.2084301639879168,0.7997792530574737
eval/SMD/machine-3-4/seed0/smd_cf_val/eval/last,val_ckpt_eval,val_pred_mae_v2,SMD,machine-3-4,0,scripts/configs/smd_cf_val.yaml,last,80,3dd7957705db9024d2b0672007d4d5e5e4429db29c65788b40d5c66d980006de,0.2761826321133651,val0.2_b18950,train_sub_val,414d1915f8688888d75c92fbe6e8392fe7758de0e04337512bbee2f9ce39fe5c,SMD_machine-3-4_pcmci_val0.2_b18950_ae8676a58cabc147,1.0,False,15,25,49f630ac8d324ba01390c1a1dcaa4386cd94ae84,49f630ac8d324ba01390c1a1dcaa4386cd94ae84,cuda,2.6.0+cu124,SMD/machine-3-4/seed0/smd_cf_val/eval/last/attempt1,,True,val,CF_raw,diagnostic,raw,CF_raw,0.1399971529011807,0.8592922671422905,0.1470474262367811,0.8737913293969914,0.2912277352751597,0.6320315299175923,0.3749999999999996,0.2627966761988484,0.7431686143099363
eval/SMD/machine-3-4/seed0/smd_cf_val/eval/best_val,val_ckpt_eval,val_pred_mae_v2,SMD,machine-3-4,0,scripts/configs/smd_cf_val.yaml,best_val,78,2206d6a81bc0f85c42796f5cc96a8df52ac7d472a7a3414ef343527ca5849eeb,0.27585765754712616,val0.2_b18950,train_sub_val,414d1915f8688888d75c92fbe6e8392fe7758de0e04337512bbee2f9ce39fe5c,SMD_machine-3-4_pcmci_val0.2_b18950_ae8676a58cabc147,1.0,False,15,25,49f630ac8d324ba01390c1a1dcaa4386cd94ae84,49f630ac8d324ba01390c1a1dcaa4386cd94ae84,cuda,2.6.0+cu124,SMD/machine-3-4/seed0/smd_cf_val/eval/best_val/attempt1,,True,val,A_off,fusion,raw,P_raw + C_raw,0.8834492905290953,0.9510715082643724,0.8826309251618081,0.9674634271472384,0.8865356383343362,0.9928861788617886,0.9910941475826966,0.4786047735952166,0.9957873258668888
eval/SMD/machine-3-4/seed0/smd_cf_val/eval/best_val,val_ckpt_eval,val_pred_mae_v2,SMD,machine-3-4,0,scripts/configs/smd_cf_val.yaml,best_val,78,2206d6a81bc0f85c42796f5cc96a8df52ac7d472a7a3414ef343527ca5849eeb,0.27585765754712616,val0.2_b18950,train_sub_val,414d1915f8688888d75c92fbe6e8392fe7758de0e04337512bbee2f9ce39fe5c,SMD_machine-3-4_pcmci_val0.2_b18950_ae8676a58cabc147,1.0,False,15,25,49f630ac8d324ba01390c1a1dcaa4386cd94ae84,49f630ac8d324ba01390c1a1dcaa4386cd94ae84,cuda,2.6.0+cu124,SMD/machine-3-4/seed0/smd_cf_val/eval/best_val/attempt1,,True,val,A_on,fusion,raw,P_raw + C_raw + 1*CF_raw,0.8824150647360991,0.9628198713577788,0.8582230353693348,0.974961956103509,0.8682877004068201,0.9696335078534032,0.8719241937948947,0.444531804801232,0.886622437237078
eval/SMD/machine-3-4/seed0/smd_cf_val/eval/best_val,val_ckpt_eval,val_pred_mae_v2,SMD,machine-3-4,0,scripts/configs/smd_cf_val.yaml,best_val,78,2206d6a81bc0f85c42796f5cc96a8df52ac7d472a7a3414ef343527ca5849eeb,0.27585765754712616,val0.2_b18950,train_sub_val,414d1915f8688888d75c92fbe6e8392fe7758de0e04337512bbee2f9ce39fe5c,SMD_machine-3-4_pcmci_val0.2_b18950_ae8676a58cabc147,1.0,False,15,25,49f630ac8d324ba01390c1a1dcaa4386cd94ae84,49f630ac8d324ba01390c1a1dcaa4386cd94ae84,cuda,2.6.0+cu124,SMD/machine-3-4/seed0/smd_cf_val/eval/best_val/attempt1,,True,val,P_raw,diagnostic,raw,P_raw,0.8835084287713185,0.9512363723375176,0.8828514286808519,0.9675851281488091,0.8865356383343362,0.9928861788617886,0.9911054637865304,0.4792163464176288,0.9957899926269526
eval/SMD/machine-3-4/seed0/smd_cf_val/eval/best_val,val_ckpt_eval,val_pred_mae_v2,SMD,machine-3-4,0,scripts/configs/smd_cf_val.yaml,best_val,78,2206d6a81bc0f85c42796f5cc96a8df52ac7d472a7a3414ef343527ca5849eeb,0.27585765754712616,val0.2_b18950,train_sub_val,414d1915f8688888d75c92fbe6e8392fe7758de0e04337512bbee2f9ce39fe5c,SMD_machine-3-4_pcmci_val0.2_b18950_ae8676a58cabc147,1.0,False,15,25,49f630ac8d324ba01390c1a1dcaa4386cd94ae84,49f630ac8d324ba01390c1a1dcaa4386cd94ae84,cuda,2.6.0+cu124,SMD/machine-3-4/seed0/smd_cf_val/eval/best_val/attempt1,,True,val,C_raw,diagnostic,raw,C_raw,0.0492844778720648,0.5519907522820025,0.0522691788960561,0.5688237611712164,0.0910855089837869,0.8846370287000562,0.1206581352833635,0.0972224418058242,0.6690677211809911
eval/SMD/machine-3-4/seed0/smd_cf_val/eval/best_val,val_ckpt_eval,val_pred_mae_v2,SMD,machine-3-4,0,scripts/configs/smd_cf_val.yaml,best_val,78,2206d6a81bc0f85c42796f5cc96a8df52ac7d472a7a3414ef343527ca5849eeb,0.27585765754712616,val0.2_b18950,train_sub_val,414d1915f8688888d75c92fbe6e8392fe7758de0e04337512bbee2f9ce39fe5c,SMD_machine-3-4_pcmci_val0.2_b18950_ae8676a58cabc147,1.0,False,15,25,49f630ac8d324ba01390c1a1dcaa4386cd94ae84,49f630ac8d324ba01390c1a1dcaa4386cd94ae84,cuda,2.6.0+cu124,SMD/machine-3-4/seed0/smd_cf_val/eval/best_val/attempt1,,True,val,G_raw,diagnostic,raw,G_raw,0.1401475774124636,0.5922209677252821,0.1085755949628719,0.6175846805155482,0.2028087274685202,0.988089073019161,0.6666666666666662,0.2124474913876907,0.7927238860576322
eval/SMD/machine-3-4/seed0/smd_cf_val/eval/best_val,val_ckpt_eval,val_pred_mae_v2,SMD,machine-3-4,0,scripts/configs/smd_cf_val.yaml,best_val,78,2206d6a81bc0f85c42796f5cc96a8df52ac7d472a7a3414ef343527ca5849eeb,0.27585765754712616,val0.2_b18950,train_sub_val,414d1915f8688888d75c92fbe6e8392fe7758de0e04337512bbee2f9ce39fe5c,SMD_machine-3-4_pcmci_val0.2_b18950_ae8676a58cabc147,1.0,False,15,25,49f630ac8d324ba01390c1a1dcaa4386cd94ae84,49f630ac8d324ba01390c1a1dcaa4386cd94ae84,cuda,2.6.0+cu124,SMD/machine-3-4/seed0/smd_cf_val/eval/best_val/attempt1,,True,val,CF_raw,diagnostic,raw,CF_raw,0.1410507236700842,0.8606108415678575,0.1478967638125068,0.8750882817434211,0.2891028365433097,0.6591928251121076,0.3846153846153842,0.2619072359843558,0.7427749766141472
eval/SMD/machine-3-4/seed1/smd_cf_val/eval/last,val_ckpt_eval,val_pred_mae_v2,SMD,machine-3-4,1,scripts/configs/smd_cf_val.yaml,last,80,e1a73bc0b823525ffe08dd7d3728af92b67e8ca001abff19770dd9a5a852e959,0.2783251446537008,val0.2_b18950,train_sub_val,414d1915f8688888d75c92fbe6e8392fe7758de0e04337512bbee2f9ce39fe5c,SMD_machine-3-4_pcmci_val0.2_b18950_ae8676a58cabc147,1.0,False,15,25,49f630ac8d324ba01390c1a1dcaa4386cd94ae84,49f630ac8d324ba01390c1a1dcaa4386cd94ae84,cuda,2.6.0+cu124,SMD/machine-3-4/seed1/smd_cf_val/eval/last/attempt1,,True,val,A_off,fusion,raw,P_raw + C_raw,0.8825277495682962,0.9495113075382492,0.8826770722528242,0.9665489332812816,0.8856776105198066,0.9898682877406282,0.9874371859296476,0.4653933550911682,0.9956928424884034
eval/SMD/machine-3-4/seed1/smd_cf_val/eval/last,val_ckpt_eval,val_pred_mae_v2,SMD,machine-3-4,1,scripts/configs/smd_cf_val.yaml,last,80,e1a73bc0b823525ffe08dd7d3728af92b67e8ca001abff19770dd9a5a852e959,0.2783251446537008,val0.2_b18950,train_sub_val,414d1915f8688888d75c92fbe6e8392fe7758de0e04337512bbee2f9ce39fe5c,SMD_machine-3-4_pcmci_val0.2_b18950_ae8676a58cabc147,1.0,False,15,25,49f630ac8d324ba01390c1a1dcaa4386cd94ae84,49f630ac8d324ba01390c1a1dcaa4386cd94ae84,cuda,2.6.0+cu124,SMD/machine-3-4/seed1/smd_cf_val/eval/last/attempt1,,True,val,A_on,fusion,raw,P_raw + C_raw + 1*CF_raw,0.8877957355354483,0.9649998509843396,0.8804888295661157,0.9772586792749466,0.8730803629520538,0.972689075630252,0.9649758454106276,0.4520333618211206,0.9513133687841612
eval/SMD/machine-3-4/seed1/smd_cf_val/eval/last,val_ckpt_eval,val_pred_mae_v2,SMD,machine-3-4,1,scripts/configs/smd_cf_val.yaml,last,80,e1a73bc0b823525ffe08dd7d3728af92b67e8ca001abff19770dd9a5a852e959,0.2783251446537008,val0.2_b18950,train_sub_val,414d1915f8688888d75c92fbe6e8392fe7758de0e04337512bbee2f9ce39fe5c,SMD_machine-3-4_pcmci_val0.2_b18950_ae8676a58cabc147,1.0,False,15,25,49f630ac8d324ba01390c1a1dcaa4386cd94ae84,49f630ac8d324ba01390c1a1dcaa4386cd94ae84,cuda,2.6.0+cu124,SMD/machine-3-4/seed1/smd_cf_val/eval/last/attempt1,,True,val,P_raw,diagnostic,raw,P_raw,0.882542351762425,0.9495714774016736,0.8827136464397353,0.9665977085707698,0.8856776105198066,0.9898682877406282,0.9874686716791974,0.469584348427323,0.9956941809387384
eval/SMD/machine-3-4/seed1/smd_cf_val/eval/last,val_ckpt_eval,val_pred_mae_v2,SMD,machine-3-4,1,scripts/configs/smd_cf_val.yaml,last,80,e1a73bc0b823525ffe08dd7d3728af92b67e8ca001abff19770dd9a5a852e959,0.2783251446537008,val0.2_b18950,train_sub_val,414d1915f8688888d75c92fbe6e8392fe7758de0e04337512bbee2f9ce39fe5c,SMD_machine-3-4_pcmci_val0.2_b18950_ae8676a58cabc147,1.0,False,15,25,49f630ac8d324ba01390c1a1dcaa4386cd94ae84,49f630ac8d324ba01390c1a1dcaa4386cd94ae84,cuda,2.6.0+cu124,SMD/machine-3-4/seed1/smd_cf_val/eval/last/attempt1,,True,val,C_raw,diagnostic,raw,C_raw,0.0341511632741806,0.4334316836691055,0.0367410010831646,0.4547477997532452,0.079874192628702,0.8585472419442928,0.0798817782521242,0.109873974827825,0.6841741438415962
eval/SMD/machine-3-4/seed1/smd_cf_val/eval/last,val_ckpt_eval,val_pred_mae_v2,SMD,machine-3-4,1,scripts/configs/smd_cf_val.yaml,last,80,e1a73bc0b823525ffe08dd7d3728af92b67e8ca001abff19770dd9a5a852e959,0.2783251446537008,val0.2_b18950,train_sub_val,414d1915f8688888d75c92fbe6e8392fe7758de0e04337512bbee2f9ce39fe5c,SMD_machine-3-4_pcmci_val0.2_b18950_ae8676a58cabc147,1.0,False,15,25,49f630ac8d324ba01390c1a1dcaa4386cd94ae84,49f630ac8d324ba01390c1a1dcaa4386cd94ae84,cuda,2.6.0+cu124,SMD/machine-3-4/seed1/smd_cf_val/eval/last/attempt1,,True,val,G_raw,diagnostic,raw,G_raw,0.0765754835891091,0.7548784818996922,0.0834970032922129,0.7711988544761493,0.1734227770392431,0.7576953433307024,0.1758010118043843,0.1517450830813748,0.7415983224310227
eval/SMD/machine-3-4/seed1/smd_cf_val/eval/last,val_ckpt_eval,val_pred_mae_v2,SMD,machine-3-4,1,scripts/configs/smd_cf_val.yaml,last,80,e1a73bc0b823525ffe08dd7d3728af92b67e8ca001abff19770dd9a5a852e959,0.2783251446537008,val0.2_b18950,train_sub_val,414d1915f8688888d75c92fbe6e8392fe7758de0e04337512bbee2f9ce39fe5c,SMD_machine-3-4_pcmci_val0.2_b18950_ae8676a58cabc147,1.0,False,15,25,49f630ac8d324ba01390c1a1dcaa4386cd94ae84,49f630ac8d324ba01390c1a1dcaa4386cd94ae84,cuda,2.6.0+cu124,SMD/machine-3-4/seed1/smd_cf_val/eval/last/attempt1,,True,val,CF_raw,diagnostic,raw,CF_raw,0.0974297220779912,0.7922793160357037,0.1010408136641189,0.804458831121594,0.1839914830646607,0.930430164630908,0.3475935828877001,0.2212283878826361,0.7788331223963603
eval/SMD/machine-3-4/seed1/smd_cf_val/eval/best_val,val_ckpt_eval,val_pred_mae_v2,SMD,machine-3-4,1,scripts/configs/smd_cf_val.yaml,best_val,74,fe21c28a8e4f69bf7133eac453b175321ffc2ee526d455f9603e0511764c1468,0.27680842387452237,val0.2_b18950,train_sub_val,414d1915f8688888d75c92fbe6e8392fe7758de0e04337512bbee2f9ce39fe5c,SMD_machine-3-4_pcmci_val0.2_b18950_ae8676a58cabc147,1.0,False,15,25,49f630ac8d324ba01390c1a1dcaa4386cd94ae84,49f630ac8d324ba01390c1a1dcaa4386cd94ae84,cuda,2.6.0+cu124,SMD/machine-3-4/seed1/smd_cf_val/eval/best_val/attempt1,,True,val,A_off,fusion,raw,P_raw + C_raw,0.8828198166026177,0.9501629636162372,0.882803834245611,0.9671070815684216,0.885930803262782,0.9898682877406282,0.9874055415617125,0.4639198549442962,0.9956916190879564
eval/SMD/machine-3-4/seed1/smd_cf_val/eval/best_val,val_ckpt_eval,val_pred_mae_v2,SMD,machine-3-4,1,scripts/configs/smd_cf_val.yaml,best_val,74,fe21c28a8e4f69bf7133eac453b175321ffc2ee526d455f9603e0511764c1468,0.27680842387452237,val0.2_b18950,train_sub_val,414d1915f8688888d75c92fbe6e8392fe7758de0e04337512bbee2f9ce39fe5c,SMD_machine-3-4_pcmci_val0.2_b18950_ae8676a58cabc147,1.0,False,15,25,49f630ac8d324ba01390c1a1dcaa4386cd94ae84,49f630ac8d324ba01390c1a1dcaa4386cd94ae84,cuda,2.6.0+cu124,SMD/machine-3-4/seed1/smd_cf_val/eval/best_val/attempt1,,True,val,A_on,fusion,raw,P_raw + C_raw + 1*CF_raw,0.8879679869285222,0.9646784190200434,0.8805375778412661,0.9767777685871194,0.8738344545960687,0.9721784776902888,0.9644792293798912,0.4520333618211206,0.966761222359649
eval/SMD/machine-3-4/seed1/smd_cf_val/eval/best_val,val_ckpt_eval,val_pred_mae_v2,SMD,machine-3-4,1,scripts/configs/smd_cf_val.yaml,best_val,74,fe21c28a8e4f69bf7133eac453b175321ffc2ee526d455f9603e0511764c1468,0.27680842387452237,val0.2_b18950,train_sub_val,414d1915f8688888d75c92fbe6e8392fe7758de0e04337512bbee2f9ce39fe5c,SMD_machine-3-4_pcmci_val0.2_b18950_ae8676a58cabc147,1.0,False,15,25,49f630ac8d324ba01390c1a1dcaa4386cd94ae84,49f630ac8d324ba01390c1a1dcaa4386cd94ae84,cuda,2.6.0+cu124,SMD/machine-3-4/seed1/smd_cf_val/eval/best_val/attempt1,,True,val,P_raw,diagnostic,raw,P_raw,0.8828430826948761,0.9502567690870912,0.8829033475915691,0.9671689026369304,0.8864216268968587,0.9898682877406282,0.9874055415617125,0.4639198549442962,0.9956916190879564
eval/SMD/machine-3-4/seed1/smd_cf_val/eval/best_val,val_ckpt_eval,val_pred_mae_v2,SMD,machine-3-4,1,scripts/configs/smd_cf_val.yaml,best_val,74,fe21c28a8e4f69bf7133eac453b175321ffc2ee526d455f9603e0511764c1468,0.27680842387452237,val0.2_b18950,train_sub_val,414d1915f8688888d75c92fbe6e8392fe7758de0e04337512bbee2f9ce39fe5c,SMD_machine-3-4_pcmci_val0.2_b18950_ae8676a58cabc147,1.0,False,15,25,49f630ac8d324ba01390c1a1dcaa4386cd94ae84,49f630ac8d324ba01390c1a1dcaa4386cd94ae84,cuda,2.6.0+cu124,SMD/machine-3-4/seed1/smd_cf_val/eval/best_val/attempt1,,True,val,C_raw,diagnostic,raw,C_raw,0.033924892821685,0.4308391944281038,0.0364790644864845,0.4521866349447778,0.0801120107727911,0.8571428571428571,0.079993347746549,0.1095184440493055,0.684363157103512
eval/SMD/machine-3-4/seed1/smd_cf_val/eval/best_val,val_ckpt_eval,val_pred_mae_v2,SMD,machine-3-4,1,scripts/configs/smd_cf_val.yaml,best_val,74,fe21c28a8e4f69bf7133eac453b175321ffc2ee526d455f9603e0511764c1468,0.27680842387452237,val0.2_b18950,train_sub_val,414d1915f8688888d75c92fbe6e8392fe7758de0e04337512bbee2f9ce39fe5c,SMD_machine-3-4_pcmci_val0.2_b18950_ae8676a58cabc147,1.0,False,15,25,49f630ac8d324ba01390c1a1dcaa4386cd94ae84,49f630ac8d324ba01390c1a1dcaa4386cd94ae84,cuda,2.6.0+cu124,SMD/machine-3-4/seed1/smd_cf_val/eval/best_val/attempt1,,True,val,G_raw,diagnostic,raw,G_raw,0.0660144140796574,0.7098613018143345,0.0721345519279479,0.7296322207207908,0.1438034535922495,0.7570977917981072,0.1448085142043072,0.1468925624730063,0.7344868051150701
eval/SMD/machine-3-4/seed1/smd_cf_val/eval/best_val,val_ckpt_eval,val_pred_mae_v2,SMD,machine-3-4,1,scripts/configs/smd_cf_val.yaml,best_val,74,fe21c28a8e4f69bf7133eac453b175321ffc2ee526d455f9603e0511764c1468,0.27680842387452237,val0.2_b18950,train_sub_val,414d1915f8688888d75c92fbe6e8392fe7758de0e04337512bbee2f9ce39fe5c,SMD_machine-3-4_pcmci_val0.2_b18950_ae8676a58cabc147,1.0,False,15,25,49f630ac8d324ba01390c1a1dcaa4386cd94ae84,49f630ac8d324ba01390c1a1dcaa4386cd94ae84,cuda,2.6.0+cu124,SMD/machine-3-4/seed1/smd_cf_val/eval/best_val/attempt1,,True,val,CF_raw,diagnostic,raw,CF_raw,0.0952654149833341,0.7927728261444437,0.099718917729168,0.8042596813787536,0.1917788255765904,0.9235635213494992,0.3132530120481923,0.1932183969718001,0.7612506650766364
eval/SMD/machine-3-4/seed2/smd_cf_val/eval/last,val_ckpt_eval,val_pred_mae_v2,SMD,machine-3-4,2,scripts/configs/smd_cf_val.yaml,last,80,3b85f6261c3924170bd13c7f2577fac1798b9e71608ae77a9167a13a2631e569,0.2764193342655422,val0.2_b18950,train_sub_val,414d1915f8688888d75c92fbe6e8392fe7758de0e04337512bbee2f9ce39fe5c,SMD_machine-3-4_pcmci_val0.2_b18950_ae8676a58cabc147,1.0,False,15,25,49f630ac8d324ba01390c1a1dcaa4386cd94ae84,49f630ac8d324ba01390c1a1dcaa4386cd94ae84,cuda,2.6.0+cu124,SMD/machine-3-4/seed2/smd_cf_val/eval/last/attempt1,,True,val,A_off,fusion,raw,P_raw + C_raw,0.882624632413787,0.9480333246809566,0.8824065935093907,0.9650364215502268,0.8862956451918319,0.9893670886075948,0.9868338557993724,0.4640148427475012,0.9948390407318164
eval/SMD/machine-3-4/seed2/smd_cf_val/eval/last,val_ckpt_eval,val_pred_mae_v2,SMD,machine-3-4,2,scripts/configs/smd_cf_val.yaml,last,80,3b85f6261c3924170bd13c7f2577fac1798b9e71608ae77a9167a13a2631e569,0.2764193342655422,val0.2_b18950,train_sub_val,414d1915f8688888d75c92fbe6e8392fe7758de0e04337512bbee2f9ce39fe5c,SMD_machine-3-4_pcmci_val0.2_b18950_ae8676a58cabc147,1.0,False,15,25,49f630ac8d324ba01390c1a1dcaa4386cd94ae84,49f630ac8d324ba01390c1a1dcaa4386cd94ae84,cuda,2.6.0+cu124,SMD/machine-3-4/seed2/smd_cf_val/eval/last/attempt1,,True,val,A_on,fusion,raw,P_raw + C_raw + 1*CF_raw,0.8906398103174127,0.9682448304303232,0.8808725505460943,0.9800456646901944,0.8719905707883822,0.9868686868686868,0.9833759590792832,0.4331888873460484,0.9797385909429552
eval/SMD/machine-3-4/seed2/smd_cf_val/eval/last,val_ckpt_eval,val_pred_mae_v2,SMD,machine-3-4,2,scripts/configs/smd_cf_val.yaml,last,80,3b85f6261c3924170bd13c7f2577fac1798b9e71608ae77a9167a13a2631e569,0.2764193342655422,val0.2_b18950,train_sub_val,414d1915f8688888d75c92fbe6e8392fe7758de0e04337512bbee2f9ce39fe5c,SMD_machine-3-4_pcmci_val0.2_b18950_ae8676a58cabc147,1.0,False,15,25,49f630ac8d324ba01390c1a1dcaa4386cd94ae84,49f630ac8d324ba01390c1a1dcaa4386cd94ae84,cuda,2.6.0+cu124,SMD/machine-3-4/seed2/smd_cf_val/eval/last/attempt1,,True,val,P_raw,diagnostic,raw,P_raw,0.8826199995425952,0.9480718297865128,0.8823765329849118,0.9650560231233984,0.8862956451918319,0.9893670886075948,0.9868338557993724,0.4640148427475012,0.9948390407318164
eval/SMD/machine-3-4/seed2/smd_cf_val/eval/last,val_ckpt_eval,val_pred_mae_v2,SMD,machine-3-4,2,scripts/configs/smd_cf_val.yaml,last,80,3b85f6261c3924170bd13c7f2577fac1798b9e71608ae77a9167a13a2631e569,0.2764193342655422,val0.2_b18950,train_sub_val,414d1915f8688888d75c92fbe6e8392fe7758de0e04337512bbee2f9ce39fe5c,SMD_machine-3-4_pcmci_val0.2_b18950_ae8676a58cabc147,1.0,False,15,25,49f630ac8d324ba01390c1a1dcaa4386cd94ae84,49f630ac8d324ba01390c1a1dcaa4386cd94ae84,cuda,2.6.0+cu124,SMD/machine-3-4/seed2/smd_cf_val/eval/last/attempt1,,True,val,C_raw,diagnostic,raw,C_raw,0.041534611183312,0.4997394818502307,0.0442184527494844,0.5214326377517973,0.0796124476154442,0.8882019577537352,0.1333333333333328,0.1174562838228867,0.6806693553967249
eval/SMD/machine-3-4/seed2/smd_cf_val/eval/last,val_ckpt_eval,val_pred_mae_v2,SMD,machine-3-4,2,scripts/configs/smd_cf_val.yaml,last,80,3b85f6261c3924170bd13c7f2577fac1798b9e71608ae77a9167a13a2631e569,0.2764193342655422,val0.2_b18950,train_sub_val,414d1915f8688888d75c92fbe6e8392fe7758de0e04337512bbee2f9ce39fe5c,SMD_machine-3-4_pcmci_val0.2_b18950_ae8676a58cabc147,1.0,False,15,25,49f630ac8d324ba01390c1a1dcaa4386cd94ae84,49f630ac8d324ba01390c1a1dcaa4386cd94ae84,cuda,2.6.0+cu124,SMD/machine-3-4/seed2/smd_cf_val/eval/last/attempt1,,True,val,G_raw,diagnostic,raw,G_raw,0.0473086124706873,0.4873560775867958,0.0558246435776289,0.5250743985245768,0.1081634680704222,0.734128510965756,0.1383419689119169,0.1716435844718783,0.708306345298394
eval/SMD/machine-3-4/seed2/smd_cf_val/eval/last,val_ckpt_eval,val_pred_mae_v2,SMD,machine-3-4,2,scripts/configs/smd_cf_val.yaml,last,80,3b85f6261c3924170bd13c7f2577fac1798b9e71608ae77a9167a13a2631e569,0.2764193342655422,val0.2_b18950,train_sub_val,414d1915f8688888d75c92fbe6e8392fe7758de0e04337512bbee2f9ce39fe5c,SMD_machine-3-4_pcmci_val0.2_b18950_ae8676a58cabc147,1.0,False,15,25,49f630ac8d324ba01390c1a1dcaa4386cd94ae84,49f630ac8d324ba01390c1a1dcaa4386cd94ae84,cuda,2.6.0+cu124,SMD/machine-3-4/seed2/smd_cf_val/eval/last/attempt1,,True,val,CF_raw,diagnostic,raw,CF_raw,0.1318749334851551,0.8325293476310814,0.1387112705880831,0.8388394954626415,0.2098479487132205,0.9252136752136751,0.3381355932203387,0.1787665010312585,0.7767678686791952
eval/SMD/machine-3-4/seed2/smd_cf_val/eval/best_val,val_ckpt_eval,val_pred_mae_v2,SMD,machine-3-4,2,scripts/configs/smd_cf_val.yaml,best_val,79,a8d4c395312c72892a85785cdc353a632646bf71f7630def03a48c4ba8237fe1,0.27516325694899574,val0.2_b18950,train_sub_val,414d1915f8688888d75c92fbe6e8392fe7758de0e04337512bbee2f9ce39fe5c,SMD_machine-3-4_pcmci_val0.2_b18950_ae8676a58cabc147,1.0,False,15,25,49f630ac8d324ba01390c1a1dcaa4386cd94ae84,49f630ac8d324ba01390c1a1dcaa4386cd94ae84,cuda,2.6.0+cu124,SMD/machine-3-4/seed2/smd_cf_val/eval/best_val/attempt1,,True,val,A_off,fusion,raw,P_raw + C_raw,0.8828840074886718,0.9484585265520884,0.8827109286720105,0.9654242057756856,0.8862956451918319,0.9898682877406282,0.9874529485570884,0.4640148427475012,0.995693104736224
eval/SMD/machine-3-4/seed2/smd_cf_val/eval/best_val,val_ckpt_eval,val_pred_mae_v2,SMD,machine-3-4,2,scripts/configs/smd_cf_val.yaml,best_val,79,a8d4c395312c72892a85785cdc353a632646bf71f7630def03a48c4ba8237fe1,0.27516325694899574,val0.2_b18950,train_sub_val,414d1915f8688888d75c92fbe6e8392fe7758de0e04337512bbee2f9ce39fe5c,SMD_machine-3-4_pcmci_val0.2_b18950_ae8676a58cabc147,1.0,False,15,25,49f630ac8d324ba01390c1a1dcaa4386cd94ae84,49f630ac8d324ba01390c1a1dcaa4386cd94ae84,cuda,2.6.0+cu124,SMD/machine-3-4/seed2/smd_cf_val/eval/best_val/attempt1,,True,val,A_on,fusion,raw,P_raw + C_raw + 1*CF_raw,0.8916857754504798,0.9688203780561118,0.8836709344363632,0.9805112616903696,0.8714719398922777,0.9888663967611336,0.9858974358974354,0.4494122535178033,0.9954024386560512
eval/SMD/machine-3-4/seed2/smd_cf_val/eval/best_val,val_ckpt_eval,val_pred_mae_v2,SMD,machine-3-4,2,scripts/configs/smd_cf_val.yaml,best_val,79,a8d4c395312c72892a85785cdc353a632646bf71f7630def03a48c4ba8237fe1,0.27516325694899574,val0.2_b18950,train_sub_val,414d1915f8688888d75c92fbe6e8392fe7758de0e04337512bbee2f9ce39fe5c,SMD_machine-3-4_pcmci_val0.2_b18950_ae8676a58cabc147,1.0,False,15,25,49f630ac8d324ba01390c1a1dcaa4386cd94ae84,49f630ac8d324ba01390c1a1dcaa4386cd94ae84,cuda,2.6.0+cu124,SMD/machine-3-4/seed2/smd_cf_val/eval/best_val/attempt1,,True,val,P_raw,diagnostic,raw,P_raw,0.8828918409663379,0.948516937985634,0.8826792724781407,0.965445561613161,0.8862956451918319,0.9898682877406282,0.9874529485570884,0.464263878461247,0.995693104736224
eval/SMD/machine-3-4/seed2/smd_cf_val/eval/best_val,val_ckpt_eval,val_pred_mae_v2,SMD,machine-3-4,2,scripts/configs/smd_cf_val.yaml,best_val,79,a8d4c395312c72892a85785cdc353a632646bf71f7630def03a48c4ba8237fe1,0.27516325694899574,val0.2_b18950,train_sub_val,414d1915f8688888d75c92fbe6e8392fe7758de0e04337512bbee2f9ce39fe5c,SMD_machine-3-4_pcmci_val0.2_b18950_ae8676a58cabc147,1.0,False,15,25,49f630ac8d324ba01390c1a1dcaa4386cd94ae84,49f630ac8d324ba01390c1a1dcaa4386cd94ae84,cuda,2.6.0+cu124,SMD/machine-3-4/seed2/smd_cf_val/eval/best_val/attempt1,,True,val,C_raw,diagnostic,raw,C_raw,0.0426034059922158,0.5102947502707194,0.0454145967349715,0.5323082213126358,0.0808749722912378,0.8729113924050633,0.1818181818181814,0.1182933767656717,0.6805987355208228
eval/SMD/machine-3-4/seed2/smd_cf_val/eval/best_val,val_ckpt_eval,val_pred_mae_v2,SMD,machine-3-4,2,scripts/configs/smd_cf_val.yaml,best_val,79,a8d4c395312c72892a85785cdc353a632646bf71f7630def03a48c4ba8237fe1,0.27516325694899574,val0.2_b18950,train_sub_val,414d1915f8688888d75c92fbe6e8392fe7758de0e04337512bbee2f9ce39fe5c,SMD_machine-3-4_pcmci_val0.2_b18950_ae8676a58cabc147,1.0,False,15,25,49f630ac8d324ba01390c1a1dcaa4386cd94ae84,49f630ac8d324ba01390c1a1dcaa4386cd94ae84,cuda,2.6.0+cu124,SMD/machine-3-4/seed2/smd_cf_val/eval/best_val/attempt1,,True,val,G_raw,diagnostic,raw,G_raw,0.0492832545388101,0.496562021602807,0.0574837121106658,0.531576185428923,0.1076616503491253,0.7538522323192414,0.1460062983109073,0.1484436650235964,0.7168047565916071
eval/SMD/machine-3-4/seed2/smd_cf_val/eval/best_val,val_ckpt_eval,val_pred_mae_v2,SMD,machine-3-4,2,scripts/configs/smd_cf_val.yaml,best_val,79,a8d4c395312c72892a85785cdc353a632646bf71f7630def03a48c4ba8237fe1,0.27516325694899574,val0.2_b18950,train_sub_val,414d1915f8688888d75c92fbe6e8392fe7758de0e04337512bbee2f9ce39fe5c,SMD_machine-3-4_pcmci_val0.2_b18950_ae8676a58cabc147,1.0,False,15,25,49f630ac8d324ba01390c1a1dcaa4386cd94ae84,49f630ac8d324ba01390c1a1dcaa4386cd94ae84,cuda,2.6.0+cu124,SMD/machine-3-4/seed2/smd_cf_val/eval/best_val/attempt1,,True,val,CF_raw,diagnostic,raw,CF_raw,0.1324120294579583,0.82568024070831,0.1391044484135437,0.833432028113497,0.2016689580852305,0.9262032085561496,0.36239103362391,0.1874435587438323,0.7785728162097783
eval/SMD/machine-3-4/seed3/smd_cf_val/eval/last,val_ckpt_eval,val_pred_mae_v2,SMD,machine-3-4,3,scripts/configs/smd_cf_val.yaml,last,80,a4de38c92ab3ce6493861465e986c244ac632e58171eb5d6a22186cdac8e1363,0.2772858837364469,val0.2_b18950,train_sub_val,414d1915f8688888d75c92fbe6e8392fe7758de0e04337512bbee2f9ce39fe5c,SMD_machine-3-4_pcmci_val0.2_b18950_ae8676a58cabc147,1.0,False,15,25,49f630ac8d324ba01390c1a1dcaa4386cd94ae84,49f630ac8d324ba01390c1a1dcaa4386cd94ae84,cuda,2.6.0+cu124,SMD/machine-3-4/seed3/smd_cf_val/eval/last/attempt1,,True,val,A_off,fusion,raw,P_raw + C_raw,0.8842427443771652,0.9507932930959488,0.889054983521385,0.9676028508309652,0.8856776105198066,0.9908722109533468,0.9886363636363632,0.4645187633856345,0.9957231265856834
eval/SMD/machine-3-4/seed3/smd_cf_val/eval/last,val_ckpt_eval,val_pred_mae_v2,SMD,machine-3-4,3,scripts/configs/smd_cf_val.yaml,last,80,a4de38c92ab3ce6493861465e986c244ac632e58171eb5d6a22186cdac8e1363,0.2772858837364469,val0.2_b18950,train_sub_val,414d1915f8688888d75c92fbe6e8392fe7758de0e04337512bbee2f9ce39fe5c,SMD_machine-3-4_pcmci_val0.2_b18950_ae8676a58cabc147,1.0,False,15,25,49f630ac8d324ba01390c1a1dcaa4386cd94ae84,49f630ac8d324ba01390c1a1dcaa4386cd94ae84,cuda,2.6.0+cu124,SMD/machine-3-4/seed3/smd_cf_val/eval/last/attempt1,,True,val,A_on,fusion,raw,P_raw + C_raw + 1*CF_raw,0.8880501842427941,0.9659084407204208,0.8835924060014949,0.9784667669737416,0.8680847888302002,0.9726231956197112,0.966278356836296,0.4414868388661304,0.9871658202177482
eval/SMD/machine-3-4/seed3/smd_cf_val/eval/last,val_ckpt_eval,val_pred_mae_v2,SMD,machine-3-4,3,scripts/configs/smd_cf_val.yaml,last,80,a4de38c92ab3ce6493861465e986c244ac632e58171eb5d6a22186cdac8e1363,0.2772858837364469,val0.2_b18950,train_sub_val,414d1915f8688888d75c92fbe6e8392fe7758de0e04337512bbee2f9ce39fe5c,SMD_machine-3-4_pcmci_val0.2_b18950_ae8676a58cabc147,1.0,False,15,25,49f630ac8d324ba01390c1a1dcaa4386cd94ae84,49f630ac8d324ba01390c1a1dcaa4386cd94ae84,cuda,2.6.0+cu124,SMD/machine-3-4/seed3/smd_cf_val/eval/last/attempt1,,True,val,P_raw,diagnostic,raw,P_raw,0.8841472166356027,0.95075476544642,0.8889400781824397,0.967491938980418,0.8856776105198066,0.9908722109533468,0.9886363636363632,0.4645187633856345,0.9957231265856834
eval/SMD/machine-3-4/seed3/smd_cf_val/eval/last,val_ckpt_eval,val_pred_mae_v2,SMD,machine-3-4,3,scripts/configs/smd_cf_val.yaml,last,80,a4de38c92ab3ce6493861465e986c244ac632e58171eb5d6a22186cdac8e1363,0.2772858837364469,val0.2_b18950,train_sub_val,414d1915f8688888d75c92fbe6e8392fe7758de0e04337512bbee2f9ce39fe5c,SMD_machine-3-4_pcmci_val0.2_b18950_ae8676a58cabc147,1.0,False,15,25,49f630ac8d324ba01390c1a1dcaa4386cd94ae84,49f630ac8d324ba01390c1a1dcaa4386cd94ae84,cuda,2.6.0+cu124,SMD/machine-3-4/seed3/smd_cf_val/eval/last/attempt1,,True,val,C_raw,diagnostic,raw,C_raw,0.0411163742754157,0.478994653336145,0.0444035005787434,0.5028387507369413,0.0810181152402446,0.8896434634974533,0.1538461538461533,0.098794233319232,0.6809866530733955
eval/SMD/machine-3-4/seed3/smd_cf_val/eval/last,val_ckpt_eval,val_pred_mae_v2,SMD,machine-3-4,3,scripts/configs/smd_cf_val.yaml,last,80,a4de38c92ab3ce6493861465e986c244ac632e58171eb5d6a22186cdac8e1363,0.2772858837364469,val0.2_b18950,train_sub_val,414d1915f8688888d75c92fbe6e8392fe7758de0e04337512bbee2f9ce39fe5c,SMD_machine-3-4_pcmci_val0.2_b18950_ae8676a58cabc147,1.0,False,15,25,49f630ac8d324ba01390c1a1dcaa4386cd94ae84,49f630ac8d324ba01390c1a1dcaa4386cd94ae84,cuda,2.6.0+cu124,SMD/machine-3-4/seed3/smd_cf_val/eval/last/attempt1,,True,val,G_raw,diagnostic,raw,G_raw,0.1525061688001116,0.8328788017535784,0.1556317563983021,0.8437106226287548,0.2062585214822284,0.9814814814814816,0.4895437262357409,0.1794943889620232,0.8101249250779403
eval/SMD/machine-3-4/seed3/smd_cf_val/eval/last,val_ckpt_eval,val_pred_mae_v2,SMD,machine-3-4,3,scripts/configs/smd_cf_val.yaml,last,80,a4de38c92ab3ce6493861465e986c244ac632e58171eb5d6a22186cdac8e1363,0.2772858837364469,val0.2_b18950,train_sub_val,414d1915f8688888d75c92fbe6e8392fe7758de0e04337512bbee2f9ce39fe5c,SMD_machine-3-4_pcmci_val0.2_b18950_ae8676a58cabc147,1.0,False,15,25,49f630ac8d324ba01390c1a1dcaa4386cd94ae84,49f630ac8d324ba01390c1a1dcaa4386cd94ae84,cuda,2.6.0+cu124,SMD/machine-3-4/seed3/smd_cf_val/eval/last/attempt1,,True,val,CF_raw,diagnostic,raw,CF_raw,0.1494298590426696,0.8709704057603999,0.159337161687838,0.877179342487281,0.2933033063921649,0.9130434782608696,0.3999999999999996,0.2505508032523827,0.8007282483587146
eval/SMD/machine-3-4/seed3/smd_cf_val/eval/best_val,val_ckpt_eval,val_pred_mae_v2,SMD,machine-3-4,3,scripts/configs/smd_cf_val.yaml,best_val,67,728a806872cca3723d2d5d07f631547330b7779634d165dfeb134d2e5cc13d5d,0.2766805912595004,val0.2_b18950,train_sub_val,414d1915f8688888d75c92fbe6e8392fe7758de0e04337512bbee2f9ce39fe5c,SMD_machine-3-4_pcmci_val0.2_b18950_ae8676a58cabc147,1.0,False,15,25,49f630ac8d324ba01390c1a1dcaa4386cd94ae84,49f630ac8d324ba01390c1a1dcaa4386cd94ae84,cuda,2.6.0+cu124,SMD/machine-3-4/seed3/smd_cf_val/eval/best_val/attempt1,,True,val,A_off,fusion,raw,P_raw + C_raw,0.8842016133931571,0.9502409883061256,0.8891822670146318,0.9672680071723428,0.8856776105198066,0.9903699949315764,0.9880126182965294,0.4717136955701532,0.9957066079703898
eval/SMD/machine-3-4/seed3/smd_cf_val/eval/best_val,val_ckpt_eval,val_pred_mae_v2,SMD,machine-3-4,3,scripts/configs/smd_cf_val.yaml,best_val,67,728a806872cca3723d2d5d07f631547330b7779634d165dfeb134d2e5cc13d5d,0.2766805912595004,val0.2_b18950,train_sub_val,414d1915f8688888d75c92fbe6e8392fe7758de0e04337512bbee2f9ce39fe5c,SMD_machine-3-4_pcmci_val0.2_b18950_ae8676a58cabc147,1.0,False,15,25,49f630ac8d324ba01390c1a1dcaa4386cd94ae84,49f630ac8d324ba01390c1a1dcaa4386cd94ae84,cuda,2.6.0+cu124,SMD/machine-3-4/seed3/smd_cf_val/eval/best_val/attempt1,,True,val,A_on,fusion,raw,P_raw + C_raw + 1*CF_raw,0.889234098092748,0.9667677944198888,0.8852765430962045,0.97913085358592,0.8715397329270385,0.9789579158316634,0.9738805970149248,0.4604707826246866,0.9880899228686468
eval/SMD/machine-3-4/seed3/smd_cf_val/eval/best_val,val_ckpt_eval,val_pred_mae_v2,SMD,machine-3-4,3,scripts/configs/smd_cf_val.yaml,best_val,67,728a806872cca3723d2d5d07f631547330b7779634d165dfeb134d2e5cc13d5d,0.2766805912595004,val0.2_b18950,train_sub_val,414d1915f8688888d75c92fbe6e8392fe7758de0e04337512bbee2f9ce39fe5c,SMD_machine-3-4_pcmci_val0.2_b18950_ae8676a58cabc147,1.0,False,15,25,49f630ac8d324ba01390c1a1dcaa4386cd94ae84,49f630ac8d324ba01390c1a1dcaa4386cd94ae84,cuda,2.6.0+cu124,SMD/machine-3-4/seed3/smd_cf_val/eval/best_val/attempt1,,True,val,P_raw,diagnostic,raw,P_raw,0.8841297371964287,0.950243625950944,0.8891621674631531,0.9672273295637518,0.8856776105198066,0.9903699949315764,0.9880126182965294,0.4717136955701532,0.9957066079703898
eval/SMD/machine-3-4/seed3/smd_cf_val/eval/best_val,val_ckpt_eval,val_pred_mae_v2,SMD,machine-3-4,3,scripts/configs/smd_cf_val.yaml,best_val,67,728a806872cca3723d2d5d07f631547330b7779634d165dfeb134d2e5cc13d5d,0.2766805912595004,val0.2_b18950,train_sub_val,414d1915f8688888d75c92fbe6e8392fe7758de0e04337512bbee2f9ce39fe5c,SMD_machine-3-4_pcmci_val0.2_b18950_ae8676a58cabc147,1.0,False,15,25,49f630ac8d324ba01390c1a1dcaa4386cd94ae84,49f630ac8d324ba01390c1a1dcaa4386cd94ae84,cuda,2.6.0+cu124,SMD/machine-3-4/seed3/smd_cf_val/eval/best_val/attempt1,,True,val,C_raw,diagnostic,raw,C_raw,0.0406816403659086,0.4878243159020179,0.0441203882142022,0.5109127342053171,0.0819735455044927,0.8866328257191202,0.1276595744680847,0.0934306177291617,0.6876374848969804
eval/SMD/machine-3-4/seed3/smd_cf_val/eval/best_val,val_ckpt_eval,val_pred_mae_v2,SMD,machine-3-4,3,scripts/configs/smd_cf_val.yaml,best_val,67,728a806872cca3723d2d5d07f631547330b7779634d165dfeb134d2e5cc13d5d,0.2766805912595004,val0.2_b18950,train_sub_val,414d1915f8688888d75c92fbe6e8392fe7758de0e04337512bbee2f9ce39fe5c,SMD_machine-3-4_pcmci_val0.2_b18950_ae8676a58cabc147,1.0,False,15,25,49f630ac8d324ba01390c1a1dcaa4386cd94ae84,49f630ac8d324ba01390c1a1dcaa4386cd94ae84,cuda,2.6.0+cu124,SMD/machine-3-4/seed3/smd_cf_val/eval/best_val/attempt1,,True,val,G_raw,diagnostic,raw,G_raw,0.1768937477720721,0.8757072776948985,0.1799335996867124,0.8856816725195299,0.2713966885958256,0.9824922760041196,0.4999999999999994,0.1963280764635374,0.7889336682621575
eval/SMD/machine-3-4/seed3/smd_cf_val/eval/best_val,val_ckpt_eval,val_pred_mae_v2,SMD,machine-3-4,3,scripts/configs/smd_cf_val.yaml,best_val,67,728a806872cca3723d2d5d07f631547330b7779634d165dfeb134d2e5cc13d5d,0.2766805912595004,val0.2_b18950,train_sub_val,414d1915f8688888d75c92fbe6e8392fe7758de0e04337512bbee2f9ce39fe5c,SMD_machine-3-4_pcmci_val0.2_b18950_ae8676a58cabc147,1.0,False,15,25,49f630ac8d324ba01390c1a1dcaa4386cd94ae84,49f630ac8d324ba01390c1a1dcaa4386cd94ae84,cuda,2.6.0+cu124,SMD/machine-3-4/seed3/smd_cf_val/eval/best_val/attempt1,,True,val,CF_raw,diagnostic,raw,CF_raw,0.1276910298541814,0.8468856200428905,0.1350025682696466,0.8571779651805916,0.2414550210805766,0.8981670061099797,0.3999999999999996,0.1863422009895636,0.7868462358563305
eval/SMD/machine-3-5/seed0/smd_cf_val/eval/last,val_ckpt_eval,val_pred_mae_v2,SMD,machine-3-5,0,scripts/configs/smd_cf_val.yaml,last,80,35dee357f5c33f80e680b367ad0bb7408c8d83fed8c4a62de67a243d7beb997f,0.12210687612556134,val0.2_b18952,train_sub_val,e58be74bcff1a744c219f1d1f08200651504dfea686b73030d73938a6c3e215c,SMD_machine-3-5_pcmci_val0.2_b18952_8b9a0d2bcfe6992e,1.0,False,15,3,49f630ac8d324ba01390c1a1dcaa4386cd94ae84,49f630ac8d324ba01390c1a1dcaa4386cd94ae84,cuda,2.6.0+cu124,SMD/machine-3-5/seed0/smd_cf_val/eval/last/attempt1,,True,val,A_off,fusion,raw,P_raw + C_raw,0.250285478806967,0.7670841368010841,0.1314885687343861,0.6458517185161307,0.340163882088567,0.759018759018759,0.6719999999999995,0.3477291488242903,0.7150650671868942
eval/SMD/machine-3-5/seed0/smd_cf_val/eval/last,val_ckpt_eval,val_pred_mae_v2,SMD,machine-3-5,0,scripts/configs/smd_cf_val.yaml,last,80,35dee357f5c33f80e680b367ad0bb7408c8d83fed8c4a62de67a243d7beb997f,0.12210687612556134,val0.2_b18952,train_sub_val,e58be74bcff1a744c219f1d1f08200651504dfea686b73030d73938a6c3e215c,SMD_machine-3-5_pcmci_val0.2_b18952_8b9a0d2bcfe6992e,1.0,False,15,3,49f630ac8d324ba01390c1a1dcaa4386cd94ae84,49f630ac8d324ba01390c1a1dcaa4386cd94ae84,cuda,2.6.0+cu124,SMD/machine-3-5/seed0/smd_cf_val/eval/last/attempt1,,True,val,A_on,fusion,raw,P_raw + C_raw + 1*CF_raw,0.2436620765467613,0.7246598787773079,0.12844235928343,0.6087699357728841,0.3545868744186753,0.7471590909090909,0.635761589403973,0.3159059753418174,0.6944698255856272
eval/SMD/machine-3-5/seed0/smd_cf_val/eval/last,val_ckpt_eval,val_pred_mae_v2,SMD,machine-3-5,0,scripts/configs/smd_cf_val.yaml,last,80,35dee357f5c33f80e680b367ad0bb7408c8d83fed8c4a62de67a243d7beb997f,0.12210687612556134,val0.2_b18952,train_sub_val,e58be74bcff1a744c219f1d1f08200651504dfea686b73030d73938a6c3e215c,SMD_machine-3-5_pcmci_val0.2_b18952_8b9a0d2bcfe6992e,1.0,False,15,3,49f630ac8d324ba01390c1a1dcaa4386cd94ae84,49f630ac8d324ba01390c1a1dcaa4386cd94ae84,cuda,2.6.0+cu124,SMD/machine-3-5/seed0/smd_cf_val/eval/last/attempt1,,True,val,P_raw,diagnostic,raw,P_raw,0.2502784240447863,0.7668709049388638,0.1315026761085445,0.6466356035484284,0.339813472897683,0.759018759018759,0.6719999999999995,0.3477291488242903,0.7175983002812334
eval/SMD/machine-3-5/seed0/smd_cf_val/eval/last,val_ckpt_eval,val_pred_mae_v2,SMD,machine-3-5,0,scripts/configs/smd_cf_val.yaml,last,80,35dee357f5c33f80e680b367ad0bb7408c8d83fed8c4a62de67a243d7beb997f,0.12210687612556134,val0.2_b18952,train_sub_val,e58be74bcff1a744c219f1d1f08200651504dfea686b73030d73938a6c3e215c,SMD_machine-3-5_pcmci_val0.2_b18952_8b9a0d2bcfe6992e,1.0,False,15,3,49f630ac8d324ba01390c1a1dcaa4386cd94ae84,49f630ac8d324ba01390c1a1dcaa4386cd94ae84,cuda,2.6.0+cu124,SMD/machine-3-5/seed0/smd_cf_val/eval/last/attempt1,,True,val,C_raw,diagnostic,raw,C_raw,0.0285195339452045,0.6741519377704133,0.0278102601454807,0.5597228081704837,0.0609687848944733,0.7354037267080745,0.0833333333333328,0.0455876772073798,0.6854392827894144
eval/SMD/machine-3-5/seed0/smd_cf_val/eval/last,val_ckpt_eval,val_pred_mae_v2,SMD,machine-3-5,0,scripts/configs/smd_cf_val.yaml,last,80,35dee357f5c33f80e680b367ad0bb7408c8d83fed8c4a62de67a243d7beb997f,0.12210687612556134,val0.2_b18952,train_sub_val,e58be74bcff1a744c219f1d1f08200651504dfea686b73030d73938a6c3e215c,SMD_machine-3-5_pcmci_val0.2_b18952_8b9a0d2bcfe6992e,1.0,False,15,3,49f630ac8d324ba01390c1a1dcaa4386cd94ae84,49f630ac8d324ba01390c1a1dcaa4386cd94ae84,cuda,2.6.0+cu124,SMD/machine-3-5/seed0/smd_cf_val/eval/last/attempt1,,True,val,G_raw,diagnostic,raw,G_raw,0.1711351687911939,0.760516090753903,0.0773612136319481,0.7002367080935669,0.2464738733408631,0.8176795580110497,0.2975206611570244,0.083549897215385,0.7381508858213163
eval/SMD/machine-3-5/seed0/smd_cf_val/eval/last,val_ckpt_eval,val_pred_mae_v2,SMD,machine-3-5,0,scripts/configs/smd_cf_val.yaml,last,80,35dee357f5c33f80e680b367ad0bb7408c8d83fed8c4a62de67a243d7beb997f,0.12210687612556134,val0.2_b18952,train_sub_val,e58be74bcff1a744c219f1d1f08200651504dfea686b73030d73938a6c3e215c,SMD_machine-3-5_pcmci_val0.2_b18952_8b9a0d2bcfe6992e,1.0,False,15,3,49f630ac8d324ba01390c1a1dcaa4386cd94ae84,49f630ac8d324ba01390c1a1dcaa4386cd94ae84,cuda,2.6.0+cu124,SMD/machine-3-5/seed0/smd_cf_val/eval/last/attempt1,,True,val,CF_raw,diagnostic,raw,CF_raw,0.0861000704157948,0.6198077410685878,0.0508998317441606,0.5334976192762344,0.223355736553516,0.5094017094017094,0.2922374429223739,0.164493545997619,0.6681938291466034
eval/SMD/machine-3-5/seed0/smd_cf_val/eval/best_val,val_ckpt_eval,val_pred_mae_v2,SMD,machine-3-5,0,scripts/configs/smd_cf_val.yaml,best_val,79,7eafd4269d51ec72cbc0a60da9e31ff96811a5430effb99266f656391e7f5c91,0.1220990562742524,val0.2_b18952,train_sub_val,e58be74bcff1a744c219f1d1f08200651504dfea686b73030d73938a6c3e215c,SMD_machine-3-5_pcmci_val0.2_b18952_8b9a0d2bcfe6992e,1.0,False,15,3,49f630ac8d324ba01390c1a1dcaa4386cd94ae84,49f630ac8d324ba01390c1a1dcaa4386cd94ae84,cuda,2.6.0+cu124,SMD/machine-3-5/seed0/smd_cf_val/eval/best_val/attempt1,,True,val,A_off,fusion,raw,P_raw + C_raw,0.250144504092837,0.7665588041492851,0.1314420805320995,0.6469918020323886,0.3405225803400679,0.759018759018759,0.6719999999999995,0.3451693643611959,0.7163009145659537
eval/SMD/machine-3-5/seed0/smd_cf_val/eval/best_val,val_ckpt_eval,val_pred_mae_v2,SMD,machine-3-5,0,scripts/configs/smd_cf_val.yaml,best_val,79,7eafd4269d51ec72cbc0a60da9e31ff96811a5430effb99266f656391e7f5c91,0.1220990562742524,val0.2_b18952,train_sub_val,e58be74bcff1a744c219f1d1f08200651504dfea686b73030d73938a6c3e215c,SMD_machine-3-5_pcmci_val0.2_b18952_8b9a0d2bcfe6992e,1.0,False,15,3,49f630ac8d324ba01390c1a1dcaa4386cd94ae84,49f630ac8d324ba01390c1a1dcaa4386cd94ae84,cuda,2.6.0+cu124,SMD/machine-3-5/seed0/smd_cf_val/eval/best_val/attempt1,,True,val,A_on,fusion,raw,P_raw + C_raw + 1*CF_raw,0.2485597495407994,0.7243411160691935,0.1293476669660522,0.6083814425376548,0.356490880208007,0.7492877492877493,0.6476190476190471,0.3219873999940688,0.695373754158708
eval/SMD/machine-3-5/seed0/smd_cf_val/eval/best_val,val_ckpt_eval,val_pred_mae_v2,SMD,machine-3-5,0,scripts/configs/smd_cf_val.yaml,best_val,79,7eafd4269d51ec72cbc0a60da9e31ff96811a5430effb99266f656391e7f5c91,0.1220990562742524,val0.2_b18952,train_sub_val,e58be74bcff1a744c219f1d1f08200651504dfea686b73030d73938a6c3e215c,SMD_machine-3-5_pcmci_val0.2_b18952_8b9a0d2bcfe6992e,1.0,False,15,3,49f630ac8d324ba01390c1a1dcaa4386cd94ae84,49f630ac8d324ba01390c1a1dcaa4386cd94ae84,cuda,2.6.0+cu124,SMD/machine-3-5/seed0/smd_cf_val/eval/best_val/attempt1,,True,val,P_raw,diagnostic,raw,P_raw,0.2500094527005293,0.7663216499432325,0.1313828955324804,0.6468831531894663,0.3405225803400679,0.759018759018759,0.6719999999999995,0.3451693643611959,0.71695272775632
eval/SMD/machine-3-5/seed0/smd_cf_val/eval/best_val,val_ckpt_eval,val_pred_mae_v2,SMD,machine-3-5,0,scripts/configs/smd_cf_val.yaml,best_val,79,7eafd4269d51ec72cbc0a60da9e31ff96811a5430effb99266f656391e7f5c91,0.1220990562742524,val0.2_b18952,train_sub_val,e58be74bcff1a744c219f1d1f08200651504dfea686b73030d73938a6c3e215c,SMD_machine-3-5_pcmci_val0.2_b18952_8b9a0d2bcfe6992e,1.0,False,15,3,49f630ac8d324ba01390c1a1dcaa4386cd94ae84,49f630ac8d324ba01390c1a1dcaa4386cd94ae84,cuda,2.6.0+cu124,SMD/machine-3-5/seed0/smd_cf_val/eval/best_val/attempt1,,True,val,C_raw,diagnostic,raw,C_raw,0.0310499370909086,0.6908897557458039,0.0301517258898626,0.595176928305623,0.064152895647519,0.8368200836820083,0.0674789128397374,0.0479730322245398,0.6944395902667796
eval/SMD/machine-3-5/seed0/smd_cf_val/eval/best_val,val_ckpt_eval,val_pred_mae_v2,SMD,machine-3-5,0,scripts/configs/smd_cf_val.yaml,best_val,79,7eafd4269d51ec72cbc0a60da9e31ff96811a5430effb99266f656391e7f5c91,0.1220990562742524,val0.2_b18952,train_sub_val,e58be74bcff1a744c219f1d1f08200651504dfea686b73030d73938a6c3e215c,SMD_machine-3-5_pcmci_val0.2_b18952_8b9a0d2bcfe6992e,1.0,False,15,3,49f630ac8d324ba01390c1a1dcaa4386cd94ae84,49f630ac8d324ba01390c1a1dcaa4386cd94ae84,cuda,2.6.0+cu124,SMD/machine-3-5/seed0/smd_cf_val/eval/best_val/attempt1,,True,val,G_raw,diagnostic,raw,G_raw,0.1762617322006963,0.769077564515634,0.0843687823165168,0.7062362392867945,0.270048572681896,0.8188105117565698,0.2985074626865668,0.1233535371445021,0.740376550333203
eval/SMD/machine-3-5/seed0/smd_cf_val/eval/best_val,val_ckpt_eval,val_pred_mae_v2,SMD,machine-3-5,0,scripts/configs/smd_cf_val.yaml,best_val,79,7eafd4269d51ec72cbc0a60da9e31ff96811a5430effb99266f656391e7f5c91,0.1220990562742524,val0.2_b18952,train_sub_val,e58be74bcff1a744c219f1d1f08200651504dfea686b73030d73938a6c3e215c,SMD_machine-3-5_pcmci_val0.2_b18952_8b9a0d2bcfe6992e,1.0,False,15,3,49f630ac8d324ba01390c1a1dcaa4386cd94ae84,49f630ac8d324ba01390c1a1dcaa4386cd94ae84,cuda,2.6.0+cu124,SMD/machine-3-5/seed0/smd_cf_val/eval/best_val/attempt1,,True,val,CF_raw,diagnostic,raw,CF_raw,0.088503415880447,0.6181009777273894,0.0514479065668767,0.5290986785342131,0.2243958974147121,0.5146804835924007,0.2912621359223296,0.1645321160294411,0.6681938291466034
eval/SMD/machine-3-5/seed1/smd_cf_val/eval/last,val_ckpt_eval,val_pred_mae_v2,SMD,machine-3-5,1,scripts/configs/smd_cf_val.yaml,last,80,c307f1190052806d7fab8e85f6288b92a61c548a885463ff1e74b2c989a711f1,0.12130687971032642,val0.2_b18952,train_sub_val,e58be74bcff1a744c219f1d1f08200651504dfea686b73030d73938a6c3e215c,SMD_machine-3-5_pcmci_val0.2_b18952_8b9a0d2bcfe6992e,1.0,False,15,3,49f630ac8d324ba01390c1a1dcaa4386cd94ae84,49f630ac8d324ba01390c1a1dcaa4386cd94ae84,cuda,2.6.0+cu124,SMD/machine-3-5/seed1/smd_cf_val/eval/last/attempt1,,True,val,A_off,fusion,raw,P_raw + C_raw,0.2509062644766885,0.7567488262910799,0.1294627906632748,0.6289888105984115,0.3449950211968517,0.7579250720461095,0.6737481031866458,0.3475521441599997,0.7081592499984177
eval/SMD/machine-3-5/seed1/smd_cf_val/eval/last,val_ckpt_eval,val_pred_mae_v2,SMD,machine-3-5,1,scripts/configs/smd_cf_val.yaml,last,80,c307f1190052806d7fab8e85f6288b92a61c548a885463ff1e74b2c989a711f1,0.12130687971032642,val0.2_b18952,train_sub_val,e58be74bcff1a744c219f1d1f08200651504dfea686b73030d73938a6c3e215c,SMD_machine-3-5_pcmci_val0.2_b18952_8b9a0d2bcfe6992e,1.0,False,15,3,49f630ac8d324ba01390c1a1dcaa4386cd94ae84,49f630ac8d324ba01390c1a1dcaa4386cd94ae84,cuda,2.6.0+cu124,SMD/machine-3-5/seed1/smd_cf_val/eval/last/attempt1,,True,val,A_on,fusion,raw,P_raw + C_raw + 1*CF_raw,0.2813863020384788,0.7340314822082362,0.1493077556850123,0.6031455682724618,0.390857977207596,0.7285318559556787,0.6051873198847256,0.2864832690897534,0.6904073312515234
eval/SMD/machine-3-5/seed1/smd_cf_val/eval/last,val_ckpt_eval,val_pred_mae_v2,SMD,machine-3-5,1,scripts/configs/smd_cf_val.yaml,last,80,c307f1190052806d7fab8e85f6288b92a61c548a885463ff1e74b2c989a711f1,0.12130687971032642,val0.2_b18952,train_sub_val,e58be74bcff1a744c219f1d1f08200651504dfea686b73030d73938a6c3e215c,SMD_machine-3-5_pcmci_val0.2_b18952_8b9a0d2bcfe6992e,1.0,False,15,3,49f630ac8d324ba01390c1a1dcaa4386cd94ae84,49f630ac8d324ba01390c1a1dcaa4386cd94ae84,cuda,2.6.0+cu124,SMD/machine-3-5/seed1/smd_cf_val/eval/last/attempt1,,True,val,P_raw,diagnostic,raw,P_raw,0.2509049024544724,0.7568390650057898,0.1294752080385706,0.6301032596334251,0.3449950211968517,0.759018759018759,0.6737481031866458,0.3475521441599997,0.708178699328732
eval/SMD/machine-3-5/seed1/smd_cf_val/eval/last,val_ckpt_eval,val_pred_mae_v2,SMD,machine-3-5,1,scripts/configs/smd_cf_val.yaml,last,80,c307f1190052806d7fab8e85f6288b92a61c548a885463ff1e74b2c989a711f1,0.12130687971032642,val0.2_b18952,train_sub_val,e58be74bcff1a744c219f1d1f08200651504dfea686b73030d73938a6c3e215c,SMD_machine-3-5_pcmci_val0.2_b18952_8b9a0d2bcfe6992e,1.0,False,15,3,49f630ac8d324ba01390c1a1dcaa4386cd94ae84,49f630ac8d324ba01390c1a1dcaa4386cd94ae84,cuda,2.6.0+cu124,SMD/machine-3-5/seed1/smd_cf_val/eval/last/attempt1,,True,val,C_raw,diagnostic,raw,C_raw,0.0199876940719713,0.5417523631641933,0.0199708385935735,0.4419552288056111,0.0400814081196705,0.7611798287345385,0.0655737704918028,0.0382115376688313,0.6784698419174663
eval/SMD/machine-3-5/seed1/smd_cf_val/eval/last,val_ckpt_eval,val_pred_mae_v2,SMD,machine-3-5,1,scripts/configs/smd_cf_val.yaml,last,80,c307f1190052806d7fab8e85f6288b92a61c548a885463ff1e74b2c989a711f1,0.12130687971032642,val0.2_b18952,train_sub_val,e58be74bcff1a744c219f1d1f08200651504dfea686b73030d73938a6c3e215c,SMD_machine-3-5_pcmci_val0.2_b18952_8b9a0d2bcfe6992e,1.0,False,15,3,49f630ac8d324ba01390c1a1dcaa4386cd94ae84,49f630ac8d324ba01390c1a1dcaa4386cd94ae84,cuda,2.6.0+cu124,SMD/machine-3-5/seed1/smd_cf_val/eval/last/attempt1,,True,val,G_raw,diagnostic,raw,G_raw,0.0231567748973498,0.5500504387983675,0.021367135967459,0.4446963148159065,0.052880119187768,0.771838331160365,0.085106382978723,0.0556986176714813,0.6737095818544125
eval/SMD/machine-3-5/seed1/smd_cf_val/eval/last,val_ckpt_eval,val_pred_mae_v2,SMD,machine-3-5,1,scripts/configs/smd_cf_val.yaml,last,80,c307f1190052806d7fab8e85f6288b92a61c548a885463ff1e74b2c989a711f1,0.12130687971032642,val0.2_b18952,train_sub_val,e58be74bcff1a744c219f1d1f08200651504dfea686b73030d73938a6c3e215c,SMD_machine-3-5_pcmci_val0.2_b18952_8b9a0d2bcfe6992e,1.0,False,15,3,49f630ac8d324ba01390c1a1dcaa4386cd94ae84,49f630ac8d324ba01390c1a1dcaa4386cd94ae84,cuda,2.6.0+cu124,SMD/machine-3-5/seed1/smd_cf_val/eval/last/attempt1,,True,val,CF_raw,diagnostic,raw,CF_raw,0.1680721760129125,0.6586219962822457,0.0713301058741987,0.5525674734979549,0.2433187909561361,0.5111492281303602,0.2921348314606738,0.1185306384510036,0.6681938291466034
eval/SMD/machine-3-5/seed1/smd_cf_val/eval/best_val,val_ckpt_eval,val_pred_mae_v2,SMD,machine-3-5,1,scripts/configs/smd_cf_val.yaml,best_val,79,19d1cf6e547b48a6a7a31975740e5ffddb3b8d47ade84f59af74f6967190567d,0.1207475352410149,val0.2_b18952,train_sub_val,e58be74bcff1a744c219f1d1f08200651504dfea686b73030d73938a6c3e215c,SMD_machine-3-5_pcmci_val0.2_b18952_8b9a0d2bcfe6992e,1.0,False,15,3,49f630ac8d324ba01390c1a1dcaa4386cd94ae84,49f630ac8d324ba01390c1a1dcaa4386cd94ae84,cuda,2.6.0+cu124,SMD/machine-3-5/seed1/smd_cf_val/eval/best_val/attempt1,,True,val,A_off,fusion,raw,P_raw + C_raw,0.251216249614652,0.7567348968250507,0.1305454243954068,0.6282992859858608,0.3458596846213413,0.7579250720461095,0.6737481031866458,0.3475521441599997,0.7092063506054386
eval/SMD/machine-3-5/seed1/smd_cf_val/eval/best_val,val_ckpt_eval,val_pred_mae_v2,SMD,machine-3-5,1,scripts/configs/smd_cf_val.yaml,best_val,79,19d1cf6e547b48a6a7a31975740e5ffddb3b8d47ade84f59af74f6967190567d,0.1207475352410149,val0.2_b18952,train_sub_val,e58be74bcff1a744c219f1d1f08200651504dfea686b73030d73938a6c3e215c,SMD_machine-3-5_pcmci_val0.2_b18952_8b9a0d2bcfe6992e,1.0,False,15,3,49f630ac8d324ba01390c1a1dcaa4386cd94ae84,49f630ac8d324ba01390c1a1dcaa4386cd94ae84,cuda,2.6.0+cu124,SMD/machine-3-5/seed1/smd_cf_val/eval/best_val/attempt1,,True,val,A_on,fusion,raw,P_raw + C_raw + 1*CF_raw,0.2763162115721703,0.7335366833497258,0.1396705601331511,0.6040522607771286,0.3886788984087261,0.7205479452054795,0.5904255319148931,0.2828277580499066,0.6921726086483893
eval/SMD/machine-3-5/seed1/smd_cf_val/eval/best_val,val_ckpt_eval,val_pred_mae_v2,SMD,machine-3-5,1,scripts/configs/smd_cf_val.yaml,best_val,79,19d1cf6e547b48a6a7a31975740e5ffddb3b8d47ade84f59af74f6967190567d,0.1207475352410149,val0.2_b18952,train_sub_val,e58be74bcff1a744c219f1d1f08200651504dfea686b73030d73938a6c3e215c,SMD_machine-3-5_pcmci_val0.2_b18952_8b9a0d2bcfe6992e,1.0,False,15,3,49f630ac8d324ba01390c1a1dcaa4386cd94ae84,49f630ac8d324ba01390c1a1dcaa4386cd94ae84,cuda,2.6.0+cu124,SMD/machine-3-5/seed1/smd_cf_val/eval/best_val/attempt1,,True,val,P_raw,diagnostic,raw,P_raw,0.251223311751663,0.7567899081220495,0.1305713814217329,0.6293267998347487,0.3458596846213413,0.7579250720461095,0.6737481031866458,0.3475521441599997,0.7077735546200442
eval/SMD/machine-3-5/seed1/smd_cf_val/eval/best_val,val_ckpt_eval,val_pred_mae_v2,SMD,machine-3-5,1,scripts/configs/smd_cf_val.yaml,best_val,79,19d1cf6e547b48a6a7a31975740e5ffddb3b8d47ade84f59af74f6967190567d,0.1207475352410149,val0.2_b18952,train_sub_val,e58be74bcff1a744c219f1d1f08200651504dfea686b73030d73938a6c3e215c,SMD_machine-3-5_pcmci_val0.2_b18952_8b9a0d2bcfe6992e,1.0,False,15,3,49f630ac8d324ba01390c1a1dcaa4386cd94ae84,49f630ac8d324ba01390c1a1dcaa4386cd94ae84,cuda,2.6.0+cu124,SMD/machine-3-5/seed1/smd_cf_val/eval/best_val/attempt1,,True,val,C_raw,diagnostic,raw,C_raw,0.0212147749161458,0.5508315487466711,0.0205187245653361,0.449084046902561,0.0417787719494997,0.7352941176470589,0.1176470588235289,0.0442223142262719,0.6747129731240108
eval/SMD/machine-3-5/seed1/smd_cf_val/eval/best_val,val_ckpt_eval,val_pred_mae_v2,SMD,machine-3-5,1,scripts/configs/smd_cf_val.yaml,best_val,79,19d1cf6e547b48a6a7a31975740e5ffddb3b8d47ade84f59af74f6967190567d,0.1207475352410149,val0.2_b18952,train_sub_val,e58be74bcff1a744c219f1d1f08200651504dfea686b73030d73938a6c3e215c,SMD_machine-3-5_pcmci_val0.2_b18952_8b9a0d2bcfe6992e,1.0,False,15,3,49f630ac8d324ba01390c1a1dcaa4386cd94ae84,49f630ac8d324ba01390c1a1dcaa4386cd94ae84,cuda,2.6.0+cu124,SMD/machine-3-5/seed1/smd_cf_val/eval/best_val/attempt1,,True,val,G_raw,diagnostic,raw,G_raw,0.0248163734170955,0.5563957143272431,0.0221286342019222,0.4567713369394368,0.0566752571079183,0.7841059602649006,0.1111111111111106,0.0863422260472249,0.6725050047741598
eval/SMD/machine-3-5/seed1/smd_cf_val/eval/best_val,val_ckpt_eval,val_pred_mae_v2,SMD,machine-3-5,1,scripts/configs/smd_cf_val.yaml,best_val,79,19d1cf6e547b48a6a7a31975740e5ffddb3b8d47ade84f59af74f6967190567d,0.1207475352410149,val0.2_b18952,train_sub_val,e58be74bcff1a744c219f1d1f08200651504dfea686b73030d73938a6c3e215c,SMD_machine-3-5_pcmci_val0.2_b18952_8b9a0d2bcfe6992e,1.0,False,15,3,49f630ac8d324ba01390c1a1dcaa4386cd94ae84,49f630ac8d324ba01390c1a1dcaa4386cd94ae84,cuda,2.6.0+cu124,SMD/machine-3-5/seed1/smd_cf_val/eval/best_val/attempt1,,True,val,CF_raw,diagnostic,raw,CF_raw,0.1720803308169931,0.6572213783792078,0.07358513884316,0.5536948638294136,0.2482518021746496,0.5094017094017094,0.3011001737116383,0.1305549048253007,0.6681938291466034
eval/SMD/machine-3-5/seed2/smd_cf_val/eval/last,val_ckpt_eval,val_pred_mae_v2,SMD,machine-3-5,2,scripts/configs/smd_cf_val.yaml,last,80,f433430dbc3f656c8687a3233929cf5b532bd5ba594c8531458812f69e054836,0.1208970376129648,val0.2_b18952,train_sub_val,e58be74bcff1a744c219f1d1f08200651504dfea686b73030d73938a6c3e215c,SMD_machine-3-5_pcmci_val0.2_b18952_8b9a0d2bcfe6992e,1.0,False,15,3,49f630ac8d324ba01390c1a1dcaa4386cd94ae84,49f630ac8d324ba01390c1a1dcaa4386cd94ae84,cuda,2.6.0+cu124,SMD/machine-3-5/seed2/smd_cf_val/eval/last/attempt1,,True,val,A_off,fusion,raw,P_raw + C_raw,0.2514522670888479,0.7575668291367285,0.129719504225937,0.6300313557574739,0.3460570539736929,0.759018759018759,0.6728971962616818,0.350327183802735,0.7131902250684452
eval/SMD/machine-3-5/seed2/smd_cf_val/eval/last,val_ckpt_eval,val_pred_mae_v2,SMD,machine-3-5,2,scripts/configs/smd_cf_val.yaml,last,80,f433430dbc3f656c8687a3233929cf5b532bd5ba594c8531458812f69e054836,0.1208970376129648,val0.2_b18952,train_sub_val,e58be74bcff1a744c219f1d1f08200651504dfea686b73030d73938a6c3e215c,SMD_machine-3-5_pcmci_val0.2_b18952_8b9a0d2bcfe6992e,1.0,False,15,3,49f630ac8d324ba01390c1a1dcaa4386cd94ae84,49f630ac8d324ba01390c1a1dcaa4386cd94ae84,cuda,2.6.0+cu124,SMD/machine-3-5/seed2/smd_cf_val/eval/last/attempt1,,True,val,A_on,fusion,raw,P_raw + C_raw + 1*CF_raw,0.2837619228137118,0.7288156037474706,0.1572676037334867,0.5881446005354418,0.4059655182528721,0.748221906116643,0.6446280991735531,0.3374335754478517,0.6968095454160532
eval/SMD/machine-3-5/seed2/smd_cf_val/eval/last,val_ckpt_eval,val_pred_mae_v2,SMD,machine-3-5,2,scripts/configs/smd_cf_val.yaml,last,80,f433430dbc3f656c8687a3233929cf5b532bd5ba594c8531458812f69e054836,0.1208970376129648,val0.2_b18952,train_sub_val,e58be74bcff1a744c219f1d1f08200651504dfea686b73030d73938a6c3e215c,SMD_machine-3-5_pcmci_val0.2_b18952_8b9a0d2bcfe6992e,1.0,False,15,3,49f630ac8d324ba01390c1a1dcaa4386cd94ae84,49f630ac8d324ba01390c1a1dcaa4386cd94ae84,cuda,2.6.0+cu124,SMD/machine-3-5/seed2/smd_cf_val/eval/last/attempt1,,True,val,P_raw,diagnostic,raw,P_raw,0.2514384143987211,0.7576089203492944,0.1297009137921163,0.6312462343256917,0.345644584109421,0.759018759018759,0.6728971962616818,0.350327183802735,0.7150392043646421
eval/SMD/machine-3-5/seed2/smd_cf_val/eval/last,val_ckpt_eval,val_pred_mae_v2,SMD,machine-3-5,2,scripts/configs/smd_cf_val.yaml,last,80,f433430dbc3f656c8687a3233929cf5b532bd5ba594c8531458812f69e054836,0.1208970376129648,val0.2_b18952,train_sub_val,e58be74bcff1a744c219f1d1f08200651504dfea686b73030d73938a6c3e215c,SMD_machine-3-5_pcmci_val0.2_b18952_8b9a0d2bcfe6992e,1.0,False,15,3,49f630ac8d324ba01390c1a1dcaa4386cd94ae84,49f630ac8d324ba01390c1a1dcaa4386cd94ae84,cuda,2.6.0+cu124,SMD/machine-3-5/seed2/smd_cf_val/eval/last/attempt1,,True,val,C_raw,diagnostic,raw,C_raw,0.0263285647240312,0.6146516179983237,0.0242078686255588,0.4887812125299675,0.0508204553348001,0.8725701943844493,0.1428571428571425,0.0795967664884579,0.6764407678216162
eval/SMD/machine-3-5/seed2/smd_cf_val/eval/last,val_ckpt_eval,val_pred_mae_v2,SMD,machine-3-5,2,scripts/configs/smd_cf_val.yaml,last,80,f433430dbc3f656c8687a3233929cf5b532bd5ba594c8531458812f69e054836,0.1208970376129648,val0.2_b18952,train_sub_val,e58be74bcff1a744c219f1d1f08200651504dfea686b73030d73938a6c3e215c,SMD_machine-3-5_pcmci_val0.2_b18952_8b9a0d2bcfe6992e,1.0,False,15,3,49f630ac8d324ba01390c1a1dcaa4386cd94ae84,49f630ac8d324ba01390c1a1dcaa4386cd94ae84,cuda,2.6.0+cu124,SMD/machine-3-5/seed2/smd_cf_val/eval/last/attempt1,,True,val,G_raw,diagnostic,raw,G_raw,0.0605109279562471,0.7080697333294572,0.0428859849122261,0.6309352954804262,0.1173712967178018,0.9324009324009324,0.2542372881355927,0.0902273668669966,0.7115547039762955
eval/SMD/machine-3-5/seed2/smd_cf_val/eval/last,val_ckpt_eval,val_pred_mae_v2,SMD,machine-3-5,2,scripts/configs/smd_cf_val.yaml,last,80,f433430dbc3f656c8687a3233929cf5b532bd5ba594c8531458812f69e054836,0.1208970376129648,val0.2_b18952,train_sub_val,e58be74bcff1a744c219f1d1f08200651504dfea686b73030d73938a6c3e215c,SMD_machine-3-5_pcmci_val0.2_b18952_8b9a0d2bcfe6992e,1.0,False,15,3,49f630ac8d324ba01390c1a1dcaa4386cd94ae84,49f630ac8d324ba01390c1a1dcaa4386cd94ae84,cuda,2.6.0+cu124,SMD/machine-3-5/seed2/smd_cf_val/eval/last/attempt1,,True,val,CF_raw,diagnostic,raw,CF_raw,0.1425819558851849,0.6562280459502803,0.071720968695697,0.5328469247833219,0.2506153637796859,0.5164644714038128,0.3460837887067391,0.1760760045596901,0.6683252677543607
eval/SMD/machine-3-5/seed2/smd_cf_val/eval/best_val,val_ckpt_eval,val_pred_mae_v2,SMD,machine-3-5,2,scripts/configs/smd_cf_val.yaml,best_val,77,68e2301f4f34715ac6641959f97bd3dca5356f3c5b1cb0e8e99ab82a2a905e24,0.12056428355444447,val0.2_b18952,train_sub_val,e58be74bcff1a744c219f1d1f08200651504dfea686b73030d73938a6c3e215c,SMD_machine-3-5_pcmci_val0.2_b18952_8b9a0d2bcfe6992e,1.0,False,15,3,49f630ac8d324ba01390c1a1dcaa4386cd94ae84,49f630ac8d324ba01390c1a1dcaa4386cd94ae84,cuda,2.6.0+cu124,SMD/machine-3-5/seed2/smd_cf_val/eval/best_val/attempt1,,True,val,A_off,fusion,raw,P_raw + C_raw,0.250882194356759,0.7560679984043694,0.1294179532882354,0.6321949483307387,0.3449051817856418,0.759018759018759,0.6728971962616818,0.350327183802735,0.7101765355021216
eval/SMD/machine-3-5/seed2/smd_cf_val/eval/best_val,val_ckpt_eval,val_pred_mae_v2,SMD,machine-3-5,2,scripts/configs/smd_cf_val.yaml,best_val,77,68e2301f4f34715ac6641959f97bd3dca5356f3c5b1cb0e8e99ab82a2a905e24,0.12056428355444447,val0.2_b18952,train_sub_val,e58be74bcff1a744c219f1d1f08200651504dfea686b73030d73938a6c3e215c,SMD_machine-3-5_pcmci_val0.2_b18952_8b9a0d2bcfe6992e,1.0,False,15,3,49f630ac8d324ba01390c1a1dcaa4386cd94ae84,49f630ac8d324ba01390c1a1dcaa4386cd94ae84,cuda,2.6.0+cu124,SMD/machine-3-5/seed2/smd_cf_val/eval/best_val/attempt1,,True,val,A_on,fusion,raw,P_raw + C_raw + 1*CF_raw,0.2845911180832735,0.7297301034737261,0.1567857149325409,0.5880669456485677,0.4030488874588055,0.748221906116643,0.6417759838546917,0.3350027085401413,0.6965007286777892
eval/SMD/machine-3-5/seed2/smd_cf_val/eval/best_val,val_ckpt_eval,val_pred_mae_v2,SMD,machine-3-5,2,scripts/configs/smd_cf_val.yaml,best_val,77,68e2301f4f34715ac6641959f97bd3dca5356f3c5b1cb0e8e99ab82a2a905e24,0.12056428355444447,val0.2_b18952,train_sub_val,e58be74bcff1a744c219f1d1f08200651504dfea686b73030d73938a6c3e215c,SMD_machine-3-5_pcmci_val0.2_b18952_8b9a0d2bcfe6992e,1.0,False,15,3,49f630ac8d324ba01390c1a1dcaa4386cd94ae84,49f630ac8d324ba01390c1a1dcaa4386cd94ae84,cuda,2.6.0+cu124,SMD/machine-3-5/seed2/smd_cf_val/eval/best_val/attempt1,,True,val,P_raw,diagnostic,raw,P_raw,0.2508277423586062,0.7560942423258736,0.1293969217165272,0.6333328200622956,0.3453187434085936,0.759018759018759,0.6728971962616818,0.350327183802735,0.7121352232092336
eval/SMD/machine-3-5/seed2/smd_cf_val/eval/best_val,val_ckpt_eval,val_pred_mae_v2,SMD,machine-3-5,2,scripts/configs/smd_cf_val.yaml,best_val,77,68e2301f4f34715ac6641959f97bd3dca5356f3c5b1cb0e8e99ab82a2a905e24,0.12056428355444447,val0.2_b18952,train_sub_val,e58be74bcff1a744c219f1d1f08200651504dfea686b73030d73938a6c3e215c,SMD_machine-3-5_pcmci_val0.2_b18952_8b9a0d2bcfe6992e,1.0,False,15,3,49f630ac8d324ba01390c1a1dcaa4386cd94ae84,49f630ac8d324ba01390c1a1dcaa4386cd94ae84,cuda,2.6.0+cu124,SMD/machine-3-5/seed2/smd_cf_val/eval/best_val/attempt1,,True,val,C_raw,diagnostic,raw,C_raw,0.0257355125088371,0.6123070264264177,0.0238970916848728,0.4838117727621992,0.0503018227452423,0.7217391304347827,0.1499999999999996,0.0887837340831887,0.6796007718518381
eval/SMD/machine-3-5/seed2/smd_cf_val/eval/best_val,val_ckpt_eval,val_pred_mae_v2,SMD,machine-3-5,2,scripts/configs/smd_cf_val.yaml,best_val,77,68e2301f4f34715ac6641959f97bd3dca5356f3c5b1cb0e8e99ab82a2a905e24,0.12056428355444447,val0.2_b18952,train_sub_val,e58be74bcff1a744c219f1d1f08200651504dfea686b73030d73938a6c3e215c,SMD_machine-3-5_pcmci_val0.2_b18952_8b9a0d2bcfe6992e,1.0,False,15,3,49f630ac8d324ba01390c1a1dcaa4386cd94ae84,49f630ac8d324ba01390c1a1dcaa4386cd94ae84,cuda,2.6.0+cu124,SMD/machine-3-5/seed2/smd_cf_val/eval/best_val/attempt1,,True,val,G_raw,diagnostic,raw,G_raw,0.0573003908663655,0.7004713610178442,0.0414447839768487,0.6319953366372681,0.1126999989549636,0.9111617312072892,0.242424242424242,0.1588357311715344,0.7012883897531376
eval/SMD/machine-3-5/seed2/smd_cf_val/eval/best_val,val_ckpt_eval,val_pred_mae_v2,SMD,machine-3-5,2,scripts/configs/smd_cf_val.yaml,best_val,77,68e2301f4f34715ac6641959f97bd3dca5356f3c5b1cb0e8e99ab82a2a905e24,0.12056428355444447,val0.2_b18952,train_sub_val,e58be74bcff1a744c219f1d1f08200651504dfea686b73030d73938a6c3e215c,SMD_machine-3-5_pcmci_val0.2_b18952_8b9a0d2bcfe6992e,1.0,False,15,3,49f630ac8d324ba01390c1a1dcaa4386cd94ae84,49f630ac8d324ba01390c1a1dcaa4386cd94ae84,cuda,2.6.0+cu124,SMD/machine-3-5/seed2/smd_cf_val/eval/best_val/attempt1,,True,val,CF_raw,diagnostic,raw,CF_raw,0.1436091731521983,0.6638609895815669,0.0728593109061446,0.5345328133270866,0.2518109856826271,0.5245346869712352,0.3501683501683497,0.1851660067082236,0.6730543528356113
eval/SMD/machine-3-5/seed3/smd_cf_val/eval/last,val_ckpt_eval,val_pred_mae_v2,SMD,machine-3-5,3,scripts/configs/smd_cf_val.yaml,last,80,cebf169191683c96d73953df4735749cfbbbc73b5c6ed07eac2380734145b735,0.12155944764440965,val0.2_b18952,train_sub_val,e58be74bcff1a744c219f1d1f08200651504dfea686b73030d73938a6c3e215c,SMD_machine-3-5_pcmci_val0.2_b18952_8b9a0d2bcfe6992e,1.0,False,15,3,49f630ac8d324ba01390c1a1dcaa4386cd94ae84,49f630ac8d324ba01390c1a1dcaa4386cd94ae84,cuda,2.6.0+cu124,SMD/machine-3-5/seed3/smd_cf_val/eval/last/attempt1,,True,val,A_off,fusion,raw,P_raw + C_raw,0.253641829852267,0.7650953017727973,0.1320311278577818,0.6397525284826309,0.3458596846213413,0.759018759018759,0.6741573033707859,0.3477291488242903,0.7111089579288461
eval/SMD/machine-3-5/seed3/smd_cf_val/eval/last,val_ckpt_eval,val_pred_mae_v2,SMD,machine-3-5,3,scripts/configs/smd_cf_val.yaml,last,80,cebf169191683c96d73953df4735749cfbbbc73b5c6ed07eac2380734145b735,0.12155944764440965,val0.2_b18952,train_sub_val,e58be74bcff1a744c219f1d1f08200651504dfea686b73030d73938a6c3e215c,SMD_machine-3-5_pcmci_val0.2_b18952_8b9a0d2bcfe6992e,1.0,False,15,3,49f630ac8d324ba01390c1a1dcaa4386cd94ae84,49f630ac8d324ba01390c1a1dcaa4386cd94ae84,cuda,2.6.0+cu124,SMD/machine-3-5/seed3/smd_cf_val/eval/last/attempt1,,True,val,A_on,fusion,raw,P_raw + C_raw + 1*CF_raw,0.2684636749071021,0.7269339145756318,0.1446105367169315,0.6027485749254757,0.3932059600182502,0.7429378531073446,0.6315789473684205,0.3107621739935601,0.688150309251839
eval/SMD/machine-3-5/seed3/smd_cf_val/eval/last,val_ckpt_eval,val_pred_mae_v2,SMD,machine-3-5,3,scripts/configs/smd_cf_val.yaml,last,80,cebf169191683c96d73953df4735749cfbbbc73b5c6ed07eac2380734145b735,0.12155944764440965,val0.2_b18952,train_sub_val,e58be74bcff1a744c219f1d1f08200651504dfea686b73030d73938a6c3e215c,SMD_machine-3-5_pcmci_val0.2_b18952_8b9a0d2bcfe6992e,1.0,False,15,3,49f630ac8d324ba01390c1a1dcaa4386cd94ae84,49f630ac8d324ba01390c1a1dcaa4386cd94ae84,cuda,2.6.0+cu124,SMD/machine-3-5/seed3/smd_cf_val/eval/last/attempt1,,True,val,P_raw,diagnostic,raw,P_raw,0.2537140975364084,0.7651358789129685,0.1320664821924775,0.640500215660373,0.3455183568789913,0.759018759018759,0.6741573033707859,0.3477291488242903,0.7119542909618092
eval/SMD/machine-3-5/seed3/smd_cf_val/eval/last,val_ckpt_eval,val_pred_mae_v2,SMD,machine-3-5,3,scripts/configs/smd_cf_val.yaml,last,80,cebf169191683c96d73953df4735749cfbbbc73b5c6ed07eac2380734145b735,0.12155944764440965,val0.2_b18952,train_sub_val,e58be74bcff1a744c219f1d1f08200651504dfea686b73030d73938a6c3e215c,SMD_machine-3-5_pcmci_val0.2_b18952_8b9a0d2bcfe6992e,1.0,False,15,3,49f630ac8d324ba01390c1a1dcaa4386cd94ae84,49f630ac8d324ba01390c1a1dcaa4386cd94ae84,cuda,2.6.0+cu124,SMD/machine-3-5/seed3/smd_cf_val/eval/last/attempt1,,True,val,C_raw,diagnostic,raw,C_raw,0.0245545616924646,0.5979952066486754,0.023172422544242,0.4920256650079589,0.0474085125099437,0.8178137651821862,0.1023017902813296,0.0624408833434571,0.6743517633042976
eval/SMD/machine-3-5/seed3/smd_cf_val/eval/last,val_ckpt_eval,val_pred_mae_v2,SMD,machine-3-5,3,scripts/configs/smd_cf_val.yaml,last,80,cebf169191683c96d73953df4735749cfbbbc73b5c6ed07eac2380734145b735,0.12155944764440965,val0.2_b18952,train_sub_val,e58be74bcff1a744c219f1d1f08200651504dfea686b73030d73938a6c3e215c,SMD_machine-3-5_pcmci_val0.2_b18952_8b9a0d2bcfe6992e,1.0,False,15,3,49f630ac8d324ba01390c1a1dcaa4386cd94ae84,49f630ac8d324ba01390c1a1dcaa4386cd94ae84,cuda,2.6.0+cu124,SMD/machine-3-5/seed3/smd_cf_val/eval/last/attempt1,,True,val,G_raw,diagnostic,raw,G_raw,0.0799432144811358,0.702675143857065,0.0526107990616555,0.616172388928215,0.1637066548092118,0.7914438502673797,0.2167487684729059,0.083694244336684,0.6849915312073884
eval/SMD/machine-3-5/seed3/smd_cf_val/eval/last,val_ckpt_eval,val_pred_mae_v2,SMD,machine-3-5,3,scripts/configs/smd_cf_val.yaml,last,80,cebf169191683c96d73953df4735749cfbbbc73b5c6ed07eac2380734145b735,0.12155944764440965,val0.2_b18952,train_sub_val,e58be74bcff1a744c219f1d1f08200651504dfea686b73030d73938a6c3e215c,SMD_machine-3-5_pcmci_val0.2_b18952_8b9a0d2bcfe6992e,1.0,False,15,3,49f630ac8d324ba01390c1a1dcaa4386cd94ae84,49f630ac8d324ba01390c1a1dcaa4386cd94ae84,cuda,2.6.0+cu124,SMD/machine-3-5/seed3/smd_cf_val/eval/last/attempt1,,True,val,CF_raw,diagnostic,raw,CF_raw,0.1230479406121117,0.6383281774121394,0.0620342208736469,0.5456292509699116,0.2525316482444564,0.5111492281303602,0.3289473684210521,0.1517749668827212,0.6681911072846264
eval/SMD/machine-3-5/seed3/smd_cf_val/eval/best_val,val_ckpt_eval,val_pred_mae_v2,SMD,machine-3-5,3,scripts/configs/smd_cf_val.yaml,best_val,77,d2965bf8c91c35ec3a0667985baadf91699feae22010e3beb7ac27bf6195127b,0.12073380571034137,val0.2_b18952,train_sub_val,e58be74bcff1a744c219f1d1f08200651504dfea686b73030d73938a6c3e215c,SMD_machine-3-5_pcmci_val0.2_b18952_8b9a0d2bcfe6992e,1.0,False,15,3,49f630ac8d324ba01390c1a1dcaa4386cd94ae84,49f630ac8d324ba01390c1a1dcaa4386cd94ae84,cuda,2.6.0+cu124,SMD/machine-3-5/seed3/smd_cf_val/eval/best_val/attempt1,,True,val,A_off,fusion,raw,P_raw + C_raw,0.2539417816713737,0.7655887884352323,0.131164215151067,0.6388093383700695,0.3476020796478277,0.7601156069364162,0.6818181818181812,0.3477291488242903,0.7136568141348851
eval/SMD/machine-3-5/seed3/smd_cf_val/eval/best_val,val_ckpt_eval,val_pred_mae_v2,SMD,machine-3-5,3,scripts/configs/smd_cf_val.yaml,best_val,77,d2965bf8c91c35ec3a0667985baadf91699feae22010e3beb7ac27bf6195127b,0.12073380571034137,val0.2_b18952,train_sub_val,e58be74bcff1a744c219f1d1f08200651504dfea686b73030d73938a6c3e215c,SMD_machine-3-5_pcmci_val0.2_b18952_8b9a0d2bcfe6992e,1.0,False,15,3,49f630ac8d324ba01390c1a1dcaa4386cd94ae84,49f630ac8d324ba01390c1a1dcaa4386cd94ae84,cuda,2.6.0+cu124,SMD/machine-3-5/seed3/smd_cf_val/eval/best_val/attempt1,,True,val,A_on,fusion,raw,P_raw + C_raw + 1*CF_raw,0.2693777941505387,0.7251738054170682,0.1436927487644704,0.6028721238017092,0.3848349429810181,0.7492877492877493,0.6431014823261112,0.3261905219767332,0.6904529438996653
eval/SMD/machine-3-5/seed3/smd_cf_val/eval/best_val,val_ckpt_eval,val_pred_mae_v2,SMD,machine-3-5,3,scripts/configs/smd_cf_val.yaml,best_val,77,d2965bf8c91c35ec3a0667985baadf91699feae22010e3beb7ac27bf6195127b,0.12073380571034137,val0.2_b18952,train_sub_val,e58be74bcff1a744c219f1d1f08200651504dfea686b73030d73938a6c3e215c,SMD_machine-3-5_pcmci_val0.2_b18952_8b9a0d2bcfe6992e,1.0,False,15,3,49f630ac8d324ba01390c1a1dcaa4386cd94ae84,49f630ac8d324ba01390c1a1dcaa4386cd94ae84,cuda,2.6.0+cu124,SMD/machine-3-5/seed3/smd_cf_val/eval/best_val/attempt1,,True,val,P_raw,diagnostic,raw,P_raw,0.2539583753121154,0.7656067554276468,0.1312047844201369,0.639909777699412,0.3476020796478277,0.7601156069364162,0.6818181818181812,0.3477291488242903,0.7152299477316959
eval/SMD/machine-3-5/seed3/smd_cf_val/eval/best_val,val_ckpt_eval,val_pred_mae_v2,SMD,machine-3-5,3,scripts/configs/smd_cf_val.yaml,best_val,77,d2965bf8c91c35ec3a0667985baadf91699feae22010e3beb7ac27bf6195127b,0.12073380571034137,val0.2_b18952,train_sub_val,e58be74bcff1a744c219f1d1f08200651504dfea686b73030d73938a6c3e215c,SMD_machine-3-5_pcmci_val0.2_b18952_8b9a0d2bcfe6992e,1.0,False,15,3,49f630ac8d324ba01390c1a1dcaa4386cd94ae84,49f630ac8d324ba01390c1a1dcaa4386cd94ae84,cuda,2.6.0+cu124,SMD/machine-3-5/seed3/smd_cf_val/eval/best_val/attempt1,,True,val,C_raw,diagnostic,raw,C_raw,0.0244603977399947,0.6025877919737207,0.0232630446032311,0.4980315034734305,0.048416748554305,0.8623265741728922,0.1599999999999995,0.0794506258692628,0.6752730972766937
eval/SMD/machine-3-5/seed3/smd_cf_val/eval/best_val,val_ckpt_eval,val_pred_mae_v2,SMD,machine-3-5,3,scripts/configs/smd_cf_val.yaml,best_val,77,d2965bf8c91c35ec3a0667985baadf91699feae22010e3beb7ac27bf6195127b,0.12073380571034137,val0.2_b18952,train_sub_val,e58be74bcff1a744c219f1d1f08200651504dfea686b73030d73938a6c3e215c,SMD_machine-3-5_pcmci_val0.2_b18952_8b9a0d2bcfe6992e,1.0,False,15,3,49f630ac8d324ba01390c1a1dcaa4386cd94ae84,49f630ac8d324ba01390c1a1dcaa4386cd94ae84,cuda,2.6.0+cu124,SMD/machine-3-5/seed3/smd_cf_val/eval/best_val/attempt1,,True,val,G_raw,diagnostic,raw,G_raw,0.0798981491310979,0.7081918180335309,0.0530179225679626,0.6198226919671346,0.1617052540075166,0.7989203778677463,0.2130177514792894,0.0857685299168308,0.6856406030400563
eval/SMD/machine-3-5/seed3/smd_cf_val/eval/best_val,val_ckpt_eval,val_pred_mae_v2,SMD,machine-3-5,3,scripts/configs/smd_cf_val.yaml,best_val,77,d2965bf8c91c35ec3a0667985baadf91699feae22010e3beb7ac27bf6195127b,0.12073380571034137,val0.2_b18952,train_sub_val,e58be74bcff1a744c219f1d1f08200651504dfea686b73030d73938a6c3e215c,SMD_machine-3-5_pcmci_val0.2_b18952_8b9a0d2bcfe6992e,1.0,False,15,3,49f630ac8d324ba01390c1a1dcaa4386cd94ae84,49f630ac8d324ba01390c1a1dcaa4386cd94ae84,cuda,2.6.0+cu124,SMD/machine-3-5/seed3/smd_cf_val/eval/best_val/attempt1,,True,val,CF_raw,diagnostic,raw,CF_raw,0.1085382751912247,0.6306500134853381,0.0590448952262322,0.5414228141426507,0.2375959243238128,0.5146804835924007,0.3079710144927531,0.1455661169107663,0.6681943133388019
eval/SMD/machine-3-6/seed0/smd_cf_val/eval/last,val_ckpt_eval,val_pred_mae_v2,SMD,machine-3-6,0,scripts/configs/smd_cf_val.yaml,last,80,cd1832cadcdbde969f393bc430a739188252da5a4755ca7b849cf11a755f7d7f,0.1261067575604382,val0.2_b22981,train_sub_val,2fcf7aa2a205ef9580909c93560ec0414b39a60309f3739b4f12dc3438c7c8ac,SMD_machine-3-6_pcmci_val0.2_b22981_b5e8c2192d6f6a9d,1.0,False,15,81,49f630ac8d324ba01390c1a1dcaa4386cd94ae84,49f630ac8d324ba01390c1a1dcaa4386cd94ae84,cuda,2.6.0+cu124,SMD/machine-3-6/seed0/smd_cf_val/eval/last/attempt1,,True,val,A_off,fusion,raw,P_raw + C_raw,0.4689533582096019,0.8727461290027511,0.5364016342493646,0.9282273701946604,0.4732616274049067,0.9974874371859296,0.9688888888888884,0.525934283966893,0.9929238316384928
eval/SMD/machine-3-6/seed0/smd_cf_val/eval/last,val_ckpt_eval,val_pred_mae_v2,SMD,machine-3-6,0,scripts/configs/smd_cf_val.yaml,last,80,cd1832cadcdbde969f393bc430a739188252da5a4755ca7b849cf11a755f7d7f,0.1261067575604382,val0.2_b22981,train_sub_val,2fcf7aa2a205ef9580909c93560ec0414b39a60309f3739b4f12dc3438c7c8ac,SMD_machine-3-6_pcmci_val0.2_b22981_b5e8c2192d6f6a9d,1.0,False,15,81,49f630ac8d324ba01390c1a1dcaa4386cd94ae84,49f630ac8d324ba01390c1a1dcaa4386cd94ae84,cuda,2.6.0+cu124,SMD/machine-3-6/seed0/smd_cf_val/eval/last/attempt1,,True,val,A_on,fusion,raw,P_raw + C_raw + 1*CF_raw,0.5027299293052626,0.9318455354927456,0.5652332426753927,0.9613501078558636,0.4766023955419645,0.9954032595068952,0.9611111111111104,0.5213212577334732,0.9919260010166684
eval/SMD/machine-3-6/seed0/smd_cf_val/eval/last,val_ckpt_eval,val_pred_mae_v2,SMD,machine-3-6,0,scripts/configs/smd_cf_val.yaml,last,80,cd1832cadcdbde969f393bc430a739188252da5a4755ca7b849cf11a755f7d7f,0.1261067575604382,val0.2_b22981,train_sub_val,2fcf7aa2a205ef9580909c93560ec0414b39a60309f3739b4f12dc3438c7c8ac,SMD_machine-3-6_pcmci_val0.2_b22981_b5e8c2192d6f6a9d,1.0,False,15,81,49f630ac8d324ba01390c1a1dcaa4386cd94ae84,49f630ac8d324ba01390c1a1dcaa4386cd94ae84,cuda,2.6.0+cu124,SMD/machine-3-6/seed0/smd_cf_val/eval/last/attempt1,,True,val,P_raw,diagnostic,raw,P_raw,0.4698079127916588,0.8740249741483155,0.5372561993188364,0.9288354107017154,0.4737348189369631,0.9974937343358397,0.9732142857142853,0.525934283966893,0.9929773055085548
eval/SMD/machine-3-6/seed0/smd_cf_val/eval/last,val_ckpt_eval,val_pred_mae_v2,SMD,machine-3-6,0,scripts/configs/smd_cf_val.yaml,last,80,cd1832cadcdbde969f393bc430a739188252da5a4755ca7b849cf11a755f7d7f,0.1261067575604382,val0.2_b22981,train_sub_val,2fcf7aa2a205ef9580909c93560ec0414b39a60309f3739b4f12dc3438c7c8ac,SMD_machine-3-6_pcmci_val0.2_b22981_b5e8c2192d6f6a9d,1.0,False,15,81,49f630ac8d324ba01390c1a1dcaa4386cd94ae84,49f630ac8d324ba01390c1a1dcaa4386cd94ae84,cuda,2.6.0+cu124,SMD/machine-3-6/seed0/smd_cf_val/eval/last/attempt1,,True,val,C_raw,diagnostic,raw,C_raw,0.0359554497236132,0.4399330153656777,0.0460742445539431,0.5168167421170033,0.0802929289010496,0.5163853028798411,0.0975609756097557,0.1487540796023074,0.6696545700620549
eval/SMD/machine-3-6/seed0/smd_cf_val/eval/last,val_ckpt_eval,val_pred_mae_v2,SMD,machine-3-6,0,scripts/configs/smd_cf_val.yaml,last,80,cd1832cadcdbde969f393bc430a739188252da5a4755ca7b849cf11a755f7d7f,0.1261067575604382,val0.2_b22981,train_sub_val,2fcf7aa2a205ef9580909c93560ec0414b39a60309f3739b4f12dc3438c7c8ac,SMD_machine-3-6_pcmci_val0.2_b22981_b5e8c2192d6f6a9d,1.0,False,15,81,49f630ac8d324ba01390c1a1dcaa4386cd94ae84,49f630ac8d324ba01390c1a1dcaa4386cd94ae84,cuda,2.6.0+cu124,SMD/machine-3-6/seed0/smd_cf_val/eval/last/attempt1,,True,val,G_raw,diagnostic,raw,G_raw,0.1618197924952929,0.7639604878052046,0.1603082549877499,0.8357121451019762,0.2295575169607152,0.7503974562798092,0.3023543990086738,0.2442766189850048,0.837751984074055
eval/SMD/machine-3-6/seed0/smd_cf_val/eval/last,val_ckpt_eval,val_pred_mae_v2,SMD,machine-3-6,0,scripts/configs/smd_cf_val.yaml,last,80,cd1832cadcdbde969f393bc430a739188252da5a4755ca7b849cf11a755f7d7f,0.1261067575604382,val0.2_b22981,train_sub_val,2fcf7aa2a205ef9580909c93560ec0414b39a60309f3739b4f12dc3438c7c8ac,SMD_machine-3-6_pcmci_val0.2_b22981_b5e8c2192d6f6a9d,1.0,False,15,81,49f630ac8d324ba01390c1a1dcaa4386cd94ae84,49f630ac8d324ba01390c1a1dcaa4386cd94ae84,cuda,2.6.0+cu124,SMD/machine-3-6/seed0/smd_cf_val/eval/last/attempt1,,True,val,CF_raw,diagnostic,raw,CF_raw,0.3210204464366374,0.8478075988341957,0.3632197483650786,0.907673863560419,0.3730421229395633,0.8954008954008954,0.6124241790420409,0.284529351767055,0.8626208218281002
eval/SMD/machine-3-6/seed0/smd_cf_val/eval/best_val,val_ckpt_eval,val_pred_mae_v2,SMD,machine-3-6,0,scripts/configs/smd_cf_val.yaml,best_val,74,e15705161493d0499cba024eb08f57813633d17632dc3ec7b0ee022f85003914,0.12587972076893167,val0.2_b22981,train_sub_val,2fcf7aa2a205ef9580909c93560ec0414b39a60309f3739b4f12dc3438c7c8ac,SMD_machine-3-6_pcmci_val0.2_b22981_b5e8c2192d6f6a9d,1.0,False,15,81,49f630ac8d324ba01390c1a1dcaa4386cd94ae84,49f630ac8d324ba01390c1a1dcaa4386cd94ae84,cuda,2.6.0+cu124,SMD/machine-3-6/seed0/smd_cf_val/eval/best_val/attempt1,,True,val,A_off,fusion,raw,P_raw + C_raw,0.4677464804310199,0.8717394941377186,0.5352644105204559,0.9274959246750047,0.47256917639329,0.9974874371859296,0.9688888888888884,0.5255030716694545,0.9929238316384928
eval/SMD/machine-3-6/seed0/smd_cf_val/eval/best_val,val_ckpt_eval,val_pred_mae_v2,SMD,machine-3-6,0,scripts/configs/smd_cf_val.yaml,best_val,74,e15705161493d0499cba024eb08f57813633d17632dc3ec7b0ee022f85003914,0.12587972076893167,val0.2_b22981,train_sub_val,2fcf7aa2a205ef9580909c93560ec0414b39a60309f3739b4f12dc3438c7c8ac,SMD_machine-3-6_pcmci_val0.2_b22981_b5e8c2192d6f6a9d,1.0,False,15,81,49f630ac8d324ba01390c1a1dcaa4386cd94ae84,49f630ac8d324ba01390c1a1dcaa4386cd94ae84,cuda,2.6.0+cu124,SMD/machine-3-6/seed0/smd_cf_val/eval/best_val/attempt1,,True,val,A_on,fusion,raw,P_raw + C_raw + 1*CF_raw,0.5014833866325974,0.93325795249303,0.5630655509906697,0.9619438571180656,0.4787787137312496,0.9941569282136896,0.94535519125683,0.5202685822974312,0.9903695582579244
eval/SMD/machine-3-6/seed0/smd_cf_val/eval/best_val,val_ckpt_eval,val_pred_mae_v2,SMD,machine-3-6,0,scripts/configs/smd_cf_val.yaml,best_val,74,e15705161493d0499cba024eb08f57813633d17632dc3ec7b0ee022f85003914,0.12587972076893167,val0.2_b22981,train_sub_val,2fcf7aa2a205ef9580909c93560ec0414b39a60309f3739b4f12dc3438c7c8ac,SMD_machine-3-6_pcmci_val0.2_b22981_b5e8c2192d6f6a9d,1.0,False,15,81,49f630ac8d324ba01390c1a1dcaa4386cd94ae84,49f630ac8d324ba01390c1a1dcaa4386cd94ae84,cuda,2.6.0+cu124,SMD/machine-3-6/seed0/smd_cf_val/eval/best_val/attempt1,,True,val,P_raw,diagnostic,raw,P_raw,0.4685726935848216,0.8729959124791076,0.5359442874342886,0.9281079103965963,0.4733181100231287,0.9974874371859296,0.9688888888888884,0.5255030716694545,0.9929238316384928
eval/SMD/machine-3-6/seed0/smd_cf_val/eval/best_val,val_ckpt_eval,val_pred_mae_v2,SMD,machine-3-6,0,scripts/configs/smd_cf_val.yaml,best_val,74,e15705161493d0499cba024eb08f57813633d17632dc3ec7b0ee022f85003914,0.12587972076893167,val0.2_b22981,train_sub_val,2fcf7aa2a205ef9580909c93560ec0414b39a60309f3739b4f12dc3438c7c8ac,SMD_machine-3-6_pcmci_val0.2_b22981_b5e8c2192d6f6a9d,1.0,False,15,81,49f630ac8d324ba01390c1a1dcaa4386cd94ae84,49f630ac8d324ba01390c1a1dcaa4386cd94ae84,cuda,2.6.0+cu124,SMD/machine-3-6/seed0/smd_cf_val/eval/best_val/attempt1,,True,val,C_raw,diagnostic,raw,C_raw,0.035392574257539,0.4263930073163721,0.0454937380368712,0.5066273011518855,0.0801345883289072,0.4942037827943868,0.100884955752212,0.1720323268776224,0.6696525299686654
eval/SMD/machine-3-6/seed0/smd_cf_val/eval/best_val,val_ckpt_eval,val_pred_mae_v2,SMD,machine-3-6,0,scripts/configs/smd_cf_val.yaml,best_val,74,e15705161493d0499cba024eb08f57813633d17632dc3ec7b0ee022f85003914,0.12587972076893167,val0.2_b22981,train_sub_val,2fcf7aa2a205ef9580909c93560ec0414b39a60309f3739b4f12dc3438c7c8ac,SMD_machine-3-6_pcmci_val0.2_b22981_b5e8c2192d6f6a9d,1.0,False,15,81,49f630ac8d324ba01390c1a1dcaa4386cd94ae84,49f630ac8d324ba01390c1a1dcaa4386cd94ae84,cuda,2.6.0+cu124,SMD/machine-3-6/seed0/smd_cf_val/eval/best_val/attempt1,,True,val,G_raw,diagnostic,raw,G_raw,0.1654288233779705,0.7723195541466126,0.1661036454894733,0.8415902447197836,0.2345621074792526,0.744714420952982,0.302872062663185,0.2555792764574276,0.8526976726806406
eval/SMD/machine-3-6/seed0/smd_cf_val/eval/best_val,val_ckpt_eval,val_pred_mae_v2,SMD,machine-3-6,0,scripts/configs/smd_cf_val.yaml,best_val,74,e15705161493d0499cba024eb08f57813633d17632dc3ec7b0ee022f85003914,0.12587972076893167,val0.2_b22981,train_sub_val,2fcf7aa2a205ef9580909c93560ec0414b39a60309f3739b4f12dc3438c7c8ac,SMD_machine-3-6_pcmci_val0.2_b22981_b5e8c2192d6f6a9d,1.0,False,15,81,49f630ac8d324ba01390c1a1dcaa4386cd94ae84,49f630ac8d324ba01390c1a1dcaa4386cd94ae84,cuda,2.6.0+cu124,SMD/machine-3-6/seed0/smd_cf_val/eval/best_val/attempt1,,True,val,CF_raw,diagnostic,raw,CF_raw,0.3223565233482117,0.8515963441813945,0.3673555948258438,0.9109011903937674,0.3747786617341456,0.9005321326238231,0.6141267317737901,0.2900497574630351,0.8702596233929993
eval/SMD/machine-3-6/seed1/smd_cf_val/eval/last,val_ckpt_eval,val_pred_mae_v2,SMD,machine-3-6,1,scripts/configs/smd_cf_val.yaml,last,80,b1a05c2dbf4a812d311398461def2283a90ceb206d0fc36c04eb3e73d6eadde8,0.12818633096819976,val0.2_b22981,train_sub_val,2fcf7aa2a205ef9580909c93560ec0414b39a60309f3739b4f12dc3438c7c8ac,SMD_machine-3-6_pcmci_val0.2_b22981_b5e8c2192d6f6a9d,1.0,False,15,81,49f630ac8d324ba01390c1a1dcaa4386cd94ae84,49f630ac8d324ba01390c1a1dcaa4386cd94ae84,cuda,2.6.0+cu124,SMD/machine-3-6/seed1/smd_cf_val/eval/last/attempt1,,True,val,A_off,fusion,raw,P_raw + C_raw,0.4873478508356321,0.8772164422738625,0.5568950917843762,0.9319178057207068,0.4848143909262956,0.9979105725031342,0.9777777777777772,0.5205002366404545,0.9930150714429512
eval/SMD/machine-3-6/seed1/smd_cf_val/eval/last,val_ckpt_eval,val_pred_mae_v2,SMD,machine-3-6,1,scripts/configs/smd_cf_val.yaml,last,80,b1a05c2dbf4a812d311398461def2283a90ceb206d0fc36c04eb3e73d6eadde8,0.12818633096819976,val0.2_b22981,train_sub_val,2fcf7aa2a205ef9580909c93560ec0414b39a60309f3739b4f12dc3438c7c8ac,SMD_machine-3-6_pcmci_val0.2_b22981_b5e8c2192d6f6a9d,1.0,False,15,81,49f630ac8d324ba01390c1a1dcaa4386cd94ae84,49f630ac8d324ba01390c1a1dcaa4386cd94ae84,cuda,2.6.0+cu124,SMD/machine-3-6/seed1/smd_cf_val/eval/last/attempt1,,True,val,A_on,fusion,raw,P_raw + C_raw + 1*CF_raw,0.5300409708435153,0.9255449576480302,0.5930197733992582,0.9599003385756396,0.5147177910710954,0.9936842105263158,0.9454545454545448,0.5171326790886857,0.9821531900873884
eval/SMD/machine-3-6/seed1/smd_cf_val/eval/last,val_ckpt_eval,val_pred_mae_v2,SMD,machine-3-6,1,scripts/configs/smd_cf_val.yaml,last,80,b1a05c2dbf4a812d311398461def2283a90ceb206d0fc36c04eb3e73d6eadde8,0.12818633096819976,val0.2_b22981,train_sub_val,2fcf7aa2a205ef9580909c93560ec0414b39a60309f3739b4f12dc3438c7c8ac,SMD_machine-3-6_pcmci_val0.2_b22981_b5e8c2192d6f6a9d,1.0,False,15,81,49f630ac8d324ba01390c1a1dcaa4386cd94ae84,49f630ac8d324ba01390c1a1dcaa4386cd94ae84,cuda,2.6.0+cu124,SMD/machine-3-6/seed1/smd_cf_val/eval/last/attempt1,,True,val,P_raw,diagnostic,raw,P_raw,0.4881761298893132,0.8783915368239908,0.557892120770798,0.932471466361727,0.485750790782955,0.9979105725031342,0.9777777777777772,0.5205002366404545,0.9930150714429512
eval/SMD/machine-3-6/seed1/smd_cf_val/eval/last,val_ckpt_eval,val_pred_mae_v2,SMD,machine-3-6,1,scripts/configs/smd_cf_val.yaml,last,80,b1a05c2dbf4a812d311398461def2283a90ceb206d0fc36c04eb3e73d6eadde8,0.12818633096819976,val0.2_b22981,train_sub_val,2fcf7aa2a205ef9580909c93560ec0414b39a60309f3739b4f12dc3438c7c8ac,SMD_machine-3-6_pcmci_val0.2_b22981_b5e8c2192d6f6a9d,1.0,False,15,81,49f630ac8d324ba01390c1a1dcaa4386cd94ae84,49f630ac8d324ba01390c1a1dcaa4386cd94ae84,cuda,2.6.0+cu124,SMD/machine-3-6/seed1/smd_cf_val/eval/last/attempt1,,True,val,C_raw,diagnostic,raw,C_raw,0.035378201855164,0.4521263653344049,0.0448192428903688,0.5244574397951323,0.0807770819874795,0.5517241379310345,0.0806434392683012,0.069612368440636,0.6696668601941992
eval/SMD/machine-3-6/seed1/smd_cf_val/eval/last,val_ckpt_eval,val_pred_mae_v2,SMD,machine-3-6,1,scripts/configs/smd_cf_val.yaml,last,80,b1a05c2dbf4a812d311398461def2283a90ceb206d0fc36c04eb3e73d6eadde8,0.12818633096819976,val0.2_b22981,train_sub_val,2fcf7aa2a205ef9580909c93560ec0414b39a60309f3739b4f12dc3438c7c8ac,SMD_machine-3-6_pcmci_val0.2_b22981_b5e8c2192d6f6a9d,1.0,False,15,81,49f630ac8d324ba01390c1a1dcaa4386cd94ae84,49f630ac8d324ba01390c1a1dcaa4386cd94ae84,cuda,2.6.0+cu124,SMD/machine-3-6/seed1/smd_cf_val/eval/last/attempt1,,True,val,G_raw,diagnostic,raw,G_raw,0.2579888036367464,0.8640532167066484,0.296791418320056,0.9094049422157486,0.4032352814570745,0.7062600321027287,0.4683840749414514,0.3097690857474546,0.8576047428032206
eval/SMD/machine-3-6/seed1/smd_cf_val/eval/last,val_ckpt_eval,val_pred_mae_v2,SMD,machine-3-6,1,scripts/configs/smd_cf_val.yaml,last,80,b1a05c2dbf4a812d311398461def2283a90ceb206d0fc36c04eb3e73d6eadde8,0.12818633096819976,val0.2_b22981,train_sub_val,2fcf7aa2a205ef9580909c93560ec0414b39a60309f3739b4f12dc3438c7c8ac,SMD_machine-3-6_pcmci_val0.2_b22981_b5e8c2192d6f6a9d,1.0,False,15,81,49f630ac8d324ba01390c1a1dcaa4386cd94ae84,49f630ac8d324ba01390c1a1dcaa4386cd94ae84,cuda,2.6.0+cu124,SMD/machine-3-6/seed1/smd_cf_val/eval/last/attempt1,,True,val,CF_raw,diagnostic,raw,CF_raw,0.3462404987541108,0.8570933455929138,0.3735070029410955,0.9090855307948708,0.4012663679829958,0.8950366151342555,0.6562499999999994,0.3165822277217434,0.8355168965825428
eval/SMD/machine-3-6/seed1/smd_cf_val/eval/best_val,val_ckpt_eval,val_pred_mae_v2,SMD,machine-3-6,1,scripts/configs/smd_cf_val.yaml,best_val,79,c183ebcf2dfffc78d328b6fd6ba5da2a249483fb34e27ef80840a10230b8df62,0.12718881717523114,val0.2_b22981,train_sub_val,2fcf7aa2a205ef9580909c93560ec0414b39a60309f3739b4f12dc3438c7c8ac,SMD_machine-3-6_pcmci_val0.2_b22981_b5e8c2192d6f6a9d,1.0,False,15,81,49f630ac8d324ba01390c1a1dcaa4386cd94ae84,49f630ac8d324ba01390c1a1dcaa4386cd94ae84,cuda,2.6.0+cu124,SMD/machine-3-6/seed1/smd_cf_val/eval/best_val/attempt1,,True,val,A_off,fusion,raw,P_raw + C_raw,0.4873468942667431,0.8753740514024786,0.5564077001649761,0.9309590843823312,0.4853509584712941,0.9979105725031342,0.9777777777777772,0.5201016033676348,0.9930150714429512
eval/SMD/machine-3-6/seed1/smd_cf_val/eval/best_val,val_ckpt_eval,val_pred_mae_v2,SMD,machine-3-6,1,scripts/configs/smd_cf_val.yaml,best_val,79,c183ebcf2dfffc78d328b6fd6ba5da2a249483fb34e27ef80840a10230b8df62,0.12718881717523114,val0.2_b22981,train_sub_val,2fcf7aa2a205ef9580909c93560ec0414b39a60309f3739b4f12dc3438c7c8ac,SMD_machine-3-6_pcmci_val0.2_b22981_b5e8c2192d6f6a9d,1.0,False,15,81,49f630ac8d324ba01390c1a1dcaa4386cd94ae84,49f630ac8d324ba01390c1a1dcaa4386cd94ae84,cuda,2.6.0+cu124,SMD/machine-3-6/seed1/smd_cf_val/eval/best_val/attempt1,,True,val,A_on,fusion,raw,P_raw + C_raw + 1*CF_raw,0.5377124003451552,0.9260922234006692,0.6028215891085338,0.960507371158027,0.5185996789011076,0.9936842105263158,0.9521276595744677,0.5269591603279159,0.985629576260406
eval/SMD/machine-3-6/seed1/smd_cf_val/eval/best_val,val_ckpt_eval,val_pred_mae_v2,SMD,machine-3-6,1,scripts/configs/smd_cf_val.yaml,best_val,79,c183ebcf2dfffc78d328b6fd6ba5da2a249483fb34e27ef80840a10230b8df62,0.12718881717523114,val0.2_b22981,train_sub_val,2fcf7aa2a205ef9580909c93560ec0414b39a60309f3739b4f12dc3438c7c8ac,SMD_machine-3-6_pcmci_val0.2_b22981_b5e8c2192d6f6a9d,1.0,False,15,81,49f630ac8d324ba01390c1a1dcaa4386cd94ae84,49f630ac8d324ba01390c1a1dcaa4386cd94ae84,cuda,2.6.0+cu124,SMD/machine-3-6/seed1/smd_cf_val/eval/best_val/attempt1,,True,val,P_raw,diagnostic,raw,P_raw,0.4882700809635597,0.8767362134948988,0.5572337666601408,0.9316717410622896,0.4858870186650798,0.9979105725031342,0.9777777777777772,0.5201016033676348,0.9930150714429512
eval/SMD/machine-3-6/seed1/smd_cf_val/eval/best_val,val_ckpt_eval,val_pred_mae_v2,SMD,machine-3-6,1,scripts/configs/smd_cf_val.yaml,best_val,79,c183ebcf2dfffc78d328b6fd6ba5da2a249483fb34e27ef80840a10230b8df62,0.12718881717523114,val0.2_b22981,train_sub_val,2fcf7aa2a205ef9580909c93560ec0414b39a60309f3739b4f12dc3438c7c8ac,SMD_machine-3-6_pcmci_val0.2_b22981_b5e8c2192d6f6a9d,1.0,False,15,81,49f630ac8d324ba01390c1a1dcaa4386cd94ae84,49f630ac8d324ba01390c1a1dcaa4386cd94ae84,cuda,2.6.0+cu124,SMD/machine-3-6/seed1/smd_cf_val/eval/best_val/attempt1,,True,val,C_raw,diagnostic,raw,C_raw,0.0341353547437566,0.437549429498009,0.0432817049899438,0.5104605652020937,0.0804605622328032,0.505099562894609,0.080429683516334,0.0716536280258463,0.6696569972005872
eval/SMD/machine-3-6/seed1/smd_cf_val/eval/best_val,val_ckpt_eval,val_pred_mae_v2,SMD,machine-3-6,1,scripts/configs/smd_cf_val.yaml,best_val,79,c183ebcf2dfffc78d328b6fd6ba5da2a249483fb34e27ef80840a10230b8df62,0.12718881717523114,val0.2_b22981,train_sub_val,2fcf7aa2a205ef9580909c93560ec0414b39a60309f3739b4f12dc3438c7c8ac,SMD_machine-3-6_pcmci_val0.2_b22981_b5e8c2192d6f6a9d,1.0,False,15,81,49f630ac8d324ba01390c1a1dcaa4386cd94ae84,49f630ac8d324ba01390c1a1dcaa4386cd94ae84,cuda,2.6.0+cu124,SMD/machine-3-6/seed1/smd_cf_val/eval/best_val/attempt1,,True,val,G_raw,diagnostic,raw,G_raw,0.2534231050523894,0.8618672727563749,0.2911582879463141,0.9078495885780276,0.4004512222002326,0.7217847769028871,0.4607329842931932,0.3246935882770256,0.8567641446030848
eval/SMD/machine-3-6/seed1/smd_cf_val/eval/best_val,val_ckpt_eval,val_pred_mae_v2,SMD,machine-3-6,1,scripts/configs/smd_cf_val.yaml,best_val,79,c183ebcf2dfffc78d328b6fd6ba5da2a249483fb34e27ef80840a10230b8df62,0.12718881717523114,val0.2_b22981,train_sub_val,2fcf7aa2a205ef9580909c93560ec0414b39a60309f3739b4f12dc3438c7c8ac,SMD_machine-3-6_pcmci_val0.2_b22981_b5e8c2192d6f6a9d,1.0,False,15,81,49f630ac8d324ba01390c1a1dcaa4386cd94ae84,49f630ac8d324ba01390c1a1dcaa4386cd94ae84,cuda,2.6.0+cu124,SMD/machine-3-6/seed1/smd_cf_val/eval/best_val/attempt1,,True,val,CF_raw,diagnostic,raw,CF_raw,0.3551943935232358,0.8614436130804808,0.3857954303121611,0.9126203722890676,0.4051740205680202,0.9064688916357644,0.6790220820189269,0.343675002414655,0.8403325318955651
eval/SMD/machine-3-6/seed2/smd_cf_val/eval/last,val_ckpt_eval,val_pred_mae_v2,SMD,machine-3-6,2,scripts/configs/smd_cf_val.yaml,last,80,fa67a9aced5e5be1c9e36c1338fc879b5ac186f0266eb11db5017e5046d2db1d,0.1273087153812429,val0.2_b22981,train_sub_val,2fcf7aa2a205ef9580909c93560ec0414b39a60309f3739b4f12dc3438c7c8ac,SMD_machine-3-6_pcmci_val0.2_b22981_b5e8c2192d6f6a9d,1.0,False,15,81,49f630ac8d324ba01390c1a1dcaa4386cd94ae84,49f630ac8d324ba01390c1a1dcaa4386cd94ae84,cuda,2.6.0+cu124,SMD/machine-3-6/seed2/smd_cf_val/eval/last/attempt1,,True,val,A_off,fusion,raw,P_raw + C_raw,0.4789914855344779,0.8900668641320908,0.5479234288148266,0.9379069791381988,0.4747374294985741,0.9979105725031342,0.974874371859296,0.5186350307074168,0.9929708155311798
eval/SMD/machine-3-6/seed2/smd_cf_val/eval/last,val_ckpt_eval,val_pred_mae_v2,SMD,machine-3-6,2,scripts/configs/smd_cf_val.yaml,last,80,fa67a9aced5e5be1c9e36c1338fc879b5ac186f0266eb11db5017e5046d2db1d,0.1273087153812429,val0.2_b22981,train_sub_val,2fcf7aa2a205ef9580909c93560ec0414b39a60309f3739b4f12dc3438c7c8ac,SMD_machine-3-6_pcmci_val0.2_b22981_b5e8c2192d6f6a9d,1.0,False,15,81,49f630ac8d324ba01390c1a1dcaa4386cd94ae84,49f630ac8d324ba01390c1a1dcaa4386cd94ae84,cuda,2.6.0+cu124,SMD/machine-3-6/seed2/smd_cf_val/eval/last/attempt1,,True,val,A_on,fusion,raw,P_raw + C_raw + 1*CF_raw,0.4633496779565065,0.9037100902543456,0.5249771719997928,0.9475834202673202,0.4566162491192418,0.994572025052192,0.948571428571428,0.521971604245716,0.9889464938959932
eval/SMD/machine-3-6/seed2/smd_cf_val/eval/last,val_ckpt_eval,val_pred_mae_v2,SMD,machine-3-6,2,scripts/configs/smd_cf_val.yaml,last,80,fa67a9aced5e5be1c9e36c1338fc879b5ac186f0266eb11db5017e5046d2db1d,0.1273087153812429,val0.2_b22981,train_sub_val,2fcf7aa2a205ef9580909c93560ec0414b39a60309f3739b4f12dc3438c7c8ac,SMD_machine-3-6_pcmci_val0.2_b22981_b5e8c2192d6f6a9d,1.0,False,15,81,49f630ac8d324ba01390c1a1dcaa4386cd94ae84,49f630ac8d324ba01390c1a1dcaa4386cd94ae84,cuda,2.6.0+cu124,SMD/machine-3-6/seed2/smd_cf_val/eval/last/attempt1,,True,val,P_raw,diagnostic,raw,P_raw,0.4788734858767406,0.8893764563348905,0.547366342022936,0.9376491599950189,0.4753269210593793,0.9979105725031342,0.9746192893401008,0.5259513740371373,0.9929532300164156
eval/SMD/machine-3-6/seed2/smd_cf_val/eval/last,val_ckpt_eval,val_pred_mae_v2,SMD,machine-3-6,2,scripts/configs/smd_cf_val.yaml,last,80,fa67a9aced5e5be1c9e36c1338fc879b5ac186f0266eb11db5017e5046d2db1d,0.1273087153812429,val0.2_b22981,train_sub_val,2fcf7aa2a205ef9580909c93560ec0414b39a60309f3739b4f12dc3438c7c8ac,SMD_machine-3-6_pcmci_val0.2_b22981_b5e8c2192d6f6a9d,1.0,False,15,81,49f630ac8d324ba01390c1a1dcaa4386cd94ae84,49f630ac8d324ba01390c1a1dcaa4386cd94ae84,cuda,2.6.0+cu124,SMD/machine-3-6/seed2/smd_cf_val/eval/last/attempt1,,True,val,C_raw,diagnostic,raw,C_raw,0.0736066675970005,0.6678991823558441,0.0822268718484175,0.723782546017696,0.130371431227056,0.7135506003430532,0.2276422764227637,0.4963999680596007,0.6905855793922798
eval/SMD/machine-3-6/seed2/smd_cf_val/eval/last,val_ckpt_eval,val_pred_mae_v2,SMD,machine-3-6,2,scripts/configs/smd_cf_val.yaml,last,80,fa67a9aced5e5be1c9e36c1338fc879b5ac186f0266eb11db5017e5046d2db1d,0.1273087153812429,val0.2_b22981,train_sub_val,2fcf7aa2a205ef9580909c93560ec0414b39a60309f3739b4f12dc3438c7c8ac,SMD_machine-3-6_pcmci_val0.2_b22981_b5e8c2192d6f6a9d,1.0,False,15,81,49f630ac8d324ba01390c1a1dcaa4386cd94ae84,49f630ac8d324ba01390c1a1dcaa4386cd94ae84,cuda,2.6.0+cu124,SMD/machine-3-6/seed2/smd_cf_val/eval/last/attempt1,,True,val,G_raw,diagnostic,raw,G_raw,0.2556469773260794,0.8191935528141502,0.2844907684534727,0.8813674018532859,0.3370484344365514,0.9056924384027188,0.6049966239027679,0.3204566911146549,0.8666852910150298
eval/SMD/machine-3-6/seed2/smd_cf_val/eval/last,val_ckpt_eval,val_pred_mae_v2,SMD,machine-3-6,2,scripts/configs/smd_cf_val.yaml,last,80,fa67a9aced5e5be1c9e36c1338fc879b5ac186f0266eb11db5017e5046d2db1d,0.1273087153812429,val0.2_b22981,train_sub_val,2fcf7aa2a205ef9580909c93560ec0414b39a60309f3739b4f12dc3438c7c8ac,SMD_machine-3-6_pcmci_val0.2_b22981_b5e8c2192d6f6a9d,1.0,False,15,81,49f630ac8d324ba01390c1a1dcaa4386cd94ae84,49f630ac8d324ba01390c1a1dcaa4386cd94ae84,cuda,2.6.0+cu124,SMD/machine-3-6/seed2/smd_cf_val/eval/last/attempt1,,True,val,CF_raw,diagnostic,raw,CF_raw,0.2432535360788631,0.7835304305562987,0.2726254388543167,0.8585369683129277,0.3055615383766483,0.8163265306122449,0.549391069012178,0.2582186673701325,0.8424128358444437
eval/SMD/machine-3-6/seed2/smd_cf_val/eval/best_val,val_ckpt_eval,val_pred_mae_v2,SMD,machine-3-6,2,scripts/configs/smd_cf_val.yaml,best_val,78,5ab54012af8491b902f816d6f52a938c76a944e4783e2c68d4fa82681266a322,0.12611970787381563,val0.2_b22981,train_sub_val,2fcf7aa2a205ef9580909c93560ec0414b39a60309f3739b4f12dc3438c7c8ac,SMD_machine-3-6_pcmci_val0.2_b22981_b5e8c2192d6f6a9d,1.0,False,15,81,49f630ac8d324ba01390c1a1dcaa4386cd94ae84,49f630ac8d324ba01390c1a1dcaa4386cd94ae84,cuda,2.6.0+cu124,SMD/machine-3-6/seed2/smd_cf_val/eval/best_val/attempt1,,True,val,A_off,fusion,raw,P_raw + C_raw,0.4791475273276868,0.8904696793563427,0.5481172730372363,0.9381640508595952,0.4758317908988779,0.9979105725031342,0.974874371859296,0.5186512582422979,0.9929708155311798
eval/SMD/machine-3-6/seed2/smd_cf_val/eval/best_val,val_ckpt_eval,val_pred_mae_v2,SMD,machine-3-6,2,scripts/configs/smd_cf_val.yaml,best_val,78,5ab54012af8491b902f816d6f52a938c76a944e4783e2c68d4fa82681266a322,0.12611970787381563,val0.2_b22981,train_sub_val,2fcf7aa2a205ef9580909c93560ec0414b39a60309f3739b4f12dc3438c7c8ac,SMD_machine-3-6_pcmci_val0.2_b22981_b5e8c2192d6f6a9d,1.0,False,15,81,49f630ac8d324ba01390c1a1dcaa4386cd94ae84,49f630ac8d324ba01390c1a1dcaa4386cd94ae84,cuda,2.6.0+cu124,SMD/machine-3-6/seed2/smd_cf_val/eval/best_val/attempt1,,True,val,A_on,fusion,raw,P_raw + C_raw + 1*CF_raw,0.4563375494073435,0.9022332836778936,0.5160999462589065,0.9461500007080436,0.4543887893818619,0.9949874686716792,0.9532163742690052,0.5316455625967527,0.9904808788825964
eval/SMD/machine-3-6/seed2/smd_cf_val/eval/best_val,val_ckpt_eval,val_pred_mae_v2,SMD,machine-3-6,2,scripts/configs/smd_cf_val.yaml,best_val,78,5ab54012af8491b902f816d6f52a938c76a944e4783e2c68d4fa82681266a322,0.12611970787381563,val0.2_b22981,train_sub_val,2fcf7aa2a205ef9580909c93560ec0414b39a60309f3739b4f12dc3438c7c8ac,SMD_machine-3-6_pcmci_val0.2_b22981_b5e8c2192d6f6a9d,1.0,False,15,81,49f630ac8d324ba01390c1a1dcaa4386cd94ae84,49f630ac8d324ba01390c1a1dcaa4386cd94ae84,cuda,2.6.0+cu124,SMD/machine-3-6/seed2/smd_cf_val/eval/best_val/attempt1,,True,val,P_raw,diagnostic,raw,P_raw,0.4790586184245117,0.8898551788359618,0.5482246504797296,0.937927499545295,0.4771473274750432,0.9979105725031342,0.9746192893401008,0.5186512582422979,0.9929708155311798
eval/SMD/machine-3-6/seed2/smd_cf_val/eval/best_val,val_ckpt_eval,val_pred_mae_v2,SMD,machine-3-6,2,scripts/configs/smd_cf_val.yaml,best_val,78,5ab54012af8491b902f816d6f52a938c76a944e4783e2c68d4fa82681266a322,0.12611970787381563,val0.2_b22981,train_sub_val,2fcf7aa2a205ef9580909c93560ec0414b39a60309f3739b4f12dc3438c7c8ac,SMD_machine-3-6_pcmci_val0.2_b22981_b5e8c2192d6f6a9d,1.0,False,15,81,49f630ac8d324ba01390c1a1dcaa4386cd94ae84,49f630ac8d324ba01390c1a1dcaa4386cd94ae84,cuda,2.6.0+cu124,SMD/machine-3-6/seed2/smd_cf_val/eval/best_val/attempt1,,True,val,C_raw,diagnostic,raw,C_raw,0.071489713018543,0.6523829377117272,0.0792682676369113,0.7117242485515543,0.1261309301592617,0.7652685798381162,0.2926829268292679,0.5920886773969177,0.7065796470099888
eval/SMD/machine-3-6/seed2/smd_cf_val/eval/best_val,val_ckpt_eval,val_pred_mae_v2,SMD,machine-3-6,2,scripts/configs/smd_cf_val.yaml,best_val,78,5ab54012af8491b902f816d6f52a938c76a944e4783e2c68d4fa82681266a322,0.12611970787381563,val0.2_b22981,train_sub_val,2fcf7aa2a205ef9580909c93560ec0414b39a60309f3739b4f12dc3438c7c8ac,SMD_machine-3-6_pcmci_val0.2_b22981_b5e8c2192d6f6a9d,1.0,False,15,81,49f630ac8d324ba01390c1a1dcaa4386cd94ae84,49f630ac8d324ba01390c1a1dcaa4386cd94ae84,cuda,2.6.0+cu124,SMD/machine-3-6/seed2/smd_cf_val/eval/best_val/attempt1,,True,val,G_raw,diagnostic,raw,G_raw,0.2437375477396579,0.8133850409625426,0.2613439100602286,0.8748983410177071,0.3240722253178597,0.7354260089686099,0.561471442400774,0.3119342513583763,0.858210796648615
eval/SMD/machine-3-6/seed2/smd_cf_val/eval/best_val,val_ckpt_eval,val_pred_mae_v2,SMD,machine-3-6,2,scripts/configs/smd_cf_val.yaml,best_val,78,5ab54012af8491b902f816d6f52a938c76a944e4783e2c68d4fa82681266a322,0.12611970787381563,val0.2_b22981,train_sub_val,2fcf7aa2a205ef9580909c93560ec0414b39a60309f3739b4f12dc3438c7c8ac,SMD_machine-3-6_pcmci_val0.2_b22981_b5e8c2192d6f6a9d,1.0,False,15,81,49f630ac8d324ba01390c1a1dcaa4386cd94ae84,49f630ac8d324ba01390c1a1dcaa4386cd94ae84,cuda,2.6.0+cu124,SMD/machine-3-6/seed2/smd_cf_val/eval/best_val/attempt1,,True,val,CF_raw,diagnostic,raw,CF_raw,0.2303796839337773,0.7800032754697442,0.2580517506631452,0.8543501364888983,0.2932012110729803,0.7969656403391343,0.5459070796460171,0.2422594893570862,0.8371292236966874
eval/SMD/machine-3-6/seed3/smd_cf_val/eval/last,val_ckpt_eval,val_pred_mae_v2,SMD,machine-3-6,3,scripts/configs/smd_cf_val.yaml,last,80,dfacee6d1c6143bf1cfd7be38ce4c5fb913ce771f75a2c4a5d8cb1bb6273e0e7,0.12739107341552142,val0.2_b22981,train_sub_val,2fcf7aa2a205ef9580909c93560ec0414b39a60309f3739b4f12dc3438c7c8ac,SMD_machine-3-6_pcmci_val0.2_b22981_b5e8c2192d6f6a9d,1.0,False,15,81,49f630ac8d324ba01390c1a1dcaa4386cd94ae84,49f630ac8d324ba01390c1a1dcaa4386cd94ae84,cuda,2.6.0+cu124,SMD/machine-3-6/seed3/smd_cf_val/eval/last/attempt1,,True,val,A_off,fusion,raw,P_raw + C_raw,0.4778170648523926,0.8768120142672208,0.5460967628030965,0.9310604467373794,0.4827538830036191,0.9979105725031342,0.9753694581280782,0.5200932423483456,0.992997494763142
eval/SMD/machine-3-6/seed3/smd_cf_val/eval/last,val_ckpt_eval,val_pred_mae_v2,SMD,machine-3-6,3,scripts/configs/smd_cf_val.yaml,last,80,dfacee6d1c6143bf1cfd7be38ce4c5fb913ce771f75a2c4a5d8cb1bb6273e0e7,0.12739107341552142,val0.2_b22981,train_sub_val,2fcf7aa2a205ef9580909c93560ec0414b39a60309f3739b4f12dc3438c7c8ac,SMD_machine-3-6_pcmci_val0.2_b22981_b5e8c2192d6f6a9d,1.0,False,15,81,49f630ac8d324ba01390c1a1dcaa4386cd94ae84,49f630ac8d324ba01390c1a1dcaa4386cd94ae84,cuda,2.6.0+cu124,SMD/machine-3-6/seed3/smd_cf_val/eval/last/attempt1,,True,val,A_on,fusion,raw,P_raw + C_raw + 1*CF_raw,0.4752706170547646,0.904507048193772,0.5381491431616047,0.9471506485775232,0.4512393098461379,0.992931392931393,0.9473684210526312,0.529186194216243,0.9857224296825357
eval/SMD/machine-3-6/seed3/smd_cf_val/eval/last,val_ckpt_eval,val_pred_mae_v2,SMD,machine-3-6,3,scripts/configs/smd_cf_val.yaml,last,80,dfacee6d1c6143bf1cfd7be38ce4c5fb913ce771f75a2c4a5d8cb1bb6273e0e7,0.12739107341552142,val0.2_b22981,train_sub_val,2fcf7aa2a205ef9580909c93560ec0414b39a60309f3739b4f12dc3438c7c8ac,SMD_machine-3-6_pcmci_val0.2_b22981_b5e8c2192d6f6a9d,1.0,False,15,81,49f630ac8d324ba01390c1a1dcaa4386cd94ae84,49f630ac8d324ba01390c1a1dcaa4386cd94ae84,cuda,2.6.0+cu124,SMD/machine-3-6/seed3/smd_cf_val/eval/last/attempt1,,True,val,P_raw,diagnostic,raw,P_raw,0.4783084861270909,0.877268355608901,0.5464194448664765,0.9312193093213186,0.4826826125815756,0.9979105725031342,0.9751243781094522,0.5200932423483456,0.992997494763142
eval/SMD/machine-3-6/seed3/smd_cf_val/eval/last,val_ckpt_eval,val_pred_mae_v2,SMD,machine-3-6,3,scripts/configs/smd_cf_val.yaml,last,80,dfacee6d1c6143bf1cfd7be38ce4c5fb913ce771f75a2c4a5d8cb1bb6273e0e7,0.12739107341552142,val0.2_b22981,train_sub_val,2fcf7aa2a205ef9580909c93560ec0414b39a60309f3739b4f12dc3438c7c8ac,SMD_machine-3-6_pcmci_val0.2_b22981_b5e8c2192d6f6a9d,1.0,False,15,81,49f630ac8d324ba01390c1a1dcaa4386cd94ae84,49f630ac8d324ba01390c1a1dcaa4386cd94ae84,cuda,2.6.0+cu124,SMD/machine-3-6/seed3/smd_cf_val/eval/last/attempt1,,True,val,C_raw,diagnostic,raw,C_raw,0.0483476036384205,0.4971393044136498,0.0580317742837251,0.5714288451875041,0.0804546927848822,0.7529566360052562,0.1666666666666665,0.0966745457319972,0.6696471673459427
eval/SMD/machine-3-6/seed3/smd_cf_val/eval/last,val_ckpt_eval,val_pred_mae_v2,SMD,machine-3-6,3,scripts/configs/smd_cf_val.yaml,last,80,dfacee6d1c6143bf1cfd7be38ce4c5fb913ce771f75a2c4a5d8cb1bb6273e0e7,0.12739107341552142,val0.2_b22981,train_sub_val,2fcf7aa2a205ef9580909c93560ec0414b39a60309f3739b4f12dc3438c7c8ac,SMD_machine-3-6_pcmci_val0.2_b22981_b5e8c2192d6f6a9d,1.0,False,15,81,49f630ac8d324ba01390c1a1dcaa4386cd94ae84,49f630ac8d324ba01390c1a1dcaa4386cd94ae84,cuda,2.6.0+cu124,SMD/machine-3-6/seed3/smd_cf_val/eval/last/attempt1,,True,val,G_raw,diagnostic,raw,G_raw,0.1432953069384898,0.7129586030407581,0.1260674952485169,0.7695345923691289,0.1747879565040008,0.4960573476702509,0.4410097887686754,0.366699851274186,0.8379087388815366
eval/SMD/machine-3-6/seed3/smd_cf_val/eval/last,val_ckpt_eval,val_pred_mae_v2,SMD,machine-3-6,3,scripts/configs/smd_cf_val.yaml,last,80,dfacee6d1c6143bf1cfd7be38ce4c5fb913ce771f75a2c4a5d8cb1bb6273e0e7,0.12739107341552142,val0.2_b22981,train_sub_val,2fcf7aa2a205ef9580909c93560ec0414b39a60309f3739b4f12dc3438c7c8ac,SMD_machine-3-6_pcmci_val0.2_b22981_b5e8c2192d6f6a9d,1.0,False,15,81,49f630ac8d324ba01390c1a1dcaa4386cd94ae84,49f630ac8d324ba01390c1a1dcaa4386cd94ae84,cuda,2.6.0+cu124,SMD/machine-3-6/seed3/smd_cf_val/eval/last/attempt1,,True,val,CF_raw,diagnostic,raw,CF_raw,0.2664272383254057,0.7962327503033705,0.2831971531634619,0.8652091288922951,0.30288870171157,0.8048670572329878,0.5842757135164237,0.2532349532095929,0.8064405782878022
eval/SMD/machine-3-6/seed3/smd_cf_val/eval/best_val,val_ckpt_eval,val_pred_mae_v2,SMD,machine-3-6,3,scripts/configs/smd_cf_val.yaml,best_val,80,8ecfef1f0659d4ebe26c3ae3d6c2e812234d2784853a06d949a6a19b571c02a0,0.12739107341552142,val0.2_b22981,train_sub_val,2fcf7aa2a205ef9580909c93560ec0414b39a60309f3739b4f12dc3438c7c8ac,SMD_machine-3-6_pcmci_val0.2_b22981_b5e8c2192d6f6a9d,1.0,False,15,81,49f630ac8d324ba01390c1a1dcaa4386cd94ae84,49f630ac8d324ba01390c1a1dcaa4386cd94ae84,cuda,2.6.0+cu124,SMD/machine-3-6/seed3/smd_cf_val/eval/best_val/attempt1,,True,val,A_off,fusion,raw,P_raw + C_raw,0.4778170648523926,0.8768120142672208,0.5460967628030965,0.9310604467373794,0.4827538830036191,0.9979105725031342,0.9753694581280782,0.5200932423483456,0.992997494763142
eval/SMD/machine-3-6/seed3/smd_cf_val/eval/best_val,val_ckpt_eval,val_pred_mae_v2,SMD,machine-3-6,3,scripts/configs/smd_cf_val.yaml,best_val,80,8ecfef1f0659d4ebe26c3ae3d6c2e812234d2784853a06d949a6a19b571c02a0,0.12739107341552142,val0.2_b22981,train_sub_val,2fcf7aa2a205ef9580909c93560ec0414b39a60309f3739b4f12dc3438c7c8ac,SMD_machine-3-6_pcmci_val0.2_b22981_b5e8c2192d6f6a9d,1.0,False,15,81,49f630ac8d324ba01390c1a1dcaa4386cd94ae84,49f630ac8d324ba01390c1a1dcaa4386cd94ae84,cuda,2.6.0+cu124,SMD/machine-3-6/seed3/smd_cf_val/eval/best_val/attempt1,,True,val,A_on,fusion,raw,P_raw + C_raw + 1*CF_raw,0.4752706170547646,0.904507048193772,0.5381491431616047,0.9471506485775232,0.4512393098461379,0.992931392931393,0.9473684210526312,0.529186194216243,0.9857224296825357
eval/SMD/machine-3-6/seed3/smd_cf_val/eval/best_val,val_ckpt_eval,val_pred_mae_v2,SMD,machine-3-6,3,scripts/configs/smd_cf_val.yaml,best_val,80,8ecfef1f0659d4ebe26c3ae3d6c2e812234d2784853a06d949a6a19b571c02a0,0.12739107341552142,val0.2_b22981,train_sub_val,2fcf7aa2a205ef9580909c93560ec0414b39a60309f3739b4f12dc3438c7c8ac,SMD_machine-3-6_pcmci_val0.2_b22981_b5e8c2192d6f6a9d,1.0,False,15,81,49f630ac8d324ba01390c1a1dcaa4386cd94ae84,49f630ac8d324ba01390c1a1dcaa4386cd94ae84,cuda,2.6.0+cu124,SMD/machine-3-6/seed3/smd_cf_val/eval/best_val/attempt1,,True,val,P_raw,diagnostic,raw,P_raw,0.4783084861270909,0.877268355608901,0.5464194448664765,0.9312193093213186,0.4826826125815756,0.9979105725031342,0.9751243781094522,0.5200932423483456,0.992997494763142
eval/SMD/machine-3-6/seed3/smd_cf_val/eval/best_val,val_ckpt_eval,val_pred_mae_v2,SMD,machine-3-6,3,scripts/configs/smd_cf_val.yaml,best_val,80,8ecfef1f0659d4ebe26c3ae3d6c2e812234d2784853a06d949a6a19b571c02a0,0.12739107341552142,val0.2_b22981,train_sub_val,2fcf7aa2a205ef9580909c93560ec0414b39a60309f3739b4f12dc3438c7c8ac,SMD_machine-3-6_pcmci_val0.2_b22981_b5e8c2192d6f6a9d,1.0,False,15,81,49f630ac8d324ba01390c1a1dcaa4386cd94ae84,49f630ac8d324ba01390c1a1dcaa4386cd94ae84,cuda,2.6.0+cu124,SMD/machine-3-6/seed3/smd_cf_val/eval/best_val/attempt1,,True,val,C_raw,diagnostic,raw,C_raw,0.0483476036384205,0.4971393044136498,0.0580317742837251,0.5714288451875041,0.0804546927848822,0.7529566360052562,0.1666666666666665,0.0966745457319972,0.6696471673459427
eval/SMD/machine-3-6/seed3/smd_cf_val/eval/best_val,val_ckpt_eval,val_pred_mae_v2,SMD,machine-3-6,3,scripts/configs/smd_cf_val.yaml,best_val,80,8ecfef1f0659d4ebe26c3ae3d6c2e812234d2784853a06d949a6a19b571c02a0,0.12739107341552142,val0.2_b22981,train_sub_val,2fcf7aa2a205ef9580909c93560ec0414b39a60309f3739b4f12dc3438c7c8ac,SMD_machine-3-6_pcmci_val0.2_b22981_b5e8c2192d6f6a9d,1.0,False,15,81,49f630ac8d324ba01390c1a1dcaa4386cd94ae84,49f630ac8d324ba01390c1a1dcaa4386cd94ae84,cuda,2.6.0+cu124,SMD/machine-3-6/seed3/smd_cf_val/eval/best_val/attempt1,,True,val,G_raw,diagnostic,raw,G_raw,0.1432953069384898,0.7129586030407581,0.1260674952485169,0.7695345923691289,0.1747879565040008,0.4960573476702509,0.4410097887686754,0.366699851274186,0.8379087388815366
eval/SMD/machine-3-6/seed3/smd_cf_val/eval/best_val,val_ckpt_eval,val_pred_mae_v2,SMD,machine-3-6,3,scripts/configs/smd_cf_val.yaml,best_val,80,8ecfef1f0659d4ebe26c3ae3d6c2e812234d2784853a06d949a6a19b571c02a0,0.12739107341552142,val0.2_b22981,train_sub_val,2fcf7aa2a205ef9580909c93560ec0414b39a60309f3739b4f12dc3438c7c8ac,SMD_machine-3-6_pcmci_val0.2_b22981_b5e8c2192d6f6a9d,1.0,False,15,81,49f630ac8d324ba01390c1a1dcaa4386cd94ae84,49f630ac8d324ba01390c1a1dcaa4386cd94ae84,cuda,2.6.0+cu124,SMD/machine-3-6/seed3/smd_cf_val/eval/best_val/attempt1,,True,val,CF_raw,diagnostic,raw,CF_raw,0.2664272383254057,0.7962327503033705,0.2831971531634619,0.8652091288922951,0.30288870171157,0.8048670572329878,0.5842757135164237,0.2532349532095929,0.8064405782878022
eval/SMD/machine-3-7/seed0/smd_cf_val/eval/last,val_ckpt_eval,val_pred_mae_v2,SMD,machine-3-7,0,scripts/configs/smd_cf_val.yaml,last,80,a7324dcfbbc1f8cc68b26aeb9267eb03ee25f8782a6c1d3a12d50ee3e854f2a6,0.06520213002686058,val0.2_b22964,train_sub_val,5f0e8fbb2d5790fa44f0e2dc33f55ee8c41f01c2195505359db9c961b975e45f,SMD_machine-3-7_pcmci_val0.2_b22964_9c17cc6597d2aa8d,1.0,False,15,35,49f630ac8d324ba01390c1a1dcaa4386cd94ae84,49f630ac8d324ba01390c1a1dcaa4386cd94ae84,cuda,2.6.0+cu124,SMD/machine-3-7/seed0/smd_cf_val/eval/last/attempt1,,True,val,A_off,fusion,raw,P_raw + C_raw,0.2334736777361044,0.7197845407700885,0.2040591907907824,0.7585825222495931,0.3296670686900945,0.9257425742574258,0.5714285714285711,0.1818704843705632,0.66708445958781
eval/SMD/machine-3-7/seed0/smd_cf_val/eval/last,val_ckpt_eval,val_pred_mae_v2,SMD,machine-3-7,0,scripts/configs/smd_cf_val.yaml,last,80,a7324dcfbbc1f8cc68b26aeb9267eb03ee25f8782a6c1d3a12d50ee3e854f2a6,0.06520213002686058,val0.2_b22964,train_sub_val,5f0e8fbb2d5790fa44f0e2dc33f55ee8c41f01c2195505359db9c961b975e45f,SMD_machine-3-7_pcmci_val0.2_b22964_9c17cc6597d2aa8d,1.0,False,15,35,49f630ac8d324ba01390c1a1dcaa4386cd94ae84,49f630ac8d324ba01390c1a1dcaa4386cd94ae84,cuda,2.6.0+cu124,SMD/machine-3-7/seed0/smd_cf_val/eval/last/attempt1,,True,val,A_on,fusion,raw,P_raw + C_raw + 1*CF_raw,0.31935702499593,0.7606650998050827,0.2525941663362795,0.797257490357176,0.3749953423036603,0.9257425742574258,0.5714285714285711,0.168460909744972,0.6670828845829875
eval/SMD/machine-3-7/seed0/smd_cf_val/eval/last,val_ckpt_eval,val_pred_mae_v2,SMD,machine-3-7,0,scripts/configs/smd_cf_val.yaml,last,80,a7324dcfbbc1f8cc68b26aeb9267eb03ee25f8782a6c1d3a12d50ee3e854f2a6,0.06520213002686058,val0.2_b22964,train_sub_val,5f0e8fbb2d5790fa44f0e2dc33f55ee8c41f01c2195505359db9c961b975e45f,SMD_machine-3-7_pcmci_val0.2_b22964_9c17cc6597d2aa8d,1.0,False,15,35,49f630ac8d324ba01390c1a1dcaa4386cd94ae84,49f630ac8d324ba01390c1a1dcaa4386cd94ae84,cuda,2.6.0+cu124,SMD/machine-3-7/seed0/smd_cf_val/eval/last/attempt1,,True,val,P_raw,diagnostic,raw,P_raw,0.2334113373305816,0.7178447424315009,0.2041351197925974,0.7571634752464546,0.3296670686900945,0.9257425742574258,0.5714285714285711,0.1818704843705632,0.667101552682791
eval/SMD/machine-3-7/seed0/smd_cf_val/eval/last,val_ckpt_eval,val_pred_mae_v2,SMD,machine-3-7,0,scripts/configs/smd_cf_val.yaml,last,80,a7324dcfbbc1f8cc68b26aeb9267eb03ee25f8782a6c1d3a12d50ee3e854f2a6,0.06520213002686058,val0.2_b22964,train_sub_val,5f0e8fbb2d5790fa44f0e2dc33f55ee8c41f01c2195505359db9c961b975e45f,SMD_machine-3-7_pcmci_val0.2_b22964_9c17cc6597d2aa8d,1.0,False,15,35,49f630ac8d324ba01390c1a1dcaa4386cd94ae84,49f630ac8d324ba01390c1a1dcaa4386cd94ae84,cuda,2.6.0+cu124,SMD/machine-3-7/seed0/smd_cf_val/eval/last/attempt1,,True,val,C_raw,diagnostic,raw,C_raw,0.0583245028799867,0.6611168307610127,0.0373396926673061,0.6881769905090055,0.1019850816756414,0.8366890380313199,0.333333333333333,0.0971446173086882,0.7446242596214384
eval/SMD/machine-3-7/seed0/smd_cf_val/eval/last,val_ckpt_eval,val_pred_mae_v2,SMD,machine-3-7,0,scripts/configs/smd_cf_val.yaml,last,80,a7324dcfbbc1f8cc68b26aeb9267eb03ee25f8782a6c1d3a12d50ee3e854f2a6,0.06520213002686058,val0.2_b22964,train_sub_val,5f0e8fbb2d5790fa44f0e2dc33f55ee8c41f01c2195505359db9c961b975e45f,SMD_machine-3-7_pcmci_val0.2_b22964_9c17cc6597d2aa8d,1.0,False,15,35,49f630ac8d324ba01390c1a1dcaa4386cd94ae84,49f630ac8d324ba01390c1a1dcaa4386cd94ae84,cuda,2.6.0+cu124,SMD/machine-3-7/seed0/smd_cf_val/eval/last/attempt1,,True,val,G_raw,diagnostic,raw,G_raw,0.1229617285635257,0.6681877638045843,0.0453461239711832,0.7040878056970725,0.1635203721887944,0.8348993288590604,0.333333333333333,0.1087326684504986,0.7388007820489798
eval/SMD/machine-3-7/seed0/smd_cf_val/eval/last,val_ckpt_eval,val_pred_mae_v2,SMD,machine-3-7,0,scripts/configs/smd_cf_val.yaml,last,80,a7324dcfbbc1f8cc68b26aeb9267eb03ee25f8782a6c1d3a12d50ee3e854f2a6,0.06520213002686058,val0.2_b22964,train_sub_val,5f0e8fbb2d5790fa44f0e2dc33f55ee8c41f01c2195505359db9c961b975e45f,SMD_machine-3-7_pcmci_val0.2_b22964_9c17cc6597d2aa8d,1.0,False,15,35,49f630ac8d324ba01390c1a1dcaa4386cd94ae84,49f630ac8d324ba01390c1a1dcaa4386cd94ae84,cuda,2.6.0+cu124,SMD/machine-3-7/seed0/smd_cf_val/eval/last/attempt1,,True,val,CF_raw,diagnostic,raw,CF_raw,0.3490856643721726,0.7724030280192549,0.319127457478928,0.8117591577608363,0.4246942671770326,0.9704545454545456,0.8215353938185439,0.2913306197770148,0.8822332648893474
eval/SMD/machine-3-7/seed0/smd_cf_val/eval/best_val,val_ckpt_eval,val_pred_mae_v2,SMD,machine-3-7,0,scripts/configs/smd_cf_val.yaml,best_val,78,6f7f8e80fd62e4f0a329165771c5c7639e2ede408e45f364e2f932f3d216dc5a,0.06487463573767269,val0.2_b22964,train_sub_val,5f0e8fbb2d5790fa44f0e2dc33f55ee8c41f01c2195505359db9c961b975e45f,SMD_machine-3-7_pcmci_val0.2_b22964_9c17cc6597d2aa8d,1.0,False,15,35,49f630ac8d324ba01390c1a1dcaa4386cd94ae84,49f630ac8d324ba01390c1a1dcaa4386cd94ae84,cuda,2.6.0+cu124,SMD/machine-3-7/seed0/smd_cf_val/eval/best_val/attempt1,,True,val,A_off,fusion,raw,P_raw + C_raw,0.2334239509657636,0.7201160340683146,0.2040277320515919,0.7588468023955384,0.3296670686900945,0.9257425742574258,0.5714285714285711,0.1818704843705632,0.667099007909315
eval/SMD/machine-3-7/seed0/smd_cf_val/eval/best_val,val_ckpt_eval,val_pred_mae_v2,SMD,machine-3-7,0,scripts/configs/smd_cf_val.yaml,best_val,78,6f7f8e80fd62e4f0a329165771c5c7639e2ede408e45f364e2f932f3d216dc5a,0.06487463573767269,val0.2_b22964,train_sub_val,5f0e8fbb2d5790fa44f0e2dc33f55ee8c41f01c2195505359db9c961b975e45f,SMD_machine-3-7_pcmci_val0.2_b22964_9c17cc6597d2aa8d,1.0,False,15,35,49f630ac8d324ba01390c1a1dcaa4386cd94ae84,49f630ac8d324ba01390c1a1dcaa4386cd94ae84,cuda,2.6.0+cu124,SMD/machine-3-7/seed0/smd_cf_val/eval/best_val/attempt1,,True,val,A_on,fusion,raw,P_raw + C_raw + 1*CF_raw,0.3173943272882835,0.7633280524858411,0.2733521223760814,0.8012425819561998,0.3615593736217585,0.9257425742574258,0.5714285714285711,0.1698876320533537,0.6670827102279813
eval/SMD/machine-3-7/seed0/smd_cf_val/eval/best_val,val_ckpt_eval,val_pred_mae_v2,SMD,machine-3-7,0,scripts/configs/smd_cf_val.yaml,best_val,78,6f7f8e80fd62e4f0a329165771c5c7639e2ede408e45f364e2f932f3d216dc5a,0.06487463573767269,val0.2_b22964,train_sub_val,5f0e8fbb2d5790fa44f0e2dc33f55ee8c41f01c2195505359db9c961b975e45f,SMD_machine-3-7_pcmci_val0.2_b22964_9c17cc6597d2aa8d,1.0,False,15,35,49f630ac8d324ba01390c1a1dcaa4386cd94ae84,49f630ac8d324ba01390c1a1dcaa4386cd94ae84,cuda,2.6.0+cu124,SMD/machine-3-7/seed0/smd_cf_val/eval/best_val/attempt1,,True,val,P_raw,diagnostic,raw,P_raw,0.2333952592183405,0.7181463964412002,0.2040430585814016,0.7574237898706261,0.3296670686900945,0.9257425742574258,0.5714285714285711,0.1818704843705632,0.6671005208306076
eval/SMD/machine-3-7/seed0/smd_cf_val/eval/best_val,val_ckpt_eval,val_pred_mae_v2,SMD,machine-3-7,0,scripts/configs/smd_cf_val.yaml,best_val,78,6f7f8e80fd62e4f0a329165771c5c7639e2ede408e45f364e2f932f3d216dc5a,0.06487463573767269,val0.2_b22964,train_sub_val,5f0e8fbb2d5790fa44f0e2dc33f55ee8c41f01c2195505359db9c961b975e45f,SMD_machine-3-7_pcmci_val0.2_b22964_9c17cc6597d2aa8d,1.0,False,15,35,49f630ac8d324ba01390c1a1dcaa4386cd94ae84,49f630ac8d324ba01390c1a1dcaa4386cd94ae84,cuda,2.6.0+cu124,SMD/machine-3-7/seed0/smd_cf_val/eval/best_val/attempt1,,True,val,C_raw,diagnostic,raw,C_raw,0.0578159300518414,0.6590585720775353,0.0363231287471688,0.685564733293407,0.1006402335316058,0.8376259798432251,0.333333333333333,0.0936057276625346,0.7357352358607915
eval/SMD/machine-3-7/seed0/smd_cf_val/eval/best_val,val_ckpt_eval,val_pred_mae_v2,SMD,machine-3-7,0,scripts/configs/smd_cf_val.yaml,best_val,78,6f7f8e80fd62e4f0a329165771c5c7639e2ede408e45f364e2f932f3d216dc5a,0.06487463573767269,val0.2_b22964,train_sub_val,5f0e8fbb2d5790fa44f0e2dc33f55ee8c41f01c2195505359db9c961b975e45f,SMD_machine-3-7_pcmci_val0.2_b22964_9c17cc6597d2aa8d,1.0,False,15,35,49f630ac8d324ba01390c1a1dcaa4386cd94ae84,49f630ac8d324ba01390c1a1dcaa4386cd94ae84,cuda,2.6.0+cu124,SMD/machine-3-7/seed0/smd_cf_val/eval/best_val/attempt1,,True,val,G_raw,diagnostic,raw,G_raw,0.1206145722626708,0.6664305884340309,0.0439316313301728,0.7016457771231768,0.161155172140689,0.8348993288590604,0.333333333333333,0.1087326684504986,0.7290470161093843
eval/SMD/machine-3-7/seed0/smd_cf_val/eval/best_val,val_ckpt_eval,val_pred_mae_v2,SMD,machine-3-7,0,scripts/configs/smd_cf_val.yaml,best_val,78,6f7f8e80fd62e4f0a329165771c5c7639e2ede408e45f364e2f932f3d216dc5a,0.06487463573767269,val0.2_b22964,train_sub_val,5f0e8fbb2d5790fa44f0e2dc33f55ee8c41f01c2195505359db9c961b975e45f,SMD_machine-3-7_pcmci_val0.2_b22964_9c17cc6597d2aa8d,1.0,False,15,35,49f630ac8d324ba01390c1a1dcaa4386cd94ae84,49f630ac8d324ba01390c1a1dcaa4386cd94ae84,cuda,2.6.0+cu124,SMD/machine-3-7/seed0/smd_cf_val/eval/best_val/attempt1,,True,val,CF_raw,diagnostic,raw,CF_raw,0.3401602622652481,0.7742952547052319,0.2939764662749808,0.8135995717487409,0.404125186223896,0.9693530079455164,0.8201160541586069,0.292516761122527,0.8822698893016088
eval/SMD/machine-3-7/seed1/smd_cf_val/eval/last,val_ckpt_eval,val_pred_mae_v2,SMD,machine-3-7,1,scripts/configs/smd_cf_val.yaml,last,80,401fd7b25e19d2dafc226167818cf1d8a961881f1af398272fb7983a45f4f52e,0.06672585121300777,val0.2_b22964,train_sub_val,5f0e8fbb2d5790fa44f0e2dc33f55ee8c41f01c2195505359db9c961b975e45f,SMD_machine-3-7_pcmci_val0.2_b22964_9c17cc6597d2aa8d,1.0,False,15,35,49f630ac8d324ba01390c1a1dcaa4386cd94ae84,49f630ac8d324ba01390c1a1dcaa4386cd94ae84,cuda,2.6.0+cu124,SMD/machine-3-7/seed1/smd_cf_val/eval/last/attempt1,,True,val,A_off,fusion,raw,P_raw + C_raw,0.2328532179136125,0.7195001299558085,0.2032773056282245,0.7583137245907436,0.3296670686900945,0.9257425742574258,0.5714285714285711,0.1818704843705632,0.6670948508903788
eval/SMD/machine-3-7/seed1/smd_cf_val/eval/last,val_ckpt_eval,val_pred_mae_v2,SMD,machine-3-7,1,scripts/configs/smd_cf_val.yaml,last,80,401fd7b25e19d2dafc226167818cf1d8a961881f1af398272fb7983a45f4f52e,0.06672585121300777,val0.2_b22964,train_sub_val,5f0e8fbb2d5790fa44f0e2dc33f55ee8c41f01c2195505359db9c961b975e45f,SMD_machine-3-7_pcmci_val0.2_b22964_9c17cc6597d2aa8d,1.0,False,15,35,49f630ac8d324ba01390c1a1dcaa4386cd94ae84,49f630ac8d324ba01390c1a1dcaa4386cd94ae84,cuda,2.6.0+cu124,SMD/machine-3-7/seed1/smd_cf_val/eval/last/attempt1,,True,val,A_on,fusion,raw,P_raw + C_raw + 1*CF_raw,0.3318632148384421,0.7415919244123536,0.2464271570036589,0.7783855777987173,0.4107704747058338,0.9257425742574258,0.5714285714285711,0.1818704843705632,0.667079596530481
eval/SMD/machine-3-7/seed1/smd_cf_val/eval/last,val_ckpt_eval,val_pred_mae_v2,SMD,machine-3-7,1,scripts/configs/smd_cf_val.yaml,last,80,401fd7b25e19d2dafc226167818cf1d8a961881f1af398272fb7983a45f4f52e,0.06672585121300777,val0.2_b22964,train_sub_val,5f0e8fbb2d5790fa44f0e2dc33f55ee8c41f01c2195505359db9c961b975e45f,SMD_machine-3-7_pcmci_val0.2_b22964_9c17cc6597d2aa8d,1.0,False,15,35,49f630ac8d324ba01390c1a1dcaa4386cd94ae84,49f630ac8d324ba01390c1a1dcaa4386cd94ae84,cuda,2.6.0+cu124,SMD/machine-3-7/seed1/smd_cf_val/eval/last/attempt1,,True,val,P_raw,diagnostic,raw,P_raw,0.2328353935804309,0.7169192353184994,0.2032541494459422,0.7561424834153727,0.3296670686900945,0.9257425742574258,0.5714285714285711,0.1818704843705632,0.6670933254587929
eval/SMD/machine-3-7/seed1/smd_cf_val/eval/last,val_ckpt_eval,val_pred_mae_v2,SMD,machine-3-7,1,scripts/configs/smd_cf_val.yaml,last,80,401fd7b25e19d2dafc226167818cf1d8a961881f1af398272fb7983a45f4f52e,0.06672585121300777,val0.2_b22964,train_sub_val,5f0e8fbb2d5790fa44f0e2dc33f55ee8c41f01c2195505359db9c961b975e45f,SMD_machine-3-7_pcmci_val0.2_b22964_9c17cc6597d2aa8d,1.0,False,15,35,49f630ac8d324ba01390c1a1dcaa4386cd94ae84,49f630ac8d324ba01390c1a1dcaa4386cd94ae84,cuda,2.6.0+cu124,SMD/machine-3-7/seed1/smd_cf_val/eval/last/attempt1,,True,val,C_raw,diagnostic,raw,C_raw,0.0294803211901266,0.5943870504662266,0.0272792797537488,0.6150483624394845,0.0721483284576974,0.8627450980392157,0.2499999999999995,0.0832794527572044,0.7173354899838584
eval/SMD/machine-3-7/seed1/smd_cf_val/eval/last,val_ckpt_eval,val_pred_mae_v2,SMD,machine-3-7,1,scripts/configs/smd_cf_val.yaml,last,80,401fd7b25e19d2dafc226167818cf1d8a961881f1af398272fb7983a45f4f52e,0.06672585121300777,val0.2_b22964,train_sub_val,5f0e8fbb2d5790fa44f0e2dc33f55ee8c41f01c2195505359db9c961b975e45f,SMD_machine-3-7_pcmci_val0.2_b22964_9c17cc6597d2aa8d,1.0,False,15,35,49f630ac8d324ba01390c1a1dcaa4386cd94ae84,49f630ac8d324ba01390c1a1dcaa4386cd94ae84,cuda,2.6.0+cu124,SMD/machine-3-7/seed1/smd_cf_val/eval/last/attempt1,,True,val,G_raw,diagnostic,raw,G_raw,0.0698002029428534,0.5651184994783832,0.0295431977021022,0.6075693241683316,0.1031275463353677,0.8348993288590604,0.333333333333333,0.079298418972332,0.7592716068553368
eval/SMD/machine-3-7/seed1/smd_cf_val/eval/last,val_ckpt_eval,val_pred_mae_v2,SMD,machine-3-7,1,scripts/configs/smd_cf_val.yaml,last,80,401fd7b25e19d2dafc226167818cf1d8a961881f1af398272fb7983a45f4f52e,0.06672585121300777,val0.2_b22964,train_sub_val,5f0e8fbb2d5790fa44f0e2dc33f55ee8c41f01c2195505359db9c961b975e45f,SMD_machine-3-7_pcmci_val0.2_b22964_9c17cc6597d2aa8d,1.0,False,15,35,49f630ac8d324ba01390c1a1dcaa4386cd94ae84,49f630ac8d324ba01390c1a1dcaa4386cd94ae84,cuda,2.6.0+cu124,SMD/machine-3-7/seed1/smd_cf_val/eval/last/attempt1,,True,val,CF_raw,diagnostic,raw,CF_raw,0.3305869649432728,0.7288205051025184,0.2331327057653614,0.7618431971740907,0.4143514933256977,0.9242937853107344,0.6610169491525418,0.2043183936286489,0.8127300002513046
eval/SMD/machine-3-7/seed1/smd_cf_val/eval/best_val,val_ckpt_eval,val_pred_mae_v2,SMD,machine-3-7,1,scripts/configs/smd_cf_val.yaml,best_val,78,3760aa9d9dd9aa4e79698fd88d78ef1e29afa5fd5f8217941739a6d32057cfff,0.06576699517391184,val0.2_b22964,train_sub_val,5f0e8fbb2d5790fa44f0e2dc33f55ee8c41f01c2195505359db9c961b975e45f,SMD_machine-3-7_pcmci_val0.2_b22964_9c17cc6597d2aa8d,1.0,False,15,35,49f630ac8d324ba01390c1a1dcaa4386cd94ae84,49f630ac8d324ba01390c1a1dcaa4386cd94ae84,cuda,2.6.0+cu124,SMD/machine-3-7/seed1/smd_cf_val/eval/best_val/attempt1,,True,val,A_off,fusion,raw,P_raw + C_raw,0.2326997431139405,0.7201960131449403,0.2031361527469248,0.7584519210918221,0.3296670686900945,0.9257425742574258,0.5714285714285711,0.1818704843705632,0.6670747230539001
eval/SMD/machine-3-7/seed1/smd_cf_val/eval/best_val,val_ckpt_eval,val_pred_mae_v2,SMD,machine-3-7,1,scripts/configs/smd_cf_val.yaml,best_val,78,3760aa9d9dd9aa4e79698fd88d78ef1e29afa5fd5f8217941739a6d32057cfff,0.06576699517391184,val0.2_b22964,train_sub_val,5f0e8fbb2d5790fa44f0e2dc33f55ee8c41f01c2195505359db9c961b975e45f,SMD_machine-3-7_pcmci_val0.2_b22964_9c17cc6597d2aa8d,1.0,False,15,35,49f630ac8d324ba01390c1a1dcaa4386cd94ae84,49f630ac8d324ba01390c1a1dcaa4386cd94ae84,cuda,2.6.0+cu124,SMD/machine-3-7/seed1/smd_cf_val/eval/best_val/attempt1,,True,val,A_on,fusion,raw,P_raw + C_raw + 1*CF_raw,0.3371879023538277,0.7444423102196791,0.2519506367247019,0.7814524223323951,0.4152096515170655,0.9257425742574258,0.5714285714285711,0.1810197726947793,0.667079596530481
eval/SMD/machine-3-7/seed1/smd_cf_val/eval/best_val,val_ckpt_eval,val_pred_mae_v2,SMD,machine-3-7,1,scripts/configs/smd_cf_val.yaml,best_val,78,3760aa9d9dd9aa4e79698fd88d78ef1e29afa5fd5f8217941739a6d32057cfff,0.06576699517391184,val0.2_b22964,train_sub_val,5f0e8fbb2d5790fa44f0e2dc33f55ee8c41f01c2195505359db9c961b975e45f,SMD_machine-3-7_pcmci_val0.2_b22964_9c17cc6597d2aa8d,1.0,False,15,35,49f630ac8d324ba01390c1a1dcaa4386cd94ae84,49f630ac8d324ba01390c1a1dcaa4386cd94ae84,cuda,2.6.0+cu124,SMD/machine-3-7/seed1/smd_cf_val/eval/best_val/attempt1,,True,val,P_raw,diagnostic,raw,P_raw,0.2326979372736958,0.7174394661930644,0.2031962751980448,0.7562024458611858,0.3296670686900945,0.9257425742574258,0.5714285714285711,0.1818704843705632,0.6670827130111708
eval/SMD/machine-3-7/seed1/smd_cf_val/eval/best_val,val_ckpt_eval,val_pred_mae_v2,SMD,machine-3-7,1,scripts/configs/smd_cf_val.yaml,best_val,78,3760aa9d9dd9aa4e79698fd88d78ef1e29afa5fd5f8217941739a6d32057cfff,0.06576699517391184,val0.2_b22964,train_sub_val,5f0e8fbb2d5790fa44f0e2dc33f55ee8c41f01c2195505359db9c961b975e45f,SMD_machine-3-7_pcmci_val0.2_b22964_9c17cc6597d2aa8d,1.0,False,15,35,49f630ac8d324ba01390c1a1dcaa4386cd94ae84,49f630ac8d324ba01390c1a1dcaa4386cd94ae84,cuda,2.6.0+cu124,SMD/machine-3-7/seed1/smd_cf_val/eval/best_val/attempt1,,True,val,C_raw,diagnostic,raw,C_raw,0.0332148111300344,0.5989372566182074,0.0288406149287008,0.6157692421115607,0.0801317407025686,0.9121951219512195,0.2666666666666662,0.1173685690999444,0.782310077504607
eval/SMD/machine-3-7/seed1/smd_cf_val/eval/best_val,val_ckpt_eval,val_pred_mae_v2,SMD,machine-3-7,1,scripts/configs/smd_cf_val.yaml,best_val,78,3760aa9d9dd9aa4e79698fd88d78ef1e29afa5fd5f8217941739a6d32057cfff,0.06576699517391184,val0.2_b22964,train_sub_val,5f0e8fbb2d5790fa44f0e2dc33f55ee8c41f01c2195505359db9c961b975e45f,SMD_machine-3-7_pcmci_val0.2_b22964_9c17cc6597d2aa8d,1.0,False,15,35,49f630ac8d324ba01390c1a1dcaa4386cd94ae84,49f630ac8d324ba01390c1a1dcaa4386cd94ae84,cuda,2.6.0+cu124,SMD/machine-3-7/seed1/smd_cf_val/eval/best_val/attempt1,,True,val,G_raw,diagnostic,raw,G_raw,0.0734428257538988,0.5600035481033789,0.0295830860908936,0.6027566075625506,0.1046698343808276,0.8348993288590604,0.333333333333333,0.0794019639243051,0.7602174811484906
eval/SMD/machine-3-7/seed1/smd_cf_val/eval/best_val,val_ckpt_eval,val_pred_mae_v2,SMD,machine-3-7,1,scripts/configs/smd_cf_val.yaml,best_val,78,3760aa9d9dd9aa4e79698fd88d78ef1e29afa5fd5f8217941739a6d32057cfff,0.06576699517391184,val0.2_b22964,train_sub_val,5f0e8fbb2d5790fa44f0e2dc33f55ee8c41f01c2195505359db9c961b975e45f,SMD_machine-3-7_pcmci_val0.2_b22964_9c17cc6597d2aa8d,1.0,False,15,35,49f630ac8d324ba01390c1a1dcaa4386cd94ae84,49f630ac8d324ba01390c1a1dcaa4386cd94ae84,cuda,2.6.0+cu124,SMD/machine-3-7/seed1/smd_cf_val/eval/best_val/attempt1,,True,val,CF_raw,diagnostic,raw,CF_raw,0.3361261362359276,0.7338003643980436,0.229555283443401,0.765532068553666,0.4197486627885796,0.9348571428571428,0.6762295081967207,0.2085969323952018,0.7971800497786832
eval/SMD/machine-3-7/seed2/smd_cf_val/eval/last,val_ckpt_eval,val_pred_mae_v2,SMD,machine-3-7,2,scripts/configs/smd_cf_val.yaml,last,80,af377bb701ce319a0a77dc37acb902abcd044f8ee9702a0e98e057444d02f2cc,0.0656443598092918,val0.2_b22964,train_sub_val,5f0e8fbb2d5790fa44f0e2dc33f55ee8c41f01c2195505359db9c961b975e45f,SMD_machine-3-7_pcmci_val0.2_b22964_9c17cc6597d2aa8d,1.0,False,15,35,49f630ac8d324ba01390c1a1dcaa4386cd94ae84,49f630ac8d324ba01390c1a1dcaa4386cd94ae84,cuda,2.6.0+cu124,SMD/machine-3-7/seed2/smd_cf_val/eval/last/attempt1,,True,val,A_off,fusion,raw,P_raw + C_raw,0.2323557796383061,0.7168494880197702,0.2026113873244897,0.7562220285665788,0.3290643636046069,0.9257425742574258,0.5714285714285711,0.1818704843705632,0.6670861450132021
eval/SMD/machine-3-7/seed2/smd_cf_val/eval/last,val_ckpt_eval,val_pred_mae_v2,SMD,machine-3-7,2,scripts/configs/smd_cf_val.yaml,last,80,af377bb701ce319a0a77dc37acb902abcd044f8ee9702a0e98e057444d02f2cc,0.0656443598092918,val0.2_b22964,train_sub_val,5f0e8fbb2d5790fa44f0e2dc33f55ee8c41f01c2195505359db9c961b975e45f,SMD_machine-3-7_pcmci_val0.2_b22964_9c17cc6597d2aa8d,1.0,False,15,35,49f630ac8d324ba01390c1a1dcaa4386cd94ae84,49f630ac8d324ba01390c1a1dcaa4386cd94ae84,cuda,2.6.0+cu124,SMD/machine-3-7/seed2/smd_cf_val/eval/last/attempt1,,True,val,A_on,fusion,raw,P_raw + C_raw + 1*CF_raw,0.3033283476382162,0.7462460381414592,0.2482099561991104,0.7859835302878244,0.3593706346233399,0.9257425742574258,0.5714285714285711,0.1677311961695641,0.6670926222376723
eval/SMD/machine-3-7/seed2/smd_cf_val/eval/last,val_ckpt_eval,val_pred_mae_v2,SMD,machine-3-7,2,scripts/configs/smd_cf_val.yaml,last,80,af377bb701ce319a0a77dc37acb902abcd044f8ee9702a0e98e057444d02f2cc,0.0656443598092918,val0.2_b22964,train_sub_val,5f0e8fbb2d5790fa44f0e2dc33f55ee8c41f01c2195505359db9c961b975e45f,SMD_machine-3-7_pcmci_val0.2_b22964_9c17cc6597d2aa8d,1.0,False,15,35,49f630ac8d324ba01390c1a1dcaa4386cd94ae84,49f630ac8d324ba01390c1a1dcaa4386cd94ae84,cuda,2.6.0+cu124,SMD/machine-3-7/seed2/smd_cf_val/eval/last/attempt1,,True,val,P_raw,diagnostic,raw,P_raw,0.2322796706635672,0.7144356037172906,0.2025954506802101,0.7543690371604361,0.3290643636046069,0.9257425742574258,0.5714285714285711,0.1818704843705632,0.667074559158686
eval/SMD/machine-3-7/seed2/smd_cf_val/eval/last,val_ckpt_eval,val_pred_mae_v2,SMD,machine-3-7,2,scripts/configs/smd_cf_val.yaml,last,80,af377bb701ce319a0a77dc37acb902abcd044f8ee9702a0e98e057444d02f2cc,0.0656443598092918,val0.2_b22964,train_sub_val,5f0e8fbb2d5790fa44f0e2dc33f55ee8c41f01c2195505359db9c961b975e45f,SMD_machine-3-7_pcmci_val0.2_b22964_9c17cc6597d2aa8d,1.0,False,15,35,49f630ac8d324ba01390c1a1dcaa4386cd94ae84,49f630ac8d324ba01390c1a1dcaa4386cd94ae84,cuda,2.6.0+cu124,SMD/machine-3-7/seed2/smd_cf_val/eval/last/attempt1,,True,val,C_raw,diagnostic,raw,C_raw,0.0309380673611517,0.5942464960033289,0.0270593301786887,0.6149327202837778,0.0728109774952688,0.8348993288590604,0.333333333333333,0.0778739184177997,0.7552958670882933
eval/SMD/machine-3-7/seed2/smd_cf_val/eval/last,val_ckpt_eval,val_pred_mae_v2,SMD,machine-3-7,2,scripts/configs/smd_cf_val.yaml,last,80,af377bb701ce319a0a77dc37acb902abcd044f8ee9702a0e98e057444d02f2cc,0.0656443598092918,val0.2_b22964,train_sub_val,5f0e8fbb2d5790fa44f0e2dc33f55ee8c41f01c2195505359db9c961b975e45f,SMD_machine-3-7_pcmci_val0.2_b22964_9c17cc6597d2aa8d,1.0,False,15,35,49f630ac8d324ba01390c1a1dcaa4386cd94ae84,49f630ac8d324ba01390c1a1dcaa4386cd94ae84,cuda,2.6.0+cu124,SMD/machine-3-7/seed2/smd_cf_val/eval/last/attempt1,,True,val,G_raw,diagnostic,raw,G_raw,0.055573841490554,0.5739733898768827,0.0256444158839161,0.6122802000355461,0.0754668426050323,0.8348993288590604,0.333333333333333,0.0795356304804248,0.7024221443753339
eval/SMD/machine-3-7/seed2/smd_cf_val/eval/last,val_ckpt_eval,val_pred_mae_v2,SMD,machine-3-7,2,scripts/configs/smd_cf_val.yaml,last,80,af377bb701ce319a0a77dc37acb902abcd044f8ee9702a0e98e057444d02f2cc,0.0656443598092918,val0.2_b22964,train_sub_val,5f0e8fbb2d5790fa44f0e2dc33f55ee8c41f01c2195505359db9c961b975e45f,SMD_machine-3-7_pcmci_val0.2_b22964_9c17cc6597d2aa8d,1.0,False,15,35,49f630ac8d324ba01390c1a1dcaa4386cd94ae84,49f630ac8d324ba01390c1a1dcaa4386cd94ae84,cuda,2.6.0+cu124,SMD/machine-3-7/seed2/smd_cf_val/eval/last/attempt1,,True,val,CF_raw,diagnostic,raw,CF_raw,0.2828918253192434,0.6921251101037136,0.2368677440945138,0.7305217107135583,0.3573729436644715,0.9606299212598424,0.7829787234042548,0.2332092542119565,0.8881678391211277
eval/SMD/machine-3-7/seed2/smd_cf_val/eval/best_val,val_ckpt_eval,val_pred_mae_v2,SMD,machine-3-7,2,scripts/configs/smd_cf_val.yaml,best_val,80,9d20b18ae3a3f01e07180b1db27af3a98bca4258bde97dddee2f58746c1ad0ee,0.0656443598092918,val0.2_b22964,train_sub_val,5f0e8fbb2d5790fa44f0e2dc33f55ee8c41f01c2195505359db9c961b975e45f,SMD_machine-3-7_pcmci_val0.2_b22964_9c17cc6597d2aa8d,1.0,False,15,35,49f630ac8d324ba01390c1a1dcaa4386cd94ae84,49f630ac8d324ba01390c1a1dcaa4386cd94ae84,cuda,2.6.0+cu124,SMD/machine-3-7/seed2/smd_cf_val/eval/best_val/attempt1,,True,val,A_off,fusion,raw,P_raw + C_raw,0.2323557796383061,0.7168494880197702,0.2026113873244897,0.7562220285665788,0.3290643636046069,0.9257425742574258,0.5714285714285711,0.1818704843705632,0.6670861450132021
eval/SMD/machine-3-7/seed2/smd_cf_val/eval/best_val,val_ckpt_eval,val_pred_mae_v2,SMD,machine-3-7,2,scripts/configs/smd_cf_val.yaml,best_val,80,9d20b18ae3a3f01e07180b1db27af3a98bca4258bde97dddee2f58746c1ad0ee,0.0656443598092918,val0.2_b22964,train_sub_val,5f0e8fbb2d5790fa44f0e2dc33f55ee8c41f01c2195505359db9c961b975e45f,SMD_machine-3-7_pcmci_val0.2_b22964_9c17cc6597d2aa8d,1.0,False,15,35,49f630ac8d324ba01390c1a1dcaa4386cd94ae84,49f630ac8d324ba01390c1a1dcaa4386cd94ae84,cuda,2.6.0+cu124,SMD/machine-3-7/seed2/smd_cf_val/eval/best_val/attempt1,,True,val,A_on,fusion,raw,P_raw + C_raw + 1*CF_raw,0.3033283476382162,0.7462460381414592,0.2482099561991104,0.7859835302878244,0.3593706346233399,0.9257425742574258,0.5714285714285711,0.1677311961695641,0.6670926222376723
eval/SMD/machine-3-7/seed2/smd_cf_val/eval/best_val,val_ckpt_eval,val_pred_mae_v2,SMD,machine-3-7,2,scripts/configs/smd_cf_val.yaml,best_val,80,9d20b18ae3a3f01e07180b1db27af3a98bca4258bde97dddee2f58746c1ad0ee,0.0656443598092918,val0.2_b22964,train_sub_val,5f0e8fbb2d5790fa44f0e2dc33f55ee8c41f01c2195505359db9c961b975e45f,SMD_machine-3-7_pcmci_val0.2_b22964_9c17cc6597d2aa8d,1.0,False,15,35,49f630ac8d324ba01390c1a1dcaa4386cd94ae84,49f630ac8d324ba01390c1a1dcaa4386cd94ae84,cuda,2.6.0+cu124,SMD/machine-3-7/seed2/smd_cf_val/eval/best_val/attempt1,,True,val,P_raw,diagnostic,raw,P_raw,0.2322796706635672,0.7144356037172906,0.2025954506802101,0.7543690371604361,0.3290643636046069,0.9257425742574258,0.5714285714285711,0.1818704843705632,0.667074559158686
eval/SMD/machine-3-7/seed2/smd_cf_val/eval/best_val,val_ckpt_eval,val_pred_mae_v2,SMD,machine-3-7,2,scripts/configs/smd_cf_val.yaml,best_val,80,9d20b18ae3a3f01e07180b1db27af3a98bca4258bde97dddee2f58746c1ad0ee,0.0656443598092918,val0.2_b22964,train_sub_val,5f0e8fbb2d5790fa44f0e2dc33f55ee8c41f01c2195505359db9c961b975e45f,SMD_machine-3-7_pcmci_val0.2_b22964_9c17cc6597d2aa8d,1.0,False,15,35,49f630ac8d324ba01390c1a1dcaa4386cd94ae84,49f630ac8d324ba01390c1a1dcaa4386cd94ae84,cuda,2.6.0+cu124,SMD/machine-3-7/seed2/smd_cf_val/eval/best_val/attempt1,,True,val,C_raw,diagnostic,raw,C_raw,0.0309380673611517,0.5942464960033289,0.0270593301786887,0.6149327202837778,0.0728109774952688,0.8348993288590604,0.333333333333333,0.0778739184177997,0.7552958670882933
eval/SMD/machine-3-7/seed2/smd_cf_val/eval/best_val,val_ckpt_eval,val_pred_mae_v2,SMD,machine-3-7,2,scripts/configs/smd_cf_val.yaml,best_val,80,9d20b18ae3a3f01e07180b1db27af3a98bca4258bde97dddee2f58746c1ad0ee,0.0656443598092918,val0.2_b22964,train_sub_val,5f0e8fbb2d5790fa44f0e2dc33f55ee8c41f01c2195505359db9c961b975e45f,SMD_machine-3-7_pcmci_val0.2_b22964_9c17cc6597d2aa8d,1.0,False,15,35,49f630ac8d324ba01390c1a1dcaa4386cd94ae84,49f630ac8d324ba01390c1a1dcaa4386cd94ae84,cuda,2.6.0+cu124,SMD/machine-3-7/seed2/smd_cf_val/eval/best_val/attempt1,,True,val,G_raw,diagnostic,raw,G_raw,0.055573841490554,0.5739733898768827,0.0256444158839161,0.6122802000355461,0.0754668426050323,0.8348993288590604,0.333333333333333,0.0795356304804248,0.7024221443753339
eval/SMD/machine-3-7/seed2/smd_cf_val/eval/best_val,val_ckpt_eval,val_pred_mae_v2,SMD,machine-3-7,2,scripts/configs/smd_cf_val.yaml,best_val,80,9d20b18ae3a3f01e07180b1db27af3a98bca4258bde97dddee2f58746c1ad0ee,0.0656443598092918,val0.2_b22964,train_sub_val,5f0e8fbb2d5790fa44f0e2dc33f55ee8c41f01c2195505359db9c961b975e45f,SMD_machine-3-7_pcmci_val0.2_b22964_9c17cc6597d2aa8d,1.0,False,15,35,49f630ac8d324ba01390c1a1dcaa4386cd94ae84,49f630ac8d324ba01390c1a1dcaa4386cd94ae84,cuda,2.6.0+cu124,SMD/machine-3-7/seed2/smd_cf_val/eval/best_val/attempt1,,True,val,CF_raw,diagnostic,raw,CF_raw,0.2828918253192434,0.6921251101037136,0.2368677440945138,0.7305217107135583,0.3573729436644715,0.9606299212598424,0.7829787234042548,0.2332092542119565,0.8881678391211277
eval/SMD/machine-3-7/seed3/smd_cf_val/eval/last,val_ckpt_eval,val_pred_mae_v2,SMD,machine-3-7,3,scripts/configs/smd_cf_val.yaml,last,80,54f30f8221b58d6a23f774e3ede60450ff568c96b1751784712adce9d81abf4d,0.06635600267367475,val0.2_b22964,train_sub_val,5f0e8fbb2d5790fa44f0e2dc33f55ee8c41f01c2195505359db9c961b975e45f,SMD_machine-3-7_pcmci_val0.2_b22964_9c17cc6597d2aa8d,1.0,False,15,35,49f630ac8d324ba01390c1a1dcaa4386cd94ae84,49f630ac8d324ba01390c1a1dcaa4386cd94ae84,cuda,2.6.0+cu124,SMD/machine-3-7/seed3/smd_cf_val/eval/last/attempt1,,True,val,A_off,fusion,raw,P_raw + C_raw,0.2315924184010492,0.7178716467080416,0.2021426583235298,0.7567113527107854,0.3302719856222965,0.9257425742574258,0.5714285714285711,0.1818704843705632,0.667093151106518
eval/SMD/machine-3-7/seed3/smd_cf_val/eval/last,val_ckpt_eval,val_pred_mae_v2,SMD,machine-3-7,3,scripts/configs/smd_cf_val.yaml,last,80,54f30f8221b58d6a23f774e3ede60450ff568c96b1751784712adce9d81abf4d,0.06635600267367475,val0.2_b22964,train_sub_val,5f0e8fbb2d5790fa44f0e2dc33f55ee8c41f01c2195505359db9c961b975e45f,SMD_machine-3-7_pcmci_val0.2_b22964_9c17cc6597d2aa8d,1.0,False,15,35,49f630ac8d324ba01390c1a1dcaa4386cd94ae84,49f630ac8d324ba01390c1a1dcaa4386cd94ae84,cuda,2.6.0+cu124,SMD/machine-3-7/seed3/smd_cf_val/eval/last/attempt1,,True,val,A_on,fusion,raw,P_raw + C_raw + 1*CF_raw,0.3540173911219186,0.77416150783958,0.283144780476585,0.8091802566747547,0.4170426999270535,0.9257425742574258,0.5714285714285711,0.1756157070283113,0.6670785278074042
eval/SMD/machine-3-7/seed3/smd_cf_val/eval/last,val_ckpt_eval,val_pred_mae_v2,SMD,machine-3-7,3,scripts/configs/smd_cf_val.yaml,last,80,54f30f8221b58d6a23f774e3ede60450ff568c96b1751784712adce9d81abf4d,0.06635600267367475,val0.2_b22964,train_sub_val,5f0e8fbb2d5790fa44f0e2dc33f55ee8c41f01c2195505359db9c961b975e45f,SMD_machine-3-7_pcmci_val0.2_b22964_9c17cc6597d2aa8d,1.0,False,15,35,49f630ac8d324ba01390c1a1dcaa4386cd94ae84,49f630ac8d324ba01390c1a1dcaa4386cd94ae84,cuda,2.6.0+cu124,SMD/machine-3-7/seed3/smd_cf_val/eval/last/attempt1,,True,val,P_raw,diagnostic,raw,P_raw,0.2314605484138588,0.7151905947867012,0.2020443179125842,0.7545836462466968,0.3302719856222965,0.9257425742574258,0.5714285714285711,0.1818704843705632,0.6670999909599467
eval/SMD/machine-3-7/seed3/smd_cf_val/eval/last,val_ckpt_eval,val_pred_mae_v2,SMD,machine-3-7,3,scripts/configs/smd_cf_val.yaml,last,80,54f30f8221b58d6a23f774e3ede60450ff568c96b1751784712adce9d81abf4d,0.06635600267367475,val0.2_b22964,train_sub_val,5f0e8fbb2d5790fa44f0e2dc33f55ee8c41f01c2195505359db9c961b975e45f,SMD_machine-3-7_pcmci_val0.2_b22964_9c17cc6597d2aa8d,1.0,False,15,35,49f630ac8d324ba01390c1a1dcaa4386cd94ae84,49f630ac8d324ba01390c1a1dcaa4386cd94ae84,cuda,2.6.0+cu124,SMD/machine-3-7/seed3/smd_cf_val/eval/last/attempt1,,True,val,C_raw,diagnostic,raw,C_raw,0.0645944477716906,0.7182366480597778,0.041488844328397,0.7366430932802364,0.1117667057334562,0.9121951219512195,0.4356435643564351,0.1336343321466406,0.7549574985125781
eval/SMD/machine-3-7/seed3/smd_cf_val/eval/last,val_ckpt_eval,val_pred_mae_v2,SMD,machine-3-7,3,scripts/configs/smd_cf_val.yaml,last,80,54f30f8221b58d6a23f774e3ede60450ff568c96b1751784712adce9d81abf4d,0.06635600267367475,val0.2_b22964,train_sub_val,5f0e8fbb2d5790fa44f0e2dc33f55ee8c41f01c2195505359db9c961b975e45f,SMD_machine-3-7_pcmci_val0.2_b22964_9c17cc6597d2aa8d,1.0,False,15,35,49f630ac8d324ba01390c1a1dcaa4386cd94ae84,49f630ac8d324ba01390c1a1dcaa4386cd94ae84,cuda,2.6.0+cu124,SMD/machine-3-7/seed3/smd_cf_val/eval/last/attempt1,,True,val,G_raw,diagnostic,raw,G_raw,0.1678175969677001,0.6945762119887413,0.0700033090407019,0.7318479535853313,0.2152102209936118,0.8348993288590604,0.333333333333333,0.0915562101129111,0.7555616324943253
eval/SMD/machine-3-7/seed3/smd_cf_val/eval/last,val_ckpt_eval,val_pred_mae_v2,SMD,machine-3-7,3,scripts/configs/smd_cf_val.yaml,last,80,54f30f8221b58d6a23f774e3ede60450ff568c96b1751784712adce9d81abf4d,0.06635600267367475,val0.2_b22964,train_sub_val,5f0e8fbb2d5790fa44f0e2dc33f55ee8c41f01c2195505359db9c961b975e45f,SMD_machine-3-7_pcmci_val0.2_b22964_9c17cc6597d2aa8d,1.0,False,15,35,49f630ac8d324ba01390c1a1dcaa4386cd94ae84,49f630ac8d324ba01390c1a1dcaa4386cd94ae84,cuda,2.6.0+cu124,SMD/machine-3-7/seed3/smd_cf_val/eval/last/attempt1,,True,val,CF_raw,diagnostic,raw,CF_raw,0.3762598165732205,0.7976598660264862,0.3387852222118804,0.8335362067621122,0.4515060557829887,0.9737742303306728,0.8371246587807092,0.3037889611529639,0.8826291704321481
eval/SMD/machine-3-7/seed3/smd_cf_val/eval/best_val,val_ckpt_eval,val_pred_mae_v2,SMD,machine-3-7,3,scripts/configs/smd_cf_val.yaml,best_val,80,fde7832fc2158540ecc0ad7bfb97feafb00f6db51a6a89cac7a36c5a0f3a75a6,0.06635600267367475,val0.2_b22964,train_sub_val,5f0e8fbb2d5790fa44f0e2dc33f55ee8c41f01c2195505359db9c961b975e45f,SMD_machine-3-7_pcmci_val0.2_b22964_9c17cc6597d2aa8d,1.0,False,15,35,49f630ac8d324ba01390c1a1dcaa4386cd94ae84,49f630ac8d324ba01390c1a1dcaa4386cd94ae84,cuda,2.6.0+cu124,SMD/machine-3-7/seed3/smd_cf_val/eval/best_val/attempt1,,True,val,A_off,fusion,raw,P_raw + C_raw,0.2315924184010492,0.7178716467080416,0.2021426583235298,0.7567113527107854,0.3302719856222965,0.9257425742574258,0.5714285714285711,0.1818704843705632,0.667093151106518
eval/SMD/machine-3-7/seed3/smd_cf_val/eval/best_val,val_ckpt_eval,val_pred_mae_v2,SMD,machine-3-7,3,scripts/configs/smd_cf_val.yaml,best_val,80,fde7832fc2158540ecc0ad7bfb97feafb00f6db51a6a89cac7a36c5a0f3a75a6,0.06635600267367475,val0.2_b22964,train_sub_val,5f0e8fbb2d5790fa44f0e2dc33f55ee8c41f01c2195505359db9c961b975e45f,SMD_machine-3-7_pcmci_val0.2_b22964_9c17cc6597d2aa8d,1.0,False,15,35,49f630ac8d324ba01390c1a1dcaa4386cd94ae84,49f630ac8d324ba01390c1a1dcaa4386cd94ae84,cuda,2.6.0+cu124,SMD/machine-3-7/seed3/smd_cf_val/eval/best_val/attempt1,,True,val,A_on,fusion,raw,P_raw + C_raw + 1*CF_raw,0.3540173911219186,0.77416150783958,0.283144780476585,0.8091802566747547,0.4170426999270535,0.9257425742574258,0.5714285714285711,0.1756157070283113,0.6670785278074042
eval/SMD/machine-3-7/seed3/smd_cf_val/eval/best_val,val_ckpt_eval,val_pred_mae_v2,SMD,machine-3-7,3,scripts/configs/smd_cf_val.yaml,best_val,80,fde7832fc2158540ecc0ad7bfb97feafb00f6db51a6a89cac7a36c5a0f3a75a6,0.06635600267367475,val0.2_b22964,train_sub_val,5f0e8fbb2d5790fa44f0e2dc33f55ee8c41f01c2195505359db9c961b975e45f,SMD_machine-3-7_pcmci_val0.2_b22964_9c17cc6597d2aa8d,1.0,False,15,35,49f630ac8d324ba01390c1a1dcaa4386cd94ae84,49f630ac8d324ba01390c1a1dcaa4386cd94ae84,cuda,2.6.0+cu124,SMD/machine-3-7/seed3/smd_cf_val/eval/best_val/attempt1,,True,val,P_raw,diagnostic,raw,P_raw,0.2314605484138588,0.7151905947867012,0.2020443179125842,0.7545836462466968,0.3302719856222965,0.9257425742574258,0.5714285714285711,0.1818704843705632,0.6670999909599467
eval/SMD/machine-3-7/seed3/smd_cf_val/eval/best_val,val_ckpt_eval,val_pred_mae_v2,SMD,machine-3-7,3,scripts/configs/smd_cf_val.yaml,best_val,80,fde7832fc2158540ecc0ad7bfb97feafb00f6db51a6a89cac7a36c5a0f3a75a6,0.06635600267367475,val0.2_b22964,train_sub_val,5f0e8fbb2d5790fa44f0e2dc33f55ee8c41f01c2195505359db9c961b975e45f,SMD_machine-3-7_pcmci_val0.2_b22964_9c17cc6597d2aa8d,1.0,False,15,35,49f630ac8d324ba01390c1a1dcaa4386cd94ae84,49f630ac8d324ba01390c1a1dcaa4386cd94ae84,cuda,2.6.0+cu124,SMD/machine-3-7/seed3/smd_cf_val/eval/best_val/attempt1,,True,val,C_raw,diagnostic,raw,C_raw,0.0645944477716906,0.7182366480597778,0.041488844328397,0.7366430932802364,0.1117667057334562,0.9121951219512195,0.4356435643564351,0.1336343321466406,0.7549574985125781
eval/SMD/machine-3-7/seed3/smd_cf_val/eval/best_val,val_ckpt_eval,val_pred_mae_v2,SMD,machine-3-7,3,scripts/configs/smd_cf_val.yaml,best_val,80,fde7832fc2158540ecc0ad7bfb97feafb00f6db51a6a89cac7a36c5a0f3a75a6,0.06635600267367475,val0.2_b22964,train_sub_val,5f0e8fbb2d5790fa44f0e2dc33f55ee8c41f01c2195505359db9c961b975e45f,SMD_machine-3-7_pcmci_val0.2_b22964_9c17cc6597d2aa8d,1.0,False,15,35,49f630ac8d324ba01390c1a1dcaa4386cd94ae84,49f630ac8d324ba01390c1a1dcaa4386cd94ae84,cuda,2.6.0+cu124,SMD/machine-3-7/seed3/smd_cf_val/eval/best_val/attempt1,,True,val,G_raw,diagnostic,raw,G_raw,0.1678175969677001,0.6945762119887413,0.0700033090407019,0.7318479535853313,0.2152102209936118,0.8348993288590604,0.333333333333333,0.0915562101129111,0.7555616324943253
eval/SMD/machine-3-7/seed3/smd_cf_val/eval/best_val,val_ckpt_eval,val_pred_mae_v2,SMD,machine-3-7,3,scripts/configs/smd_cf_val.yaml,best_val,80,fde7832fc2158540ecc0ad7bfb97feafb00f6db51a6a89cac7a36c5a0f3a75a6,0.06635600267367475,val0.2_b22964,train_sub_val,5f0e8fbb2d5790fa44f0e2dc33f55ee8c41f01c2195505359db9c961b975e45f,SMD_machine-3-7_pcmci_val0.2_b22964_9c17cc6597d2aa8d,1.0,False,15,35,49f630ac8d324ba01390c1a1dcaa4386cd94ae84,49f630ac8d324ba01390c1a1dcaa4386cd94ae84,cuda,2.6.0+cu124,SMD/machine-3-7/seed3/smd_cf_val/eval/best_val/attempt1,,True,val,CF_raw,diagnostic,raw,CF_raw,0.3762598165732205,0.7976598660264862,0.3387852222118804,0.8335362067621122,0.4515060557829887,0.9737742303306728,0.8371246587807092,0.3037889611529639,0.8826291704321481
eval/SMD/machine-3-8/seed0/smd_cf_val/eval/last,val_ckpt_eval,val_pred_mae_v2,SMD,machine-3-8,0,scripts/configs/smd_cf_val.yaml,last,80,6516f522f35de3b85f044e2afda8c93846827354f4963165d2a06b987f525bdb,0.104305282325449,val0.2_b22962,train_sub_val,f258760bfb20931644d22a6c2d1921862dd4a6bf628df7d9a7c269c24657d39f,SMD_machine-3-8_pcmci_val0.2_b22962_afda5f488eccf50c,1.0,False,15,178,49f630ac8d324ba01390c1a1dcaa4386cd94ae84,49f630ac8d324ba01390c1a1dcaa4386cd94ae84,cuda,2.6.0+cu124,SMD/machine-3-8/seed0/smd_cf_val/eval/last/attempt1,,True,val,A_off,fusion,raw,P_raw + C_raw,0.3323560872338167,0.8430583677983227,0.3523333858783731,0.8808682255163973,0.3220549684335688,0.9985433357611072,0.9888888888888884,0.4396967244181242,0.9649416120511248
eval/SMD/machine-3-8/seed0/smd_cf_val/eval/last,val_ckpt_eval,val_pred_mae_v2,SMD,machine-3-8,0,scripts/configs/smd_cf_val.yaml,last,80,6516f522f35de3b85f044e2afda8c93846827354f4963165d2a06b987f525bdb,0.104305282325449,val0.2_b22962,train_sub_val,f258760bfb20931644d22a6c2d1921862dd4a6bf628df7d9a7c269c24657d39f,SMD_machine-3-8_pcmci_val0.2_b22962_afda5f488eccf50c,1.0,False,15,178,49f630ac8d324ba01390c1a1dcaa4386cd94ae84,49f630ac8d324ba01390c1a1dcaa4386cd94ae84,cuda,2.6.0+cu124,SMD/machine-3-8/seed0/smd_cf_val/eval/last/attempt1,,True,val,A_on,fusion,raw,P_raw + C_raw + 1*CF_raw,0.5009002094843601,0.9109841477599064,0.5172091371299778,0.9316837407161352,0.4682423775583497,0.9866858582223822,0.94333843797856,0.3935642826845347,0.9612441894576608
eval/SMD/machine-3-8/seed0/smd_cf_val/eval/last,val_ckpt_eval,val_pred_mae_v2,SMD,machine-3-8,0,scripts/configs/smd_cf_val.yaml,last,80,6516f522f35de3b85f044e2afda8c93846827354f4963165d2a06b987f525bdb,0.104305282325449,val0.2_b22962,train_sub_val,f258760bfb20931644d22a6c2d1921862dd4a6bf628df7d9a7c269c24657d39f,SMD_machine-3-8_pcmci_val0.2_b22962_afda5f488eccf50c,1.0,False,15,178,49f630ac8d324ba01390c1a1dcaa4386cd94ae84,49f630ac8d324ba01390c1a1dcaa4386cd94ae84,cuda,2.6.0+cu124,SMD/machine-3-8/seed0/smd_cf_val/eval/last/attempt1,,True,val,P_raw,diagnostic,raw,P_raw,0.3325086996628656,0.8433064110806476,0.3523497985185461,0.88102875431214,0.3220549684335688,0.9985433357611072,0.9888268156424574,0.4272312764989568,0.9649415886792708
eval/SMD/machine-3-8/seed0/smd_cf_val/eval/last,val_ckpt_eval,val_pred_mae_v2,SMD,machine-3-8,0,scripts/configs/smd_cf_val.yaml,last,80,6516f522f35de3b85f044e2afda8c93846827354f4963165d2a06b987f525bdb,0.104305282325449,val0.2_b22962,train_sub_val,f258760bfb20931644d22a6c2d1921862dd4a6bf628df7d9a7c269c24657d39f,SMD_machine-3-8_pcmci_val0.2_b22962_afda5f488eccf50c,1.0,False,15,178,49f630ac8d324ba01390c1a1dcaa4386cd94ae84,49f630ac8d324ba01390c1a1dcaa4386cd94ae84,cuda,2.6.0+cu124,SMD/machine-3-8/seed0/smd_cf_val/eval/last/attempt1,,True,val,C_raw,diagnostic,raw,C_raw,0.0512774109129208,0.5497761497468154,0.0672849047899733,0.6274412257342378,0.1042895895884061,0.8822055137844611,0.2608695652173908,0.1032839360364109,0.685049318879028
eval/SMD/machine-3-8/seed0/smd_cf_val/eval/last,val_ckpt_eval,val_pred_mae_v2,SMD,machine-3-8,0,scripts/configs/smd_cf_val.yaml,last,80,6516f522f35de3b85f044e2afda8c93846827354f4963165d2a06b987f525bdb,0.104305282325449,val0.2_b22962,train_sub_val,f258760bfb20931644d22a6c2d1921862dd4a6bf628df7d9a7c269c24657d39f,SMD_machine-3-8_pcmci_val0.2_b22962_afda5f488eccf50c,1.0,False,15,178,49f630ac8d324ba01390c1a1dcaa4386cd94ae84,49f630ac8d324ba01390c1a1dcaa4386cd94ae84,cuda,2.6.0+cu124,SMD/machine-3-8/seed0/smd_cf_val/eval/last/attempt1,,True,val,G_raw,diagnostic,raw,G_raw,0.3011611056108896,0.8571453282708159,0.3148335422324029,0.8871584546203297,0.3151421657198168,0.9400068563592732,0.7437774524158121,0.2585278813155518,0.8407637878872607
eval/SMD/machine-3-8/seed0/smd_cf_val/eval/last,val_ckpt_eval,val_pred_mae_v2,SMD,machine-3-8,0,scripts/configs/smd_cf_val.yaml,last,80,6516f522f35de3b85f044e2afda8c93846827354f4963165d2a06b987f525bdb,0.104305282325449,val0.2_b22962,train_sub_val,f258760bfb20931644d22a6c2d1921862dd4a6bf628df7d9a7c269c24657d39f,SMD_machine-3-8_pcmci_val0.2_b22962_afda5f488eccf50c,1.0,False,15,178,49f630ac8d324ba01390c1a1dcaa4386cd94ae84,49f630ac8d324ba01390c1a1dcaa4386cd94ae84,cuda,2.6.0+cu124,SMD/machine-3-8/seed0/smd_cf_val/eval/last/attempt1,,True,val,CF_raw,diagnostic,raw,CF_raw,0.4655995988920585,0.91021425792935,0.4135127097991747,0.9214657096792696,0.463962672022293,0.9365815931941222,0.7769784172661864,0.2388254469941453,0.7927582887799477
eval/SMD/machine-3-8/seed0/smd_cf_val/eval/best_val,val_ckpt_eval,val_pred_mae_v2,SMD,machine-3-8,0,scripts/configs/smd_cf_val.yaml,best_val,76,ba2d79e1c2094a2dd075b6628f80c2200d19eac3a799dd12bbd39209fd067fca,0.10292457179579755,val0.2_b22962,train_sub_val,f258760bfb20931644d22a6c2d1921862dd4a6bf628df7d9a7c269c24657d39f,SMD_machine-3-8_pcmci_val0.2_b22962_afda5f488eccf50c,1.0,False,15,178,49f630ac8d324ba01390c1a1dcaa4386cd94ae84,49f630ac8d324ba01390c1a1dcaa4386cd94ae84,cuda,2.6.0+cu124,SMD/machine-3-8/seed0/smd_cf_val/eval/best_val/attempt1,,True,val,A_off,fusion,raw,P_raw + C_raw,0.3293520843066528,0.8418515325882212,0.3491795556871218,0.8795168084284437,0.3214512547533835,0.9985433357611072,0.9888268156424574,0.4272312764989568,0.9649415886792708
eval/SMD/machine-3-8/seed0/smd_cf_val/eval/best_val,val_ckpt_eval,val_pred_mae_v2,SMD,machine-3-8,0,scripts/configs/smd_cf_val.yaml,best_val,76,ba2d79e1c2094a2dd075b6628f80c2200d19eac3a799dd12bbd39209fd067fca,0.10292457179579755,val0.2_b22962,train_sub_val,f258760bfb20931644d22a6c2d1921862dd4a6bf628df7d9a7c269c24657d39f,SMD_machine-3-8_pcmci_val0.2_b22962_afda5f488eccf50c,1.0,False,15,178,49f630ac8d324ba01390c1a1dcaa4386cd94ae84,49f630ac8d324ba01390c1a1dcaa4386cd94ae84,cuda,2.6.0+cu124,SMD/machine-3-8/seed0/smd_cf_val/eval/best_val/attempt1,,True,val,A_on,fusion,raw,P_raw + C_raw + 1*CF_raw,0.5006101395466538,0.9101927957254125,0.5177123346920105,0.9313137180716898,0.4717266716925784,0.9866858582223822,0.9453471196454944,0.3997529357038843,0.968203460399713
eval/SMD/machine-3-8/seed0/smd_cf_val/eval/best_val,val_ckpt_eval,val_pred_mae_v2,SMD,machine-3-8,0,scripts/configs/smd_cf_val.yaml,best_val,76,ba2d79e1c2094a2dd075b6628f80c2200d19eac3a799dd12bbd39209fd067fca,0.10292457179579755,val0.2_b22962,train_sub_val,f258760bfb20931644d22a6c2d1921862dd4a6bf628df7d9a7c269c24657d39f,SMD_machine-3-8_pcmci_val0.2_b22962_afda5f488eccf50c,1.0,False,15,178,49f630ac8d324ba01390c1a1dcaa4386cd94ae84,49f630ac8d324ba01390c1a1dcaa4386cd94ae84,cuda,2.6.0+cu124,SMD/machine-3-8/seed0/smd_cf_val/eval/best_val/attempt1,,True,val,P_raw,diagnostic,raw,P_raw,0.3295415891507386,0.8421309416536639,0.349224664834651,0.8796888369885562,0.3213546158395431,0.9985433357611072,0.9888268156424574,0.4272312764989568,0.9649415886792708
eval/SMD/machine-3-8/seed0/smd_cf_val/eval/best_val,val_ckpt_eval,val_pred_mae_v2,SMD,machine-3-8,0,scripts/configs/smd_cf_val.yaml,best_val,76,ba2d79e1c2094a2dd075b6628f80c2200d19eac3a799dd12bbd39209fd067fca,0.10292457179579755,val0.2_b22962,train_sub_val,f258760bfb20931644d22a6c2d1921862dd4a6bf628df7d9a7c269c24657d39f,SMD_machine-3-8_pcmci_val0.2_b22962_afda5f488eccf50c,1.0,False,15,178,49f630ac8d324ba01390c1a1dcaa4386cd94ae84,49f630ac8d324ba01390c1a1dcaa4386cd94ae84,cuda,2.6.0+cu124,SMD/machine-3-8/seed0/smd_cf_val/eval/best_val/attempt1,,True,val,C_raw,diagnostic,raw,C_raw,0.0490622522085453,0.5395663604405241,0.0653525835575959,0.6172152977691584,0.1035660927246642,0.8155262104841937,0.1040911902447644,0.0935369127777779,0.6850205917534713
eval/SMD/machine-3-8/seed0/smd_cf_val/eval/best_val,val_ckpt_eval,val_pred_mae_v2,SMD,machine-3-8,0,scripts/configs/smd_cf_val.yaml,best_val,76,ba2d79e1c2094a2dd075b6628f80c2200d19eac3a799dd12bbd39209fd067fca,0.10292457179579755,val0.2_b22962,train_sub_val,f258760bfb20931644d22a6c2d1921862dd4a6bf628df7d9a7c269c24657d39f,SMD_machine-3-8_pcmci_val0.2_b22962_afda5f488eccf50c,1.0,False,15,178,49f630ac8d324ba01390c1a1dcaa4386cd94ae84,49f630ac8d324ba01390c1a1dcaa4386cd94ae84,cuda,2.6.0+cu124,SMD/machine-3-8/seed0/smd_cf_val/eval/best_val/attempt1,,True,val,G_raw,diagnostic,raw,G_raw,0.2677916421792675,0.8505771597730815,0.2842198284009872,0.8824655389173028,0.2894459318385067,0.954070981210856,0.7043189368770758,0.2693131889468011,0.8464344743202417
eval/SMD/machine-3-8/seed0/smd_cf_val/eval/best_val,val_ckpt_eval,val_pred_mae_v2,SMD,machine-3-8,0,scripts/configs/smd_cf_val.yaml,best_val,76,ba2d79e1c2094a2dd075b6628f80c2200d19eac3a799dd12bbd39209fd067fca,0.10292457179579755,val0.2_b22962,train_sub_val,f258760bfb20931644d22a6c2d1921862dd4a6bf628df7d9a7c269c24657d39f,SMD_machine-3-8_pcmci_val0.2_b22962_afda5f488eccf50c,1.0,False,15,178,49f630ac8d324ba01390c1a1dcaa4386cd94ae84,49f630ac8d324ba01390c1a1dcaa4386cd94ae84,cuda,2.6.0+cu124,SMD/machine-3-8/seed0/smd_cf_val/eval/best_val/attempt1,,True,val,CF_raw,diagnostic,raw,CF_raw,0.4673593192367974,0.9094252282975208,0.4156988643340581,0.9224553595724246,0.467873846120148,0.9351351351351352,0.7699530516431919,0.2375097724641273,0.7913323405288732
eval/SMD/machine-3-8/seed1/smd_cf_val/eval/last,val_ckpt_eval,val_pred_mae_v2,SMD,machine-3-8,1,scripts/configs/smd_cf_val.yaml,last,80,b7fd60a9ac29b1639674f16088e898ebcae6c76fcf233680bf12b4e13b639320,0.10699969602129421,val0.2_b22962,train_sub_val,f258760bfb20931644d22a6c2d1921862dd4a6bf628df7d9a7c269c24657d39f,SMD_machine-3-8_pcmci_val0.2_b22962_afda5f488eccf50c,1.0,False,15,178,49f630ac8d324ba01390c1a1dcaa4386cd94ae84,49f630ac8d324ba01390c1a1dcaa4386cd94ae84,cuda,2.6.0+cu124,SMD/machine-3-8/seed1/smd_cf_val/eval/last/attempt1,,True,val,A_off,fusion,raw,P_raw + C_raw,0.3226301305991419,0.842662197936831,0.3415882457601269,0.8790626873978856,0.3219128268762004,0.9970909090909092,0.9782608695652169,0.4011625952888535,0.9515898188520728
eval/SMD/machine-3-8/seed1/smd_cf_val/eval/last,val_ckpt_eval,val_pred_mae_v2,SMD,machine-3-8,1,scripts/configs/smd_cf_val.yaml,last,80,b7fd60a9ac29b1639674f16088e898ebcae6c76fcf233680bf12b4e13b639320,0.10699969602129421,val0.2_b22962,train_sub_val,f258760bfb20931644d22a6c2d1921862dd4a6bf628df7d9a7c269c24657d39f,SMD_machine-3-8_pcmci_val0.2_b22962_afda5f488eccf50c,1.0,False,15,178,49f630ac8d324ba01390c1a1dcaa4386cd94ae84,49f630ac8d324ba01390c1a1dcaa4386cd94ae84,cuda,2.6.0+cu124,SMD/machine-3-8/seed1/smd_cf_val/eval/last/attempt1,,True,val,A_on,fusion,raw,P_raw + C_raw + 1*CF_raw,0.4931682115221263,0.9077814744021576,0.5085226929953125,0.9289403575328472,0.469781762828384,0.9856218547807332,0.9374999999999994,0.372256666070605,0.9513852102674208
eval/SMD/machine-3-8/seed1/smd_cf_val/eval/last,val_ckpt_eval,val_pred_mae_v2,SMD,machine-3-8,1,scripts/configs/smd_cf_val.yaml,last,80,b7fd60a9ac29b1639674f16088e898ebcae6c76fcf233680bf12b4e13b639320,0.10699969602129421,val0.2_b22962,train_sub_val,f258760bfb20931644d22a6c2d1921862dd4a6bf628df7d9a7c269c24657d39f,SMD_machine-3-8_pcmci_val0.2_b22962_afda5f488eccf50c,1.0,False,15,178,49f630ac8d324ba01390c1a1dcaa4386cd94ae84,49f630ac8d324ba01390c1a1dcaa4386cd94ae84,cuda,2.6.0+cu124,SMD/machine-3-8/seed1/smd_cf_val/eval/last/attempt1,,True,val,P_raw,diagnostic,raw,P_raw,0.3230902519104239,0.8435420548682845,0.3420487637871088,0.8796501672659542,0.3221750768322063,0.9970909090909092,0.9782608695652169,0.4011625952888535,0.9515898188520728
eval/SMD/machine-3-8/seed1/smd_cf_val/eval/last,val_ckpt_eval,val_pred_mae_v2,SMD,machine-3-8,1,scripts/configs/smd_cf_val.yaml,last,80,b7fd60a9ac29b1639674f16088e898ebcae6c76fcf233680bf12b4e13b639320,0.10699969602129421,val0.2_b22962,train_sub_val,f258760bfb20931644d22a6c2d1921862dd4a6bf628df7d9a7c269c24657d39f,SMD_machine-3-8_pcmci_val0.2_b22962_afda5f488eccf50c,1.0,False,15,178,49f630ac8d324ba01390c1a1dcaa4386cd94ae84,49f630ac8d324ba01390c1a1dcaa4386cd94ae84,cuda,2.6.0+cu124,SMD/machine-3-8/seed1/smd_cf_val/eval/last/attempt1,,True,val,C_raw,diagnostic,raw,C_raw,0.0318282900402088,0.3221531133916571,0.0394093628777619,0.3991853100104816,0.0916532476248549,0.7335516522774636,0.0916050951155092,0.1227237307474198,0.6857561769864198
eval/SMD/machine-3-8/seed1/smd_cf_val/eval/last,val_ckpt_eval,val_pred_mae_v2,SMD,machine-3-8,1,scripts/configs/smd_cf_val.yaml,last,80,b7fd60a9ac29b1639674f16088e898ebcae6c76fcf233680bf12b4e13b639320,0.10699969602129421,val0.2_b22962,train_sub_val,f258760bfb20931644d22a6c2d1921862dd4a6bf628df7d9a7c269c24657d39f,SMD_machine-3-8_pcmci_val0.2_b22962_afda5f488eccf50c,1.0,False,15,178,49f630ac8d324ba01390c1a1dcaa4386cd94ae84,49f630ac8d324ba01390c1a1dcaa4386cd94ae84,cuda,2.6.0+cu124,SMD/machine-3-8/seed1/smd_cf_val/eval/last/attempt1,,True,val,G_raw,diagnostic,raw,G_raw,0.382898268877617,0.8784682414371945,0.3813912457330835,0.9079626302221095,0.4642680213691659,0.9326145552560648,0.6704161979752525,0.3178714007472478,0.818604247837346
eval/SMD/machine-3-8/seed1/smd_cf_val/eval/last,val_ckpt_eval,val_pred_mae_v2,SMD,machine-3-8,1,scripts/configs/smd_cf_val.yaml,last,80,b7fd60a9ac29b1639674f16088e898ebcae6c76fcf233680bf12b4e13b639320,0.10699969602129421,val0.2_b22962,train_sub_val,f258760bfb20931644d22a6c2d1921862dd4a6bf628df7d9a7c269c24657d39f,SMD_machine-3-8_pcmci_val0.2_b22962_afda5f488eccf50c,1.0,False,15,178,49f630ac8d324ba01390c1a1dcaa4386cd94ae84,49f630ac8d324ba01390c1a1dcaa4386cd94ae84,cuda,2.6.0+cu124,SMD/machine-3-8/seed1/smd_cf_val/eval/last/attempt1,,True,val,CF_raw,diagnostic,raw,CF_raw,0.4595160428178233,0.9067148642633056,0.4134872358404065,0.9221176551504215,0.4586043626113418,0.9369439071566732,0.7843137254901955,0.2392080876603255,0.7977422988528315
eval/SMD/machine-3-8/seed1/smd_cf_val/eval/best_val,val_ckpt_eval,val_pred_mae_v2,SMD,machine-3-8,1,scripts/configs/smd_cf_val.yaml,best_val,79,e35edfab61ac7e92e2d0bc5dff2058c5c60fce3604db8885716a5596351d7db5,0.10440590223388807,val0.2_b22962,train_sub_val,f258760bfb20931644d22a6c2d1921862dd4a6bf628df7d9a7c269c24657d39f,SMD_machine-3-8_pcmci_val0.2_b22962_afda5f488eccf50c,1.0,False,15,178,49f630ac8d324ba01390c1a1dcaa4386cd94ae84,49f630ac8d324ba01390c1a1dcaa4386cd94ae84,cuda,2.6.0+cu124,SMD/machine-3-8/seed1/smd_cf_val/eval/best_val/attempt1,,True,val,A_off,fusion,raw,P_raw + C_raw,0.322371928322258,0.8422413892516643,0.3416274448358363,0.8788179083297101,0.3219079217135566,0.9974536194979992,0.9810298102981024,0.4012989424099351,0.9523933019819636
eval/SMD/machine-3-8/seed1/smd_cf_val/eval/best_val,val_ckpt_eval,val_pred_mae_v2,SMD,machine-3-8,1,scripts/configs/smd_cf_val.yaml,best_val,79,e35edfab61ac7e92e2d0bc5dff2058c5c60fce3604db8885716a5596351d7db5,0.10440590223388807,val0.2_b22962,train_sub_val,f258760bfb20931644d22a6c2d1921862dd4a6bf628df7d9a7c269c24657d39f,SMD_machine-3-8_pcmci_val0.2_b22962_afda5f488eccf50c,1.0,False,15,178,49f630ac8d324ba01390c1a1dcaa4386cd94ae84,49f630ac8d324ba01390c1a1dcaa4386cd94ae84,cuda,2.6.0+cu124,SMD/machine-3-8/seed1/smd_cf_val/eval/best_val/attempt1,,True,val,A_on,fusion,raw,P_raw + C_raw + 1*CF_raw,0.488853979989671,0.9061018700840474,0.5040880716563899,0.9277617914017656,0.4705324385460857,0.9852676967301474,0.9346092503987236,0.3697224974813383,0.9412254502079676
eval/SMD/machine-3-8/seed1/smd_cf_val/eval/best_val,val_ckpt_eval,val_pred_mae_v2,SMD,machine-3-8,1,scripts/configs/smd_cf_val.yaml,best_val,79,e35edfab61ac7e92e2d0bc5dff2058c5c60fce3604db8885716a5596351d7db5,0.10440590223388807,val0.2_b22962,train_sub_val,f258760bfb20931644d22a6c2d1921862dd4a6bf628df7d9a7c269c24657d39f,SMD_machine-3-8_pcmci_val0.2_b22962_afda5f488eccf50c,1.0,False,15,178,49f630ac8d324ba01390c1a1dcaa4386cd94ae84,49f630ac8d324ba01390c1a1dcaa4386cd94ae84,cuda,2.6.0+cu124,SMD/machine-3-8/seed1/smd_cf_val/eval/best_val/attempt1,,True,val,P_raw,diagnostic,raw,P_raw,0.3228003054227433,0.8430846216261496,0.3421160693706259,0.8793946928113882,0.3219497262796,0.9974536194979992,0.9810298102981024,0.4012989424099351,0.9523933019819636
eval/SMD/machine-3-8/seed1/smd_cf_val/eval/best_val,val_ckpt_eval,val_pred_mae_v2,SMD,machine-3-8,1,scripts/configs/smd_cf_val.yaml,best_val,79,e35edfab61ac7e92e2d0bc5dff2058c5c60fce3604db8885716a5596351d7db5,0.10440590223388807,val0.2_b22962,train_sub_val,f258760bfb20931644d22a6c2d1921862dd4a6bf628df7d9a7c269c24657d39f,SMD_machine-3-8_pcmci_val0.2_b22962_afda5f488eccf50c,1.0,False,15,178,49f630ac8d324ba01390c1a1dcaa4386cd94ae84,49f630ac8d324ba01390c1a1dcaa4386cd94ae84,cuda,2.6.0+cu124,SMD/machine-3-8/seed1/smd_cf_val/eval/best_val/attempt1,,True,val,C_raw,diagnostic,raw,C_raw,0.0324969240815206,0.3359069692474379,0.040151968023481,0.411466281700178,0.0918386150955553,0.7412755716004813,0.0917213031219213,0.1245733007520603,0.6854957745746021
eval/SMD/machine-3-8/seed1/smd_cf_val/eval/best_val,val_ckpt_eval,val_pred_mae_v2,SMD,machine-3-8,1,scripts/configs/smd_cf_val.yaml,best_val,79,e35edfab61ac7e92e2d0bc5dff2058c5c60fce3604db8885716a5596351d7db5,0.10440590223388807,val0.2_b22962,train_sub_val,f258760bfb20931644d22a6c2d1921862dd4a6bf628df7d9a7c269c24657d39f,SMD_machine-3-8_pcmci_val0.2_b22962_afda5f488eccf50c,1.0,False,15,178,49f630ac8d324ba01390c1a1dcaa4386cd94ae84,49f630ac8d324ba01390c1a1dcaa4386cd94ae84,cuda,2.6.0+cu124,SMD/machine-3-8/seed1/smd_cf_val/eval/best_val/attempt1,,True,val,G_raw,diagnostic,raw,G_raw,0.3706958463677841,0.8816537370235084,0.3681202031402107,0.9085380856975682,0.4671482847277118,0.9333333333333332,0.6279569892473112,0.3303684132900862,0.815129404615955
eval/SMD/machine-3-8/seed1/smd_cf_val/eval/best_val,val_ckpt_eval,val_pred_mae_v2,SMD,machine-3-8,1,scripts/configs/smd_cf_val.yaml,best_val,79,e35edfab61ac7e92e2d0bc5dff2058c5c60fce3604db8885716a5596351d7db5,0.10440590223388807,val0.2_b22962,train_sub_val,f258760bfb20931644d22a6c2d1921862dd4a6bf628df7d9a7c269c24657d39f,SMD_machine-3-8_pcmci_val0.2_b22962_afda5f488eccf50c,1.0,False,15,178,49f630ac8d324ba01390c1a1dcaa4386cd94ae84,49f630ac8d324ba01390c1a1dcaa4386cd94ae84,cuda,2.6.0+cu124,SMD/machine-3-8/seed1/smd_cf_val/eval/best_val/attempt1,,True,val,CF_raw,diagnostic,raw,CF_raw,0.4516670124698138,0.9041519194097446,0.4097687026698481,0.9212922856502948,0.453152329805514,0.9297504798464492,0.757009345794392,0.2378702650437218,0.7992127490572486
eval/SMD/machine-3-8/seed2/smd_cf_val/eval/last,val_ckpt_eval,val_pred_mae_v2,SMD,machine-3-8,2,scripts/configs/smd_cf_val.yaml,last,80,10b084e4baa4b15531befe1e408e5894c12865cbbd4a1fc617c9859c50543c70,0.10607982787794515,val0.2_b22962,train_sub_val,f258760bfb20931644d22a6c2d1921862dd4a6bf628df7d9a7c269c24657d39f,SMD_machine-3-8_pcmci_val0.2_b22962_afda5f488eccf50c,1.0,False,15,178,49f630ac8d324ba01390c1a1dcaa4386cd94ae84,49f630ac8d324ba01390c1a1dcaa4386cd94ae84,cuda,2.6.0+cu124,SMD/machine-3-8/seed2/smd_cf_val/eval/last/attempt1,,True,val,A_off,fusion,raw,P_raw + C_raw,0.3272546740472229,0.8424884048040739,0.3474047703003482,0.87922570607526,0.3200551097778317,0.9970909090909092,0.979057591623036,0.4192752839752542,0.9517757281068993
eval/SMD/machine-3-8/seed2/smd_cf_val/eval/last,val_ckpt_eval,val_pred_mae_v2,SMD,machine-3-8,2,scripts/configs/smd_cf_val.yaml,last,80,10b084e4baa4b15531befe1e408e5894c12865cbbd4a1fc617c9859c50543c70,0.10607982787794515,val0.2_b22962,train_sub_val,f258760bfb20931644d22a6c2d1921862dd4a6bf628df7d9a7c269c24657d39f,SMD_machine-3-8_pcmci_val0.2_b22962_afda5f488eccf50c,1.0,False,15,178,49f630ac8d324ba01390c1a1dcaa4386cd94ae84,49f630ac8d324ba01390c1a1dcaa4386cd94ae84,cuda,2.6.0+cu124,SMD/machine-3-8/seed2/smd_cf_val/eval/last/attempt1,,True,val,A_on,fusion,raw,P_raw + C_raw + 1*CF_raw,0.4691088581481602,0.9066097288277226,0.4863386871947671,0.9276140760362102,0.4402317197857336,0.994198694706309,0.9650655021834056,0.3684398374929222,0.9577280112909468
eval/SMD/machine-3-8/seed2/smd_cf_val/eval/last,val_ckpt_eval,val_pred_mae_v2,SMD,machine-3-8,2,scripts/configs/smd_cf_val.yaml,last,80,10b084e4baa4b15531befe1e408e5894c12865cbbd4a1fc617c9859c50543c70,0.10607982787794515,val0.2_b22962,train_sub_val,f258760bfb20931644d22a6c2d1921862dd4a6bf628df7d9a7c269c24657d39f,SMD_machine-3-8_pcmci_val0.2_b22962_afda5f488eccf50c,1.0,False,15,178,49f630ac8d324ba01390c1a1dcaa4386cd94ae84,49f630ac8d324ba01390c1a1dcaa4386cd94ae84,cuda,2.6.0+cu124,SMD/machine-3-8/seed2/smd_cf_val/eval/last/attempt1,,True,val,P_raw,diagnostic,raw,P_raw,0.3277574872681307,0.8430789624380466,0.3476878861480217,0.8796539737347022,0.3202957567091419,0.9970909090909092,0.979057591623036,0.4192752839752542,0.9517757281068993
eval/SMD/machine-3-8/seed2/smd_cf_val/eval/last,val_ckpt_eval,val_pred_mae_v2,SMD,machine-3-8,2,scripts/configs/smd_cf_val.yaml,last,80,10b084e4baa4b15531befe1e408e5894c12865cbbd4a1fc617c9859c50543c70,0.10607982787794515,val0.2_b22962,train_sub_val,f258760bfb20931644d22a6c2d1921862dd4a6bf628df7d9a7c269c24657d39f,SMD_machine-3-8_pcmci_val0.2_b22962_afda5f488eccf50c,1.0,False,15,178,49f630ac8d324ba01390c1a1dcaa4386cd94ae84,49f630ac8d324ba01390c1a1dcaa4386cd94ae84,cuda,2.6.0+cu124,SMD/machine-3-8/seed2/smd_cf_val/eval/last/attempt1,,True,val,C_raw,diagnostic,raw,C_raw,0.0381093966678578,0.434770169159539,0.0482238542248059,0.5073063501347034,0.1000027585657857,0.767601246105919,0.099849491575199,0.1062782842305753,0.6886455482958481
eval/SMD/machine-3-8/seed2/smd_cf_val/eval/last,val_ckpt_eval,val_pred_mae_v2,SMD,machine-3-8,2,scripts/configs/smd_cf_val.yaml,last,80,10b084e4baa4b15531befe1e408e5894c12865cbbd4a1fc617c9859c50543c70,0.10607982787794515,val0.2_b22962,train_sub_val,f258760bfb20931644d22a6c2d1921862dd4a6bf628df7d9a7c269c24657d39f,SMD_machine-3-8_pcmci_val0.2_b22962_afda5f488eccf50c,1.0,False,15,178,49f630ac8d324ba01390c1a1dcaa4386cd94ae84,49f630ac8d324ba01390c1a1dcaa4386cd94ae84,cuda,2.6.0+cu124,SMD/machine-3-8/seed2/smd_cf_val/eval/last/attempt1,,True,val,G_raw,diagnostic,raw,G_raw,0.4527508315222243,0.890884099720874,0.4039661176196667,0.90965524298861,0.4413848545364049,0.9329738058551618,0.7654320987654316,0.2862995647151605,0.8174271830223617
eval/SMD/machine-3-8/seed2/smd_cf_val/eval/last,val_ckpt_eval,val_pred_mae_v2,SMD,machine-3-8,2,scripts/configs/smd_cf_val.yaml,last,80,10b084e4baa4b15531befe1e408e5894c12865cbbd4a1fc617c9859c50543c70,0.10607982787794515,val0.2_b22962,train_sub_val,f258760bfb20931644d22a6c2d1921862dd4a6bf628df7d9a7c269c24657d39f,SMD_machine-3-8_pcmci_val0.2_b22962_afda5f488eccf50c,1.0,False,15,178,49f630ac8d324ba01390c1a1dcaa4386cd94ae84,49f630ac8d324ba01390c1a1dcaa4386cd94ae84,cuda,2.6.0+cu124,SMD/machine-3-8/seed2/smd_cf_val/eval/last/attempt1,,True,val,CF_raw,diagnostic,raw,CF_raw,0.3877308930848873,0.905407591811518,0.3807305245282667,0.9255315227022916,0.3832725144978376,0.9376693766937668,0.7719298245614029,0.2361987796387409,0.8157424443293807
eval/SMD/machine-3-8/seed2/smd_cf_val/eval/best_val,val_ckpt_eval,val_pred_mae_v2,SMD,machine-3-8,2,scripts/configs/smd_cf_val.yaml,best_val,75,66f39ba021aa54150b5a2c232664c9d710d7711496a4045be38eeff46a514840,0.10530822335826526,val0.2_b22962,train_sub_val,f258760bfb20931644d22a6c2d1921862dd4a6bf628df7d9a7c269c24657d39f,SMD_machine-3-8_pcmci_val0.2_b22962_afda5f488eccf50c,1.0,False,15,178,49f630ac8d324ba01390c1a1dcaa4386cd94ae84,49f630ac8d324ba01390c1a1dcaa4386cd94ae84,cuda,2.6.0+cu124,SMD/machine-3-8/seed2/smd_cf_val/eval/best_val/attempt1,,True,val,A_off,fusion,raw,P_raw + C_raw,0.3260289180256185,0.8398072309688711,0.3463955303184883,0.8777960787579628,0.3256670139643817,0.9970909090909092,0.979057591623036,0.4192752839752542,0.9517757281068993
eval/SMD/machine-3-8/seed2/smd_cf_val/eval/best_val,val_ckpt_eval,val_pred_mae_v2,SMD,machine-3-8,2,scripts/configs/smd_cf_val.yaml,best_val,75,66f39ba021aa54150b5a2c232664c9d710d7711496a4045be38eeff46a514840,0.10530822335826526,val0.2_b22962,train_sub_val,f258760bfb20931644d22a6c2d1921862dd4a6bf628df7d9a7c269c24657d39f,SMD_machine-3-8_pcmci_val0.2_b22962_afda5f488eccf50c,1.0,False,15,178,49f630ac8d324ba01390c1a1dcaa4386cd94ae84,49f630ac8d324ba01390c1a1dcaa4386cd94ae84,cuda,2.6.0+cu124,SMD/machine-3-8/seed2/smd_cf_val/eval/best_val/attempt1,,True,val,A_on,fusion,raw,P_raw + C_raw + 1*CF_raw,0.469420113172432,0.9075315758671292,0.4869771234353517,0.9283051790773812,0.4413422896176877,0.9945593035908596,0.9670329670329664,0.3644603741949406,0.9571259766082478
eval/SMD/machine-3-8/seed2/smd_cf_val/eval/best_val,val_ckpt_eval,val_pred_mae_v2,SMD,machine-3-8,2,scripts/configs/smd_cf_val.yaml,best_val,75,66f39ba021aa54150b5a2c232664c9d710d7711496a4045be38eeff46a514840,0.10530822335826526,val0.2_b22962,train_sub_val,f258760bfb20931644d22a6c2d1921862dd4a6bf628df7d9a7c269c24657d39f,SMD_machine-3-8_pcmci_val0.2_b22962_afda5f488eccf50c,1.0,False,15,178,49f630ac8d324ba01390c1a1dcaa4386cd94ae84,49f630ac8d324ba01390c1a1dcaa4386cd94ae84,cuda,2.6.0+cu124,SMD/machine-3-8/seed2/smd_cf_val/eval/best_val/attempt1,,True,val,P_raw,diagnostic,raw,P_raw,0.3265284682292623,0.8404218668465647,0.3470831551319696,0.8783560934507201,0.3257939324059174,0.9970909090909092,0.979057591623036,0.4192752839752542,0.9517757281068993
eval/SMD/machine-3-8/seed2/smd_cf_val/eval/best_val,val_ckpt_eval,val_pred_mae_v2,SMD,machine-3-8,2,scripts/configs/smd_cf_val.yaml,best_val,75,66f39ba021aa54150b5a2c232664c9d710d7711496a4045be38eeff46a514840,0.10530822335826526,val0.2_b22962,train_sub_val,f258760bfb20931644d22a6c2d1921862dd4a6bf628df7d9a7c269c24657d39f,SMD_machine-3-8_pcmci_val0.2_b22962_afda5f488eccf50c,1.0,False,15,178,49f630ac8d324ba01390c1a1dcaa4386cd94ae84,49f630ac8d324ba01390c1a1dcaa4386cd94ae84,cuda,2.6.0+cu124,SMD/machine-3-8/seed2/smd_cf_val/eval/best_val/attempt1,,True,val,C_raw,diagnostic,raw,C_raw,0.0381355185064819,0.4331814321824787,0.0486270999755634,0.5079921752995269,0.1003569334496012,0.7542087542087542,0.1001948028081007,0.1094020912586031,0.6887671267299141
eval/SMD/machine-3-8/seed2/smd_cf_val/eval/best_val,val_ckpt_eval,val_pred_mae_v2,SMD,machine-3-8,2,scripts/configs/smd_cf_val.yaml,best_val,75,66f39ba021aa54150b5a2c232664c9d710d7711496a4045be38eeff46a514840,0.10530822335826526,val0.2_b22962,train_sub_val,f258760bfb20931644d22a6c2d1921862dd4a6bf628df7d9a7c269c24657d39f,SMD_machine-3-8_pcmci_val0.2_b22962_afda5f488eccf50c,1.0,False,15,178,49f630ac8d324ba01390c1a1dcaa4386cd94ae84,49f630ac8d324ba01390c1a1dcaa4386cd94ae84,cuda,2.6.0+cu124,SMD/machine-3-8/seed2/smd_cf_val/eval/best_val/attempt1,,True,val,G_raw,diagnostic,raw,G_raw,0.4399865831157594,0.8880131161828114,0.3985789159757224,0.9082680825452284,0.4307875752965423,0.933693138010794,0.7662565905096655,0.2782825707171532,0.8146468087242089
eval/SMD/machine-3-8/seed2/smd_cf_val/eval/best_val,val_ckpt_eval,val_pred_mae_v2,SMD,machine-3-8,2,scripts/configs/smd_cf_val.yaml,best_val,75,66f39ba021aa54150b5a2c232664c9d710d7711496a4045be38eeff46a514840,0.10530822335826526,val0.2_b22962,train_sub_val,f258760bfb20931644d22a6c2d1921862dd4a6bf628df7d9a7c269c24657d39f,SMD_machine-3-8_pcmci_val0.2_b22962_afda5f488eccf50c,1.0,False,15,178,49f630ac8d324ba01390c1a1dcaa4386cd94ae84,49f630ac8d324ba01390c1a1dcaa4386cd94ae84,cuda,2.6.0+cu124,SMD/machine-3-8/seed2/smd_cf_val/eval/best_val/attempt1,,True,val,CF_raw,diagnostic,raw,CF_raw,0.3823567384650286,0.906352836390416,0.3757923064475391,0.9251069710424892,0.3849201069454898,0.9358578052550232,0.7499999999999994,0.2375251340265388,0.8073670323524527
eval/SMD/machine-3-8/seed3/smd_cf_val/eval/last,val_ckpt_eval,val_pred_mae_v2,SMD,machine-3-8,3,scripts/configs/smd_cf_val.yaml,last,80,0473136e0afb27357d902b4f155b16fd800a653435c24e9002fe4dedfe37d111,0.10271205615580496,val0.2_b22962,train_sub_val,f258760bfb20931644d22a6c2d1921862dd4a6bf628df7d9a7c269c24657d39f,SMD_machine-3-8_pcmci_val0.2_b22962_afda5f488eccf50c,1.0,False,15,178,49f630ac8d324ba01390c1a1dcaa4386cd94ae84,49f630ac8d324ba01390c1a1dcaa4386cd94ae84,cuda,2.6.0+cu124,SMD/machine-3-8/seed3/smd_cf_val/eval/last/attempt1,,True,val,A_off,fusion,raw,P_raw + C_raw,0.3165818710148124,0.8392067163671516,0.3355601426175132,0.8758272768888855,0.3214996169152616,0.9960043588812204,0.970350404312668,0.4039908032020766,0.9473773467738044
eval/SMD/machine-3-8/seed3/smd_cf_val/eval/last,val_ckpt_eval,val_pred_mae_v2,SMD,machine-3-8,3,scripts/configs/smd_cf_val.yaml,last,80,0473136e0afb27357d902b4f155b16fd800a653435c24e9002fe4dedfe37d111,0.10271205615580496,val0.2_b22962,train_sub_val,f258760bfb20931644d22a6c2d1921862dd4a6bf628df7d9a7c269c24657d39f,SMD_machine-3-8_pcmci_val0.2_b22962_afda5f488eccf50c,1.0,False,15,178,49f630ac8d324ba01390c1a1dcaa4386cd94ae84,49f630ac8d324ba01390c1a1dcaa4386cd94ae84,cuda,2.6.0+cu124,SMD/machine-3-8/seed3/smd_cf_val/eval/last/attempt1,,True,val,A_on,fusion,raw,P_raw + C_raw + 1*CF_raw,0.4853890364361952,0.9039735215130832,0.5004610489430579,0.9260883919006032,0.4577483902801456,0.9945593035908596,0.9715370018975326,0.3634002125491081,0.9663274810734008
eval/SMD/machine-3-8/seed3/smd_cf_val/eval/last,val_ckpt_eval,val_pred_mae_v2,SMD,machine-3-8,3,scripts/configs/smd_cf_val.yaml,last,80,0473136e0afb27357d902b4f155b16fd800a653435c24e9002fe4dedfe37d111,0.10271205615580496,val0.2_b22962,train_sub_val,f258760bfb20931644d22a6c2d1921862dd4a6bf628df7d9a7c269c24657d39f,SMD_machine-3-8_pcmci_val0.2_b22962_afda5f488eccf50c,1.0,False,15,178,49f630ac8d324ba01390c1a1dcaa4386cd94ae84,49f630ac8d324ba01390c1a1dcaa4386cd94ae84,cuda,2.6.0+cu124,SMD/machine-3-8/seed3/smd_cf_val/eval/last/attempt1,,True,val,P_raw,diagnostic,raw,P_raw,0.3169589879802721,0.839580983569028,0.3358627705302054,0.87616367972237,0.3220950392815215,0.9960043588812204,0.970350404312668,0.4039908032020766,0.9473773467738044
eval/SMD/machine-3-8/seed3/smd_cf_val/eval/last,val_ckpt_eval,val_pred_mae_v2,SMD,machine-3-8,3,scripts/configs/smd_cf_val.yaml,last,80,0473136e0afb27357d902b4f155b16fd800a653435c24e9002fe4dedfe37d111,0.10271205615580496,val0.2_b22962,train_sub_val,f258760bfb20931644d22a6c2d1921862dd4a6bf628df7d9a7c269c24657d39f,SMD_machine-3-8_pcmci_val0.2_b22962_afda5f488eccf50c,1.0,False,15,178,49f630ac8d324ba01390c1a1dcaa4386cd94ae84,49f630ac8d324ba01390c1a1dcaa4386cd94ae84,cuda,2.6.0+cu124,SMD/machine-3-8/seed3/smd_cf_val/eval/last/attempt1,,True,val,C_raw,diagnostic,raw,C_raw,0.0425830136672488,0.4865300378492907,0.055214808932086,0.5589911115803231,0.1034690087785135,0.8555555555555555,0.1032192530082824,0.1105497740731213,0.6897644390559653
eval/SMD/machine-3-8/seed3/smd_cf_val/eval/last,val_ckpt_eval,val_pred_mae_v2,SMD,machine-3-8,3,scripts/configs/smd_cf_val.yaml,last,80,0473136e0afb27357d902b4f155b16fd800a653435c24e9002fe4dedfe37d111,0.10271205615580496,val0.2_b22962,train_sub_val,f258760bfb20931644d22a6c2d1921862dd4a6bf628df7d9a7c269c24657d39f,SMD_machine-3-8_pcmci_val0.2_b22962_afda5f488eccf50c,1.0,False,15,178,49f630ac8d324ba01390c1a1dcaa4386cd94ae84,49f630ac8d324ba01390c1a1dcaa4386cd94ae84,cuda,2.6.0+cu124,SMD/machine-3-8/seed3/smd_cf_val/eval/last/attempt1,,True,val,G_raw,diagnostic,raw,G_raw,0.4264378583654948,0.8929973927159414,0.3943312125358674,0.9108273089040988,0.507187846829758,0.904406273338312,0.6694987255734914,0.302092681749797,0.8156424415782356
eval/SMD/machine-3-8/seed3/smd_cf_val/eval/last,val_ckpt_eval,val_pred_mae_v2,SMD,machine-3-8,3,scripts/configs/smd_cf_val.yaml,last,80,0473136e0afb27357d902b4f155b16fd800a653435c24e9002fe4dedfe37d111,0.10271205615580496,val0.2_b22962,train_sub_val,f258760bfb20931644d22a6c2d1921862dd4a6bf628df7d9a7c269c24657d39f,SMD_machine-3-8_pcmci_val0.2_b22962_afda5f488eccf50c,1.0,False,15,178,49f630ac8d324ba01390c1a1dcaa4386cd94ae84,49f630ac8d324ba01390c1a1dcaa4386cd94ae84,cuda,2.6.0+cu124,SMD/machine-3-8/seed3/smd_cf_val/eval/last/attempt1,,True,val,CF_raw,diagnostic,raw,CF_raw,0.4647773855046718,0.8967958424400881,0.4285919251893093,0.9213332283102272,0.4496595423351372,0.9311803152633602,0.7689161554192224,0.2434352778107121,0.8225409256040606
eval/SMD/machine-3-8/seed3/smd_cf_val/eval/best_val,val_ckpt_eval,val_pred_mae_v2,SMD,machine-3-8,3,scripts/configs/smd_cf_val.yaml,best_val,79,f26bb5185819193556f9e1e5e98c526a8be66b7979b8932d1cfc0c27ccd85377,0.10138959265019701,val0.2_b22962,train_sub_val,f258760bfb20931644d22a6c2d1921862dd4a6bf628df7d9a7c269c24657d39f,SMD_machine-3-8_pcmci_val0.2_b22962_afda5f488eccf50c,1.0,False,15,178,49f630ac8d324ba01390c1a1dcaa4386cd94ae84,49f630ac8d324ba01390c1a1dcaa4386cd94ae84,cuda,2.6.0+cu124,SMD/machine-3-8/seed3/smd_cf_val/eval/best_val/attempt1,,True,val,A_off,fusion,raw,P_raw + C_raw,0.3160910550894102,0.8384084905546549,0.3356282508750438,0.8753393174766102,0.3209826577305009,0.9960043588812204,0.9701897018970184,0.393422679791644,0.9473772679289668
eval/SMD/machine-3-8/seed3/smd_cf_val/eval/best_val,val_ckpt_eval,val_pred_mae_v2,SMD,machine-3-8,3,scripts/configs/smd_cf_val.yaml,best_val,79,f26bb5185819193556f9e1e5e98c526a8be66b7979b8932d1cfc0c27ccd85377,0.10138959265019701,val0.2_b22962,train_sub_val,f258760bfb20931644d22a6c2d1921862dd4a6bf628df7d9a7c269c24657d39f,SMD_machine-3-8_pcmci_val0.2_b22962_afda5f488eccf50c,1.0,False,15,178,49f630ac8d324ba01390c1a1dcaa4386cd94ae84,49f630ac8d324ba01390c1a1dcaa4386cd94ae84,cuda,2.6.0+cu124,SMD/machine-3-8/seed3/smd_cf_val/eval/best_val/attempt1,,True,val,A_on,fusion,raw,P_raw + C_raw + 1*CF_raw,0.4834696549778619,0.9040598241316536,0.4982401615193463,0.9259892412038948,0.4585490103309272,0.9909649439826528,0.9546279491833024,0.3541067666487595,0.9589763224876492
eval/SMD/machine-3-8/seed3/smd_cf_val/eval/best_val,val_ckpt_eval,val_pred_mae_v2,SMD,machine-3-8,3,scripts/configs/smd_cf_val.yaml,best_val,79,f26bb5185819193556f9e1e5e98c526a8be66b7979b8932d1cfc0c27ccd85377,0.10138959265019701,val0.2_b22962,train_sub_val,f258760bfb20931644d22a6c2d1921862dd4a6bf628df7d9a7c269c24657d39f,SMD_machine-3-8_pcmci_val0.2_b22962_afda5f488eccf50c,1.0,False,15,178,49f630ac8d324ba01390c1a1dcaa4386cd94ae84,49f630ac8d324ba01390c1a1dcaa4386cd94ae84,cuda,2.6.0+cu124,SMD/machine-3-8/seed3/smd_cf_val/eval/best_val/attempt1,,True,val,P_raw,diagnostic,raw,P_raw,0.3164568303247551,0.8387999221808248,0.3360564667416717,0.8756482903726706,0.3215130826614064,0.9960043588812204,0.9701897018970184,0.393422679791644,0.9473772679289668
eval/SMD/machine-3-8/seed3/smd_cf_val/eval/best_val,val_ckpt_eval,val_pred_mae_v2,SMD,machine-3-8,3,scripts/configs/smd_cf_val.yaml,best_val,79,f26bb5185819193556f9e1e5e98c526a8be66b7979b8932d1cfc0c27ccd85377,0.10138959265019701,val0.2_b22962,train_sub_val,f258760bfb20931644d22a6c2d1921862dd4a6bf628df7d9a7c269c24657d39f,SMD_machine-3-8_pcmci_val0.2_b22962_afda5f488eccf50c,1.0,False,15,178,49f630ac8d324ba01390c1a1dcaa4386cd94ae84,49f630ac8d324ba01390c1a1dcaa4386cd94ae84,cuda,2.6.0+cu124,SMD/machine-3-8/seed3/smd_cf_val/eval/best_val/attempt1,,True,val,C_raw,diagnostic,raw,C_raw,0.0417745076835121,0.4769223914960128,0.0542476240007675,0.5508397346610072,0.1029975200565165,0.7835447904652056,0.1599999999999996,0.1071588657541139,0.7036556366809129
eval/SMD/machine-3-8/seed3/smd_cf_val/eval/best_val,val_ckpt_eval,val_pred_mae_v2,SMD,machine-3-8,3,scripts/configs/smd_cf_val.yaml,best_val,79,f26bb5185819193556f9e1e5e98c526a8be66b7979b8932d1cfc0c27ccd85377,0.10138959265019701,val0.2_b22962,train_sub_val,f258760bfb20931644d22a6c2d1921862dd4a6bf628df7d9a7c269c24657d39f,SMD_machine-3-8_pcmci_val0.2_b22962_afda5f488eccf50c,1.0,False,15,178,49f630ac8d324ba01390c1a1dcaa4386cd94ae84,49f630ac8d324ba01390c1a1dcaa4386cd94ae84,cuda,2.6.0+cu124,SMD/machine-3-8/seed3/smd_cf_val/eval/best_val/attempt1,,True,val,G_raw,diagnostic,raw,G_raw,0.4235633659240745,0.8922666367050028,0.395440806156458,0.91106191403183,0.5076555472048443,0.8897869213813373,0.6658682634730533,0.3079578705229547,0.8152471982193961
eval/SMD/machine-3-8/seed3/smd_cf_val/eval/best_val,val_ckpt_eval,val_pred_mae_v2,SMD,machine-3-8,3,scripts/configs/smd_cf_val.yaml,best_val,79,f26bb5185819193556f9e1e5e98c526a8be66b7979b8932d1cfc0c27ccd85377,0.10138959265019701,val0.2_b22962,train_sub_val,f258760bfb20931644d22a6c2d1921862dd4a6bf628df7d9a7c269c24657d39f,SMD_machine-3-8_pcmci_val0.2_b22962_afda5f488eccf50c,1.0,False,15,178,49f630ac8d324ba01390c1a1dcaa4386cd94ae84,49f630ac8d324ba01390c1a1dcaa4386cd94ae84,cuda,2.6.0+cu124,SMD/machine-3-8/seed3/smd_cf_val/eval/best_val/attempt1,,True,val,CF_raw,diagnostic,raw,CF_raw,0.4623918030949376,0.8975260245239315,0.4219256150617562,0.9210205561054496,0.4479763872781785,0.9365815931941222,0.7910863509749299,0.2480985444169618,0.8172583245083166
eval/SMD/machine-3-9/seed0/smd_cf_val/eval/last,val_ckpt_eval,val_pred_mae_v2,SMD,machine-3-9,0,scripts/configs/smd_cf_val.yaml,last,80,b09f92b4bbb24eb658010d5842a91563cda4e0b6ab441653eb850a9013bca2b4,0.11975174408185879,val0.2_b22970,train_sub_val,471d1be8b2a4070b161ea54dfde197ae482dbade1576902ba2857ec727b63754,SMD_machine-3-9_pcmci_val0.2_b22970_d38095a451469f59,1.0,False,15,73,49f630ac8d324ba01390c1a1dcaa4386cd94ae84,49f630ac8d324ba01390c1a1dcaa4386cd94ae84,cuda,2.6.0+cu124,SMD/machine-3-9/seed0/smd_cf_val/eval/last/attempt1,,True,val,A_off,fusion,raw,P_raw + C_raw,0.4510344905310168,0.8481076585529049,0.385812238999088,0.9076795608978248,0.4915774936739138,0.6503340757238307,0.6666666666666662,0.2825401024051996,0.666783906230143
eval/SMD/machine-3-9/seed0/smd_cf_val/eval/last,val_ckpt_eval,val_pred_mae_v2,SMD,machine-3-9,0,scripts/configs/smd_cf_val.yaml,last,80,b09f92b4bbb24eb658010d5842a91563cda4e0b6ab441653eb850a9013bca2b4,0.11975174408185879,val0.2_b22970,train_sub_val,471d1be8b2a4070b161ea54dfde197ae482dbade1576902ba2857ec727b63754,SMD_machine-3-9_pcmci_val0.2_b22970_d38095a451469f59,1.0,False,15,73,49f630ac8d324ba01390c1a1dcaa4386cd94ae84,49f630ac8d324ba01390c1a1dcaa4386cd94ae84,cuda,2.6.0+cu124,SMD/machine-3-9/seed0/smd_cf_val/eval/last/attempt1,,True,val,A_on,fusion,raw,P_raw + C_raw + 1*CF_raw,0.3371044257431645,0.7167744872089405,0.1726046729802421,0.7906816451264133,0.4702932797328714,0.6503340757238307,0.6666666666666662,0.2825401024051996,0.8174951100431864
eval/SMD/machine-3-9/seed0/smd_cf_val/eval/last,val_ckpt_eval,val_pred_mae_v2,SMD,machine-3-9,0,scripts/configs/smd_cf_val.yaml,last,80,b09f92b4bbb24eb658010d5842a91563cda4e0b6ab441653eb850a9013bca2b4,0.11975174408185879,val0.2_b22970,train_sub_val,471d1be8b2a4070b161ea54dfde197ae482dbade1576902ba2857ec727b63754,SMD_machine-3-9_pcmci_val0.2_b22970_d38095a451469f59,1.0,False,15,73,49f630ac8d324ba01390c1a1dcaa4386cd94ae84,49f630ac8d324ba01390c1a1dcaa4386cd94ae84,cuda,2.6.0+cu124,SMD/machine-3-9/seed0/smd_cf_val/eval/last/attempt1,,True,val,P_raw,diagnostic,raw,P_raw,0.4514048105554731,0.8483093899333949,0.3874329782955945,0.9078853233186026,0.4931922836477065,0.6503340757238307,0.6666666666666662,0.2825401024051996,0.6667986449959642
eval/SMD/machine-3-9/seed0/smd_cf_val/eval/last,val_ckpt_eval,val_pred_mae_v2,SMD,machine-3-9,0,scripts/configs/smd_cf_val.yaml,last,80,b09f92b4bbb24eb658010d5842a91563cda4e0b6ab441653eb850a9013bca2b4,0.11975174408185879,val0.2_b22970,train_sub_val,471d1be8b2a4070b161ea54dfde197ae482dbade1576902ba2857ec727b63754,SMD_machine-3-9_pcmci_val0.2_b22970_d38095a451469f59,1.0,False,15,73,49f630ac8d324ba01390c1a1dcaa4386cd94ae84,49f630ac8d324ba01390c1a1dcaa4386cd94ae84,cuda,2.6.0+cu124,SMD/machine-3-9/seed0/smd_cf_val/eval/last/attempt1,,True,val,C_raw,diagnostic,raw,C_raw,0.0091522014987095,0.4366411818112201,0.0132786479809241,0.5531145405885041,0.0209042741522617,0.4187975120939876,0.0266666666666665,0.1858724576215795,0.6945153277591493
eval/SMD/machine-3-9/seed0/smd_cf_val/eval/last,val_ckpt_eval,val_pred_mae_v2,SMD,machine-3-9,0,scripts/configs/smd_cf_val.yaml,last,80,b09f92b4bbb24eb658010d5842a91563cda4e0b6ab441653eb850a9013bca2b4,0.11975174408185879,val0.2_b22970,train_sub_val,471d1be8b2a4070b161ea54dfde197ae482dbade1576902ba2857ec727b63754,SMD_machine-3-9_pcmci_val0.2_b22970_d38095a451469f59,1.0,False,15,73,49f630ac8d324ba01390c1a1dcaa4386cd94ae84,49f630ac8d324ba01390c1a1dcaa4386cd94ae84,cuda,2.6.0+cu124,SMD/machine-3-9/seed0/smd_cf_val/eval/last/attempt1,,True,val,G_raw,diagnostic,raw,G_raw,0.0133669291026468,0.5665874499143164,0.0201752744491237,0.6662452704377668,0.0346298966831482,0.3371428571428571,0.035012196871861,0.0359822928414687,0.7779457024846629
eval/SMD/machine-3-9/seed0/smd_cf_val/eval/last,val_ckpt_eval,val_pred_mae_v2,SMD,machine-3-9,0,scripts/configs/smd_cf_val.yaml,last,80,b09f92b4bbb24eb658010d5842a91563cda4e0b6ab441653eb850a9013bca2b4,0.11975174408185879,val0.2_b22970,train_sub_val,471d1be8b2a4070b161ea54dfde197ae482dbade1576902ba2857ec727b63754,SMD_machine-3-9_pcmci_val0.2_b22970_d38095a451469f59,1.0,False,15,73,49f630ac8d324ba01390c1a1dcaa4386cd94ae84,49f630ac8d324ba01390c1a1dcaa4386cd94ae84,cuda,2.6.0+cu124,SMD/machine-3-9/seed0/smd_cf_val/eval/last/attempt1,,True,val,CF_raw,diagnostic,raw,CF_raw,0.1957025755235974,0.5368954028602395,0.0569029534062682,0.5672717547276953,0.2755066942606651,0.5,0.3999999999999996,0.1148650311277344,0.717204987238521
eval/SMD/machine-3-9/seed0/smd_cf_val/eval/best_val,val_ckpt_eval,val_pred_mae_v2,SMD,machine-3-9,0,scripts/configs/smd_cf_val.yaml,best_val,77,cf74cf2096276435c777abb485b531642710314adc0eb8cc43c7e373634bf612,0.11859995159003299,val0.2_b22970,train_sub_val,471d1be8b2a4070b161ea54dfde197ae482dbade1576902ba2857ec727b63754,SMD_machine-3-9_pcmci_val0.2_b22970_d38095a451469f59,1.0,False,15,73,49f630ac8d324ba01390c1a1dcaa4386cd94ae84,49f630ac8d324ba01390c1a1dcaa4386cd94ae84,cuda,2.6.0+cu124,SMD/machine-3-9/seed0/smd_cf_val/eval/best_val/attempt1,,True,val,A_off,fusion,raw,P_raw + C_raw,0.4521511380285038,0.8495304690498626,0.3889362893996462,0.9080972743037952,0.4915774936739138,0.6503340757238307,0.6666666666666662,0.2825401024051996,0.666783906230143
eval/SMD/machine-3-9/seed0/smd_cf_val/eval/best_val,val_ckpt_eval,val_pred_mae_v2,SMD,machine-3-9,0,scripts/configs/smd_cf_val.yaml,best_val,77,cf74cf2096276435c777abb485b531642710314adc0eb8cc43c7e373634bf612,0.11859995159003299,val0.2_b22970,train_sub_val,471d1be8b2a4070b161ea54dfde197ae482dbade1576902ba2857ec727b63754,SMD_machine-3-9_pcmci_val0.2_b22970_d38095a451469f59,1.0,False,15,73,49f630ac8d324ba01390c1a1dcaa4386cd94ae84,49f630ac8d324ba01390c1a1dcaa4386cd94ae84,cuda,2.6.0+cu124,SMD/machine-3-9/seed0/smd_cf_val/eval/best_val/attempt1,,True,val,A_on,fusion,raw,P_raw + C_raw + 1*CF_raw,0.3375851188180794,0.715154303008203,0.1762499573517374,0.7934590245293545,0.4726331035414489,0.6503340757238307,0.6666666666666662,0.2825401024051996,0.7959923903971023
eval/SMD/machine-3-9/seed0/smd_cf_val/eval/best_val,val_ckpt_eval,val_pred_mae_v2,SMD,machine-3-9,0,scripts/configs/smd_cf_val.yaml,best_val,77,cf74cf2096276435c777abb485b531642710314adc0eb8cc43c7e373634bf612,0.11859995159003299,val0.2_b22970,train_sub_val,471d1be8b2a4070b161ea54dfde197ae482dbade1576902ba2857ec727b63754,SMD_machine-3-9_pcmci_val0.2_b22970_d38095a451469f59,1.0,False,15,73,49f630ac8d324ba01390c1a1dcaa4386cd94ae84,49f630ac8d324ba01390c1a1dcaa4386cd94ae84,cuda,2.6.0+cu124,SMD/machine-3-9/seed0/smd_cf_val/eval/best_val/attempt1,,True,val,P_raw,diagnostic,raw,P_raw,0.4525302464168318,0.8496972228119611,0.3890471182868618,0.9082843476416756,0.494072837450793,0.6503340757238307,0.6666666666666662,0.2825401024051996,0.6667599497072066
eval/SMD/machine-3-9/seed0/smd_cf_val/eval/best_val,val_ckpt_eval,val_pred_mae_v2,SMD,machine-3-9,0,scripts/configs/smd_cf_val.yaml,best_val,77,cf74cf2096276435c777abb485b531642710314adc0eb8cc43c7e373634bf612,0.11859995159003299,val0.2_b22970,train_sub_val,471d1be8b2a4070b161ea54dfde197ae482dbade1576902ba2857ec727b63754,SMD_machine-3-9_pcmci_val0.2_b22970_d38095a451469f59,1.0,False,15,73,49f630ac8d324ba01390c1a1dcaa4386cd94ae84,49f630ac8d324ba01390c1a1dcaa4386cd94ae84,cuda,2.6.0+cu124,SMD/machine-3-9/seed0/smd_cf_val/eval/best_val/attempt1,,True,val,C_raw,diagnostic,raw,C_raw,0.0090157707608327,0.4337555863962862,0.0129932771831046,0.5478980319206994,0.0209042741522617,0.3900621118012422,0.0303030303030301,0.1395534697953751,0.6948505721582124
eval/SMD/machine-3-9/seed0/smd_cf_val/eval/best_val,val_ckpt_eval,val_pred_mae_v2,SMD,machine-3-9,0,scripts/configs/smd_cf_val.yaml,best_val,77,cf74cf2096276435c777abb485b531642710314adc0eb8cc43c7e373634bf612,0.11859995159003299,val0.2_b22970,train_sub_val,471d1be8b2a4070b161ea54dfde197ae482dbade1576902ba2857ec727b63754,SMD_machine-3-9_pcmci_val0.2_b22970_d38095a451469f59,1.0,False,15,73,49f630ac8d324ba01390c1a1dcaa4386cd94ae84,49f630ac8d324ba01390c1a1dcaa4386cd94ae84,cuda,2.6.0+cu124,SMD/machine-3-9/seed0/smd_cf_val/eval/best_val/attempt1,,True,val,G_raw,diagnostic,raw,G_raw,0.0133267268130367,0.5668724419711433,0.0200341951024364,0.6678981479709254,0.0338690268897484,0.3374642516682555,0.0343359818388194,0.0346297990173104,0.7764295844719074
eval/SMD/machine-3-9/seed0/smd_cf_val/eval/best_val,val_ckpt_eval,val_pred_mae_v2,SMD,machine-3-9,0,scripts/configs/smd_cf_val.yaml,best_val,77,cf74cf2096276435c777abb485b531642710314adc0eb8cc43c7e373634bf612,0.11859995159003299,val0.2_b22970,train_sub_val,471d1be8b2a4070b161ea54dfde197ae482dbade1576902ba2857ec727b63754,SMD_machine-3-9_pcmci_val0.2_b22970_d38095a451469f59,1.0,False,15,73,49f630ac8d324ba01390c1a1dcaa4386cd94ae84,49f630ac8d324ba01390c1a1dcaa4386cd94ae84,cuda,2.6.0+cu124,SMD/machine-3-9/seed0/smd_cf_val/eval/best_val/attempt1,,True,val,CF_raw,diagnostic,raw,CF_raw,0.1968177540695515,0.5300188728073187,0.0559896150970527,0.5591087146998523,0.2719968973153925,0.5,0.3999999999999996,0.1154362416107382,0.7175302131454352
eval/SMD/machine-3-9/seed1/smd_cf_val/eval/last,val_ckpt_eval,val_pred_mae_v2,SMD,machine-3-9,1,scripts/configs/smd_cf_val.yaml,last,80,4c8e6420081f560b8052a5d6abd579c26d5052773aef7d8364ac87c61b9ca073,0.1195456298393384,val0.2_b22970,train_sub_val,471d1be8b2a4070b161ea54dfde197ae482dbade1576902ba2857ec727b63754,SMD_machine-3-9_pcmci_val0.2_b22970_d38095a451469f59,1.0,False,15,73,49f630ac8d324ba01390c1a1dcaa4386cd94ae84,49f630ac8d324ba01390c1a1dcaa4386cd94ae84,cuda,2.6.0+cu124,SMD/machine-3-9/seed1/smd_cf_val/eval/last/attempt1,,True,val,A_off,fusion,raw,P_raw + C_raw,0.4410688364402403,0.8518716453878408,0.3619504464226445,0.9081687084378184,0.4828717194760018,0.6503340757238307,0.6666666666666662,0.2825401024051996,0.666768448653373
eval/SMD/machine-3-9/seed1/smd_cf_val/eval/last,val_ckpt_eval,val_pred_mae_v2,SMD,machine-3-9,1,scripts/configs/smd_cf_val.yaml,last,80,4c8e6420081f560b8052a5d6abd579c26d5052773aef7d8364ac87c61b9ca073,0.1195456298393384,val0.2_b22970,train_sub_val,471d1be8b2a4070b161ea54dfde197ae482dbade1576902ba2857ec727b63754,SMD_machine-3-9_pcmci_val0.2_b22970_d38095a451469f59,1.0,False,15,73,49f630ac8d324ba01390c1a1dcaa4386cd94ae84,49f630ac8d324ba01390c1a1dcaa4386cd94ae84,cuda,2.6.0+cu124,SMD/machine-3-9/seed1/smd_cf_val/eval/last/attempt1,,True,val,A_on,fusion,raw,P_raw + C_raw + 1*CF_raw,0.3519393649267592,0.7538321118475002,0.2264221249997264,0.8355328102503112,0.4711742906420929,0.6503340757238307,0.6666666666666662,0.3271067596665256,0.7105642989242347
eval/SMD/machine-3-9/seed1/smd_cf_val/eval/last,val_ckpt_eval,val_pred_mae_v2,SMD,machine-3-9,1,scripts/configs/smd_cf_val.yaml,last,80,4c8e6420081f560b8052a5d6abd579c26d5052773aef7d8364ac87c61b9ca073,0.1195456298393384,val0.2_b22970,train_sub_val,471d1be8b2a4070b161ea54dfde197ae482dbade1576902ba2857ec727b63754,SMD_machine-3-9_pcmci_val0.2_b22970_d38095a451469f59,1.0,False,15,73,49f630ac8d324ba01390c1a1dcaa4386cd94ae84,49f630ac8d324ba01390c1a1dcaa4386cd94ae84,cuda,2.6.0+cu124,SMD/machine-3-9/seed1/smd_cf_val/eval/last/attempt1,,True,val,P_raw,diagnostic,raw,P_raw,0.4410650624809045,0.8519347445465999,0.3619407572791173,0.9082131708647364,0.4828717194760018,0.6503340757238307,0.6666666666666662,0.2825401024051996,0.666768448653373
eval/SMD/machine-3-9/seed1/smd_cf_val/eval/last,val_ckpt_eval,val_pred_mae_v2,SMD,machine-3-9,1,scripts/configs/smd_cf_val.yaml,last,80,4c8e6420081f560b8052a5d6abd579c26d5052773aef7d8364ac87c61b9ca073,0.1195456298393384,val0.2_b22970,train_sub_val,471d1be8b2a4070b161ea54dfde197ae482dbade1576902ba2857ec727b63754,SMD_machine-3-9_pcmci_val0.2_b22970_d38095a451469f59,1.0,False,15,73,49f630ac8d324ba01390c1a1dcaa4386cd94ae84,49f630ac8d324ba01390c1a1dcaa4386cd94ae84,cuda,2.6.0+cu124,SMD/machine-3-9/seed1/smd_cf_val/eval/last/attempt1,,True,val,C_raw,diagnostic,raw,C_raw,0.0087401916316586,0.4080131051026303,0.0114747141427208,0.5092163374912995,0.0209443922280406,0.2782369146005509,0.0476190476190474,0.0491228070175438,0.6862724457255706
eval/SMD/machine-3-9/seed1/smd_cf_val/eval/last,val_ckpt_eval,val_pred_mae_v2,SMD,machine-3-9,1,scripts/configs/smd_cf_val.yaml,last,80,4c8e6420081f560b8052a5d6abd579c26d5052773aef7d8364ac87c61b9ca073,0.1195456298393384,val0.2_b22970,train_sub_val,471d1be8b2a4070b161ea54dfde197ae482dbade1576902ba2857ec727b63754,SMD_machine-3-9_pcmci_val0.2_b22970_d38095a451469f59,1.0,False,15,73,49f630ac8d324ba01390c1a1dcaa4386cd94ae84,49f630ac8d324ba01390c1a1dcaa4386cd94ae84,cuda,2.6.0+cu124,SMD/machine-3-9/seed1/smd_cf_val/eval/last/attempt1,,True,val,G_raw,diagnostic,raw,G_raw,0.0172151386274088,0.5375387121473317,0.0187091300295644,0.6359141429437013,0.0327821782658742,0.5737439222042139,0.3999999999999996,0.1677192347363463,0.814272682882813
eval/SMD/machine-3-9/seed1/smd_cf_val/eval/last,val_ckpt_eval,val_pred_mae_v2,SMD,machine-3-9,1,scripts/configs/smd_cf_val.yaml,last,80,4c8e6420081f560b8052a5d6abd579c26d5052773aef7d8364ac87c61b9ca073,0.1195456298393384,val0.2_b22970,train_sub_val,471d1be8b2a4070b161ea54dfde197ae482dbade1576902ba2857ec727b63754,SMD_machine-3-9_pcmci_val0.2_b22970_d38095a451469f59,1.0,False,15,73,49f630ac8d324ba01390c1a1dcaa4386cd94ae84,49f630ac8d324ba01390c1a1dcaa4386cd94ae84,cuda,2.6.0+cu124,SMD/machine-3-9/seed1/smd_cf_val/eval/last/attempt1,,True,val,CF_raw,diagnostic,raw,CF_raw,0.016512365731368,0.4469965323351813,0.0170551946206433,0.5482265213833847,0.0319117648212496,0.5945945945945946,0.3999999999999996,0.2419606855955693,0.7910143562128368
eval/SMD/machine-3-9/seed1/smd_cf_val/eval/best_val,val_ckpt_eval,val_pred_mae_v2,SMD,machine-3-9,1,scripts/configs/smd_cf_val.yaml,best_val,78,655bd2866c0d77fd016597759c10002bd3f9f6696f6bd817917ceb38fc93086c,0.11895337716764498,val0.2_b22970,train_sub_val,471d1be8b2a4070b161ea54dfde197ae482dbade1576902ba2857ec727b63754,SMD_machine-3-9_pcmci_val0.2_b22970_d38095a451469f59,1.0,False,15,73,49f630ac8d324ba01390c1a1dcaa4386cd94ae84,49f630ac8d324ba01390c1a1dcaa4386cd94ae84,cuda,2.6.0+cu124,SMD/machine-3-9/seed1/smd_cf_val/eval/best_val/attempt1,,True,val,A_off,fusion,raw,P_raw + C_raw,0.440956703373504,0.8521106203786112,0.36247816283339,0.9078275214781482,0.4820462885461392,0.6503340757238307,0.6666666666666662,0.2825401024051996,0.666768448653373
eval/SMD/machine-3-9/seed1/smd_cf_val/eval/best_val,val_ckpt_eval,val_pred_mae_v2,SMD,machine-3-9,1,scripts/configs/smd_cf_val.yaml,best_val,78,655bd2866c0d77fd016597759c10002bd3f9f6696f6bd817917ceb38fc93086c,0.11895337716764498,val0.2_b22970,train_sub_val,471d1be8b2a4070b161ea54dfde197ae482dbade1576902ba2857ec727b63754,SMD_machine-3-9_pcmci_val0.2_b22970_d38095a451469f59,1.0,False,15,73,49f630ac8d324ba01390c1a1dcaa4386cd94ae84,49f630ac8d324ba01390c1a1dcaa4386cd94ae84,cuda,2.6.0+cu124,SMD/machine-3-9/seed1/smd_cf_val/eval/best_val/attempt1,,True,val,A_on,fusion,raw,P_raw + C_raw + 1*CF_raw,0.351678155290131,0.7579112458620954,0.2241756605692256,0.8372720931873899,0.4711742906420929,0.6503340757238307,0.6666666666666662,0.3271067596665256,0.7029804566501052
eval/SMD/machine-3-9/seed1/smd_cf_val/eval/best_val,val_ckpt_eval,val_pred_mae_v2,SMD,machine-3-9,1,scripts/configs/smd_cf_val.yaml,best_val,78,655bd2866c0d77fd016597759c10002bd3f9f6696f6bd817917ceb38fc93086c,0.11895337716764498,val0.2_b22970,train_sub_val,471d1be8b2a4070b161ea54dfde197ae482dbade1576902ba2857ec727b63754,SMD_machine-3-9_pcmci_val0.2_b22970_d38095a451469f59,1.0,False,15,73,49f630ac8d324ba01390c1a1dcaa4386cd94ae84,49f630ac8d324ba01390c1a1dcaa4386cd94ae84,cuda,2.6.0+cu124,SMD/machine-3-9/seed1/smd_cf_val/eval/best_val/attempt1,,True,val,P_raw,diagnostic,raw,P_raw,0.4409518886788253,0.8521417051391418,0.3624790882307067,0.9078124048250724,0.4820462885461392,0.6503340757238307,0.6666666666666662,0.2825401024051996,0.6667732225443904
eval/SMD/machine-3-9/seed1/smd_cf_val/eval/best_val,val_ckpt_eval,val_pred_mae_v2,SMD,machine-3-9,1,scripts/configs/smd_cf_val.yaml,best_val,78,655bd2866c0d77fd016597759c10002bd3f9f6696f6bd817917ceb38fc93086c,0.11895337716764498,val0.2_b22970,train_sub_val,471d1be8b2a4070b161ea54dfde197ae482dbade1576902ba2857ec727b63754,SMD_machine-3-9_pcmci_val0.2_b22970_d38095a451469f59,1.0,False,15,73,49f630ac8d324ba01390c1a1dcaa4386cd94ae84,49f630ac8d324ba01390c1a1dcaa4386cd94ae84,cuda,2.6.0+cu124,SMD/machine-3-9/seed1/smd_cf_val/eval/best_val/attempt1,,True,val,C_raw,diagnostic,raw,C_raw,0.0089608162507499,0.4151828777469487,0.0115418603876519,0.5137171633626794,0.0210045161680615,0.2478527607361963,0.068965517241379,0.0651162790697674,0.6755447962610572
eval/SMD/machine-3-9/seed1/smd_cf_val/eval/best_val,val_ckpt_eval,val_pred_mae_v2,SMD,machine-3-9,1,scripts/configs/smd_cf_val.yaml,best_val,78,655bd2866c0d77fd016597759c10002bd3f9f6696f6bd817917ceb38fc93086c,0.11895337716764498,val0.2_b22970,train_sub_val,471d1be8b2a4070b161ea54dfde197ae482dbade1576902ba2857ec727b63754,SMD_machine-3-9_pcmci_val0.2_b22970_d38095a451469f59,1.0,False,15,73,49f630ac8d324ba01390c1a1dcaa4386cd94ae84,49f630ac8d324ba01390c1a1dcaa4386cd94ae84,cuda,2.6.0+cu124,SMD/machine-3-9/seed1/smd_cf_val/eval/best_val/attempt1,,True,val,G_raw,diagnostic,raw,G_raw,0.0169429250385554,0.539954375705871,0.0187552992632708,0.6386551250793774,0.0354723095336787,0.5331325301204819,0.3999999999999996,0.1514696136697641,0.7888133380236364
eval/SMD/machine-3-9/seed1/smd_cf_val/eval/best_val,val_ckpt_eval,val_pred_mae_v2,SMD,machine-3-9,1,scripts/configs/smd_cf_val.yaml,best_val,78,655bd2866c0d77fd016597759c10002bd3f9f6696f6bd817917ceb38fc93086c,0.11895337716764498,val0.2_b22970,train_sub_val,471d1be8b2a4070b161ea54dfde197ae482dbade1576902ba2857ec727b63754,SMD_machine-3-9_pcmci_val0.2_b22970_d38095a451469f59,1.0,False,15,73,49f630ac8d324ba01390c1a1dcaa4386cd94ae84,49f630ac8d324ba01390c1a1dcaa4386cd94ae84,cuda,2.6.0+cu124,SMD/machine-3-9/seed1/smd_cf_val/eval/best_val/attempt1,,True,val,CF_raw,diagnostic,raw,CF_raw,0.0163053755252719,0.4547161856779319,0.0171755258030928,0.5555386300293562,0.0315757162586139,0.5906040268456376,0.3999999999999996,0.1258728295124513,0.7853940161688685
eval/SMD/machine-3-9/seed2/smd_cf_val/eval/last,val_ckpt_eval,val_pred_mae_v2,SMD,machine-3-9,2,scripts/configs/smd_cf_val.yaml,last,80,7449ca4473578d6d6065dadf42a4d322726721fc582d22ba5f9c74d7175a1597,0.11893671751569442,val0.2_b22970,train_sub_val,471d1be8b2a4070b161ea54dfde197ae482dbade1576902ba2857ec727b63754,SMD_machine-3-9_pcmci_val0.2_b22970_d38095a451469f59,1.0,False,15,73,49f630ac8d324ba01390c1a1dcaa4386cd94ae84,49f630ac8d324ba01390c1a1dcaa4386cd94ae84,cuda,2.6.0+cu124,SMD/machine-3-9/seed2/smd_cf_val/eval/last/attempt1,,True,val,A_off,fusion,raw,P_raw + C_raw,0.4541830006320458,0.8530066168125211,0.3877981797802291,0.9114297394271128,0.5008526407648156,0.6503340757238307,0.6666666666666662,0.2825401024051996,0.666783906230143
eval/SMD/machine-3-9/seed2/smd_cf_val/eval/last,val_ckpt_eval,val_pred_mae_v2,SMD,machine-3-9,2,scripts/configs/smd_cf_val.yaml,last,80,7449ca4473578d6d6065dadf42a4d322726721fc582d22ba5f9c74d7175a1597,0.11893671751569442,val0.2_b22970,train_sub_val,471d1be8b2a4070b161ea54dfde197ae482dbade1576902ba2857ec727b63754,SMD_machine-3-9_pcmci_val0.2_b22970_d38095a451469f59,1.0,False,15,73,49f630ac8d324ba01390c1a1dcaa4386cd94ae84,49f630ac8d324ba01390c1a1dcaa4386cd94ae84,cuda,2.6.0+cu124,SMD/machine-3-9/seed2/smd_cf_val/eval/last/attempt1,,True,val,A_on,fusion,raw,P_raw + C_raw + 1*CF_raw,0.3520730680467019,0.7803644946727692,0.2347353172665179,0.8494454337911406,0.4723581746952692,0.6503340757238307,0.6666666666666662,0.3114401608572856,0.8431027999072718
eval/SMD/machine-3-9/seed2/smd_cf_val/eval/last,val_ckpt_eval,val_pred_mae_v2,SMD,machine-3-9,2,scripts/configs/smd_cf_val.yaml,last,80,7449ca4473578d6d6065dadf42a4d322726721fc582d22ba5f9c74d7175a1597,0.11893671751569442,val0.2_b22970,train_sub_val,471d1be8b2a4070b161ea54dfde197ae482dbade1576902ba2857ec727b63754,SMD_machine-3-9_pcmci_val0.2_b22970_d38095a451469f59,1.0,False,15,73,49f630ac8d324ba01390c1a1dcaa4386cd94ae84,49f630ac8d324ba01390c1a1dcaa4386cd94ae84,cuda,2.6.0+cu124,SMD/machine-3-9/seed2/smd_cf_val/eval/last/attempt1,,True,val,P_raw,diagnostic,raw,P_raw,0.4541249616316117,0.8531250294143178,0.3873760508184176,0.9114236518520524,0.4999950071454666,0.6503340757238307,0.6666666666666662,0.2825401024051996,0.666775830000574
eval/SMD/machine-3-9/seed2/smd_cf_val/eval/last,val_ckpt_eval,val_pred_mae_v2,SMD,machine-3-9,2,scripts/configs/smd_cf_val.yaml,last,80,7449ca4473578d6d6065dadf42a4d322726721fc582d22ba5f9c74d7175a1597,0.11893671751569442,val0.2_b22970,train_sub_val,471d1be8b2a4070b161ea54dfde197ae482dbade1576902ba2857ec727b63754,SMD_machine-3-9_pcmci_val0.2_b22970_d38095a451469f59,1.0,False,15,73,49f630ac8d324ba01390c1a1dcaa4386cd94ae84,49f630ac8d324ba01390c1a1dcaa4386cd94ae84,cuda,2.6.0+cu124,SMD/machine-3-9/seed2/smd_cf_val/eval/last/attempt1,,True,val,C_raw,diagnostic,raw,C_raw,0.0103477716090674,0.4369936307035161,0.0119893620572723,0.5329019176178248,0.027628863241418,0.1845238095238095,0.2857142857142852,0.2135901714435731,0.6741236507503547
eval/SMD/machine-3-9/seed2/smd_cf_val/eval/last,val_ckpt_eval,val_pred_mae_v2,SMD,machine-3-9,2,scripts/configs/smd_cf_val.yaml,last,80,7449ca4473578d6d6065dadf42a4d322726721fc582d22ba5f9c74d7175a1597,0.11893671751569442,val0.2_b22970,train_sub_val,471d1be8b2a4070b161ea54dfde197ae482dbade1576902ba2857ec727b63754,SMD_machine-3-9_pcmci_val0.2_b22970_d38095a451469f59,1.0,False,15,73,49f630ac8d324ba01390c1a1dcaa4386cd94ae84,49f630ac8d324ba01390c1a1dcaa4386cd94ae84,cuda,2.6.0+cu124,SMD/machine-3-9/seed2/smd_cf_val/eval/last/attempt1,,True,val,G_raw,diagnostic,raw,G_raw,0.0244286178200012,0.5679505892915266,0.0172376867198637,0.6579523131595976,0.0278493329460801,0.1911138161898965,0.3999999999999996,0.1068702290076336,0.7561247381571429
eval/SMD/machine-3-9/seed2/smd_cf_val/eval/last,val_ckpt_eval,val_pred_mae_v2,SMD,machine-3-9,2,scripts/configs/smd_cf_val.yaml,last,80,7449ca4473578d6d6065dadf42a4d322726721fc582d22ba5f9c74d7175a1597,0.11893671751569442,val0.2_b22970,train_sub_val,471d1be8b2a4070b161ea54dfde197ae482dbade1576902ba2857ec727b63754,SMD_machine-3-9_pcmci_val0.2_b22970_d38095a451469f59,1.0,False,15,73,49f630ac8d324ba01390c1a1dcaa4386cd94ae84,49f630ac8d324ba01390c1a1dcaa4386cd94ae84,cuda,2.6.0+cu124,SMD/machine-3-9/seed2/smd_cf_val/eval/last/attempt1,,True,val,CF_raw,diagnostic,raw,CF_raw,0.0875433444213925,0.5651770733215711,0.0475285147320334,0.6302333166716589,0.1585040097586147,0.5,0.3999999999999996,0.1119267630512545,0.7325671360394007
eval/SMD/machine-3-9/seed2/smd_cf_val/eval/best_val,val_ckpt_eval,val_pred_mae_v2,SMD,machine-3-9,2,scripts/configs/smd_cf_val.yaml,best_val,78,5024f56138328f177f6baf1e51fef42954ecdab53b20f7037a398465615e8293,0.11862981789716924,val0.2_b22970,train_sub_val,471d1be8b2a4070b161ea54dfde197ae482dbade1576902ba2857ec727b63754,SMD_machine-3-9_pcmci_val0.2_b22970_d38095a451469f59,1.0,False,15,73,49f630ac8d324ba01390c1a1dcaa4386cd94ae84,49f630ac8d324ba01390c1a1dcaa4386cd94ae84,cuda,2.6.0+cu124,SMD/machine-3-9/seed2/smd_cf_val/eval/best_val/attempt1,,True,val,A_off,fusion,raw,P_raw + C_raw,0.4557653491586105,0.8553963667202252,0.3920096433186166,0.9120115521188304,0.5025767649009484,0.6503340757238307,0.6666666666666662,0.2825401024051996,0.666771699841486
eval/SMD/machine-3-9/seed2/smd_cf_val/eval/best_val,val_ckpt_eval,val_pred_mae_v2,SMD,machine-3-9,2,scripts/configs/smd_cf_val.yaml,best_val,78,5024f56138328f177f6baf1e51fef42954ecdab53b20f7037a398465615e8293,0.11862981789716924,val0.2_b22970,train_sub_val,471d1be8b2a4070b161ea54dfde197ae482dbade1576902ba2857ec727b63754,SMD_machine-3-9_pcmci_val0.2_b22970_d38095a451469f59,1.0,False,15,73,49f630ac8d324ba01390c1a1dcaa4386cd94ae84,49f630ac8d324ba01390c1a1dcaa4386cd94ae84,cuda,2.6.0+cu124,SMD/machine-3-9/seed2/smd_cf_val/eval/best_val/attempt1,,True,val,A_on,fusion,raw,P_raw + C_raw + 1*CF_raw,0.3561970868700631,0.7885442605737283,0.2402572288958277,0.8569781404784964,0.4723581746952692,0.6503340757238307,0.6666666666666662,0.3114401608572856,0.8533693970480951
eval/SMD/machine-3-9/seed2/smd_cf_val/eval/best_val,val_ckpt_eval,val_pred_mae_v2,SMD,machine-3-9,2,scripts/configs/smd_cf_val.yaml,best_val,78,5024f56138328f177f6baf1e51fef42954ecdab53b20f7037a398465615e8293,0.11862981789716924,val0.2_b22970,train_sub_val,471d1be8b2a4070b161ea54dfde197ae482dbade1576902ba2857ec727b63754,SMD_machine-3-9_pcmci_val0.2_b22970_d38095a451469f59,1.0,False,15,73,49f630ac8d324ba01390c1a1dcaa4386cd94ae84,49f630ac8d324ba01390c1a1dcaa4386cd94ae84,cuda,2.6.0+cu124,SMD/machine-3-9/seed2/smd_cf_val/eval/best_val/attempt1,,True,val,P_raw,diagnostic,raw,P_raw,0.4557431656092333,0.8555377878550504,0.3934745856285739,0.9120347150044232,0.5025767649009484,0.6503340757238307,0.6666666666666662,0.2825401024051996,0.666771699841486
eval/SMD/machine-3-9/seed2/smd_cf_val/eval/best_val,val_ckpt_eval,val_pred_mae_v2,SMD,machine-3-9,2,scripts/configs/smd_cf_val.yaml,best_val,78,5024f56138328f177f6baf1e51fef42954ecdab53b20f7037a398465615e8293,0.11862981789716924,val0.2_b22970,train_sub_val,471d1be8b2a4070b161ea54dfde197ae482dbade1576902ba2857ec727b63754,SMD_machine-3-9_pcmci_val0.2_b22970_d38095a451469f59,1.0,False,15,73,49f630ac8d324ba01390c1a1dcaa4386cd94ae84,49f630ac8d324ba01390c1a1dcaa4386cd94ae84,cuda,2.6.0+cu124,SMD/machine-3-9/seed2/smd_cf_val/eval/best_val/attempt1,,True,val,C_raw,diagnostic,raw,C_raw,0.0094668064928146,0.4354686181621225,0.011963370143021,0.5328813307112178,0.0220945159202034,0.1812865497076023,0.1538461538461534,0.2508094108971581,0.7549541730707732
eval/SMD/machine-3-9/seed2/smd_cf_val/eval/best_val,val_ckpt_eval,val_pred_mae_v2,SMD,machine-3-9,2,scripts/configs/smd_cf_val.yaml,best_val,78,5024f56138328f177f6baf1e51fef42954ecdab53b20f7037a398465615e8293,0.11862981789716924,val0.2_b22970,train_sub_val,471d1be8b2a4070b161ea54dfde197ae482dbade1576902ba2857ec727b63754,SMD_machine-3-9_pcmci_val0.2_b22970_d38095a451469f59,1.0,False,15,73,49f630ac8d324ba01390c1a1dcaa4386cd94ae84,49f630ac8d324ba01390c1a1dcaa4386cd94ae84,cuda,2.6.0+cu124,SMD/machine-3-9/seed2/smd_cf_val/eval/best_val/attempt1,,True,val,G_raw,diagnostic,raw,G_raw,0.0235740128934906,0.5650450647684394,0.0172484115847877,0.6559176202658272,0.0287438125953863,0.2130257801899593,0.3999999999999996,0.1068702290076336,0.7403502381723007
eval/SMD/machine-3-9/seed2/smd_cf_val/eval/best_val,val_ckpt_eval,val_pred_mae_v2,SMD,machine-3-9,2,scripts/configs/smd_cf_val.yaml,best_val,78,5024f56138328f177f6baf1e51fef42954ecdab53b20f7037a398465615e8293,0.11862981789716924,val0.2_b22970,train_sub_val,471d1be8b2a4070b161ea54dfde197ae482dbade1576902ba2857ec727b63754,SMD_machine-3-9_pcmci_val0.2_b22970_d38095a451469f59,1.0,False,15,73,49f630ac8d324ba01390c1a1dcaa4386cd94ae84,49f630ac8d324ba01390c1a1dcaa4386cd94ae84,cuda,2.6.0+cu124,SMD/machine-3-9/seed2/smd_cf_val/eval/best_val/attempt1,,True,val,CF_raw,diagnostic,raw,CF_raw,0.0934088832924188,0.5715944785563377,0.0513832161984808,0.6372928388765192,0.1681371734461052,0.5,0.3999999999999996,0.1368469528879954,0.7144663545012969
eval/SMD/machine-3-9/seed3/smd_cf_val/eval/last,val_ckpt_eval,val_pred_mae_v2,SMD,machine-3-9,3,scripts/configs/smd_cf_val.yaml,last,80,fdc827481a3225db837fe7efbf528d7ea06153cb105116949005f48c5f0fe64f,0.11785362823073436,val0.2_b22970,train_sub_val,471d1be8b2a4070b161ea54dfde197ae482dbade1576902ba2857ec727b63754,SMD_machine-3-9_pcmci_val0.2_b22970_d38095a451469f59,1.0,False,15,73,49f630ac8d324ba01390c1a1dcaa4386cd94ae84,49f630ac8d324ba01390c1a1dcaa4386cd94ae84,cuda,2.6.0+cu124,SMD/machine-3-9/seed3/smd_cf_val/eval/last/attempt1,,True,val,A_off,fusion,raw,P_raw + C_raw,0.4338254262683242,0.8475919420398783,0.3517379182565125,0.9074484969120732,0.4696933758309879,0.6503340757238307,0.6666666666666662,0.2825401024051996,0.6667527274947316
eval/SMD/machine-3-9/seed3/smd_cf_val/eval/last,val_ckpt_eval,val_pred_mae_v2,SMD,machine-3-9,3,scripts/configs/smd_cf_val.yaml,last,80,fdc827481a3225db837fe7efbf528d7ea06153cb105116949005f48c5f0fe64f,0.11785362823073436,val0.2_b22970,train_sub_val,471d1be8b2a4070b161ea54dfde197ae482dbade1576902ba2857ec727b63754,SMD_machine-3-9_pcmci_val0.2_b22970_d38095a451469f59,1.0,False,15,73,49f630ac8d324ba01390c1a1dcaa4386cd94ae84,49f630ac8d324ba01390c1a1dcaa4386cd94ae84,cuda,2.6.0+cu124,SMD/machine-3-9/seed3/smd_cf_val/eval/last/attempt1,,True,val,A_on,fusion,raw,P_raw + C_raw + 1*CF_raw,0.350650097006158,0.751040119328295,0.2277130684120796,0.8348676203315862,0.4714602885603387,0.6503340757238307,0.6666666666666662,0.3114401608572856,0.7006807405822391
eval/SMD/machine-3-9/seed3/smd_cf_val/eval/last,val_ckpt_eval,val_pred_mae_v2,SMD,machine-3-9,3,scripts/configs/smd_cf_val.yaml,last,80,fdc827481a3225db837fe7efbf528d7ea06153cb105116949005f48c5f0fe64f,0.11785362823073436,val0.2_b22970,train_sub_val,471d1be8b2a4070b161ea54dfde197ae482dbade1576902ba2857ec727b63754,SMD_machine-3-9_pcmci_val0.2_b22970_d38095a451469f59,1.0,False,15,73,49f630ac8d324ba01390c1a1dcaa4386cd94ae84,49f630ac8d324ba01390c1a1dcaa4386cd94ae84,cuda,2.6.0+cu124,SMD/machine-3-9/seed3/smd_cf_val/eval/last/attempt1,,True,val,P_raw,diagnostic,raw,P_raw,0.4338308776383502,0.847740684071576,0.3517183548746561,0.9075103051228102,0.4696933758309879,0.6503340757238307,0.6666666666666662,0.2825401024051996,0.6667981100130406
eval/SMD/machine-3-9/seed3/smd_cf_val/eval/last,val_ckpt_eval,val_pred_mae_v2,SMD,machine-3-9,3,scripts/configs/smd_cf_val.yaml,last,80,fdc827481a3225db837fe7efbf528d7ea06153cb105116949005f48c5f0fe64f,0.11785362823073436,val0.2_b22970,train_sub_val,471d1be8b2a4070b161ea54dfde197ae482dbade1576902ba2857ec727b63754,SMD_machine-3-9_pcmci_val0.2_b22970_d38095a451469f59,1.0,False,15,73,49f630ac8d324ba01390c1a1dcaa4386cd94ae84,49f630ac8d324ba01390c1a1dcaa4386cd94ae84,cuda,2.6.0+cu124,SMD/machine-3-9/seed3/smd_cf_val/eval/last/attempt1,,True,val,C_raw,diagnostic,raw,C_raw,0.0078044207276682,0.3739577454101172,0.0104678705634635,0.4718647662425914,0.0209086017117975,0.2616580310880829,0.020906644587042,0.0484082930091293,0.6690404065803726
eval/SMD/machine-3-9/seed3/smd_cf_val/eval/last,val_ckpt_eval,val_pred_mae_v2,SMD,machine-3-9,3,scripts/configs/smd_cf_val.yaml,last,80,fdc827481a3225db837fe7efbf528d7ea06153cb105116949005f48c5f0fe64f,0.11785362823073436,val0.2_b22970,train_sub_val,471d1be8b2a4070b161ea54dfde197ae482dbade1576902ba2857ec727b63754,SMD_machine-3-9_pcmci_val0.2_b22970_d38095a451469f59,1.0,False,15,73,49f630ac8d324ba01390c1a1dcaa4386cd94ae84,49f630ac8d324ba01390c1a1dcaa4386cd94ae84,cuda,2.6.0+cu124,SMD/machine-3-9/seed3/smd_cf_val/eval/last/attempt1,,True,val,G_raw,diagnostic,raw,G_raw,0.0175670080112857,0.4453953476048988,0.014180655422399,0.5464585287266178,0.0267813369120638,0.3308763308763309,0.3333333333333328,0.1014492753623188,0.7919821679295413
eval/SMD/machine-3-9/seed3/smd_cf_val/eval/last,val_ckpt_eval,val_pred_mae_v2,SMD,machine-3-9,3,scripts/configs/smd_cf_val.yaml,last,80,fdc827481a3225db837fe7efbf528d7ea06153cb105116949005f48c5f0fe64f,0.11785362823073436,val0.2_b22970,train_sub_val,471d1be8b2a4070b161ea54dfde197ae482dbade1576902ba2857ec727b63754,SMD_machine-3-9_pcmci_val0.2_b22970_d38095a451469f59,1.0,False,15,73,49f630ac8d324ba01390c1a1dcaa4386cd94ae84,49f630ac8d324ba01390c1a1dcaa4386cd94ae84,cuda,2.6.0+cu124,SMD/machine-3-9/seed3/smd_cf_val/eval/last/attempt1,,True,val,CF_raw,diagnostic,raw,CF_raw,0.0312369588795193,0.4970006401717598,0.0316898747308548,0.5813971960355477,0.0853848978305595,0.5605095541401274,0.3999999999999996,0.1392728852258221,0.7029860962174798
eval/SMD/machine-3-9/seed3/smd_cf_val/eval/best_val,val_ckpt_eval,val_pred_mae_v2,SMD,machine-3-9,3,scripts/configs/smd_cf_val.yaml,best_val,79,6bbff01cd08b8e72b444f28bd2ebdb9329684abfc7d25bd5bd238023a0edf28f,0.11778795294376235,val0.2_b22970,train_sub_val,471d1be8b2a4070b161ea54dfde197ae482dbade1576902ba2857ec727b63754,SMD_machine-3-9_pcmci_val0.2_b22970_d38095a451469f59,1.0,False,15,73,49f630ac8d324ba01390c1a1dcaa4386cd94ae84,49f630ac8d324ba01390c1a1dcaa4386cd94ae84,cuda,2.6.0+cu124,SMD/machine-3-9/seed3/smd_cf_val/eval/best_val/attempt1,,True,val,A_off,fusion,raw,P_raw + C_raw,0.4330998379280609,0.8478021563643637,0.3512338008332358,0.906824901747984,0.4696933758309879,0.6503340757238307,0.6666666666666662,0.2825401024051996,0.6667860079798654
eval/SMD/machine-3-9/seed3/smd_cf_val/eval/best_val,val_ckpt_eval,val_pred_mae_v2,SMD,machine-3-9,3,scripts/configs/smd_cf_val.yaml,best_val,79,6bbff01cd08b8e72b444f28bd2ebdb9329684abfc7d25bd5bd238023a0edf28f,0.11778795294376235,val0.2_b22970,train_sub_val,471d1be8b2a4070b161ea54dfde197ae482dbade1576902ba2857ec727b63754,SMD_machine-3-9_pcmci_val0.2_b22970_d38095a451469f59,1.0,False,15,73,49f630ac8d324ba01390c1a1dcaa4386cd94ae84,49f630ac8d324ba01390c1a1dcaa4386cd94ae84,cuda,2.6.0+cu124,SMD/machine-3-9/seed3/smd_cf_val/eval/best_val/attempt1,,True,val,A_on,fusion,raw,P_raw + C_raw + 1*CF_raw,0.3509148282168233,0.7548409430570183,0.2272775796468673,0.8371384588034868,0.4723581746952692,0.6503340757238307,0.6666666666666662,0.3114401608572856,0.6984492790294686
eval/SMD/machine-3-9/seed3/smd_cf_val/eval/best_val,val_ckpt_eval,val_pred_mae_v2,SMD,machine-3-9,3,scripts/configs/smd_cf_val.yaml,best_val,79,6bbff01cd08b8e72b444f28bd2ebdb9329684abfc7d25bd5bd238023a0edf28f,0.11778795294376235,val0.2_b22970,train_sub_val,471d1be8b2a4070b161ea54dfde197ae482dbade1576902ba2857ec727b63754,SMD_machine-3-9_pcmci_val0.2_b22970_d38095a451469f59,1.0,False,15,73,49f630ac8d324ba01390c1a1dcaa4386cd94ae84,49f630ac8d324ba01390c1a1dcaa4386cd94ae84,cuda,2.6.0+cu124,SMD/machine-3-9/seed3/smd_cf_val/eval/best_val/attempt1,,True,val,P_raw,diagnostic,raw,P_raw,0.4330780360849657,0.8478854751430567,0.3511864100694316,0.9068973223410116,0.4696933758309879,0.6503340757238307,0.6666666666666662,0.2825401024051996,0.6667860079798654
eval/SMD/machine-3-9/seed3/smd_cf_val/eval/best_val,val_ckpt_eval,val_pred_mae_v2,SMD,machine-3-9,3,scripts/configs/smd_cf_val.yaml,best_val,79,6bbff01cd08b8e72b444f28bd2ebdb9329684abfc7d25bd5bd238023a0edf28f,0.11778795294376235,val0.2_b22970,train_sub_val,471d1be8b2a4070b161ea54dfde197ae482dbade1576902ba2857ec727b63754,SMD_machine-3-9_pcmci_val0.2_b22970_d38095a451469f59,1.0,False,15,73,49f630ac8d324ba01390c1a1dcaa4386cd94ae84,49f630ac8d324ba01390c1a1dcaa4386cd94ae84,cuda,2.6.0+cu124,SMD/machine-3-9/seed3/smd_cf_val/eval/best_val/attempt1,,True,val,C_raw,diagnostic,raw,C_raw,0.0077644947090063,0.368287304065782,0.0105602779287006,0.4711563308318576,0.0209208728664713,0.2752043596730245,0.0209131380060047,0.03559297293042,0.6692673537268004
eval/SMD/machine-3-9/seed3/smd_cf_val/eval/best_val,val_ckpt_eval,val_pred_mae_v2,SMD,machine-3-9,3,scripts/configs/smd_cf_val.yaml,best_val,79,6bbff01cd08b8e72b444f28bd2ebdb9329684abfc7d25bd5bd238023a0edf28f,0.11778795294376235,val0.2_b22970,train_sub_val,471d1be8b2a4070b161ea54dfde197ae482dbade1576902ba2857ec727b63754,SMD_machine-3-9_pcmci_val0.2_b22970_d38095a451469f59,1.0,False,15,73,49f630ac8d324ba01390c1a1dcaa4386cd94ae84,49f630ac8d324ba01390c1a1dcaa4386cd94ae84,cuda,2.6.0+cu124,SMD/machine-3-9/seed3/smd_cf_val/eval/best_val/attempt1,,True,val,G_raw,diagnostic,raw,G_raw,0.017917928287816,0.4457177575790746,0.0141802963351791,0.5469692780859947,0.0248783768071954,0.3528384279475982,0.3999999999999996,0.1068702290076336,0.789445790968236
eval/SMD/machine-3-9/seed3/smd_cf_val/eval/best_val,val_ckpt_eval,val_pred_mae_v2,SMD,machine-3-9,3,scripts/configs/smd_cf_val.yaml,best_val,79,6bbff01cd08b8e72b444f28bd2ebdb9329684abfc7d25bd5bd238023a0edf28f,0.11778795294376235,val0.2_b22970,train_sub_val,471d1be8b2a4070b161ea54dfde197ae482dbade1576902ba2857ec727b63754,SMD_machine-3-9_pcmci_val0.2_b22970_d38095a451469f59,1.0,False,15,73,49f630ac8d324ba01390c1a1dcaa4386cd94ae84,49f630ac8d324ba01390c1a1dcaa4386cd94ae84,cuda,2.6.0+cu124,SMD/machine-3-9/seed3/smd_cf_val/eval/best_val/attempt1,,True,val,CF_raw,diagnostic,raw,CF_raw,0.0305184504171092,0.5018581714514538,0.0316116366779983,0.5928775119775433,0.0830719462863222,0.5311871227364185,0.3999999999999996,0.1261023615826533,0.6770300366747803
eval/SMD/machine-3-10/seed0/smd_cf_val/eval/last,val_ckpt_eval,val_pred_mae_v2,SMD,machine-3-10,0,scripts/configs/smd_cf_val.yaml,last,80,30c8eafe3959433315c137e04fd788341d820fa08a135f9c0fdd11d7c549a65b,0.10387121077588261,val0.2_b18954,train_sub_val,17bac94bfc120769d193d9da446e0119a24fba7d54a4d74ca30a55b9b68f2678,SMD_machine-3-10_pcmci_val0.2_b18954_b257a8bb405aaed5,1.0,False,15,12,49f630ac8d324ba01390c1a1dcaa4386cd94ae84,49f630ac8d324ba01390c1a1dcaa4386cd94ae84,cuda,2.6.0+cu124,SMD/machine-3-10/seed0/smd_cf_val/eval/last/attempt1,,True,val,A_off,fusion,raw,P_raw + C_raw,0.7997239389348345,0.9213940848503934,0.814033068638545,0.9347309768700172,0.8294127973903564,0.9636447307869304,0.9515039901780228,0.5424859657716247,0.9489780616864396
eval/SMD/machine-3-10/seed0/smd_cf_val/eval/last,val_ckpt_eval,val_pred_mae_v2,SMD,machine-3-10,0,scripts/configs/smd_cf_val.yaml,last,80,30c8eafe3959433315c137e04fd788341d820fa08a135f9c0fdd11d7c549a65b,0.10387121077588261,val0.2_b18954,train_sub_val,17bac94bfc120769d193d9da446e0119a24fba7d54a4d74ca30a55b9b68f2678,SMD_machine-3-10_pcmci_val0.2_b18954_b257a8bb405aaed5,1.0,False,15,12,49f630ac8d324ba01390c1a1dcaa4386cd94ae84,49f630ac8d324ba01390c1a1dcaa4386cd94ae84,cuda,2.6.0+cu124,SMD/machine-3-10/seed0/smd_cf_val/eval/last/attempt1,,True,val,A_on,fusion,raw,P_raw + C_raw + 1*CF_raw,0.7880372188389789,0.8702050581202712,0.6576372149406815,0.8723682101470224,0.8505820486601443,0.9133574007220217,0.762331838565022,0.3191304136877904,0.7664204626538386
eval/SMD/machine-3-10/seed0/smd_cf_val/eval/last,val_ckpt_eval,val_pred_mae_v2,SMD,machine-3-10,0,scripts/configs/smd_cf_val.yaml,last,80,30c8eafe3959433315c137e04fd788341d820fa08a135f9c0fdd11d7c549a65b,0.10387121077588261,val0.2_b18954,train_sub_val,17bac94bfc120769d193d9da446e0119a24fba7d54a4d74ca30a55b9b68f2678,SMD_machine-3-10_pcmci_val0.2_b18954_b257a8bb405aaed5,1.0,False,15,12,49f630ac8d324ba01390c1a1dcaa4386cd94ae84,49f630ac8d324ba01390c1a1dcaa4386cd94ae84,cuda,2.6.0+cu124,SMD/machine-3-10/seed0/smd_cf_val/eval/last/attempt1,,True,val,P_raw,diagnostic,raw,P_raw,0.7979793778628206,0.9190543041353764,0.8116826258276866,0.9324472112843858,0.8282882098742763,0.9640883977900552,0.9515527950310554,0.5441943382733014,0.9489780616864396
eval/SMD/machine-3-10/seed0/smd_cf_val/eval/last,val_ckpt_eval,val_pred_mae_v2,SMD,machine-3-10,0,scripts/configs/smd_cf_val.yaml,last,80,30c8eafe3959433315c137e04fd788341d820fa08a135f9c0fdd11d7c549a65b,0.10387121077588261,val0.2_b18954,train_sub_val,17bac94bfc120769d193d9da446e0119a24fba7d54a4d74ca30a55b9b68f2678,SMD_machine-3-10_pcmci_val0.2_b18954_b257a8bb405aaed5,1.0,False,15,12,49f630ac8d324ba01390c1a1dcaa4386cd94ae84,49f630ac8d324ba01390c1a1dcaa4386cd94ae84,cuda,2.6.0+cu124,SMD/machine-3-10/seed0/smd_cf_val/eval/last/attempt1,,True,val,C_raw,diagnostic,raw,C_raw,0.1636413541226219,0.874632815180867,0.1674315924609844,0.8492324229321557,0.3322455303197583,0.8593083846518238,0.340343243896543,0.2991967455176884,0.8300144189081811
eval/SMD/machine-3-10/seed0/smd_cf_val/eval/last,val_ckpt_eval,val_pred_mae_v2,SMD,machine-3-10,0,scripts/configs/smd_cf_val.yaml,last,80,30c8eafe3959433315c137e04fd788341d820fa08a135f9c0fdd11d7c549a65b,0.10387121077588261,val0.2_b18954,train_sub_val,17bac94bfc120769d193d9da446e0119a24fba7d54a4d74ca30a55b9b68f2678,SMD_machine-3-10_pcmci_val0.2_b18954_b257a8bb405aaed5,1.0,False,15,12,49f630ac8d324ba01390c1a1dcaa4386cd94ae84,49f630ac8d324ba01390c1a1dcaa4386cd94ae84,cuda,2.6.0+cu124,SMD/machine-3-10/seed0/smd_cf_val/eval/last/attempt1,,True,val,G_raw,diagnostic,raw,G_raw,0.7665952435307084,0.8674791534630759,0.3048387088340573,0.6264043135115528,0.847797861385851,0.905241935483871,0.4652116595869338,0.2984244740163662,0.6729852046985606
eval/SMD/machine-3-10/seed0/smd_cf_val/eval/last,val_ckpt_eval,val_pred_mae_v2,SMD,machine-3-10,0,scripts/configs/smd_cf_val.yaml,last,80,30c8eafe3959433315c137e04fd788341d820fa08a135f9c0fdd11d7c549a65b,0.10387121077588261,val0.2_b18954,train_sub_val,17bac94bfc120769d193d9da446e0119a24fba7d54a4d74ca30a55b9b68f2678,SMD_machine-3-10_pcmci_val0.2_b18954_b257a8bb405aaed5,1.0,False,15,12,49f630ac8d324ba01390c1a1dcaa4386cd94ae84,49f630ac8d324ba01390c1a1dcaa4386cd94ae84,cuda,2.6.0+cu124,SMD/machine-3-10/seed0/smd_cf_val/eval/last/attempt1,,True,val,CF_raw,diagnostic,raw,CF_raw,0.7769570266910488,0.8460857183759682,0.3102574142373731,0.6923361806074875,0.8245375995350505,0.8796147672552167,0.399543944876815,0.2156004677469266,0.6703423321308312
eval/SMD/machine-3-10/seed0/smd_cf_val/eval/best_val,val_ckpt_eval,val_pred_mae_v2,SMD,machine-3-10,0,scripts/configs/smd_cf_val.yaml,best_val,75,46b5a08c8fa1f34e13bd56062217e4bd6cbd2eb872b732cd49859d02cbbdf7a5,0.10053853065976502,val0.2_b18954,train_sub_val,17bac94bfc120769d193d9da446e0119a24fba7d54a4d74ca30a55b9b68f2678,SMD_machine-3-10_pcmci_val0.2_b18954_b257a8bb405aaed5,1.0,False,15,12,49f630ac8d324ba01390c1a1dcaa4386cd94ae84,49f630ac8d324ba01390c1a1dcaa4386cd94ae84,cuda,2.6.0+cu124,SMD/machine-3-10/seed0/smd_cf_val/eval/best_val/attempt1,,True,val,A_off,fusion,raw,P_raw + C_raw,0.8004382357600983,0.919550613585394,0.8146951206767568,0.9328025053884252,0.8357706611784422,0.9632014719411224,0.9513381995133816,0.5510259439683607,0.9489780616864396
eval/SMD/machine-3-10/seed0/smd_cf_val/eval/best_val,val_ckpt_eval,val_pred_mae_v2,SMD,machine-3-10,0,scripts/configs/smd_cf_val.yaml,best_val,75,46b5a08c8fa1f34e13bd56062217e4bd6cbd2eb872b732cd49859d02cbbdf7a5,0.10053853065976502,val0.2_b18954,train_sub_val,17bac94bfc120769d193d9da446e0119a24fba7d54a4d74ca30a55b9b68f2678,SMD_machine-3-10_pcmci_val0.2_b18954_b257a8bb405aaed5,1.0,False,15,12,49f630ac8d324ba01390c1a1dcaa4386cd94ae84,49f630ac8d324ba01390c1a1dcaa4386cd94ae84,cuda,2.6.0+cu124,SMD/machine-3-10/seed0/smd_cf_val/eval/best_val/attempt1,,True,val,A_on,fusion,raw,P_raw + C_raw + 1*CF_raw,0.7884090289357015,0.8685347867441033,0.6973492455530337,0.8759570428302144,0.8545405263174204,0.9325267566309912,0.7695589113556858,0.32302446707075,0.788359335702266
eval/SMD/machine-3-10/seed0/smd_cf_val/eval/best_val,val_ckpt_eval,val_pred_mae_v2,SMD,machine-3-10,0,scripts/configs/smd_cf_val.yaml,best_val,75,46b5a08c8fa1f34e13bd56062217e4bd6cbd2eb872b732cd49859d02cbbdf7a5,0.10053853065976502,val0.2_b18954,train_sub_val,17bac94bfc120769d193d9da446e0119a24fba7d54a4d74ca30a55b9b68f2678,SMD_machine-3-10_pcmci_val0.2_b18954_b257a8bb405aaed5,1.0,False,15,12,49f630ac8d324ba01390c1a1dcaa4386cd94ae84,49f630ac8d324ba01390c1a1dcaa4386cd94ae84,cuda,2.6.0+cu124,SMD/machine-3-10/seed0/smd_cf_val/eval/best_val/attempt1,,True,val,P_raw,diagnostic,raw,P_raw,0.7988600354544025,0.9177495878960744,0.8128884575557169,0.9310835723036746,0.8340847786816085,0.9640883977900552,0.9521472392638032,0.5539497645789608,0.9489780616864396
eval/SMD/machine-3-10/seed0/smd_cf_val/eval/best_val,val_ckpt_eval,val_pred_mae_v2,SMD,machine-3-10,0,scripts/configs/smd_cf_val.yaml,best_val,75,46b5a08c8fa1f34e13bd56062217e4bd6cbd2eb872b732cd49859d02cbbdf7a5,0.10053853065976502,val0.2_b18954,train_sub_val,17bac94bfc120769d193d9da446e0119a24fba7d54a4d74ca30a55b9b68f2678,SMD_machine-3-10_pcmci_val0.2_b18954_b257a8bb405aaed5,1.0,False,15,12,49f630ac8d324ba01390c1a1dcaa4386cd94ae84,49f630ac8d324ba01390c1a1dcaa4386cd94ae84,cuda,2.6.0+cu124,SMD/machine-3-10/seed0/smd_cf_val/eval/best_val/attempt1,,True,val,C_raw,diagnostic,raw,C_raw,0.1611593108013853,0.872187511220547,0.1689723814581163,0.8531594763017457,0.3343644933822887,0.8749334752527941,0.3403603500105305,0.2625196438288494,0.8159608584175109
eval/SMD/machine-3-10/seed0/smd_cf_val/eval/best_val,val_ckpt_eval,val_pred_mae_v2,SMD,machine-3-10,0,scripts/configs/smd_cf_val.yaml,best_val,75,46b5a08c8fa1f34e13bd56062217e4bd6cbd2eb872b732cd49859d02cbbdf7a5,0.10053853065976502,val0.2_b18954,train_sub_val,17bac94bfc120769d193d9da446e0119a24fba7d54a4d74ca30a55b9b68f2678,SMD_machine-3-10_pcmci_val0.2_b18954_b257a8bb405aaed5,1.0,False,15,12,49f630ac8d324ba01390c1a1dcaa4386cd94ae84,49f630ac8d324ba01390c1a1dcaa4386cd94ae84,cuda,2.6.0+cu124,SMD/machine-3-10/seed0/smd_cf_val/eval/best_val/attempt1,,True,val,G_raw,diagnostic,raw,G_raw,0.7678501062902262,0.8868315934655584,0.3154227854749413,0.7146658696209903,0.8516287107941414,0.8926441351888668,0.4614940871070085,0.2871108735059288,0.67485249061037
eval/SMD/machine-3-10/seed0/smd_cf_val/eval/best_val,val_ckpt_eval,val_pred_mae_v2,SMD,machine-3-10,0,scripts/configs/smd_cf_val.yaml,best_val,75,46b5a08c8fa1f34e13bd56062217e4bd6cbd2eb872b732cd49859d02cbbdf7a5,0.10053853065976502,val0.2_b18954,train_sub_val,17bac94bfc120769d193d9da446e0119a24fba7d54a4d74ca30a55b9b68f2678,SMD_machine-3-10_pcmci_val0.2_b18954_b257a8bb405aaed5,1.0,False,15,12,49f630ac8d324ba01390c1a1dcaa4386cd94ae84,49f630ac8d324ba01390c1a1dcaa4386cd94ae84,cuda,2.6.0+cu124,SMD/machine-3-10/seed0/smd_cf_val/eval/best_val/attempt1,,True,val,CF_raw,diagnostic,raw,CF_raw,0.7802897607051739,0.8449372195759839,0.316613237047307,0.6884660233174879,0.8448974780483305,0.8796147672552167,0.4294674178803014,0.2158366622529707,0.6703230347035951
eval/SMD/machine-3-10/seed1/smd_cf_val/eval/last,val_ckpt_eval,val_pred_mae_v2,SMD,machine-3-10,1,scripts/configs/smd_cf_val.yaml,last,80,06eb252fa209fea2f3a0133d55ed0caa1b71d31ba284804262fb41bbb836073d,0.10064364242226802,val0.2_b18954,train_sub_val,17bac94bfc120769d193d9da446e0119a24fba7d54a4d74ca30a55b9b68f2678,SMD_machine-3-10_pcmci_val0.2_b18954_b257a8bb405aaed5,1.0,False,15,12,49f630ac8d324ba01390c1a1dcaa4386cd94ae84,49f630ac8d324ba01390c1a1dcaa4386cd94ae84,cuda,2.6.0+cu124,SMD/machine-3-10/seed1/smd_cf_val/eval/last/attempt1,,True,val,A_off,fusion,raw,P_raw + C_raw,0.7826796214251449,0.9124921168735132,0.7972329182666683,0.9254005643334858,0.8093065472968594,0.9627586206896552,0.9460359760159888,0.5067951589782208,0.9467006223209268
eval/SMD/machine-3-10/seed1/smd_cf_val/eval/last,val_ckpt_eval,val_pred_mae_v2,SMD,machine-3-10,1,scripts/configs/smd_cf_val.yaml,last,80,06eb252fa209fea2f3a0133d55ed0caa1b71d31ba284804262fb41bbb836073d,0.10064364242226802,val0.2_b18954,train_sub_val,17bac94bfc120769d193d9da446e0119a24fba7d54a4d74ca30a55b9b68f2678,SMD_machine-3-10_pcmci_val0.2_b18954_b257a8bb405aaed5,1.0,False,15,12,49f630ac8d324ba01390c1a1dcaa4386cd94ae84,49f630ac8d324ba01390c1a1dcaa4386cd94ae84,cuda,2.6.0+cu124,SMD/machine-3-10/seed1/smd_cf_val/eval/last/attempt1,,True,val,A_on,fusion,raw,P_raw + C_raw + 1*CF_raw,0.7901999098539026,0.8572666045003534,0.6925547414475954,0.8635735202713462,0.8533141310311556,0.947016706443914,0.8225880434228627,0.2660811767319205,0.7575787345851773
eval/SMD/machine-3-10/seed1/smd_cf_val/eval/last,val_ckpt_eval,val_pred_mae_v2,SMD,machine-3-10,1,scripts/configs/smd_cf_val.yaml,last,80,06eb252fa209fea2f3a0133d55ed0caa1b71d31ba284804262fb41bbb836073d,0.10064364242226802,val0.2_b18954,train_sub_val,17bac94bfc120769d193d9da446e0119a24fba7d54a4d74ca30a55b9b68f2678,SMD_machine-3-10_pcmci_val0.2_b18954_b257a8bb405aaed5,1.0,False,15,12,49f630ac8d324ba01390c1a1dcaa4386cd94ae84,49f630ac8d324ba01390c1a1dcaa4386cd94ae84,cuda,2.6.0+cu124,SMD/machine-3-10/seed1/smd_cf_val/eval/last/attempt1,,True,val,P_raw,diagnostic,raw,P_raw,0.7820373613514732,0.91173315960182,0.7960533037299563,0.924621754699814,0.8087599494413231,0.9627586206896552,0.9463931171409656,0.5076928459652886,0.9467006223209268
eval/SMD/machine-3-10/seed1/smd_cf_val/eval/last,val_ckpt_eval,val_pred_mae_v2,SMD,machine-3-10,1,scripts/configs/smd_cf_val.yaml,last,80,06eb252fa209fea2f3a0133d55ed0caa1b71d31ba284804262fb41bbb836073d,0.10064364242226802,val0.2_b18954,train_sub_val,17bac94bfc120769d193d9da446e0119a24fba7d54a4d74ca30a55b9b68f2678,SMD_machine-3-10_pcmci_val0.2_b18954_b257a8bb405aaed5,1.0,False,15,12,49f630ac8d324ba01390c1a1dcaa4386cd94ae84,49f630ac8d324ba01390c1a1dcaa4386cd94ae84,cuda,2.6.0+cu124,SMD/machine-3-10/seed1/smd_cf_val/eval/last/attempt1,,True,val,C_raw,diagnostic,raw,C_raw,0.0559874656215576,0.6530853904142786,0.0606642561096227,0.6548881771723618,0.1483992264456377,0.6760459089226213,0.1504669664475958,0.2149399846102722,0.7856598581961446
eval/SMD/machine-3-10/seed1/smd_cf_val/eval/last,val_ckpt_eval,val_pred_mae_v2,SMD,machine-3-10,1,scripts/configs/smd_cf_val.yaml,last,80,06eb252fa209fea2f3a0133d55ed0caa1b71d31ba284804262fb41bbb836073d,0.10064364242226802,val0.2_b18954,train_sub_val,17bac94bfc120769d193d9da446e0119a24fba7d54a4d74ca30a55b9b68f2678,SMD_machine-3-10_pcmci_val0.2_b18954_b257a8bb405aaed5,1.0,False,15,12,49f630ac8d324ba01390c1a1dcaa4386cd94ae84,49f630ac8d324ba01390c1a1dcaa4386cd94ae84,cuda,2.6.0+cu124,SMD/machine-3-10/seed1/smd_cf_val/eval/last/attempt1,,True,val,G_raw,diagnostic,raw,G_raw,0.7925072839378522,0.8386522576173037,0.2873402886423062,0.5206652806127845,0.8685295650046676,0.890302066772655,0.4705882352941172,0.4063162034952386,0.6703253178783227
eval/SMD/machine-3-10/seed1/smd_cf_val/eval/last,val_ckpt_eval,val_pred_mae_v2,SMD,machine-3-10,1,scripts/configs/smd_cf_val.yaml,last,80,06eb252fa209fea2f3a0133d55ed0caa1b71d31ba284804262fb41bbb836073d,0.10064364242226802,val0.2_b18954,train_sub_val,17bac94bfc120769d193d9da446e0119a24fba7d54a4d74ca30a55b9b68f2678,SMD_machine-3-10_pcmci_val0.2_b18954_b257a8bb405aaed5,1.0,False,15,12,49f630ac8d324ba01390c1a1dcaa4386cd94ae84,49f630ac8d324ba01390c1a1dcaa4386cd94ae84,cuda,2.6.0+cu124,SMD/machine-3-10/seed1/smd_cf_val/eval/last/attempt1,,True,val,CF_raw,diagnostic,raw,CF_raw,0.7754679605352753,0.8319054785128978,0.3295420683975781,0.6131395322995464,0.8446079752083071,0.8796147672552167,0.4571428571428568,0.2787629386460866,0.6703472911635935
eval/SMD/machine-3-10/seed1/smd_cf_val/eval/best_val,val_ckpt_eval,val_pred_mae_v2,SMD,machine-3-10,1,scripts/configs/smd_cf_val.yaml,best_val,80,e9eddd5ebab81beff3f721853b735b6b1464192d0c9820ade2ce8403d1818c68,0.10064364242226802,val0.2_b18954,train_sub_val,17bac94bfc120769d193d9da446e0119a24fba7d54a4d74ca30a55b9b68f2678,SMD_machine-3-10_pcmci_val0.2_b18954_b257a8bb405aaed5,1.0,False,15,12,49f630ac8d324ba01390c1a1dcaa4386cd94ae84,49f630ac8d324ba01390c1a1dcaa4386cd94ae84,cuda,2.6.0+cu124,SMD/machine-3-10/seed1/smd_cf_val/eval/best_val/attempt1,,True,val,A_off,fusion,raw,P_raw + C_raw,0.7826796214251449,0.9124921168735132,0.7972329182666683,0.9254005643334858,0.8093065472968594,0.9627586206896552,0.9460359760159888,0.5067951589782208,0.9467006223209268
eval/SMD/machine-3-10/seed1/smd_cf_val/eval/best_val,val_ckpt_eval,val_pred_mae_v2,SMD,machine-3-10,1,scripts/configs/smd_cf_val.yaml,best_val,80,e9eddd5ebab81beff3f721853b735b6b1464192d0c9820ade2ce8403d1818c68,0.10064364242226802,val0.2_b18954,train_sub_val,17bac94bfc120769d193d9da446e0119a24fba7d54a4d74ca30a55b9b68f2678,SMD_machine-3-10_pcmci_val0.2_b18954_b257a8bb405aaed5,1.0,False,15,12,49f630ac8d324ba01390c1a1dcaa4386cd94ae84,49f630ac8d324ba01390c1a1dcaa4386cd94ae84,cuda,2.6.0+cu124,SMD/machine-3-10/seed1/smd_cf_val/eval/best_val/attempt1,,True,val,A_on,fusion,raw,P_raw + C_raw + 1*CF_raw,0.7901999098539026,0.8572666045003534,0.6925547414475954,0.8635735202713462,0.8533141310311556,0.947016706443914,0.8225880434228627,0.2660811767319205,0.7575787345851773
eval/SMD/machine-3-10/seed1/smd_cf_val/eval/best_val,val_ckpt_eval,val_pred_mae_v2,SMD,machine-3-10,1,scripts/configs/smd_cf_val.yaml,best_val,80,e9eddd5ebab81beff3f721853b735b6b1464192d0c9820ade2ce8403d1818c68,0.10064364242226802,val0.2_b18954,train_sub_val,17bac94bfc120769d193d9da446e0119a24fba7d54a4d74ca30a55b9b68f2678,SMD_machine-3-10_pcmci_val0.2_b18954_b257a8bb405aaed5,1.0,False,15,12,49f630ac8d324ba01390c1a1dcaa4386cd94ae84,49f630ac8d324ba01390c1a1dcaa4386cd94ae84,cuda,2.6.0+cu124,SMD/machine-3-10/seed1/smd_cf_val/eval/best_val/attempt1,,True,val,P_raw,diagnostic,raw,P_raw,0.7820373613514732,0.91173315960182,0.7960533037299563,0.924621754699814,0.8087599494413231,0.9627586206896552,0.9463931171409656,0.5076928459652886,0.9467006223209268
eval/SMD/machine-3-10/seed1/smd_cf_val/eval/best_val,val_ckpt_eval,val_pred_mae_v2,SMD,machine-3-10,1,scripts/configs/smd_cf_val.yaml,best_val,80,e9eddd5ebab81beff3f721853b735b6b1464192d0c9820ade2ce8403d1818c68,0.10064364242226802,val0.2_b18954,train_sub_val,17bac94bfc120769d193d9da446e0119a24fba7d54a4d74ca30a55b9b68f2678,SMD_machine-3-10_pcmci_val0.2_b18954_b257a8bb405aaed5,1.0,False,15,12,49f630ac8d324ba01390c1a1dcaa4386cd94ae84,49f630ac8d324ba01390c1a1dcaa4386cd94ae84,cuda,2.6.0+cu124,SMD/machine-3-10/seed1/smd_cf_val/eval/best_val/attempt1,,True,val,C_raw,diagnostic,raw,C_raw,0.0559874656215576,0.6530853904142786,0.0606642561096227,0.6548881771723618,0.1483992264456377,0.6760459089226213,0.1504669664475958,0.2149399846102722,0.7856598581961446
eval/SMD/machine-3-10/seed1/smd_cf_val/eval/best_val,val_ckpt_eval,val_pred_mae_v2,SMD,machine-3-10,1,scripts/configs/smd_cf_val.yaml,best_val,80,e9eddd5ebab81beff3f721853b735b6b1464192d0c9820ade2ce8403d1818c68,0.10064364242226802,val0.2_b18954,train_sub_val,17bac94bfc120769d193d9da446e0119a24fba7d54a4d74ca30a55b9b68f2678,SMD_machine-3-10_pcmci_val0.2_b18954_b257a8bb405aaed5,1.0,False,15,12,49f630ac8d324ba01390c1a1dcaa4386cd94ae84,49f630ac8d324ba01390c1a1dcaa4386cd94ae84,cuda,2.6.0+cu124,SMD/machine-3-10/seed1/smd_cf_val/eval/best_val/attempt1,,True,val,G_raw,diagnostic,raw,G_raw,0.7925072839378522,0.8386522576173037,0.2873402886423062,0.5206652806127845,0.8685295650046676,0.890302066772655,0.4705882352941172,0.4063162034952386,0.6703253178783227
eval/SMD/machine-3-10/seed1/smd_cf_val/eval/best_val,val_ckpt_eval,val_pred_mae_v2,SMD,machine-3-10,1,scripts/configs/smd_cf_val.yaml,best_val,80,e9eddd5ebab81beff3f721853b735b6b1464192d0c9820ade2ce8403d1818c68,0.10064364242226802,val0.2_b18954,train_sub_val,17bac94bfc120769d193d9da446e0119a24fba7d54a4d74ca30a55b9b68f2678,SMD_machine-3-10_pcmci_val0.2_b18954_b257a8bb405aaed5,1.0,False,15,12,49f630ac8d324ba01390c1a1dcaa4386cd94ae84,49f630ac8d324ba01390c1a1dcaa4386cd94ae84,cuda,2.6.0+cu124,SMD/machine-3-10/seed1/smd_cf_val/eval/best_val/attempt1,,True,val,CF_raw,diagnostic,raw,CF_raw,0.7754679605352753,0.8319054785128978,0.3295420683975781,0.6131395322995464,0.8446079752083071,0.8796147672552167,0.4571428571428568,0.2787629386460866,0.6703472911635935
eval/SMD/machine-3-10/seed2/smd_cf_val/eval/last,val_ckpt_eval,val_pred_mae_v2,SMD,machine-3-10,2,scripts/configs/smd_cf_val.yaml,last,80,a0a09a8f17cf0503d0e049f68e528a845992c7b1933988ac614776be844aedde,0.1032179727284833,val0.2_b18954,train_sub_val,17bac94bfc120769d193d9da446e0119a24fba7d54a4d74ca30a55b9b68f2678,SMD_machine-3-10_pcmci_val0.2_b18954_b257a8bb405aaed5,1.0,False,15,12,49f630ac8d324ba01390c1a1dcaa4386cd94ae84,49f630ac8d324ba01390c1a1dcaa4386cd94ae84,cuda,2.6.0+cu124,SMD/machine-3-10/seed2/smd_cf_val/eval/last/attempt1,,True,val,A_off,fusion,raw,P_raw + C_raw,0.7610173742771011,0.914279683180485,0.7743939437561534,0.9278786020069426,0.7656355243070172,0.9632014719411224,0.9453621346886908,0.4859422456627,0.9467355399629952
eval/SMD/machine-3-10/seed2/smd_cf_val/eval/last,val_ckpt_eval,val_pred_mae_v2,SMD,machine-3-10,2,scripts/configs/smd_cf_val.yaml,last,80,a0a09a8f17cf0503d0e049f68e528a845992c7b1933988ac614776be844aedde,0.1032179727284833,val0.2_b18954,train_sub_val,17bac94bfc120769d193d9da446e0119a24fba7d54a4d74ca30a55b9b68f2678,SMD_machine-3-10_pcmci_val0.2_b18954_b257a8bb405aaed5,1.0,False,15,12,49f630ac8d324ba01390c1a1dcaa4386cd94ae84,49f630ac8d324ba01390c1a1dcaa4386cd94ae84,cuda,2.6.0+cu124,SMD/machine-3-10/seed2/smd_cf_val/eval/last/attempt1,,True,val,A_on,fusion,raw,P_raw + C_raw + 1*CF_raw,0.7837738479472729,0.8638825449067651,0.5920378167600286,0.857818871536157,0.8525591729102432,0.880469583778015,0.6683492145248514,0.2841730568952347,0.7092275571606335
eval/SMD/machine-3-10/seed2/smd_cf_val/eval/last,val_ckpt_eval,val_pred_mae_v2,SMD,machine-3-10,2,scripts/configs/smd_cf_val.yaml,last,80,a0a09a8f17cf0503d0e049f68e528a845992c7b1933988ac614776be844aedde,0.1032179727284833,val0.2_b18954,train_sub_val,17bac94bfc120769d193d9da446e0119a24fba7d54a4d74ca30a55b9b68f2678,SMD_machine-3-10_pcmci_val0.2_b18954_b257a8bb405aaed5,1.0,False,15,12,49f630ac8d324ba01390c1a1dcaa4386cd94ae84,49f630ac8d324ba01390c1a1dcaa4386cd94ae84,cuda,2.6.0+cu124,SMD/machine-3-10/seed2/smd_cf_val/eval/last/attempt1,,True,val,P_raw,diagnostic,raw,P_raw,0.759867509281431,0.9133421675824742,0.773060455403969,0.926859303593463,0.7637394348668001,0.9640883977900552,0.9454200284765064,0.487290137448543,0.9467356915585726
eval/SMD/machine-3-10/seed2/smd_cf_val/eval/last,val_ckpt_eval,val_pred_mae_v2,SMD,machine-3-10,2,scripts/configs/smd_cf_val.yaml,last,80,a0a09a8f17cf0503d0e049f68e528a845992c7b1933988ac614776be844aedde,0.1032179727284833,val0.2_b18954,train_sub_val,17bac94bfc120769d193d9da446e0119a24fba7d54a4d74ca30a55b9b68f2678,SMD_machine-3-10_pcmci_val0.2_b18954_b257a8bb405aaed5,1.0,False,15,12,49f630ac8d324ba01390c1a1dcaa4386cd94ae84,49f630ac8d324ba01390c1a1dcaa4386cd94ae84,cuda,2.6.0+cu124,SMD/machine-3-10/seed2/smd_cf_val/eval/last/attempt1,,True,val,C_raw,diagnostic,raw,C_raw,0.0655507496573943,0.6979806580659103,0.0730880266055276,0.689652996628153,0.150930573972009,0.6147588611272516,0.1546019651092839,0.2003941140340523,0.7646123472640949
eval/SMD/machine-3-10/seed2/smd_cf_val/eval/last,val_ckpt_eval,val_pred_mae_v2,SMD,machine-3-10,2,scripts/configs/smd_cf_val.yaml,last,80,a0a09a8f17cf0503d0e049f68e528a845992c7b1933988ac614776be844aedde,0.1032179727284833,val0.2_b18954,train_sub_val,17bac94bfc120769d193d9da446e0119a24fba7d54a4d74ca30a55b9b68f2678,SMD_machine-3-10_pcmci_val0.2_b18954_b257a8bb405aaed5,1.0,False,15,12,49f630ac8d324ba01390c1a1dcaa4386cd94ae84,49f630ac8d324ba01390c1a1dcaa4386cd94ae84,cuda,2.6.0+cu124,SMD/machine-3-10/seed2/smd_cf_val/eval/last/attempt1,,True,val,G_raw,diagnostic,raw,G_raw,0.7917298812921335,0.8719854939080683,0.2730566675151977,0.6597578476727409,0.8636069428662481,0.8796147672552167,0.3749999999999996,0.3666610969133348,0.6710588998367446
eval/SMD/machine-3-10/seed2/smd_cf_val/eval/last,val_ckpt_eval,val_pred_mae_v2,SMD,machine-3-10,2,scripts/configs/smd_cf_val.yaml,last,80,a0a09a8f17cf0503d0e049f68e528a845992c7b1933988ac614776be844aedde,0.1032179727284833,val0.2_b18954,train_sub_val,17bac94bfc120769d193d9da446e0119a24fba7d54a4d74ca30a55b9b68f2678,SMD_machine-3-10_pcmci_val0.2_b18954_b257a8bb405aaed5,1.0,False,15,12,49f630ac8d324ba01390c1a1dcaa4386cd94ae84,49f630ac8d324ba01390c1a1dcaa4386cd94ae84,cuda,2.6.0+cu124,SMD/machine-3-10/seed2/smd_cf_val/eval/last/attempt1,,True,val,CF_raw,diagnostic,raw,CF_raw,0.7767285201078591,0.8395101772128101,0.289383444729327,0.6714198225249218,0.8465615997599376,0.8796147672552167,0.3749999999999996,0.2081191042140358,0.6703042915311455
eval/SMD/machine-3-10/seed2/smd_cf_val/eval/best_val,val_ckpt_eval,val_pred_mae_v2,SMD,machine-3-10,2,scripts/configs/smd_cf_val.yaml,best_val,79,6461a892470c61cb315d5940dc8d93a6b5f541bf7f5f606d9fd8cd031b83f59f,0.09939193160923623,val0.2_b18954,train_sub_val,17bac94bfc120769d193d9da446e0119a24fba7d54a4d74ca30a55b9b68f2678,SMD_machine-3-10_pcmci_val0.2_b18954_b257a8bb405aaed5,1.0,False,15,12,49f630ac8d324ba01390c1a1dcaa4386cd94ae84,49f630ac8d324ba01390c1a1dcaa4386cd94ae84,cuda,2.6.0+cu124,SMD/machine-3-10/seed2/smd_cf_val/eval/best_val/attempt1,,True,val,A_off,fusion,raw,P_raw + C_raw,0.7758551428988575,0.9153416242284748,0.7887982335845878,0.9286565495519614,0.7852529894926309,0.9640883977900552,0.9454774661203902,0.5176151536191558,0.9467248631458054
eval/SMD/machine-3-10/seed2/smd_cf_val/eval/best_val,val_ckpt_eval,val_pred_mae_v2,SMD,machine-3-10,2,scripts/configs/smd_cf_val.yaml,best_val,79,6461a892470c61cb315d5940dc8d93a6b5f541bf7f5f606d9fd8cd031b83f59f,0.09939193160923623,val0.2_b18954,train_sub_val,17bac94bfc120769d193d9da446e0119a24fba7d54a4d74ca30a55b9b68f2678,SMD_machine-3-10_pcmci_val0.2_b18954_b257a8bb405aaed5,1.0,False,15,12,49f630ac8d324ba01390c1a1dcaa4386cd94ae84,49f630ac8d324ba01390c1a1dcaa4386cd94ae84,cuda,2.6.0+cu124,SMD/machine-3-10/seed2/smd_cf_val/eval/best_val/attempt1,,True,val,A_on,fusion,raw,P_raw + C_raw + 1*CF_raw,0.7800711705140928,0.8556785239605907,0.5717103121766975,0.8462174128748127,0.8511728034081009,0.880469583778015,0.6148937527917805,0.2701492444406571,0.72587468019568
eval/SMD/machine-3-10/seed2/smd_cf_val/eval/best_val,val_ckpt_eval,val_pred_mae_v2,SMD,machine-3-10,2,scripts/configs/smd_cf_val.yaml,best_val,79,6461a892470c61cb315d5940dc8d93a6b5f541bf7f5f606d9fd8cd031b83f59f,0.09939193160923623,val0.2_b18954,train_sub_val,17bac94bfc120769d193d9da446e0119a24fba7d54a4d74ca30a55b9b68f2678,SMD_machine-3-10_pcmci_val0.2_b18954_b257a8bb405aaed5,1.0,False,15,12,49f630ac8d324ba01390c1a1dcaa4386cd94ae84,49f630ac8d324ba01390c1a1dcaa4386cd94ae84,cuda,2.6.0+cu124,SMD/machine-3-10/seed2/smd_cf_val/eval/best_val/attempt1,,True,val,P_raw,diagnostic,raw,P_raw,0.7754839167641546,0.9146055352490464,0.7884525455247167,0.927845245581316,0.7846031667198337,0.9640883977900552,0.9454774661203902,0.5188553448510207,0.9467248631458054
eval/SMD/machine-3-10/seed2/smd_cf_val/eval/best_val,val_ckpt_eval,val_pred_mae_v2,SMD,machine-3-10,2,scripts/configs/smd_cf_val.yaml,best_val,79,6461a892470c61cb315d5940dc8d93a6b5f541bf7f5f606d9fd8cd031b83f59f,0.09939193160923623,val0.2_b18954,train_sub_val,17bac94bfc120769d193d9da446e0119a24fba7d54a4d74ca30a55b9b68f2678,SMD_machine-3-10_pcmci_val0.2_b18954_b257a8bb405aaed5,1.0,False,15,12,49f630ac8d324ba01390c1a1dcaa4386cd94ae84,49f630ac8d324ba01390c1a1dcaa4386cd94ae84,cuda,2.6.0+cu124,SMD/machine-3-10/seed2/smd_cf_val/eval/best_val/attempt1,,True,val,C_raw,diagnostic,raw,C_raw,0.0566711329081776,0.6558322014161548,0.0618145100715301,0.6591918695809134,0.1448811310781036,0.5586124401913876,0.1458966565349543,0.1826018371016351,0.7598418189820623
eval/SMD/machine-3-10/seed2/smd_cf_val/eval/best_val,val_ckpt_eval,val_pred_mae_v2,SMD,machine-3-10,2,scripts/configs/smd_cf_val.yaml,best_val,79,6461a892470c61cb315d5940dc8d93a6b5f541bf7f5f606d9fd8cd031b83f59f,0.09939193160923623,val0.2_b18954,train_sub_val,17bac94bfc120769d193d9da446e0119a24fba7d54a4d74ca30a55b9b68f2678,SMD_machine-3-10_pcmci_val0.2_b18954_b257a8bb405aaed5,1.0,False,15,12,49f630ac8d324ba01390c1a1dcaa4386cd94ae84,49f630ac8d324ba01390c1a1dcaa4386cd94ae84,cuda,2.6.0+cu124,SMD/machine-3-10/seed2/smd_cf_val/eval/best_val/attempt1,,True,val,G_raw,diagnostic,raw,G_raw,0.7889345879025553,0.8656426228513563,0.2655789733457473,0.6440266951175708,0.8629940050656574,0.8796147672552167,0.3749999999999996,0.3641553768697882,0.6703360911682296
eval/SMD/machine-3-10/seed2/smd_cf_val/eval/best_val,val_ckpt_eval,val_pred_mae_v2,SMD,machine-3-10,2,scripts/configs/smd_cf_val.yaml,best_val,79,6461a892470c61cb315d5940dc8d93a6b5f541bf7f5f606d9fd8cd031b83f59f,0.09939193160923623,val0.2_b18954,train_sub_val,17bac94bfc120769d193d9da446e0119a24fba7d54a4d74ca30a55b9b68f2678,SMD_machine-3-10_pcmci_val0.2_b18954_b257a8bb405aaed5,1.0,False,15,12,49f630ac8d324ba01390c1a1dcaa4386cd94ae84,49f630ac8d324ba01390c1a1dcaa4386cd94ae84,cuda,2.6.0+cu124,SMD/machine-3-10/seed2/smd_cf_val/eval/best_val/attempt1,,True,val,CF_raw,diagnostic,raw,CF_raw,0.7750983938714269,0.8301701675195232,0.2863585980481032,0.643451752500983,0.8442485685210521,0.8796147672552167,0.3749999999999996,0.2010777163335239,0.6703386973335498
eval/SMD/machine-3-10/seed3/smd_cf_val/eval/last,val_ckpt_eval,val_pred_mae_v2,SMD,machine-3-10,3,scripts/configs/smd_cf_val.yaml,last,80,4d810845fa2f209f8dd78a323e1effc107137de0bff459a8ba0a223b18d24390,0.1032765583541389,val0.2_b18954,train_sub_val,17bac94bfc120769d193d9da446e0119a24fba7d54a4d74ca30a55b9b68f2678,SMD_machine-3-10_pcmci_val0.2_b18954_b257a8bb405aaed5,1.0,False,15,12,49f630ac8d324ba01390c1a1dcaa4386cd94ae84,49f630ac8d324ba01390c1a1dcaa4386cd94ae84,cuda,2.6.0+cu124,SMD/machine-3-10/seed3/smd_cf_val/eval/last/attempt1,,True,val,A_off,fusion,raw,P_raw + C_raw,0.7907496534562118,0.9216173249507118,0.8042377801794761,0.935087872645528,0.7986026664301507,0.9725963771481654,0.95916955017301,0.5825252913281885,0.949173925498736
eval/SMD/machine-3-10/seed3/smd_cf_val/eval/last,val_ckpt_eval,val_pred_mae_v2,SMD,machine-3-10,3,scripts/configs/smd_cf_val.yaml,last,80,4d810845fa2f209f8dd78a323e1effc107137de0bff459a8ba0a223b18d24390,0.1032765583541389,val0.2_b18954,train_sub_val,17bac94bfc120769d193d9da446e0119a24fba7d54a4d74ca30a55b9b68f2678,SMD_machine-3-10_pcmci_val0.2_b18954_b257a8bb405aaed5,1.0,False,15,12,49f630ac8d324ba01390c1a1dcaa4386cd94ae84,49f630ac8d324ba01390c1a1dcaa4386cd94ae84,cuda,2.6.0+cu124,SMD/machine-3-10/seed3/smd_cf_val/eval/last/attempt1,,True,val,A_on,fusion,raw,P_raw + C_raw + 1*CF_raw,0.7870600614288031,0.8688965867554868,0.6693126351822974,0.874763047282584,0.8556043093211669,0.9281110560237976,0.7498251340638837,0.3557496078135859,0.7387707029973554
eval/SMD/machine-3-10/seed3/smd_cf_val/eval/last,val_ckpt_eval,val_pred_mae_v2,SMD,machine-3-10,3,scripts/configs/smd_cf_val.yaml,last,80,4d810845fa2f209f8dd78a323e1effc107137de0bff459a8ba0a223b18d24390,0.1032765583541389,val0.2_b18954,train_sub_val,17bac94bfc120769d193d9da446e0119a24fba7d54a4d74ca30a55b9b68f2678,SMD_machine-3-10_pcmci_val0.2_b18954_b257a8bb405aaed5,1.0,False,15,12,49f630ac8d324ba01390c1a1dcaa4386cd94ae84,49f630ac8d324ba01390c1a1dcaa4386cd94ae84,cuda,2.6.0+cu124,SMD/machine-3-10/seed3/smd_cf_val/eval/last/attempt1,,True,val,P_raw,diagnostic,raw,P_raw,0.7893152444325039,0.9190806743985964,0.8026443694917932,0.932598784776999,0.7969874935469576,0.9735006973500696,0.96038915913829,0.5823860174816743,0.949173925498736
eval/SMD/machine-3-10/seed3/smd_cf_val/eval/last,val_ckpt_eval,val_pred_mae_v2,SMD,machine-3-10,3,scripts/configs/smd_cf_val.yaml,last,80,4d810845fa2f209f8dd78a323e1effc107137de0bff459a8ba0a223b18d24390,0.1032765583541389,val0.2_b18954,train_sub_val,17bac94bfc120769d193d9da446e0119a24fba7d54a4d74ca30a55b9b68f2678,SMD_machine-3-10_pcmci_val0.2_b18954_b257a8bb405aaed5,1.0,False,15,12,49f630ac8d324ba01390c1a1dcaa4386cd94ae84,49f630ac8d324ba01390c1a1dcaa4386cd94ae84,cuda,2.6.0+cu124,SMD/machine-3-10/seed3/smd_cf_val/eval/last/attempt1,,True,val,C_raw,diagnostic,raw,C_raw,0.0668296119660671,0.6589868654571027,0.0699840825037853,0.6514144197701032,0.1366325941208876,0.7190050524679362,0.1935483870967737,0.3388571108974413,0.7942949255915791
eval/SMD/machine-3-10/seed3/smd_cf_val/eval/last,val_ckpt_eval,val_pred_mae_v2,SMD,machine-3-10,3,scripts/configs/smd_cf_val.yaml,last,80,4d810845fa2f209f8dd78a323e1effc107137de0bff459a8ba0a223b18d24390,0.1032765583541389,val0.2_b18954,train_sub_val,17bac94bfc120769d193d9da446e0119a24fba7d54a4d74ca30a55b9b68f2678,SMD_machine-3-10_pcmci_val0.2_b18954_b257a8bb405aaed5,1.0,False,15,12,49f630ac8d324ba01390c1a1dcaa4386cd94ae84,49f630ac8d324ba01390c1a1dcaa4386cd94ae84,cuda,2.6.0+cu124,SMD/machine-3-10/seed3/smd_cf_val/eval/last/attempt1,,True,val,G_raw,diagnostic,raw,G_raw,0.7965363973473083,0.8367738088351688,0.2638591018339181,0.4709568944181123,0.8668385628210911,0.8796147672552167,0.3749999999999996,0.3698051518926923,0.6703247090910174
eval/SMD/machine-3-10/seed3/smd_cf_val/eval/last,val_ckpt_eval,val_pred_mae_v2,SMD,machine-3-10,3,scripts/configs/smd_cf_val.yaml,last,80,4d810845fa2f209f8dd78a323e1effc107137de0bff459a8ba0a223b18d24390,0.1032765583541389,val0.2_b18954,train_sub_val,17bac94bfc120769d193d9da446e0119a24fba7d54a4d74ca30a55b9b68f2678,SMD_machine-3-10_pcmci_val0.2_b18954_b257a8bb405aaed5,1.0,False,15,12,49f630ac8d324ba01390c1a1dcaa4386cd94ae84,49f630ac8d324ba01390c1a1dcaa4386cd94ae84,cuda,2.6.0+cu124,SMD/machine-3-10/seed3/smd_cf_val/eval/last/attempt1,,True,val,CF_raw,diagnostic,raw,CF_raw,0.7713161978409196,0.841377065271549,0.3171966037089226,0.6991866442610137,0.8520276114236157,0.8796147672552167,0.4137481249592378,0.2947627371780955,0.6703230282951868
eval/SMD/machine-3-10/seed3/smd_cf_val/eval/best_val,val_ckpt_eval,val_pred_mae_v2,SMD,machine-3-10,3,scripts/configs/smd_cf_val.yaml,best_val,79,12aad0129671b97188fa463c637967678bf7c69f6c364f06857ea53e272fca68,0.10193064284682071,val0.2_b18954,train_sub_val,17bac94bfc120769d193d9da446e0119a24fba7d54a4d74ca30a55b9b68f2678,SMD_machine-3-10_pcmci_val0.2_b18954_b257a8bb405aaed5,1.0,False,15,12,49f630ac8d324ba01390c1a1dcaa4386cd94ae84,49f630ac8d324ba01390c1a1dcaa4386cd94ae84,cuda,2.6.0+cu124,SMD/machine-3-10/seed3/smd_cf_val/eval/best_val/attempt1,,True,val,A_off,fusion,raw,P_raw + C_raw,0.796113560291232,0.91856647536201,0.810255136046674,0.9321795309501724,0.8169375530465663,0.9636447307869304,0.9484670580560988,0.5711346730667235,0.9491979177205134
eval/SMD/machine-3-10/seed3/smd_cf_val/eval/best_val,val_ckpt_eval,val_pred_mae_v2,SMD,machine-3-10,3,scripts/configs/smd_cf_val.yaml,best_val,79,12aad0129671b97188fa463c637967678bf7c69f6c364f06857ea53e272fca68,0.10193064284682071,val0.2_b18954,train_sub_val,17bac94bfc120769d193d9da446e0119a24fba7d54a4d74ca30a55b9b68f2678,SMD_machine-3-10_pcmci_val0.2_b18954_b257a8bb405aaed5,1.0,False,15,12,49f630ac8d324ba01390c1a1dcaa4386cd94ae84,49f630ac8d324ba01390c1a1dcaa4386cd94ae84,cuda,2.6.0+cu124,SMD/machine-3-10/seed3/smd_cf_val/eval/best_val/attempt1,,True,val,A_on,fusion,raw,P_raw + C_raw + 1*CF_raw,0.7867433906495206,0.8694784624356022,0.6725428196074185,0.8733253106652008,0.8551527407521797,0.9269269269269268,0.7931677628349852,0.3200480743387557,0.765892940974079
eval/SMD/machine-3-10/seed3/smd_cf_val/eval/best_val,val_ckpt_eval,val_pred_mae_v2,SMD,machine-3-10,3,scripts/configs/smd_cf_val.yaml,best_val,79,12aad0129671b97188fa463c637967678bf7c69f6c364f06857ea53e272fca68,0.10193064284682071,val0.2_b18954,train_sub_val,17bac94bfc120769d193d9da446e0119a24fba7d54a4d74ca30a55b9b68f2678,SMD_machine-3-10_pcmci_val0.2_b18954_b257a8bb405aaed5,1.0,False,15,12,49f630ac8d324ba01390c1a1dcaa4386cd94ae84,49f630ac8d324ba01390c1a1dcaa4386cd94ae84,cuda,2.6.0+cu124,SMD/machine-3-10/seed3/smd_cf_val/eval/best_val/attempt1,,True,val,P_raw,diagnostic,raw,P_raw,0.7950837766044688,0.9161382382360465,0.8090170845910988,0.9298662517221512,0.816620919771613,0.9649769585253456,0.9497354497354492,0.562582496196111,0.9489673384970498
eval/SMD/machine-3-10/seed3/smd_cf_val/eval/best_val,val_ckpt_eval,val_pred_mae_v2,SMD,machine-3-10,3,scripts/configs/smd_cf_val.yaml,best_val,79,12aad0129671b97188fa463c637967678bf7c69f6c364f06857ea53e272fca68,0.10193064284682071,val0.2_b18954,train_sub_val,17bac94bfc120769d193d9da446e0119a24fba7d54a4d74ca30a55b9b68f2678,SMD_machine-3-10_pcmci_val0.2_b18954_b257a8bb405aaed5,1.0,False,15,12,49f630ac8d324ba01390c1a1dcaa4386cd94ae84,49f630ac8d324ba01390c1a1dcaa4386cd94ae84,cuda,2.6.0+cu124,SMD/machine-3-10/seed3/smd_cf_val/eval/best_val/attempt1,,True,val,C_raw,diagnostic,raw,C_raw,0.0581111871191412,0.6278553562793441,0.0614581801622548,0.6203817813058881,0.1328594665875783,0.6902985074626866,0.1333794534763056,0.3810134155019388,0.7734499022580249
eval/SMD/machine-3-10/seed3/smd_cf_val/eval/best_val,val_ckpt_eval,val_pred_mae_v2,SMD,machine-3-10,3,scripts/configs/smd_cf_val.yaml,best_val,79,12aad0129671b97188fa463c637967678bf7c69f6c364f06857ea53e272fca68,0.10193064284682071,val0.2_b18954,train_sub_val,17bac94bfc120769d193d9da446e0119a24fba7d54a4d74ca30a55b9b68f2678,SMD_machine-3-10_pcmci_val0.2_b18954_b257a8bb405aaed5,1.0,False,15,12,49f630ac8d324ba01390c1a1dcaa4386cd94ae84,49f630ac8d324ba01390c1a1dcaa4386cd94ae84,cuda,2.6.0+cu124,SMD/machine-3-10/seed3/smd_cf_val/eval/best_val/attempt1,,True,val,G_raw,diagnostic,raw,G_raw,0.7964734267935666,0.8402293259351454,0.2591696258704034,0.4815694779475819,0.8671576564600305,0.8796147672552167,0.3749999999999996,0.3698051518926923,0.6703247090910174
eval/SMD/machine-3-10/seed3/smd_cf_val/eval/best_val,val_ckpt_eval,val_pred_mae_v2,SMD,machine-3-10,3,scripts/configs/smd_cf_val.yaml,best_val,79,12aad0129671b97188fa463c637967678bf7c69f6c364f06857ea53e272fca68,0.10193064284682071,val0.2_b18954,train_sub_val,17bac94bfc120769d193d9da446e0119a24fba7d54a4d74ca30a55b9b68f2678,SMD_machine-3-10_pcmci_val0.2_b18954_b257a8bb405aaed5,1.0,False,15,12,49f630ac8d324ba01390c1a1dcaa4386cd94ae84,49f630ac8d324ba01390c1a1dcaa4386cd94ae84,cuda,2.6.0+cu124,SMD/machine-3-10/seed3/smd_cf_val/eval/best_val/attempt1,,True,val,CF_raw,diagnostic,raw,CF_raw,0.7715322901319223,0.8435056940149079,0.3361192800700595,0.7269868829867067,0.8520276114236157,0.8796147672552167,0.3844115805192923,0.2947627371780955,0.6703287552406244
eval/SMD/machine-3-11/seed0/smd_cf_val/eval/last,val_ckpt_eval,val_pred_mae_v2,SMD,machine-3-11,0,scripts/configs/smd_cf_val.yaml,last,80,95e88aeea94af32be4bf1e01acd8974c1deac3197cbe096b6f5c075cd903ec5a,0.11854440509161586,val0.2_b22956,train_sub_val,5ce81f09977460c96303baded814c382dee67e641726b729c35bd217ed43f7f8,SMD_machine-3-11_pcmci_val0.2_b22956_3e4f231464b6f3ff,1.0,False,15,66,49f630ac8d324ba01390c1a1dcaa4386cd94ae84,49f630ac8d324ba01390c1a1dcaa4386cd94ae84,cuda,2.6.0+cu124,SMD/machine-3-11/seed0/smd_cf_val/eval/last/attempt1,,True,val,A_off,fusion,raw,P_raw + C_raw,0.2297017331761759,0.8956538603770868,0.282284924868542,0.937850462023814,0.3870918125888143,1.0,0.9999999999999996,0.4007692307692308,0.9942602593169032
eval/SMD/machine-3-11/seed0/smd_cf_val/eval/last,val_ckpt_eval,val_pred_mae_v2,SMD,machine-3-11,0,scripts/configs/smd_cf_val.yaml,last,80,95e88aeea94af32be4bf1e01acd8974c1deac3197cbe096b6f5c075cd903ec5a,0.11854440509161586,val0.2_b22956,train_sub_val,5ce81f09977460c96303baded814c382dee67e641726b729c35bd217ed43f7f8,SMD_machine-3-11_pcmci_val0.2_b22956_3e4f231464b6f3ff,1.0,False,15,66,49f630ac8d324ba01390c1a1dcaa4386cd94ae84,49f630ac8d324ba01390c1a1dcaa4386cd94ae84,cuda,2.6.0+cu124,SMD/machine-3-11/seed0/smd_cf_val/eval/last/attempt1,,True,val,A_on,fusion,raw,P_raw + C_raw + 1*CF_raw,0.1046778562058232,0.9018595162194444,0.0787096965877213,0.9345877443532484,0.1543653139082438,1.0,0.9999999999999996,0.4007692307692308,0.9942602593169032
eval/SMD/machine-3-11/seed0/smd_cf_val/eval/last,val_ckpt_eval,val_pred_mae_v2,SMD,machine-3-11,0,scripts/configs/smd_cf_val.yaml,last,80,95e88aeea94af32be4bf1e01acd8974c1deac3197cbe096b6f5c075cd903ec5a,0.11854440509161586,val0.2_b22956,train_sub_val,5ce81f09977460c96303baded814c382dee67e641726b729c35bd217ed43f7f8,SMD_machine-3-11_pcmci_val0.2_b22956_3e4f231464b6f3ff,1.0,False,15,66,49f630ac8d324ba01390c1a1dcaa4386cd94ae84,49f630ac8d324ba01390c1a1dcaa4386cd94ae84,cuda,2.6.0+cu124,SMD/machine-3-11/seed0/smd_cf_val/eval/last/attempt1,,True,val,P_raw,diagnostic,raw,P_raw,0.2288635083926756,0.8953475220455459,0.280307820712998,0.9374894794207408,0.3870918125888143,1.0,0.9999999999999996,0.4007692307692308,0.9942602593169032
eval/SMD/machine-3-11/seed0/smd_cf_val/eval/last,val_ckpt_eval,val_pred_mae_v2,SMD,machine-3-11,0,scripts/configs/smd_cf_val.yaml,last,80,95e88aeea94af32be4bf1e01acd8974c1deac3197cbe096b6f5c075cd903ec5a,0.11854440509161586,val0.2_b22956,train_sub_val,5ce81f09977460c96303baded814c382dee67e641726b729c35bd217ed43f7f8,SMD_machine-3-11_pcmci_val0.2_b22956_3e4f231464b6f3ff,1.0,False,15,66,49f630ac8d324ba01390c1a1dcaa4386cd94ae84,49f630ac8d324ba01390c1a1dcaa4386cd94ae84,cuda,2.6.0+cu124,SMD/machine-3-11/seed0/smd_cf_val/eval/last/attempt1,,True,val,C_raw,diagnostic,raw,C_raw,0.1046907087287477,0.8927060630525125,0.0942052263520359,0.9219432390475412,0.2138679368957797,0.9770992366412212,0.4999999999999995,0.2068473609129814,0.9029186628596544
eval/SMD/machine-3-11/seed0/smd_cf_val/eval/last,val_ckpt_eval,val_pred_mae_v2,SMD,machine-3-11,0,scripts/configs/smd_cf_val.yaml,last,80,95e88aeea94af32be4bf1e01acd8974c1deac3197cbe096b6f5c075cd903ec5a,0.11854440509161586,val0.2_b22956,train_sub_val,5ce81f09977460c96303baded814c382dee67e641726b729c35bd217ed43f7f8,SMD_machine-3-11_pcmci_val0.2_b22956_3e4f231464b6f3ff,1.0,False,15,66,49f630ac8d324ba01390c1a1dcaa4386cd94ae84,49f630ac8d324ba01390c1a1dcaa4386cd94ae84,cuda,2.6.0+cu124,SMD/machine-3-11/seed0/smd_cf_val/eval/last/attempt1,,True,val,G_raw,diagnostic,raw,G_raw,0.190955366214692,0.8956251411585049,0.1056300768229115,0.918559743172798,0.250799232103208,0.9846153846153848,0.7999999999999995,0.2585508865000698,0.917319669014122
eval/SMD/machine-3-11/seed0/smd_cf_val/eval/last,val_ckpt_eval,val_pred_mae_v2,SMD,machine-3-11,0,scripts/configs/smd_cf_val.yaml,last,80,95e88aeea94af32be4bf1e01acd8974c1deac3197cbe096b6f5c075cd903ec5a,0.11854440509161586,val0.2_b22956,train_sub_val,5ce81f09977460c96303baded814c382dee67e641726b729c35bd217ed43f7f8,SMD_machine-3-11_pcmci_val0.2_b22956_3e4f231464b6f3ff,1.0,False,15,66,49f630ac8d324ba01390c1a1dcaa4386cd94ae84,49f630ac8d324ba01390c1a1dcaa4386cd94ae84,cuda,2.6.0+cu124,SMD/machine-3-11/seed0/smd_cf_val/eval/last/attempt1,,True,val,CF_raw,diagnostic,raw,CF_raw,0.0148562658101696,0.6702923793730772,0.0173981787563861,0.696460512684627,0.0582335211889364,0.3279248505550811,0.065185185185185,0.183849929302725,0.7046274237450851
eval/SMD/machine-3-11/seed0/smd_cf_val/eval/best_val,val_ckpt_eval,val_pred_mae_v2,SMD,machine-3-11,0,scripts/configs/smd_cf_val.yaml,best_val,78,848af7ac02beb10d5bbf5b1a170fc739ce851ac050c8f203797560e9093da5a4,0.11818891216750052,val0.2_b22956,train_sub_val,5ce81f09977460c96303baded814c382dee67e641726b729c35bd217ed43f7f8,SMD_machine-3-11_pcmci_val0.2_b22956_3e4f231464b6f3ff,1.0,False,15,66,49f630ac8d324ba01390c1a1dcaa4386cd94ae84,49f630ac8d324ba01390c1a1dcaa4386cd94ae84,cuda,2.6.0+cu124,SMD/machine-3-11/seed0/smd_cf_val/eval/best_val/attempt1,,True,val,A_off,fusion,raw,P_raw + C_raw,0.2296531754626994,0.8957921380961852,0.2813398526750449,0.9378791164980956,0.3890110623821526,1.0,0.9999999999999996,0.4007692307692308,0.9942602593169032
eval/SMD/machine-3-11/seed0/smd_cf_val/eval/best_val,val_ckpt_eval,val_pred_mae_v2,SMD,machine-3-11,0,scripts/configs/smd_cf_val.yaml,best_val,78,848af7ac02beb10d5bbf5b1a170fc739ce851ac050c8f203797560e9093da5a4,0.11818891216750052,val0.2_b22956,train_sub_val,5ce81f09977460c96303baded814c382dee67e641726b729c35bd217ed43f7f8,SMD_machine-3-11_pcmci_val0.2_b22956_3e4f231464b6f3ff,1.0,False,15,66,49f630ac8d324ba01390c1a1dcaa4386cd94ae84,49f630ac8d324ba01390c1a1dcaa4386cd94ae84,cuda,2.6.0+cu124,SMD/machine-3-11/seed0/smd_cf_val/eval/best_val/attempt1,,True,val,A_on,fusion,raw,P_raw + C_raw + 1*CF_raw,0.1072569517955365,0.9034287910520844,0.0831423853282549,0.9361714985575592,0.1602083893221929,1.0,0.9999999999999996,0.4007692307692308,0.9942602593169032
eval/SMD/machine-3-11/seed0/smd_cf_val/eval/best_val,val_ckpt_eval,val_pred_mae_v2,SMD,machine-3-11,0,scripts/configs/smd_cf_val.yaml,best_val,78,848af7ac02beb10d5bbf5b1a170fc739ce851ac050c8f203797560e9093da5a4,0.11818891216750052,val0.2_b22956,train_sub_val,5ce81f09977460c96303baded814c382dee67e641726b729c35bd217ed43f7f8,SMD_machine-3-11_pcmci_val0.2_b22956_3e4f231464b6f3ff,1.0,False,15,66,49f630ac8d324ba01390c1a1dcaa4386cd94ae84,49f630ac8d324ba01390c1a1dcaa4386cd94ae84,cuda,2.6.0+cu124,SMD/machine-3-11/seed0/smd_cf_val/eval/best_val/attempt1,,True,val,P_raw,diagnostic,raw,P_raw,0.2289164956477343,0.8954762266917836,0.2799692355486907,0.9375661068303384,0.3888839236745062,1.0,0.9999999999999996,0.4007692307692308,0.9942602593169032
eval/SMD/machine-3-11/seed0/smd_cf_val/eval/best_val,val_ckpt_eval,val_pred_mae_v2,SMD,machine-3-11,0,scripts/configs/smd_cf_val.yaml,best_val,78,848af7ac02beb10d5bbf5b1a170fc739ce851ac050c8f203797560e9093da5a4,0.11818891216750052,val0.2_b22956,train_sub_val,5ce81f09977460c96303baded814c382dee67e641726b729c35bd217ed43f7f8,SMD_machine-3-11_pcmci_val0.2_b22956_3e4f231464b6f3ff,1.0,False,15,66,49f630ac8d324ba01390c1a1dcaa4386cd94ae84,49f630ac8d324ba01390c1a1dcaa4386cd94ae84,cuda,2.6.0+cu124,SMD/machine-3-11/seed0/smd_cf_val/eval/best_val/attempt1,,True,val,C_raw,diagnostic,raw,C_raw,0.1074708069595441,0.9010756765591964,0.0974625325260094,0.9295480811323936,0.2095760107247075,0.964824120603015,0.4827586206896546,0.1995144559699845,0.8942318563397165
eval/SMD/machine-3-11/seed0/smd_cf_val/eval/best_val,val_ckpt_eval,val_pred_mae_v2,SMD,machine-3-11,0,scripts/configs/smd_cf_val.yaml,best_val,78,848af7ac02beb10d5bbf5b1a170fc739ce851ac050c8f203797560e9093da5a4,0.11818891216750052,val0.2_b22956,train_sub_val,5ce81f09977460c96303baded814c382dee67e641726b729c35bd217ed43f7f8,SMD_machine-3-11_pcmci_val0.2_b22956_3e4f231464b6f3ff,1.0,False,15,66,49f630ac8d324ba01390c1a1dcaa4386cd94ae84,49f630ac8d324ba01390c1a1dcaa4386cd94ae84,cuda,2.6.0+cu124,SMD/machine-3-11/seed0/smd_cf_val/eval/best_val/attempt1,,True,val,G_raw,diagnostic,raw,G_raw,0.1923234511735354,0.9010719536975283,0.1078258268778526,0.9236768306422942,0.2507789904678263,0.9846153846153848,0.7999999999999995,0.2554822107854106,0.9154016356646284
eval/SMD/machine-3-11/seed0/smd_cf_val/eval/best_val,val_ckpt_eval,val_pred_mae_v2,SMD,machine-3-11,0,scripts/configs/smd_cf_val.yaml,best_val,78,848af7ac02beb10d5bbf5b1a170fc739ce851ac050c8f203797560e9093da5a4,0.11818891216750052,val0.2_b22956,train_sub_val,5ce81f09977460c96303baded814c382dee67e641726b729c35bd217ed43f7f8,SMD_machine-3-11_pcmci_val0.2_b22956_3e4f231464b6f3ff,1.0,False,15,66,49f630ac8d324ba01390c1a1dcaa4386cd94ae84,49f630ac8d324ba01390c1a1dcaa4386cd94ae84,cuda,2.6.0+cu124,SMD/machine-3-11/seed0/smd_cf_val/eval/best_val/attempt1,,True,val,CF_raw,diagnostic,raw,CF_raw,0.014917095174706,0.6691391786516221,0.0171314105640993,0.6914019807680999,0.0596224088801968,0.3353711790393013,0.0553403431101272,0.1708763691146731,0.6873709044633548
eval/SMD/machine-3-11/seed1/smd_cf_val/eval/last,val_ckpt_eval,val_pred_mae_v2,SMD,machine-3-11,1,scripts/configs/smd_cf_val.yaml,last,80,1a0658c568df2e6b4101d9d1ef04d54a2e016b603bd236a9e5cc71d9f472965c,0.11572060240325689,val0.2_b22956,train_sub_val,5ce81f09977460c96303baded814c382dee67e641726b729c35bd217ed43f7f8,SMD_machine-3-11_pcmci_val0.2_b22956_3e4f231464b6f3ff,1.0,False,15,66,49f630ac8d324ba01390c1a1dcaa4386cd94ae84,49f630ac8d324ba01390c1a1dcaa4386cd94ae84,cuda,2.6.0+cu124,SMD/machine-3-11/seed1/smd_cf_val/eval/last/attempt1,,True,val,A_off,fusion,raw,P_raw + C_raw,0.23459567874839,0.8987807096199809,0.2910289868953967,0.9405876286049636,0.4066935785048466,1.0,0.9999999999999996,0.4007692307692308,0.9942602593169032
eval/SMD/machine-3-11/seed1/smd_cf_val/eval/last,val_ckpt_eval,val_pred_mae_v2,SMD,machine-3-11,1,scripts/configs/smd_cf_val.yaml,last,80,1a0658c568df2e6b4101d9d1ef04d54a2e016b603bd236a9e5cc71d9f472965c,0.11572060240325689,val0.2_b22956,train_sub_val,5ce81f09977460c96303baded814c382dee67e641726b729c35bd217ed43f7f8,SMD_machine-3-11_pcmci_val0.2_b22956_3e4f231464b6f3ff,1.0,False,15,66,49f630ac8d324ba01390c1a1dcaa4386cd94ae84,49f630ac8d324ba01390c1a1dcaa4386cd94ae84,cuda,2.6.0+cu124,SMD/machine-3-11/seed1/smd_cf_val/eval/last/attempt1,,True,val,A_on,fusion,raw,P_raw + C_raw + 1*CF_raw,0.2243147235780367,0.9223261255185858,0.2139538534394875,0.9561614171947996,0.3316276536572087,1.0,0.9999999999999996,0.4007692307692308,0.9942602593169032
eval/SMD/machine-3-11/seed1/smd_cf_val/eval/last,val_ckpt_eval,val_pred_mae_v2,SMD,machine-3-11,1,scripts/configs/smd_cf_val.yaml,last,80,1a0658c568df2e6b4101d9d1ef04d54a2e016b603bd236a9e5cc71d9f472965c,0.11572060240325689,val0.2_b22956,train_sub_val,5ce81f09977460c96303baded814c382dee67e641726b729c35bd217ed43f7f8,SMD_machine-3-11_pcmci_val0.2_b22956_3e4f231464b6f3ff,1.0,False,15,66,49f630ac8d324ba01390c1a1dcaa4386cd94ae84,49f630ac8d324ba01390c1a1dcaa4386cd94ae84,cuda,2.6.0+cu124,SMD/machine-3-11/seed1/smd_cf_val/eval/last/attempt1,,True,val,P_raw,diagnostic,raw,P_raw,0.2343831530198324,0.8985780795777636,0.2936853953535761,0.940442222205723,0.4057229387549196,1.0,0.9999999999999996,0.4007692307692308,0.9942602593169032
eval/SMD/machine-3-11/seed1/smd_cf_val/eval/last,val_ckpt_eval,val_pred_mae_v2,SMD,machine-3-11,1,scripts/configs/smd_cf_val.yaml,last,80,1a0658c568df2e6b4101d9d1ef04d54a2e016b603bd236a9e5cc71d9f472965c,0.11572060240325689,val0.2_b22956,train_sub_val,5ce81f09977460c96303baded814c382dee67e641726b729c35bd217ed43f7f8,SMD_machine-3-11_pcmci_val0.2_b22956_3e4f231464b6f3ff,1.0,False,15,66,49f630ac8d324ba01390c1a1dcaa4386cd94ae84,49f630ac8d324ba01390c1a1dcaa4386cd94ae84,cuda,2.6.0+cu124,SMD/machine-3-11/seed1/smd_cf_val/eval/last/attempt1,,True,val,C_raw,diagnostic,raw,C_raw,0.0761497442410596,0.8656795055756058,0.0794919908526901,0.922423247310207,0.1351301937526446,0.9846153846153848,0.7999999999999995,0.2448290417897847,0.8569615408189762
eval/SMD/machine-3-11/seed1/smd_cf_val/eval/last,val_ckpt_eval,val_pred_mae_v2,SMD,machine-3-11,1,scripts/configs/smd_cf_val.yaml,last,80,1a0658c568df2e6b4101d9d1ef04d54a2e016b603bd236a9e5cc71d9f472965c,0.11572060240325689,val0.2_b22956,train_sub_val,5ce81f09977460c96303baded814c382dee67e641726b729c35bd217ed43f7f8,SMD_machine-3-11_pcmci_val0.2_b22956_3e4f231464b6f3ff,1.0,False,15,66,49f630ac8d324ba01390c1a1dcaa4386cd94ae84,49f630ac8d324ba01390c1a1dcaa4386cd94ae84,cuda,2.6.0+cu124,SMD/machine-3-11/seed1/smd_cf_val/eval/last/attempt1,,True,val,G_raw,diagnostic,raw,G_raw,0.0730616483935259,0.8674317324673603,0.0675556645949596,0.9180614245435028,0.1060191071008152,0.9820971867007672,0.7499999999999994,0.2421665879389073,0.822919892773973
eval/SMD/machine-3-11/seed1/smd_cf_val/eval/last,val_ckpt_eval,val_pred_mae_v2,SMD,machine-3-11,1,scripts/configs/smd_cf_val.yaml,last,80,1a0658c568df2e6b4101d9d1ef04d54a2e016b603bd236a9e5cc71d9f472965c,0.11572060240325689,val0.2_b22956,train_sub_val,5ce81f09977460c96303baded814c382dee67e641726b729c35bd217ed43f7f8,SMD_machine-3-11_pcmci_val0.2_b22956_3e4f231464b6f3ff,1.0,False,15,66,49f630ac8d324ba01390c1a1dcaa4386cd94ae84,49f630ac8d324ba01390c1a1dcaa4386cd94ae84,cuda,2.6.0+cu124,SMD/machine-3-11/seed1/smd_cf_val/eval/last/attempt1,,True,val,CF_raw,diagnostic,raw,CF_raw,0.0337398515322039,0.8640191979112264,0.0410522223043249,0.8937635465821144,0.1006354328650689,0.382089552238806,0.1005586592178769,0.1152562423423042,0.7482051699830747
eval/SMD/machine-3-11/seed1/smd_cf_val/eval/best_val,val_ckpt_eval,val_pred_mae_v2,SMD,machine-3-11,1,scripts/configs/smd_cf_val.yaml,best_val,80,d60afee187085edc66ebe73df4dc03eb065fc3dd1237664cd88ac25de50b6943,0.11572060240325689,val0.2_b22956,train_sub_val,5ce81f09977460c96303baded814c382dee67e641726b729c35bd217ed43f7f8,SMD_machine-3-11_pcmci_val0.2_b22956_3e4f231464b6f3ff,1.0,False,15,66,49f630ac8d324ba01390c1a1dcaa4386cd94ae84,49f630ac8d324ba01390c1a1dcaa4386cd94ae84,cuda,2.6.0+cu124,SMD/machine-3-11/seed1/smd_cf_val/eval/best_val/attempt1,,True,val,A_off,fusion,raw,P_raw + C_raw,0.23459567874839,0.8987807096199809,0.2910289868953967,0.9405876286049636,0.4066935785048466,1.0,0.9999999999999996,0.4007692307692308,0.9942602593169032
eval/SMD/machine-3-11/seed1/smd_cf_val/eval/best_val,val_ckpt_eval,val_pred_mae_v2,SMD,machine-3-11,1,scripts/configs/smd_cf_val.yaml,best_val,80,d60afee187085edc66ebe73df4dc03eb065fc3dd1237664cd88ac25de50b6943,0.11572060240325689,val0.2_b22956,train_sub_val,5ce81f09977460c96303baded814c382dee67e641726b729c35bd217ed43f7f8,SMD_machine-3-11_pcmci_val0.2_b22956_3e4f231464b6f3ff,1.0,False,15,66,49f630ac8d324ba01390c1a1dcaa4386cd94ae84,49f630ac8d324ba01390c1a1dcaa4386cd94ae84,cuda,2.6.0+cu124,SMD/machine-3-11/seed1/smd_cf_val/eval/best_val/attempt1,,True,val,A_on,fusion,raw,P_raw + C_raw + 1*CF_raw,0.2243147235780367,0.9223261255185858,0.2139538534394875,0.9561614171947996,0.3316276536572087,1.0,0.9999999999999996,0.4007692307692308,0.9942602593169032
eval/SMD/machine-3-11/seed1/smd_cf_val/eval/best_val,val_ckpt_eval,val_pred_mae_v2,SMD,machine-3-11,1,scripts/configs/smd_cf_val.yaml,best_val,80,d60afee187085edc66ebe73df4dc03eb065fc3dd1237664cd88ac25de50b6943,0.11572060240325689,val0.2_b22956,train_sub_val,5ce81f09977460c96303baded814c382dee67e641726b729c35bd217ed43f7f8,SMD_machine-3-11_pcmci_val0.2_b22956_3e4f231464b6f3ff,1.0,False,15,66,49f630ac8d324ba01390c1a1dcaa4386cd94ae84,49f630ac8d324ba01390c1a1dcaa4386cd94ae84,cuda,2.6.0+cu124,SMD/machine-3-11/seed1/smd_cf_val/eval/best_val/attempt1,,True,val,P_raw,diagnostic,raw,P_raw,0.2343831530198324,0.8985780795777636,0.2936853953535761,0.940442222205723,0.4057229387549196,1.0,0.9999999999999996,0.4007692307692308,0.9942602593169032
eval/SMD/machine-3-11/seed1/smd_cf_val/eval/best_val,val_ckpt_eval,val_pred_mae_v2,SMD,machine-3-11,1,scripts/configs/smd_cf_val.yaml,best_val,80,d60afee187085edc66ebe73df4dc03eb065fc3dd1237664cd88ac25de50b6943,0.11572060240325689,val0.2_b22956,train_sub_val,5ce81f09977460c96303baded814c382dee67e641726b729c35bd217ed43f7f8,SMD_machine-3-11_pcmci_val0.2_b22956_3e4f231464b6f3ff,1.0,False,15,66,49f630ac8d324ba01390c1a1dcaa4386cd94ae84,49f630ac8d324ba01390c1a1dcaa4386cd94ae84,cuda,2.6.0+cu124,SMD/machine-3-11/seed1/smd_cf_val/eval/best_val/attempt1,,True,val,C_raw,diagnostic,raw,C_raw,0.0761497442410596,0.8656795055756058,0.0794919908526901,0.922423247310207,0.1351301937526446,0.9846153846153848,0.7999999999999995,0.2448290417897847,0.8569615408189762
eval/SMD/machine-3-11/seed1/smd_cf_val/eval/best_val,val_ckpt_eval,val_pred_mae_v2,SMD,machine-3-11,1,scripts/configs/smd_cf_val.yaml,best_val,80,d60afee187085edc66ebe73df4dc03eb065fc3dd1237664cd88ac25de50b6943,0.11572060240325689,val0.2_b22956,train_sub_val,5ce81f09977460c96303baded814c382dee67e641726b729c35bd217ed43f7f8,SMD_machine-3-11_pcmci_val0.2_b22956_3e4f231464b6f3ff,1.0,False,15,66,49f630ac8d324ba01390c1a1dcaa4386cd94ae84,49f630ac8d324ba01390c1a1dcaa4386cd94ae84,cuda,2.6.0+cu124,SMD/machine-3-11/seed1/smd_cf_val/eval/best_val/attempt1,,True,val,G_raw,diagnostic,raw,G_raw,0.0730616483935259,0.8674317324673603,0.0675556645949596,0.9180614245435028,0.1060191071008152,0.9820971867007672,0.7499999999999994,0.2421665879389073,0.822919892773973
eval/SMD/machine-3-11/seed1/smd_cf_val/eval/best_val,val_ckpt_eval,val_pred_mae_v2,SMD,machine-3-11,1,scripts/configs/smd_cf_val.yaml,best_val,80,d60afee187085edc66ebe73df4dc03eb065fc3dd1237664cd88ac25de50b6943,0.11572060240325689,val0.2_b22956,train_sub_val,5ce81f09977460c96303baded814c382dee67e641726b729c35bd217ed43f7f8,SMD_machine-3-11_pcmci_val0.2_b22956_3e4f231464b6f3ff,1.0,False,15,66,49f630ac8d324ba01390c1a1dcaa4386cd94ae84,49f630ac8d324ba01390c1a1dcaa4386cd94ae84,cuda,2.6.0+cu124,SMD/machine-3-11/seed1/smd_cf_val/eval/best_val/attempt1,,True,val,CF_raw,diagnostic,raw,CF_raw,0.0337398515322039,0.8640191979112264,0.0410522223043249,0.8937635465821144,0.1006354328650689,0.382089552238806,0.1005586592178769,0.1152562423423042,0.7482051699830747
eval/SMD/machine-3-11/seed2/smd_cf_val/eval/last,val_ckpt_eval,val_pred_mae_v2,SMD,machine-3-11,2,scripts/configs/smd_cf_val.yaml,last,80,f4581a089176fd33e525fc079029aa1ec5c513e7f7a3b548f5a415ab870e8bc5,0.11545751127886184,val0.2_b22956,train_sub_val,5ce81f09977460c96303baded814c382dee67e641726b729c35bd217ed43f7f8,SMD_machine-3-11_pcmci_val0.2_b22956_3e4f231464b6f3ff,1.0,False,15,66,49f630ac8d324ba01390c1a1dcaa4386cd94ae84,49f630ac8d324ba01390c1a1dcaa4386cd94ae84,cuda,2.6.0+cu124,SMD/machine-3-11/seed2/smd_cf_val/eval/last/attempt1,,True,val,A_off,fusion,raw,P_raw + C_raw,0.2195848694491826,0.897372404234702,0.270374456048368,0.9394559575350784,0.359196848263963,1.0,0.9999999999999996,0.4007692307692308,0.9942602593169032
eval/SMD/machine-3-11/seed2/smd_cf_val/eval/last,val_ckpt_eval,val_pred_mae_v2,SMD,machine-3-11,2,scripts/configs/smd_cf_val.yaml,last,80,f4581a089176fd33e525fc079029aa1ec5c513e7f7a3b548f5a415ab870e8bc5,0.11545751127886184,val0.2_b22956,train_sub_val,5ce81f09977460c96303baded814c382dee67e641726b729c35bd217ed43f7f8,SMD_machine-3-11_pcmci_val0.2_b22956_3e4f231464b6f3ff,1.0,False,15,66,49f630ac8d324ba01390c1a1dcaa4386cd94ae84,49f630ac8d324ba01390c1a1dcaa4386cd94ae84,cuda,2.6.0+cu124,SMD/machine-3-11/seed2/smd_cf_val/eval/last/attempt1,,True,val,A_on,fusion,raw,P_raw + C_raw + 1*CF_raw,0.174206974106492,0.9120077712078134,0.1469373514900925,0.9437398472839064,0.2533887194102245,1.0,0.9999999999999996,0.4007692307692308,0.9942602593169032
eval/SMD/machine-3-11/seed2/smd_cf_val/eval/last,val_ckpt_eval,val_pred_mae_v2,SMD,machine-3-11,2,scripts/configs/smd_cf_val.yaml,last,80,f4581a089176fd33e525fc079029aa1ec5c513e7f7a3b548f5a415ab870e8bc5,0.11545751127886184,val0.2_b22956,train_sub_val,5ce81f09977460c96303baded814c382dee67e641726b729c35bd217ed43f7f8,SMD_machine-3-11_pcmci_val0.2_b22956_3e4f231464b6f3ff,1.0,False,15,66,49f630ac8d324ba01390c1a1dcaa4386cd94ae84,49f630ac8d324ba01390c1a1dcaa4386cd94ae84,cuda,2.6.0+cu124,SMD/machine-3-11/seed2/smd_cf_val/eval/last/attempt1,,True,val,P_raw,diagnostic,raw,P_raw,0.2192639856522513,0.8972381152959622,0.2701821820719077,0.9393849089324556,0.3576420821730572,1.0,0.9999999999999996,0.4007692307692308,0.9942602593169032
eval/SMD/machine-3-11/seed2/smd_cf_val/eval/last,val_ckpt_eval,val_pred_mae_v2,SMD,machine-3-11,2,scripts/configs/smd_cf_val.yaml,last,80,f4581a089176fd33e525fc079029aa1ec5c513e7f7a3b548f5a415ab870e8bc5,0.11545751127886184,val0.2_b22956,train_sub_val,5ce81f09977460c96303baded814c382dee67e641726b729c35bd217ed43f7f8,SMD_machine-3-11_pcmci_val0.2_b22956_3e4f231464b6f3ff,1.0,False,15,66,49f630ac8d324ba01390c1a1dcaa4386cd94ae84,49f630ac8d324ba01390c1a1dcaa4386cd94ae84,cuda,2.6.0+cu124,SMD/machine-3-11/seed2/smd_cf_val/eval/last/attempt1,,True,val,C_raw,diagnostic,raw,C_raw,0.0168264567899534,0.4965232017603108,0.0106992426687766,0.5745163439959733,0.0555521884127068,0.9343065693430656,0.4444444444444439,0.1530617553717288,0.8568615046065433
eval/SMD/machine-3-11/seed2/smd_cf_val/eval/last,val_ckpt_eval,val_pred_mae_v2,SMD,machine-3-11,2,scripts/configs/smd_cf_val.yaml,last,80,f4581a089176fd33e525fc079029aa1ec5c513e7f7a3b548f5a415ab870e8bc5,0.11545751127886184,val0.2_b22956,train_sub_val,5ce81f09977460c96303baded814c382dee67e641726b729c35bd217ed43f7f8,SMD_machine-3-11_pcmci_val0.2_b22956_3e4f231464b6f3ff,1.0,False,15,66,49f630ac8d324ba01390c1a1dcaa4386cd94ae84,49f630ac8d324ba01390c1a1dcaa4386cd94ae84,cuda,2.6.0+cu124,SMD/machine-3-11/seed2/smd_cf_val/eval/last/attempt1,,True,val,G_raw,diagnostic,raw,G_raw,0.0067628302723808,0.4743457602455811,0.0081041505566158,0.547375103516235,0.019995578977488,0.3636363636363636,0.0272727272727271,0.0390171564737214,0.761929382002287
eval/SMD/machine-3-11/seed2/smd_cf_val/eval/last,val_ckpt_eval,val_pred_mae_v2,SMD,machine-3-11,2,scripts/configs/smd_cf_val.yaml,last,80,f4581a089176fd33e525fc079029aa1ec5c513e7f7a3b548f5a415ab870e8bc5,0.11545751127886184,val0.2_b22956,train_sub_val,5ce81f09977460c96303baded814c382dee67e641726b729c35bd217ed43f7f8,SMD_machine-3-11_pcmci_val0.2_b22956_3e4f231464b6f3ff,1.0,False,15,66,49f630ac8d324ba01390c1a1dcaa4386cd94ae84,49f630ac8d324ba01390c1a1dcaa4386cd94ae84,cuda,2.6.0+cu124,SMD/machine-3-11/seed2/smd_cf_val/eval/last/attempt1,,True,val,CF_raw,diagnostic,raw,CF_raw,0.0208047176966432,0.809708585025374,0.0238531708112155,0.8340459651844239,0.0526289198019468,0.3843843843843844,0.0566114031540638,0.0758452189529517,0.7201082416764452
eval/SMD/machine-3-11/seed2/smd_cf_val/eval/best_val,val_ckpt_eval,val_pred_mae_v2,SMD,machine-3-11,2,scripts/configs/smd_cf_val.yaml,best_val,79,601a405ea99da4d614bf475e38b70ca46089ecc470f342290a1f9cfa44378009,0.11514740480780547,val0.2_b22956,train_sub_val,5ce81f09977460c96303baded814c382dee67e641726b729c35bd217ed43f7f8,SMD_machine-3-11_pcmci_val0.2_b22956_3e4f231464b6f3ff,1.0,False,15,66,49f630ac8d324ba01390c1a1dcaa4386cd94ae84,49f630ac8d324ba01390c1a1dcaa4386cd94ae84,cuda,2.6.0+cu124,SMD/machine-3-11/seed2/smd_cf_val/eval/best_val/attempt1,,True,val,A_off,fusion,raw,P_raw + C_raw,0.219736867706296,0.8973777226085135,0.2702900407226744,0.9394504015071982,0.3607256396501948,1.0,0.9999999999999996,0.4007692307692308,0.9942602593169032
eval/SMD/machine-3-11/seed2/smd_cf_val/eval/best_val,val_ckpt_eval,val_pred_mae_v2,SMD,machine-3-11,2,scripts/configs/smd_cf_val.yaml,best_val,79,601a405ea99da4d614bf475e38b70ca46089ecc470f342290a1f9cfa44378009,0.11514740480780547,val0.2_b22956,train_sub_val,5ce81f09977460c96303baded814c382dee67e641726b729c35bd217ed43f7f8,SMD_machine-3-11_pcmci_val0.2_b22956_3e4f231464b6f3ff,1.0,False,15,66,49f630ac8d324ba01390c1a1dcaa4386cd94ae84,49f630ac8d324ba01390c1a1dcaa4386cd94ae84,cuda,2.6.0+cu124,SMD/machine-3-11/seed2/smd_cf_val/eval/best_val/attempt1,,True,val,A_on,fusion,raw,P_raw + C_raw + 1*CF_raw,0.1727138444830915,0.9112530053244012,0.1430714974367018,0.942380479011568,0.256875776124642,1.0,0.9999999999999996,0.4007692307692308,0.9942602593169032
eval/SMD/machine-3-11/seed2/smd_cf_val/eval/best_val,val_ckpt_eval,val_pred_mae_v2,SMD,machine-3-11,2,scripts/configs/smd_cf_val.yaml,best_val,79,601a405ea99da4d614bf475e38b70ca46089ecc470f342290a1f9cfa44378009,0.11514740480780547,val0.2_b22956,train_sub_val,5ce81f09977460c96303baded814c382dee67e641726b729c35bd217ed43f7f8,SMD_machine-3-11_pcmci_val0.2_b22956_3e4f231464b6f3ff,1.0,False,15,66,49f630ac8d324ba01390c1a1dcaa4386cd94ae84,49f630ac8d324ba01390c1a1dcaa4386cd94ae84,cuda,2.6.0+cu124,SMD/machine-3-11/seed2/smd_cf_val/eval/best_val/attempt1,,True,val,P_raw,diagnostic,raw,P_raw,0.2195024474048585,0.8972479542875134,0.2711894330900906,0.9393642204655652,0.3607256396501948,1.0,0.9999999999999996,0.4007692307692308,0.9942602593169032
eval/SMD/machine-3-11/seed2/smd_cf_val/eval/best_val,val_ckpt_eval,val_pred_mae_v2,SMD,machine-3-11,2,scripts/configs/smd_cf_val.yaml,best_val,79,601a405ea99da4d614bf475e38b70ca46089ecc470f342290a1f9cfa44378009,0.11514740480780547,val0.2_b22956,train_sub_val,5ce81f09977460c96303baded814c382dee67e641726b729c35bd217ed43f7f8,SMD_machine-3-11_pcmci_val0.2_b22956_3e4f231464b6f3ff,1.0,False,15,66,49f630ac8d324ba01390c1a1dcaa4386cd94ae84,49f630ac8d324ba01390c1a1dcaa4386cd94ae84,cuda,2.6.0+cu124,SMD/machine-3-11/seed2/smd_cf_val/eval/best_val/attempt1,,True,val,C_raw,diagnostic,raw,C_raw,0.0192851960875779,0.5006611625043301,0.0129389755948229,0.5773819461963474,0.0608327808085123,0.9552238805970148,0.4999999999999996,0.1704552038471194,0.8556216557288513
eval/SMD/machine-3-11/seed2/smd_cf_val/eval/best_val,val_ckpt_eval,val_pred_mae_v2,SMD,machine-3-11,2,scripts/configs/smd_cf_val.yaml,best_val,79,601a405ea99da4d614bf475e38b70ca46089ecc470f342290a1f9cfa44378009,0.11514740480780547,val0.2_b22956,train_sub_val,5ce81f09977460c96303baded814c382dee67e641726b729c35bd217ed43f7f8,SMD_machine-3-11_pcmci_val0.2_b22956_3e4f231464b6f3ff,1.0,False,15,66,49f630ac8d324ba01390c1a1dcaa4386cd94ae84,49f630ac8d324ba01390c1a1dcaa4386cd94ae84,cuda,2.6.0+cu124,SMD/machine-3-11/seed2/smd_cf_val/eval/best_val/attempt1,,True,val,G_raw,diagnostic,raw,G_raw,0.0066741611567156,0.469629780907818,0.0080480722199065,0.5434250147725427,0.0192573020279142,0.3636363636363636,0.0285714285714284,0.0469715016812785,0.7141244834798685
eval/SMD/machine-3-11/seed2/smd_cf_val/eval/best_val,val_ckpt_eval,val_pred_mae_v2,SMD,machine-3-11,2,scripts/configs/smd_cf_val.yaml,best_val,79,601a405ea99da4d614bf475e38b70ca46089ecc470f342290a1f9cfa44378009,0.11514740480780547,val0.2_b22956,train_sub_val,5ce81f09977460c96303baded814c382dee67e641726b729c35bd217ed43f7f8,SMD_machine-3-11_pcmci_val0.2_b22956_3e4f231464b6f3ff,1.0,False,15,66,49f630ac8d324ba01390c1a1dcaa4386cd94ae84,49f630ac8d324ba01390c1a1dcaa4386cd94ae84,cuda,2.6.0+cu124,SMD/machine-3-11/seed2/smd_cf_val/eval/best_val/attempt1,,True,val,CF_raw,diagnostic,raw,CF_raw,0.0205511556032308,0.8067482895223428,0.0233441861682843,0.8307009394406111,0.0520068227277947,0.3824701195219123,0.0573552841210832,0.0656899030373474,0.7140658865959317
eval/SMD/machine-3-11/seed3/smd_cf_val/eval/last,val_ckpt_eval,val_pred_mae_v2,SMD,machine-3-11,3,scripts/configs/smd_cf_val.yaml,last,80,7d288ea11e9ea2ff610cc13703c7948fa1c275209f82ae3b19292bf7d903811f,0.11632891889992436,val0.2_b22956,train_sub_val,5ce81f09977460c96303baded814c382dee67e641726b729c35bd217ed43f7f8,SMD_machine-3-11_pcmci_val0.2_b22956_3e4f231464b6f3ff,1.0,False,15,66,49f630ac8d324ba01390c1a1dcaa4386cd94ae84,49f630ac8d324ba01390c1a1dcaa4386cd94ae84,cuda,2.6.0+cu124,SMD/machine-3-11/seed3/smd_cf_val/eval/last/attempt1,,True,val,A_off,fusion,raw,P_raw + C_raw,0.2277739460109411,0.8978851841096919,0.2768244629764025,0.93976482994445,0.3851154392555311,1.0,0.9999999999999996,0.4007692307692308,0.9942602593169032
eval/SMD/machine-3-11/seed3/smd_cf_val/eval/last,val_ckpt_eval,val_pred_mae_v2,SMD,machine-3-11,3,scripts/configs/smd_cf_val.yaml,last,80,7d288ea11e9ea2ff610cc13703c7948fa1c275209f82ae3b19292bf7d903811f,0.11632891889992436,val0.2_b22956,train_sub_val,5ce81f09977460c96303baded814c382dee67e641726b729c35bd217ed43f7f8,SMD_machine-3-11_pcmci_val0.2_b22956_3e4f231464b6f3ff,1.0,False,15,66,49f630ac8d324ba01390c1a1dcaa4386cd94ae84,49f630ac8d324ba01390c1a1dcaa4386cd94ae84,cuda,2.6.0+cu124,SMD/machine-3-11/seed3/smd_cf_val/eval/last/attempt1,,True,val,A_on,fusion,raw,P_raw + C_raw + 1*CF_raw,0.2520099987827944,0.9249015480367933,0.2380616747774678,0.9577534927185752,0.3685453722704028,1.0,0.9999999999999996,0.4007692307692308,0.9942602593169032
eval/SMD/machine-3-11/seed3/smd_cf_val/eval/last,val_ckpt_eval,val_pred_mae_v2,SMD,machine-3-11,3,scripts/configs/smd_cf_val.yaml,last,80,7d288ea11e9ea2ff610cc13703c7948fa1c275209f82ae3b19292bf7d903811f,0.11632891889992436,val0.2_b22956,train_sub_val,5ce81f09977460c96303baded814c382dee67e641726b729c35bd217ed43f7f8,SMD_machine-3-11_pcmci_val0.2_b22956_3e4f231464b6f3ff,1.0,False,15,66,49f630ac8d324ba01390c1a1dcaa4386cd94ae84,49f630ac8d324ba01390c1a1dcaa4386cd94ae84,cuda,2.6.0+cu124,SMD/machine-3-11/seed3/smd_cf_val/eval/last/attempt1,,True,val,P_raw,diagnostic,raw,P_raw,0.2271405583251602,0.8975815049650566,0.2768176290724102,0.9396113857778894,0.378255966415164,1.0,0.9999999999999996,0.4007692307692308,0.9942602593169032
eval/SMD/machine-3-11/seed3/smd_cf_val/eval/last,val_ckpt_eval,val_pred_mae_v2,SMD,machine-3-11,3,scripts/configs/smd_cf_val.yaml,last,80,7d288ea11e9ea2ff610cc13703c7948fa1c275209f82ae3b19292bf7d903811f,0.11632891889992436,val0.2_b22956,train_sub_val,5ce81f09977460c96303baded814c382dee67e641726b729c35bd217ed43f7f8,SMD_machine-3-11_pcmci_val0.2_b22956_3e4f231464b6f3ff,1.0,False,15,66,49f630ac8d324ba01390c1a1dcaa4386cd94ae84,49f630ac8d324ba01390c1a1dcaa4386cd94ae84,cuda,2.6.0+cu124,SMD/machine-3-11/seed3/smd_cf_val/eval/last/attempt1,,True,val,C_raw,diagnostic,raw,C_raw,0.0848524420065959,0.8059424672503405,0.0419255062265666,0.8563936768266706,0.1102327832927414,0.9846153846153848,0.7999999999999995,0.2696629213483146,0.8490467353560851
eval/SMD/machine-3-11/seed3/smd_cf_val/eval/last,val_ckpt_eval,val_pred_mae_v2,SMD,machine-3-11,3,scripts/configs/smd_cf_val.yaml,last,80,7d288ea11e9ea2ff610cc13703c7948fa1c275209f82ae3b19292bf7d903811f,0.11632891889992436,val0.2_b22956,train_sub_val,5ce81f09977460c96303baded814c382dee67e641726b729c35bd217ed43f7f8,SMD_machine-3-11_pcmci_val0.2_b22956_3e4f231464b6f3ff,1.0,False,15,66,49f630ac8d324ba01390c1a1dcaa4386cd94ae84,49f630ac8d324ba01390c1a1dcaa4386cd94ae84,cuda,2.6.0+cu124,SMD/machine-3-11/seed3/smd_cf_val/eval/last/attempt1,,True,val,G_raw,diagnostic,raw,G_raw,0.3882896558982343,0.8703830753744756,0.2518724250865671,0.9099470729389224,0.475173122113175,0.9846153846153848,0.7999999999999995,0.3238467572885454,0.8213837946336774
eval/SMD/machine-3-11/seed3/smd_cf_val/eval/last,val_ckpt_eval,val_pred_mae_v2,SMD,machine-3-11,3,scripts/configs/smd_cf_val.yaml,last,80,7d288ea11e9ea2ff610cc13703c7948fa1c275209f82ae3b19292bf7d903811f,0.11632891889992436,val0.2_b22956,train_sub_val,5ce81f09977460c96303baded814c382dee67e641726b729c35bd217ed43f7f8,SMD_machine-3-11_pcmci_val0.2_b22956_3e4f231464b6f3ff,1.0,False,15,66,49f630ac8d324ba01390c1a1dcaa4386cd94ae84,49f630ac8d324ba01390c1a1dcaa4386cd94ae84,cuda,2.6.0+cu124,SMD/machine-3-11/seed3/smd_cf_val/eval/last/attempt1,,True,val,CF_raw,diagnostic,raw,CF_raw,0.0425620161147065,0.9072025318295808,0.0520207204094162,0.9225633283057856,0.1203252095069276,0.354898336414048,0.1317790167257981,0.1343675247794374,0.7507181260596801
eval/SMD/machine-3-11/seed3/smd_cf_val/eval/best_val,val_ckpt_eval,val_pred_mae_v2,SMD,machine-3-11,3,scripts/configs/smd_cf_val.yaml,best_val,79,f1a6dbc4a01658dd59e65061490d28827b1e98bc7da896e03436eb986c6229bc,0.11593845984468647,val0.2_b22956,train_sub_val,5ce81f09977460c96303baded814c382dee67e641726b729c35bd217ed43f7f8,SMD_machine-3-11_pcmci_val0.2_b22956_3e4f231464b6f3ff,1.0,False,15,66,49f630ac8d324ba01390c1a1dcaa4386cd94ae84,49f630ac8d324ba01390c1a1dcaa4386cd94ae84,cuda,2.6.0+cu124,SMD/machine-3-11/seed3/smd_cf_val/eval/best_val/attempt1,,True,val,A_off,fusion,raw,P_raw + C_raw,0.2271969768911735,0.8976985978284726,0.2764245468438849,0.9396364267472184,0.3780170621578776,1.0,0.9999999999999996,0.4007692307692308,0.9942602593169032
eval/SMD/machine-3-11/seed3/smd_cf_val/eval/best_val,val_ckpt_eval,val_pred_mae_v2,SMD,machine-3-11,3,scripts/configs/smd_cf_val.yaml,best_val,79,f1a6dbc4a01658dd59e65061490d28827b1e98bc7da896e03436eb986c6229bc,0.11593845984468647,val0.2_b22956,train_sub_val,5ce81f09977460c96303baded814c382dee67e641726b729c35bd217ed43f7f8,SMD_machine-3-11_pcmci_val0.2_b22956_3e4f231464b6f3ff,1.0,False,15,66,49f630ac8d324ba01390c1a1dcaa4386cd94ae84,49f630ac8d324ba01390c1a1dcaa4386cd94ae84,cuda,2.6.0+cu124,SMD/machine-3-11/seed3/smd_cf_val/eval/best_val/attempt1,,True,val,A_on,fusion,raw,P_raw + C_raw + 1*CF_raw,0.2514750960454529,0.9239434429946556,0.238094404283942,0.956907953081764,0.374020978174337,1.0,0.9999999999999996,0.4007692307692308,0.9942602593169032
eval/SMD/machine-3-11/seed3/smd_cf_val/eval/best_val,val_ckpt_eval,val_pred_mae_v2,SMD,machine-3-11,3,scripts/configs/smd_cf_val.yaml,best_val,79,f1a6dbc4a01658dd59e65061490d28827b1e98bc7da896e03436eb986c6229bc,0.11593845984468647,val0.2_b22956,train_sub_val,5ce81f09977460c96303baded814c382dee67e641726b729c35bd217ed43f7f8,SMD_machine-3-11_pcmci_val0.2_b22956_3e4f231464b6f3ff,1.0,False,15,66,49f630ac8d324ba01390c1a1dcaa4386cd94ae84,49f630ac8d324ba01390c1a1dcaa4386cd94ae84,cuda,2.6.0+cu124,SMD/machine-3-11/seed3/smd_cf_val/eval/best_val/attempt1,,True,val,P_raw,diagnostic,raw,P_raw,0.2267163013210389,0.8973983756268147,0.2760399213269911,0.9393321286251688,0.3767392173721823,1.0,0.9999999999999996,0.4007692307692308,0.9942602593169032
eval/SMD/machine-3-11/seed3/smd_cf_val/eval/best_val,val_ckpt_eval,val_pred_mae_v2,SMD,machine-3-11,3,scripts/configs/smd_cf_val.yaml,best_val,79,f1a6dbc4a01658dd59e65061490d28827b1e98bc7da896e03436eb986c6229bc,0.11593845984468647,val0.2_b22956,train_sub_val,5ce81f09977460c96303baded814c382dee67e641726b729c35bd217ed43f7f8,SMD_machine-3-11_pcmci_val0.2_b22956_3e4f231464b6f3ff,1.0,False,15,66,49f630ac8d324ba01390c1a1dcaa4386cd94ae84,49f630ac8d324ba01390c1a1dcaa4386cd94ae84,cuda,2.6.0+cu124,SMD/machine-3-11/seed3/smd_cf_val/eval/best_val/attempt1,,True,val,C_raw,diagnostic,raw,C_raw,0.0844082541495082,0.8041543413353586,0.0416146561795355,0.8570428121105425,0.1130410828484918,0.9846153846153848,0.7999999999999995,0.2696629213483146,0.8857503039678069
eval/SMD/machine-3-11/seed3/smd_cf_val/eval/best_val,val_ckpt_eval,val_pred_mae_v2,SMD,machine-3-11,3,scripts/configs/smd_cf_val.yaml,best_val,79,f1a6dbc4a01658dd59e65061490d28827b1e98bc7da896e03436eb986c6229bc,0.11593845984468647,val0.2_b22956,train_sub_val,5ce81f09977460c96303baded814c382dee67e641726b729c35bd217ed43f7f8,SMD_machine-3-11_pcmci_val0.2_b22956_3e4f231464b6f3ff,1.0,False,15,66,49f630ac8d324ba01390c1a1dcaa4386cd94ae84,49f630ac8d324ba01390c1a1dcaa4386cd94ae84,cuda,2.6.0+cu124,SMD/machine-3-11/seed3/smd_cf_val/eval/best_val/attempt1,,True,val,G_raw,diagnostic,raw,G_raw,0.3870408285384342,0.87154682420399,0.2543412112061912,0.9110850185017524,0.4680809235321725,0.9846153846153848,0.7999999999999995,0.3301328910904053,0.8333076012377341
eval/SMD/machine-3-11/seed3/smd_cf_val/eval/best_val,val_ckpt_eval,val_pred_mae_v2,SMD,machine-3-11,3,scripts/configs/smd_cf_val.yaml,best_val,79,f1a6dbc4a01658dd59e65061490d28827b1e98bc7da896e03436eb986c6229bc,0.11593845984468647,val0.2_b22956,train_sub_val,5ce81f09977460c96303baded814c382dee67e641726b729c35bd217ed43f7f8,SMD_machine-3-11_pcmci_val0.2_b22956_3e4f231464b6f3ff,1.0,False,15,66,49f630ac8d324ba01390c1a1dcaa4386cd94ae84,49f630ac8d324ba01390c1a1dcaa4386cd94ae84,cuda,2.6.0+cu124,SMD/machine-3-11/seed3/smd_cf_val/eval/best_val/attempt1,,True,val,CF_raw,diagnostic,raw,CF_raw,0.041471112659909,0.9025833468951866,0.0515877430602367,0.920498703316188,0.1207177896012404,0.3598875351452671,0.1316953316953315,0.1314352787299745,0.7501483242438437
