entity,epoch,AUC_PR_mean,AUC_ROC_mean,F1_mean,PA_F1_mean,Event_F1_mean,R_F1_mean,Aff_F_mean,VUS_ROC_mean,VUS_PR_mean,AUC_PR_std,AUC_ROC_std,F1_std,PA_F1_std,Event_F1_std,R_F1_std,Aff_F_std,VUS_ROC_std,VUS_PR_std
machine-1-1,5,0.49456442149072144,0.8802377037829657,0.4829261775237354,0.7824711994578721,0.5437280259933861,0.14182882322030832,0.7026690592773608,0.9129999583683442,0.5254572091942361,0.06290243532227266,0.059830820076320845,0.07216109616501444,0.0,7.164325217856669e-05,0.00032056581323088734,3.933844205439523e-07,0.04487582334447134,0.06243730711036199
machine-1-1,10,0.46945973724893275,0.8492699164338343,0.4541375081807805,0.9290626169775329,0.6895699302922463,0.1939194331300354,0.7103140210317724,0.8918526317092266,0.5119777458596695,0.04823007090142502,0.04576246485569187,0.041449556150519797,0.048510354924314776,0.051039730212201366,0.02016080673683422,0.012897067474994434,0.03074460123204684,0.03777180199876984
machine-1-1,15,0.48751131648466584,0.8666699115289189,0.46609029558274484,0.8904923815944136,0.6548303734094153,0.18304161462660007,0.7132671290948532,0.9078709806300185,0.5355627265703811,0.03371900005233042,0.025004380075908574,0.03658512177346198,0.1247321171694276,0.1283487164816882,0.047606878889957814,0.012833695822484312,0.01658206239444913,0.032300226451403374
machine-1-1,20,0.49118912782664004,0.8666872501027642,0.4677638079115959,0.849309197155037,0.6036899219420114,0.1627553447148959,0.7026680435005085,0.9099607430670074,0.541590637537244,0.034719511013077485,0.027045373875091542,0.03627885999422308,0.07717787192510753,0.06967721808641125,0.02436825430819116,1.34812261517898e-06,0.01687836484558288,0.02562954915272449
machine-1-1,25,0.5001321274732338,0.8709479544111868,0.47108914329084517,0.849309197155037,0.6036697015977033,0.16274292358928824,0.7026690743243099,0.9150343445406491,0.5536007462586844,0.03355584000165714,0.021850428001777517,0.03338018511406956,0.07717787192510753,0.06967995918586783,0.024364574576790487,1.2879651655421641e-06,0.011615183992688577,0.022459241052576445
machine-1-1,30,0.5098535818754558,0.8752781876247974,0.47917129520614704,0.849309197155037,0.6037237863124696,0.16277597430115115,0.7026688318558656,0.9184763233754183,0.5636618667689797,0.05336466977166248,0.028635826334338265,0.04917535342199349,0.07717787192510753,0.06969001288398224,0.024321200769021716,1.1273286798812424e-06,0.016514306368210652,0.0415387316721103
machine-1-1,35,0.5140239976697314,0.8747714843650995,0.4849411044140741,0.849309197155037,0.6037670098516944,0.16281510216268846,0.7026681782688433,0.9188095061043495,0.5690174487269188,0.06245039537114079,0.03289985598884508,0.05777539883592091,0.07717787192510753,0.06962301077039952,0.024233637759269382,1.1766164366334826e-06,0.01956771396903773,0.049048928825860434
machine-1-1,40,0.5202442289938821,0.877005579046155,0.4938159894494851,0.849309197155037,0.6037687654894585,0.16274017337595892,0.7026677635538918,0.9212852732544246,0.5757171459263452,0.06877865097833587,0.03323208245116284,0.06682638050277451,0.07717787192510753,0.06963892337215444,0.02437140981865701,1.2838098777245537e-06,0.019908826760756504,0.05621684356727602
machine-1-1,45,0.5202685999640404,0.876271139595335,0.49528118248773956,0.8827281960036195,0.6337698004926318,0.17330854738052803,0.7026672686768944,0.9209735244343203,0.5773634019376012,0.07096211029073651,0.033961430078057936,0.07344860057723757,0.0668379976971649,0.06012899615782586,0.021005413515110507,1.9841970138265268e-06,0.02127379417704928,0.0591002830140046
machine-1-1,50,0.5256776664789653,0.8782635166999844,0.49988045795368896,0.8827281960036195,0.6336840136212613,0.17319848822354117,0.702669311209975,0.92328806228823,0.5820848569621924,0.07491222891801494,0.03499779285812601,0.08044112162668739,0.0668379976971649,0.06012051269600729,0.020917785543768826,3.9965912516252293e-07,0.021661425283416868,0.06419304850860219
machine-1-1,55,0.5299866698268526,0.8823230453090921,0.5009512347623147,0.8827281960036195,0.6336530791608102,0.1731940813738789,0.702668628756896,0.9250782524740995,0.5853974426425663,0.07653873823924813,0.033493825718444115,0.08138487369798238,0.0668379976971649,0.060067223114576365,0.02087750297490591,1.5374094682969222e-06,0.021464677245429768,0.06626727573107424
machine-1-1,60,0.5286810229609014,0.8833281983649207,0.5032858986181667,0.8827281960036195,0.6337208146350155,0.17329246644273116,0.7026685102669392,0.924479136476728,0.5814310962171273,0.06512482221229388,0.025094285512547398,0.0727733062012595,0.0668379976971649,0.060111940922854705,0.020943320580114326,1.6053404163663557e-06,0.016039675045920798,0.05620790701164908
machine-1-1,65,0.5331228328222426,0.8867756727971486,0.5062454632563417,0.8827281960036195,0.6337545101371037,0.17325931119343482,0.7026686326371119,0.9270059068356424,0.5854285150922944,0.06840212898729738,0.029719050370440293,0.07430503775917703,0.0668379976971649,0.0601506631411311,0.02101992105557637,1.5607695600444913e-06,0.018372365133011586,0.05808564517267652
machine-1-1,70,0.5390417704502766,0.8895848061760576,0.5127849475165509,0.849309197155037,0.6035700482169153,0.16270564678745036,0.7026685817208231,0.9292235680940498,0.5913534000067511,0.0650460249150622,0.030468366319191826,0.07176958331476573,0.07717787192510753,0.06934687701047684,0.024282297396772012,1.4055714988878943e-06,0.0184447844810391,0.0545590602595311
machine-1-1,75,0.5382546330898182,0.8889326817485762,0.511690114010909,0.849309197155037,0.6036336122216523,0.1626588371541466,0.7026690190538016,0.9284539559583023,0.5900898933663278,0.0722766436601453,0.03292256257083427,0.07997411529654486,0.07717787192510753,0.06934728512513057,0.024229717574552116,1.6053523960440616e-06,0.02113773795566323,0.06322487266775001
machine-1-1,80,0.5423339828669385,0.8896439844998911,0.5172272655528465,0.849309197155037,0.6035240414228853,0.16269708179122755,0.7026687498966557,0.9292138852630684,0.5944164613325602,0.06994876063429947,0.03201086503357656,0.07497645305598358,0.07717787192510753,0.06926401896569376,0.024364950012869743,1.5280989256259928e-06,0.020372237335454343,0.06230462193351874
machine-1-2,5,0.27200995577151876,0.8739491873324731,0.38235198285388805,0.9107946005144582,0.6482520024559107,0.25426006922342503,0.8924508826601073,0.9272269862889109,0.2947212014140466,0.006384597575745678,0.002750899650359955,0.010994163996326438,0.001159026263337376,0.01418075036898048,0.005844514846994903,0.010169001423264748,0.001744393819539625,0.0073859111611203985
machine-1-2,10,0.25764251089055246,0.875682145805168,0.37407666966524256,0.9085690718729676,0.6556527499334095,0.2507736275525161,0.8770408215150232,0.9202380403537127,0.2777566544187906,0.004348819749186438,0.006356982492858758,0.005059180108480259,0.004191841021395396,0.025578837818123593,0.0017591063275873998,0.0051492344708257195,0.004322646417853752,0.004572485372402844
machine-1-2,15,0.2519568455242453,0.8629560586968268,0.3728886288985899,0.8827853246668269,0.6458731966816558,0.2508796432099033,0.8633112072932032,0.9098556710886565,0.2663338054131089,0.023355929620169292,0.02089143361935795,0.012634720375167371,0.04748893719008228,0.03481089160657058,0.012011936724599683,0.024439575176782014,0.017645101705721707,0.02087890217983752
machine-1-2,20,0.2601082754486948,0.8622737135853404,0.3759596834653663,0.8905230728942575,0.665539254034796,0.2604678650825287,0.862080110763664,0.9087394730570844,0.270509054802996,0.022446433934317583,0.013498433574863425,0.007391559649504304,0.03162303929564117,0.038018129343201944,0.012398638394335334,0.028133410475568568,0.010953292592929775,0.01096866128964507
machine-1-2,25,0.2692115199016699,0.8715043166559653,0.3837525118470833,0.9019039158619373,0.6697860449241659,0.26025506081032657,0.8681308169564,0.9162109862820524,0.280447581985168,0.019211768993077076,0.005569381295406236,0.008940611339485816,0.018538663594474317,0.024775180369173314,0.010626384107334746,0.012590899321913537,0.00450789738057839,0.012190498571535228
machine-1-2,30,0.29480122580506474,0.8737387896175121,0.391286098725624,0.9117323587284548,0.687679091356858,0.27159964433864314,0.8828107749953142,0.9207133596342314,0.3096767790458677,0.030821313331235733,0.0027472979378570794,0.015332812042009652,0.03557327813309788,0.03241502234511356,0.0137979475898729,0.02958506277451263,0.006407707567346012,0.03244793536305351
machine-1-2,35,0.29297873741531477,0.8819039310062115,0.3886265679548025,0.9057789435141731,0.6945914622786603,0.26792403513256313,0.8762607664480078,0.9250615950473293,0.30841297125012646,0.018976562602368543,0.008986184495561322,0.010196725026463255,0.009767778677075132,0.024387391684714748,0.009793736631643998,0.010875200816835538,0.007913057482342062,0.01910984826895242
machine-1-2,40,0.2882203158563466,0.8827782778594756,0.3888930490923984,0.9091317748162548,0.6954262351489116,0.2682693797111546,0.8830055744247989,0.9264760067429827,0.3075951221203627,0.020891514682793957,0.008850810660359835,0.013365594349011122,0.008731063281002241,0.01870248054948239,0.007803915405535462,0.016753202850666206,0.006692196475579557,0.022708393681440477
machine-1-2,45,0.2833286700508935,0.8790302727164159,0.39074992940230824,0.9041280252294692,0.6972508132791815,0.26459810434270775,0.8836259832375697,0.9237855316583425,0.3040636925654232,0.022486760835109136,0.009164101331034681,0.011629435998124622,0.016958970160128456,0.0307050821969107,0.008447819125428345,0.016811614987883663,0.0071605027444434114,0.023466827373424013
machine-1-2,50,0.2775528264006103,0.8791408179658862,0.3842171226798474,0.909799162704166,0.6944941693021862,0.2629704708569621,0.8934844679287539,0.9241381060828684,0.2961076379216576,0.02081156567077147,0.01200503899149064,0.01547090876860044,0.015234637342687369,0.025010382654213438,0.007665549712511344,0.02064389435355513,0.007347139182422362,0.0222290446480681
machine-1-2,55,0.2696049954951866,0.8765553466471017,0.38022529451104314,0.9126225489019338,0.6876819025069123,0.2606647054025774,0.895397548917858,0.9212380561529673,0.28784759281794314,0.023206214629040527,0.01069759442542577,0.01751952872178501,0.014131188805453578,0.04255104862936243,0.007257785534066663,0.022408940701007622,0.0074888370754432965,0.024460869830399867
machine-1-2,60,0.2731149324988815,0.8789796588768721,0.3830238384814174,0.9102480797877448,0.6770216445739969,0.26292598874432127,0.8924192308819205,0.9236215935276921,0.2921482538403025,0.021280538489011302,0.010277848041424724,0.011909051308716364,0.015457692854897776,0.029074442892580096,0.005011683873450762,0.01983686607692211,0.00690210052226553,0.022694974136553487
machine-1-2,65,0.26705338907261345,0.8764830383148061,0.37891018317929026,0.9101244135703219,0.6674833339167668,0.2563339201623941,0.8893484355494717,0.9222873449098553,0.2842559137501463,0.02196909853708729,0.00865464892327124,0.016626311769244,0.006581015661332691,0.02076464027840319,0.004196247310100888,0.02049120343543992,0.004591256352470641,0.02460388111161139
machine-1-2,70,0.27010824900674824,0.8777652854791953,0.3774897881663616,0.9162218917491642,0.6784441745503986,0.2653613515232029,0.8934215187519984,0.9223925466536297,0.28750609494511037,0.020767172376681287,0.0085058234360528,0.01841675632998554,0.014584805063343406,0.017574330067924675,0.006996454773597732,0.018687664202815306,0.005452391314632224,0.023599980052836082
machine-1-2,75,0.2646945673901433,0.873603071980035,0.37635639382686886,0.9112637883701095,0.6758277865190585,0.258777974961165,0.8888120016740763,0.9199989542960855,0.28225517963309876,0.02609045618810806,0.009979609150628647,0.01740175062286431,0.006395789169382386,0.02482879012489541,0.006682238087097517,0.013728999405756994,0.006856137431986202,0.026440962669063005
machine-1-2,80,0.266920099804032,0.8748290549707554,0.3762997657506889,0.9172277751075701,0.6916962336160126,0.255607657144874,0.8840621418941106,0.9208048357265033,0.2837008272841761,0.025175236782895807,0.00918512309959482,0.019213148312911193,0.013241097027208633,0.022907838865631736,0.006835922353599867,0.014420850241070846,0.007303947238779141,0.027236593735066962
machine-1-3,5,0.19040022811045285,0.7359749940464436,0.26648405242485557,0.5178790627081513,0.28816502878795947,0.2529540913749719,0.6957618555278797,0.8115777599020492,0.17365632138843085,0.020059453618262196,0.026136676796401397,0.026848820154990526,0.20637682991025297,0.1238342667129854,0.06439834181115474,0.04045926696256102,0.019365582190584152,0.02144938225632236
machine-1-3,10,0.18976437484815156,0.7646704471772278,0.283079092117963,0.4548205987070709,0.21784066066121546,0.1700896107610812,0.6701517893051336,0.8325442829545684,0.175414947761094,0.02580732822413273,0.0313598592063105,0.044412088066868284,0.25964198275265005,0.07920586164365019,0.04712061167348387,8.93122990812682e-06,0.025493183298233753,0.024559017704148672
machine-1-3,15,0.17178222926613698,0.7370769035771043,0.24442500185488156,0.3548033218710232,0.21798505090134704,0.17474119288353573,0.6701515156325917,0.8125013937714798,0.15770402584257787,0.022610864342226943,0.057229837617475625,0.048013479168493134,0.09525725775163978,0.06361437522875807,0.09163663178775133,1.1774572874991786e-05,0.04587547398726326,0.023724869024845625
machine-1-3,20,0.16585586866327554,0.7383896085976044,0.23694293764671076,0.5606615792243379,0.24209493986398603,0.22861676470986658,0.7415936832189962,0.808269879239474,0.14813453229275975,0.014715347647935532,0.02485006578386377,0.027769216019816505,0.07991247193319352,0.0647694165115515,0.07642173667880367,0.08491225655583752,0.016767851118964307,0.01704620214785441
machine-1-3,25,0.17538603521319496,0.7609235320985641,0.2492755156853108,0.4464963481372248,0.22582354261314247,0.18220910175942878,0.7051394720798214,0.8295049616762158,0.15840498273618744,0.010806718366354277,0.022724089392645735,0.03415003712843799,0.18755623089915913,0.034370003438105305,0.08353332388085484,0.06998678185690493,0.009181830844515475,0.011830832275335644
machine-1-3,30,0.18083674078266776,0.7609374830294884,0.2646978426826998,0.5135081702828712,0.23708370675283255,0.20742949005528322,0.6974982095926301,0.8314368594600594,0.1649330977743091,0.008573550136514747,0.04113781426648586,0.027883608654315738,0.17055572960539195,0.05216426041314045,0.07308855811673913,0.047783660574874924,0.02802325805913611,0.011829104508301233
machine-1-3,35,0.18371290505864313,0.7651243540237453,0.2646052385401191,0.4704763054387972,0.2146500269935693,0.15846919873557838,0.670145728445244,0.8361034605960814,0.16975444271778278,0.015811819846851014,0.03832431970205408,0.036334731584796366,0.0980032120851675,0.0671468688960365,0.02482796346943117,1.0183104384189016e-06,0.02512714545441509,0.016532991618060777
machine-1-3,40,0.18240364296877637,0.7679581452276126,0.26161929779520043,0.5167400226344602,0.20622005935005253,0.15619038463557383,0.6701547400536692,0.8378683462347043,0.16817736437557226,0.01808959895569836,0.042420828293426256,0.02960624526399779,0.07415668028896572,0.0660688505308682,0.06325772743969826,9.924584338429195e-06,0.029860700568705194,0.017644687805340092
machine-1-3,45,0.1804020204471838,0.7533338979692847,0.2659229816527306,0.45394830675755143,0.1904698634021939,0.19041200307840658,0.6701524027505474,0.8272959495274133,0.16769753390719433,0.012114869216726085,0.02770135989983151,0.03250903150339758,0.07615773652712608,0.06987402944490308,0.04297542891004749,1.1122674344201301e-05,0.01845516370654026,0.010423986082903033
machine-1-3,50,0.18613423599642942,0.7534318821921864,0.27314335327690364,0.48817126850304454,0.21815901879393612,0.19806747665518257,0.6701446113663905,0.8272803150951145,0.17181051950781556,0.009313555214643098,0.02019864270164779,0.014554674974165934,0.06761765180878766,0.06501094311040444,0.025264144727881997,6.243665115861836e-06,0.012264870669548886,0.007318151649441373
machine-1-3,55,0.18913336035126033,0.7589869275363235,0.28147230881815455,0.42686546914213297,0.21821389248396506,0.19213978635562556,0.6701486072868112,0.8329469181977566,0.17654874651441038,0.01091901643504385,0.02949076817575137,0.01644396597553495,0.15687414477601,0.06722609428478571,0.02369899560494672,5.212631642807957e-06,0.01930938143034279,0.008599469962602514
machine-1-3,60,0.18440391340763065,0.7558959469750128,0.2722806363407451,0.4050511208058766,0.20718596603310568,0.14749331570882412,0.6701486790871394,0.8283282673936415,0.17009103212554483,0.016988476274846315,0.03286330430853008,0.025916338792393974,0.18096413276220394,0.049283799031041645,0.05665622092759094,5.266204566132706e-06,0.023700881994128453,0.01507329929887913
machine-1-3,65,0.1846149835555421,0.7578301305223951,0.27068675948406196,0.5104809065398126,0.2306633542409193,0.16436693772949423,0.6751255480288771,0.8276989469941429,0.16971183849034677,0.01719132181458837,0.03786521807310683,0.03600924493106192,0.20842355783748154,0.051646385379935725,0.08510950959665965,0.009958493997640913,0.02858577070375219,0.01835379553018102
machine-1-3,70,0.18081940751132028,0.7455276699527017,0.26112353452356274,0.510052087120321,0.21694982960208206,0.1609072107484672,0.6701485381997243,0.8175549326177431,0.16543799186636013,0.013906619875143165,0.04589493729651491,0.017159420611838592,0.21983139233291776,0.07594608129353927,0.09238665527818626,5.1932091618658695e-06,0.03509609856686372,0.013323098542370265
machine-1-3,75,0.18358733516070955,0.7548799567202797,0.26932238340007236,0.45478710510262244,0.22441066737957632,0.20818902030748612,0.6719908981868874,0.8243682662749077,0.16780281160450203,0.029888667828298212,0.04508548152410074,0.04666599968428796,0.15092592502194327,0.06008967226475752,0.05452208461581901,0.003682597803683148,0.04021068445733346,0.03214068694274072
machine-1-3,80,0.18615414637669536,0.74401243566989,0.27089511341414185,0.41670941818298946,0.24854924253348806,0.18044966987716993,0.6701523242742018,0.8175169850642392,0.1703564181970025,0.01062463353026829,0.04576007418344117,0.017928316925409613,0.23618225721963482,0.06669701190367816,0.01933432806391933,1.15187345047656e-05,0.03598137018573998,0.011360957593032147
machine-1-4,5,0.16660465890392145,0.7715386501943888,0.2606681383699814,0.1773462783171521,0.2857142857142854,0.2763000165009255,0.6687457343704263,0.8532421986522842,0.16867898894661593,0.008881795134817657,0.02205294224963035,0.02859606274436903,0.0,0.0,0.001662973900716401,2.021252063378548e-06,0.014679512764120828,0.011920500882851012
machine-1-4,10,0.1693477664328969,0.7485200291220587,0.2799325716483942,0.277135089009764,0.31334231805929885,0.2818334484699346,0.686769318673714,0.8218390319620089,0.1693396219698889,0.020986100995728327,0.013974690959366503,0.025166070283770353,0.14577549835352271,0.05525606469002689,0.012746161093138744,0.03604133822237892,0.005697651977850967,0.011757645607610018
machine-1-4,15,0.16286977438827757,0.7468806968743049,0.2640671219693062,0.30431650756847933,0.3042562157606402,0.3037170916958103,0.7181383047383113,0.8223035823605885,0.16342872228624236,0.028613135778632472,0.05426878873725814,0.04494924965372504,0.15043833700828357,0.037083860092709586,0.04201901653271467,0.09877931363670542,0.05224556477379318,0.033070286347557
machine-1-4,20,0.1769240663323783,0.7800053311863522,0.2909346466776179,0.3113444471786243,0.3068181818181815,0.30047259165541657,0.7122233960924429,0.8571008747247137,0.18050930399438314,0.016629288936240456,0.03626009202857027,0.021607493058717408,0.16109729042240462,0.04220779220779214,0.019878426033571376,0.08694954233740683,0.022839942047400537,0.014865964121202682
machine-1-4,25,0.17146097522915765,0.7610154580226497,0.29736610940588143,0.3039420058325915,0.2857142857142854,0.3247267674014602,0.693959469235647,0.8418157466324043,0.17489181824273026,0.0030981770797806466,0.03680384051606275,0.014549154952536163,0.1498816756578178,0.0,0.05554470616680495,0.050421682053483095,0.023811290710738477,0.004618875499971293
machine-1-4,30,0.16960921782871802,0.7547250434594442,0.2948712618050979,0.30408223006766694,0.2857142857142854,0.3229214175976985,0.6991423987526793,0.8358435267684542,0.17185987438834763,0.0044385225796355395,0.03610728927953107,0.019888763791613882,0.14993529174739198,0.0,0.05240661481602089,0.060789929441587016,0.02477473185153475,0.00434010935839398
machine-1-4,35,0.17314557998532004,0.763401881691183,0.3002099623915431,0.23683442359572254,0.2857142857142854,0.306405150121781,0.6687476192460001,0.8428402207017904,0.17410092639764874,0.0022469306530371355,0.026314155203456913,0.014868273808381762,0.10332622944018138,0.0,0.021606826267750522,2.0216928460010043e-06,0.014646377152033546,0.0034871982607610264
machine-1-4,40,0.17591843524179512,0.7737700795930407,0.3022954371763279,0.24765726830618418,0.2857142857142854,0.29707604798103615,0.6687476426528824,0.8513483447653072,0.17863037704804155,0.004034609253605347,0.025414609211725423,0.010499378289274736,0.12706042390074943,0.0,0.07219537991604609,2.0372937436029903e-06,0.016385703119441923,0.006159566467269371
machine-1-4,45,0.17462149061090962,0.7674469193358865,0.3045570071571127,0.2582847433239242,0.2857142857142854,0.289097334798024,0.6687465868760192,0.8467227448835257,0.17606432716779144,0.0038843093576739233,0.022854655021200137,0.009912186363104937,0.12327329353967144,0.0,0.06655178185029484,2.377841057076265e-06,0.014788158818661051,0.0063287241708826
machine-1-4,50,0.17661131516988088,0.7713230000797864,0.3084451605106648,0.2499499554080964,0.2857142857142854,0.2908498198899694,0.6687465868760192,0.8510620466417043,0.17867174431028437,0.004831449507667374,0.025788153072330237,0.010285937559756085,0.12624606141233966,0.0,0.06821012879116602,2.377841057076265e-06,0.01943970241497494,0.007367560258359926
machine-1-4,55,0.17342146667941144,0.7616238902428409,0.2968812376320006,0.2426068328763626,0.2857142857142854,0.3081015136385623,0.6687472335828061,0.8409827092547043,0.1737915700896101,0.0067198566366156905,0.026333588695652853,0.01778044727334777,0.1303679061281573,0.0,0.056557377349047006,1.943469742452408e-06,0.018973973902715408,0.008320211893124804
machine-1-4,60,0.17436805880911052,0.7627949681337705,0.29901179519582827,0.1877731565667688,0.2857142857142854,0.26313098795322737,0.6687472323509986,0.8429571140762315,0.17574431033610363,0.006153215974181389,0.027413733847191306,0.015381679951955675,0.020853756499233395,0.0,0.03907764741645064,1.8801840331041088e-06,0.019441215776442578,0.00699575271920689
machine-1-4,65,0.1749463027188803,0.7610211926746356,0.3046680540764728,0.19583864328032619,0.2857142857142854,0.30291170195609857,0.6687472323509986,0.8416878375060712,0.1767988823523479,0.0036392236907502643,0.027341000769166974,0.012927127140196495,0.02135314377888273,0.0,0.01689437800666376,1.8801840331041088e-06,0.018676283364625183,0.003862641201147369
machine-1-4,70,0.17487008871936552,0.7634839650366051,0.29956022953176165,0.18763155747735988,0.2857142857142854,0.26426854741767547,0.6687473845534775,0.8438501325124477,0.17610913765092995,0.008701733963022828,0.034873398478835964,0.016317496339141188,0.020570558320415544,0.0,0.039724191738359005,2.973576298604196e-06,0.0268029078966309,0.011148565359486303
machine-1-4,75,0.17405429062443323,0.7645992075149176,0.29336115048958,0.18670754598908124,0.2857142857142854,0.27897228061393087,0.6687471896183887,0.8452797403871866,0.17553019504674158,0.005407728907951204,0.0302867636653141,0.010347802715756187,0.018416920043259774,0.0,0.03948257211111342,1.8902810703705425e-06,0.020016684209175663,0.006609785933006293
machine-1-4,80,0.17364368880452644,0.7647833359324379,0.2940727397306325,0.18666050238865772,0.2857142857142854,0.2837369351797829,0.6687483275016277,0.8443331976184613,0.17439501330706855,0.006762068833869479,0.022820914879575695,0.023566949086997947,0.018628448143011248,0.0,0.0051269026026746775,2.6942691784974963e-06,0.016344576955743692,0.009307364233367308
machine-1-5,5,0.5315785728707974,0.9197407509429165,0.5414334451655314,0.75,0.7272727272727267,0.518862010053686,0.898679120689841,0.9651650870757245,0.3864129395298468,0.0099834227397204,0.00537002814486091,0.006404860236930931,0.0,0.0,0.018543994911143013,0.005658934659637217,0.0036863600223447203,0.005522207398447444
machine-1-5,10,0.5336471217792189,0.9248183031741323,0.5589127613656647,0.75,0.7272727272727267,0.5496548504724788,0.911566911976816,0.9678984779419341,0.37523804786175396,0.005692546652750361,0.009425837023244291,0.013582625320186214,0.0,0.0,0.02764371139311741,0.00930203730026334,0.0054122785451129985,0.013586205580662668
machine-1-5,15,0.537933298699382,0.9298753019451625,0.5513239459612252,0.75,0.7272727272727267,0.562424208416029,0.9168470197480236,0.9716377857813544,0.37190152130171505,0.007758163393000939,0.010263136799008542,0.010753942302982471,0.0,0.0,0.023247993608912984,0.006010761555226104,0.005109614001416099,0.016187933261614038
machine-1-5,20,0.5465731391356029,0.9307347332288003,0.5568918738331403,0.7517430278884463,0.7272727272727267,0.576698530261538,0.9223939908683788,0.9729091773900651,0.3716517610068756,0.010787540901988637,0.004589607027207229,0.008444222367136569,0.0034860557768924085,0.0,0.007522755360937078,0.020934879507262777,0.0015123536183773792,0.013602487947853802
machine-1-5,25,0.5421613501619149,0.9307476586006695,0.5554565424286069,0.75,0.7272727272727267,0.5790028092553152,0.9290270304877147,0.9718185405550346,0.36845392054244136,0.0041673166457506135,0.0033147221523198342,0.010586378298429837,0.0,0.0,0.010289170301883784,0.013498211704684489,0.0018353834975235878,0.006052699689166261
machine-1-5,30,0.5421304384689422,0.9291711870152987,0.5531760355772994,0.7509920634920635,0.7272727272727267,0.5790548028545608,0.9198055351698919,0.9715456886120994,0.36929890388017467,0.0038463258909199657,0.004893440013130253,0.0063176587875087625,0.001984126984126977,0.0,0.008786621631987668,0.02317296319150587,0.0028200182799454146,0.003908407016283987
machine-1-5,35,0.5447018550146564,0.9309928168835021,0.5512003596962445,0.75,0.7272727272727267,0.5734672968244935,0.9323930062615096,0.9722544070727919,0.37495978913279077,0.004177740551974688,0.0023592842693654866,0.004893409507631782,0.0,0.0,0.007293846149551515,0.011989507864480374,0.001730398715823975,0.004569390005673136
machine-1-5,40,0.5449185917901076,0.930842056193584,0.5540502220654651,0.75,0.7272727272727267,0.5707740095890207,0.9149188113776483,0.9720855123434279,0.37276463995124703,0.003805404127218184,0.0017600185524191615,0.005109796299329737,0.0,0.0,0.012328874962479227,0.013015013572854521,0.0013879648673449487,0.008917602903999858
machine-1-5,45,0.5432936479914613,0.9314323854727296,0.5475074333464267,0.75,0.7272727272727267,0.5612643000766113,0.9255565853930705,0.9724059291010365,0.37964937217773886,0.005537578740041219,0.0027847694345009594,0.006850862167471811,0.0,0.0,0.012325349984013379,0.020610758383316784,0.000953258917050452,0.006907863846566139
machine-1-5,50,0.5432180594668661,0.9295016315633343,0.5499572491675621,0.75,0.7272727272727267,0.5647483207407311,0.9262574737651761,0.9714071787301658,0.38218883158974726,0.005070614167182851,0.0030474173633612267,0.007295075876266654,0.0,0.0,0.008025389781080866,0.01849066766772855,0.0009389154859142197,0.011781959299968127
machine-1-5,55,0.5439248632572078,0.9291559838115014,0.5507012182683488,0.75,0.7272727272727267,0.5678413836486121,0.9192273211064538,0.9712574658406526,0.3703804181823255,0.006126514386700048,0.002325358825272558,0.008964531447484483,0.0,0.0,0.007124343423127326,0.014335520207270473,0.00017083230975912346,0.009127491661190644
machine-1-5,60,0.542764710691675,0.9296011145484596,0.5507818718667931,0.7532630522088354,0.7272727272727267,0.5513270114578777,0.9351000726808267,0.9713849743710811,0.3756825740655507,0.007191951092582396,0.002804127429005469,0.01086562177515558,0.006526104417670745,0.0,0.012681429569162633,0.025063310878815727,0.0007434573427241125,0.014808262947400974
machine-1-5,65,0.5446066159430352,0.9297533584777726,0.5499178323783738,0.7502470355731226,0.7272727272727267,0.5589755370693654,0.9139446500007398,0.9717516998753497,0.38300761250507864,0.005795392429511846,0.0030327747762153583,0.006267021758656247,0.0004940711462450472,0.0,0.01331038611308825,0.025185038394493188,0.0010412793170819713,0.010567794911025628
machine-1-5,70,0.5417133259017184,0.9280641606983939,0.5472434720195718,0.7525,0.7272727272727267,0.5572044823239213,0.9173698083956769,0.9706546813315156,0.379595553608527,0.004341763841573701,0.0025683312430459055,0.006578851130850947,0.004999999999999989,0.0,0.011326680835608283,0.02688250689872571,0.0009370013934589918,0.017051143381423394
machine-1-5,75,0.5428031160032222,0.9290620629741069,0.5522224143818376,0.7517430278884463,0.7272727272727267,0.5619112297259063,0.922463194306924,0.9710538310568709,0.3740455212140083,0.005152395526180748,0.0028829716501257026,0.00795003561855468,0.0034860557768924337,0.0,0.013333179370209636,0.032827906273609854,0.0010154983049635532,0.013279047204123878
machine-1-5,80,0.5426170102898116,0.9287274865448998,0.5486431832278336,0.755589430894309,0.7272727272727267,0.5621651469176978,0.9221464796056167,0.9709765095218837,0.3810483191303482,0.004398643791031236,0.0037436507290654186,0.003829629071536094,0.011178861788617923,0.0,0.012155545092163697,0.032804963312342436,0.0013942757309810339,0.014106784533957435
machine-1-6,5,0.8729241541553431,0.9251838985718086,0.8567567736805383,0.9953464013666686,0.9373119533090001,0.6364787784682014,0.8951901422466493,0.9007008162153232,0.8432911075264028,0.003917662850490777,0.0037965974265538,0.01287907139471629,0.0012038668772867789,0.021479379661861777,0.03654629983036906,0.022518665741231014,0.005560263896661419,0.00863304312696678
machine-1-6,10,0.8619681613514553,0.921707863365778,0.8313395147749507,0.9949059729605345,0.9419804871502456,0.6396477785279188,0.9071615206794978,0.8863728558495463,0.8221131707613498,0.009258242969948252,0.0035923901728472456,0.024540476113662456,0.0012847209667072093,0.012319667598378204,0.020168591956246266,0.008677476240788701,0.006167890687849864,0.013026636805984294
machine-1-6,15,0.8469632223071949,0.9161412108289253,0.8119866035837924,0.9917638342975029,0.8588561657182343,0.5635543859939797,0.8588104283148268,0.8633386574937741,0.7632261993914793,0.054218260416446465,0.0198671270895975,0.0760656983970335,0.006397977169689042,0.1704088141459646,0.15850060318264766,0.07803071127355435,0.05598894476039367,0.13442737686957437
machine-1-6,20,0.8542964547217299,0.9250461771074974,0.8163282588397995,0.9937165606324103,0.9263395204528077,0.6208943953534038,0.8908590470031791,0.8903497315733014,0.8090362825781487,0.051205708504902754,0.017005385745266593,0.07621760100558882,0.0022371399589308505,0.0308981858823256,0.03794669242678739,0.01643077750506277,0.0214984801175023,0.06240319652613348
machine-1-6,25,0.8754711785143238,0.9288113678054346,0.8511886747616246,0.9952414158641955,0.947239093866673,0.6459563781689538,0.9039776755785252,0.9001356180158705,0.8379571569907838,0.01965130333091836,0.013381399208715207,0.025001612352544347,0.00017191699655610062,0.005994451772275917,0.011178099853296078,0.010261396844662964,0.012953450659310913,0.019387393996052885
machine-1-6,30,0.867949837441924,0.9243061223550081,0.8420387684943829,0.9950089463558134,0.9424425168570062,0.631845791252333,0.8958453063539771,0.8934953264450115,0.8275889974876492,0.01387280752868744,0.010133395819655546,0.024855043210339656,0.000294690682077993,0.011973718826051222,0.026855745367278975,0.01987938463595043,0.008243916118524668,0.012628475641058401
machine-1-6,35,0.8617602127494652,0.9205032254838543,0.8368300167011817,0.995210509099592,0.937153382209066,0.6309154043931673,0.8887097802382284,0.8900354848360474,0.821018351644214,0.016891440996456668,0.008746747847631789,0.030112650470814864,0.00047752580002672214,0.017330367210954746,0.02561314183566636,0.025875353927040008,0.009897588794643357,0.019564249104743445
machine-1-6,40,0.8627315158432232,0.9200508003545849,0.8383316547744346,0.9947321299090541,0.9174911716182989,0.6113879024005762,0.8792917270846071,0.8883994335198779,0.818922264999198,0.016568681740835256,0.00818528524178447,0.027385806889715883,0.000756862940183648,0.014012484549188802,0.010980838059181534,0.013850025081728471,0.009802158189007365,0.017402836978951963
machine-1-6,45,0.8662758253684739,0.9201017059671026,0.8487334411127766,0.9948010458280919,0.9178831190055108,0.6098019575508715,0.8800525492966631,0.8890865249767455,0.8233460737223891,0.017262091461773127,0.008710812357188279,0.025868628242584648,0.0007366065935688168,0.017316105312065386,0.026922343604730985,0.023387855171367957,0.011208775138388768,0.0209258531038213
machine-1-6,50,0.8639557214012191,0.9192641542820141,0.8434249033876778,0.9948665061218548,0.9179412162050563,0.6155493442381575,0.8786492320787203,0.8888802825965044,0.822472690647377,0.01696864613580054,0.008119175388419119,0.02746827587383326,0.0008996321704928871,0.01821326914160279,0.03278184900400448,0.026744274848357338,0.0094782387528551,0.020932955055730198
machine-1-6,55,0.8634929454236143,0.9192685715368291,0.8417749207444949,0.9948698165569406,0.9255370525533646,0.61770111472769,0.8865905771336008,0.8891595143871772,0.8221696598538688,0.014031512361493316,0.006767921518310673,0.023391625497900404,0.0007383621302865361,0.016868819322614005,0.031757241038726354,0.022265914800260987,0.00786685699971183,0.017364017440698973
machine-1-6,60,0.8655065941830616,0.9193252514820641,0.8474909739275879,0.9948393278945977,0.92226710475771,0.6228616999289479,0.8824783054840043,0.8898873992896956,0.8262992226376209,0.012621896002856337,0.006183084949994359,0.01975171161913087,0.0007652331957046013,0.01743134529058881,0.03715803016395575,0.028697013257386085,0.0077937591785163405,0.01857443022177214
machine-1-6,65,0.8656975724430895,0.919445283672222,0.8473117752380683,0.9949009163304485,0.9197565069053212,0.6141480252885729,0.8777974126449388,0.8899031440765448,0.8256687370671529,0.013961298955043434,0.007258099793658795,0.02205458844926917,0.0009443410886892823,0.017113979048499355,0.0480804052847404,0.02791357095728699,0.008751584279865476,0.018595340315174524
machine-1-6,70,0.8675177521488895,0.9196952172496727,0.8542777666288108,0.9950394717343126,0.9213682136297546,0.6282475624460098,0.8855346660176628,0.8904648276829735,0.8287543832320433,0.012140503518043046,0.005960591220404081,0.017305494085627378,0.0007980953122291812,0.016827091420642534,0.0432184131808686,0.027421808362077967,0.010828605538266747,0.02164173904433313
machine-1-6,75,0.8616463656691943,0.9174364826101742,0.844293228109923,0.9941232892999813,0.9159079784709118,0.6089059627981852,0.8645708706120578,0.8877822779132276,0.8206359279143158,0.01672396245011797,0.008907067914063444,0.025183365046515,0.0015570798224245795,0.020474825059676776,0.05848586280288625,0.03802523526702802,0.012570391969406819,0.0253795065751446
machine-1-6,80,0.8649443444194452,0.9195566096337462,0.847529129768097,0.9948661243562447,0.9176266371995034,0.6112113373382709,0.8726716076302368,0.8895171893205782,0.823331886948499,0.009994126563217628,0.006392139669220805,0.011646272883041722,0.0006811224011326616,0.01999376443328916,0.05481024989113431,0.03077496540555809,0.012391417339185043,0.021038588994288298
machine-1-7,5,0.631329420263063,0.795974645283313,0.7096044669587344,0.9983322034122085,0.9560351201505244,0.5706093249697993,0.9583377854138051,0.813575658988507,0.6413729359670064,0.004813964828571166,0.023593980672432714,0.007859295877146302,0.000339783091185156,0.012176623166392644,0.020739119872144773,0.013195221787792203,0.022058698597388342,0.004627366073230824
machine-1-7,10,0.5841597709414351,0.815066524926244,0.6624852637782077,0.9958994269283671,0.9321028678131886,0.5495302598600045,0.9403754375403135,0.8317603434302105,0.5954754004002502,0.09208771943376864,0.004171378133661939,0.11465609498916526,0.0027438553459413536,0.02629547927633951,0.04084004154411703,0.02296727722684909,0.003959024150776445,0.09352323516075758
machine-1-7,15,0.5675300739587577,0.8217723709792606,0.6558487925212013,0.9938876912512968,0.8764082638612644,0.5267491382209574,0.9198115407932956,0.8393368026437955,0.5803178387183083,0.08802808138656458,0.03231058474311236,0.08933072690421694,0.004576941338057595,0.06287106189320303,0.06794345691356136,0.018912534522588103,0.03172167782269959,0.08798032810906282
machine-1-7,20,0.441070767818903,0.7977538870069821,0.5627357404318231,0.9923736834149881,0.8225234119186626,0.44545500357835255,0.8637342384402932,0.8163158106676449,0.44772843107969224,0.06949294730062126,0.016439459503703614,0.07925776740589316,0.003452156250296903,0.05812528335776384,0.06666496010977668,0.06349940795633874,0.016160955193196408,0.0729008199250505
machine-1-7,25,0.4218672225367539,0.7996302892147089,0.5416376949980393,0.9918805746394151,0.8418733632622877,0.4695598675631275,0.880079384533551,0.8192851739995795,0.4277339707133364,0.11420291734176818,0.02555658215724684,0.0903835939908579,0.0033931065841491183,0.06731306156370523,0.07406404082992436,0.0484749723517864,0.02493773455384016,0.12005827426858977
machine-1-7,30,0.4565287984884057,0.8124374992899595,0.528501922570714,0.9932193661931747,0.8850652827901672,0.5315070907971036,0.9049186486905494,0.8317560633920993,0.46411700599818095,0.10593190288064072,0.026970528140309036,0.07608249254088094,0.0029293820352177596,0.050661830713350516,0.08474509191846086,0.054972217767459884,0.026379448099629735,0.10935485321994685
machine-1-7,35,0.47238095564789845,0.8077068930935478,0.5127293349447625,0.9927927362551217,0.8914578897591245,0.5286318435325718,0.9128536701146235,0.8288767959181359,0.48279909461928433,0.08688701735304949,0.01381858979674755,0.09415984405997231,0.002552613522218388,0.031456728823753784,0.04375817244135117,0.0412659652817925,0.012113924850601402,0.08477596586345322
machine-1-7,40,0.48915504036438257,0.8132960681184531,0.5188743771376195,0.9951830849232378,0.9033150785293815,0.5398128488417707,0.930061205638784,0.8336000041621867,0.49837694567228974,0.09627744108411503,0.019835371246952758,0.09960320113977236,0.0037896962208369997,0.06298561221139712,0.0638624199636469,0.050296081999444235,0.01986365016530961,0.10004287749946453
machine-1-7,45,0.4784847602768371,0.8149446893077879,0.509985625298664,0.994859842192503,0.9090351811518329,0.5393912890269323,0.9250598948256958,0.8349591116077539,0.4876321776439203,0.08894592438902314,0.018076899311150665,0.0780099822100018,0.004156857818269637,0.07242682366169079,0.08228786017732569,0.05907950901234826,0.01896550495952764,0.09246958810621762
machine-1-7,50,0.4944081549445339,0.8072030482972541,0.518567201429518,0.9938878457864481,0.9241489485454424,0.5519330706021112,0.9344693933301412,0.8270003205451244,0.5037925680026935,0.08033131550662284,0.01704497821559192,0.10835334412656507,0.002400798554775886,0.04652119458430875,0.06277664171933005,0.05666978855579895,0.015748284977385986,0.08165678882654975
machine-1-7,55,0.5030420874239206,0.8129985194919361,0.5239165466048155,0.9948276289563663,0.9294701818400043,0.5506384408073124,0.9346810820558155,0.8324142576168178,0.5117619110122674,0.08431823419380867,0.018428102215129232,0.10272974653559573,0.0040323008345845,0.053603581455430975,0.05407602396583355,0.05292057501738285,0.017959155903934324,0.08658884009998274
machine-1-7,60,0.5303925515280118,0.8191968505733798,0.5607423526884683,0.9945593144432072,0.9280583494553516,0.5682934359027847,0.9489160892155213,0.8378505155552421,0.5394315762174482,0.05760289413691006,0.013799429682239872,0.08264600510351772,0.0031696923252540797,0.04895929744719257,0.039315008704097223,0.03398729961104512,0.013476814264485708,0.058043258322053905
machine-1-7,65,0.5404074693674722,0.826055744649428,0.5663058719654156,0.9951867839786799,0.9304534137269548,0.5547347143445267,0.9425821584091392,0.8443423240675475,0.5489639830495494,0.08676788633326063,0.018514265975505123,0.11666709277401155,0.004049504035996852,0.04439141694209749,0.04219887360389927,0.04727988139162879,0.018354734198800095,0.0906531151230036
machine-1-7,70,0.557024438205871,0.8385604700919155,0.5861522246818145,0.9941898163682075,0.9357866297288535,0.5654268165410873,0.9576688683915284,0.856382786044685,0.5679599829763792,0.06783558595233195,0.015470469521366813,0.08353830152116681,0.002767719066438638,0.039175114281137284,0.03732220741833316,0.021055528756826876,0.014344764750730862,0.06988117942466131
machine-1-7,75,0.5345502263687422,0.8362755350180262,0.5411510249317231,0.9932048810935397,0.9334825055657654,0.5694621077110166,0.9538064526263346,0.8539927046335061,0.544609106713637,0.06503259976791254,0.01174423607545583,0.0767627581515179,0.002762001643909443,0.027398582887954884,0.03269884422857671,0.010725539804161252,0.01074201823777892,0.06696347216515926
machine-1-7,80,0.5443111628932829,0.8315738690963308,0.5508662432269922,0.9946055931194102,0.9516354588613521,0.5801946038176182,0.9623877630354853,0.8495544048757993,0.5535916659484176,0.056008313550297645,0.017096849289633984,0.07690818055012894,0.00300894683958976,0.0073502436148815825,0.014018093133829861,0.005775063245509732,0.01727522737062136,0.057964315766931986
machine-1-8,5,0.21149557549217118,0.6306318773112061,0.2595385874497657,0.5703017096603703,0.3199929174292106,0.2604041244973501,0.838436811557674,0.6304287810303577,0.09462258088785802,0.00489726635733416,0.01356454052323783,0.0073860759335873565,0.028892698883459633,0.03336809534267017,0.02596331635041615,0.006345935837836299,0.013306690127129202,0.0043824892575226575
machine-1-8,10,0.22387650800721426,0.6068105799471466,0.26110717423408425,0.6136983341337937,0.4553765644525821,0.26375196890160946,0.8383358607146023,0.6071371864589226,0.1235534880329433,0.013111533897456371,0.017260695176676055,0.01977074847146435,0.08646543403620625,0.06611264111142653,0.02266995272013569,0.011162111303252278,0.018277836535789568,0.01061257666959528
machine-1-8,15,0.2275147325902988,0.5645671448744866,0.2696587719082481,0.6624449426740371,0.47875114488499976,0.29749270966211266,0.856159235946038,0.5694441831113035,0.13557263081944812,0.014273209246292926,0.007427585584202025,0.01603958034550444,0.09354584500788317,0.030807661279350636,0.025771162376636323,0.013845745634768269,0.006676009742940537,0.01162970038713825
machine-1-8,20,0.225433135301372,0.5558965757806373,0.26901596088853874,0.7416098726393133,0.49461851412886226,0.3179722412423581,0.8598348428679671,0.5629011058371153,0.1374144135805629,0.008484966607110631,0.003180751086102248,0.009672517354723848,0.08318498271333029,0.03129856240266348,0.018445228407730975,0.014715357697949879,0.004107943139398486,0.008257572151840897
machine-1-8,25,0.22552932266014689,0.5544452273473143,0.26973829252638803,0.8189502112049911,0.4966306375940315,0.32530456542271086,0.866513730929493,0.5634344948336637,0.141514996058533,0.0057833831404627365,0.011310525909439578,0.009638841149004611,0.0898349088227455,0.03911062170480614,0.03705255232283083,0.00905130051354352,0.008414817550739449,0.007786475175688659
machine-1-8,30,0.228573529823875,0.5538651195677705,0.274136134560678,0.8390791132169626,0.518805580845399,0.32417736832756666,0.8658141612913945,0.5639447163260338,0.14656476086927328,0.007518201991048863,0.006748325842461862,0.011367594955977361,0.07559260259206561,0.055347418118319586,0.043868383167201284,0.010527707312471211,0.006090853894439172,0.010402788345785256
machine-1-8,35,0.23296357008033022,0.5517001836874584,0.2793909641643265,0.8698211507650782,0.5556315387403942,0.3567454324009048,0.8712423240100711,0.5615361690554936,0.1556498670969719,0.009310498602212555,0.005571296399354074,0.013581377144306937,0.05213502859094187,0.058444278095757904,0.034653594020927755,0.013177559453937898,0.004012807302022826,0.012397999081359136
machine-1-8,40,0.23513642264819615,0.5522469144045483,0.2812918387089379,0.8921245637863666,0.5729584433993837,0.3593310591433504,0.8787921059167972,0.5628179805209539,0.1597010801893933,0.010361829914210257,0.0037047044200848975,0.011105489146136939,0.03766217432278095,0.05546859450778275,0.03675024613971645,0.007614122316102469,0.002542879413906272,0.013665323333428778
machine-1-8,45,0.23820815571795184,0.5535331210501666,0.2830258868142721,0.905912376964575,0.5854499091798948,0.3708518196965313,0.8774827634121705,0.5640611684906722,0.1641197649654384,0.009093290862256378,0.008499058781579154,0.009577692353187915,0.04163873559288655,0.046341445943268514,0.025157523098417327,0.0059350837765744895,0.007247322015586197,0.011722826544177467
machine-1-8,50,0.23917271483400127,0.5505451772652857,0.2841004148494579,0.8958486154256837,0.5821190140780244,0.3836544620916184,0.8765272846306797,0.5608947926153027,0.1658224638370396,0.009978500100244503,0.007934003994773817,0.011063539960965185,0.04101916423191732,0.049285483675163604,0.035488134826426376,0.006741165622618696,0.006156349197450702,0.014370924569887122
machine-1-8,55,0.23862385682300635,0.546009984050466,0.2859693728895351,0.9069712172481936,0.6007063994840245,0.39288203575171926,0.8835603832173747,0.5565087166512113,0.16681357831959825,0.011272679262988227,0.008010610090202826,0.010483680557125317,0.04837279228342183,0.06715013412407163,0.044666245773270385,0.006296018498038696,0.006342858075025582,0.0164012817068024
machine-1-8,60,0.23950728061052806,0.5476557783462367,0.285134799877222,0.9120831907806544,0.6086922799092603,0.4066792657607813,0.8887491271614997,0.5589660971479544,0.16945133446675634,0.006940366587939947,0.008327318315908097,0.006649981208749761,0.0433939783039448,0.056185883822011916,0.03169835794242122,0.013450764488945338,0.007156243710318687,0.011374188909697481
machine-1-8,65,0.24143479598330983,0.5466107283010794,0.2879191264704986,0.9073769595118057,0.6078915950980605,0.4155986446557844,0.8853457906329555,0.5575669882495327,0.17079738771527503,0.005367778997085499,0.008213996328006543,0.003311174965785042,0.03674366667075024,0.05604917146704134,0.04944588539406616,0.010194283093721099,0.007142382821107923,0.007375126710769452
machine-1-8,70,0.24268581279224144,0.5457996821183149,0.2891200522498138,0.9073411904742084,0.6019721831691134,0.41787146253622065,0.8871046507337815,0.5565805710868122,0.1715601226335332,0.006247869467972249,0.004893356107066334,0.005099055024208819,0.036799961694951526,0.053293519815037896,0.05882491619840166,0.00876511495900142,0.003513016634239627,0.008374742408171374
machine-1-8,75,0.24174120950014857,0.5416019323625656,0.28859257190355625,0.9063690841052446,0.6102362728806571,0.40693509186221505,0.8828853262508146,0.5524037950084102,0.1723880566701289,0.007707661092904665,0.0035362239036864354,0.005990964729120519,0.038032333403586485,0.06141299888529661,0.05497327804397337,0.010325420435413468,0.0022360679041932806,0.011899238638774873
machine-1-8,80,0.2447218293946097,0.5432298126579997,0.29039027873716344,0.8989130840936224,0.6036630074315072,0.4294621324362014,0.8913260839684037,0.5540017117891409,0.17590591549425194,0.00553316682449692,0.0021497003124912478,0.003724947573702254,0.03454955968522959,0.05451284553855582,0.03541760074907112,0.010693004088247634,0.0026415406290104257,0.008039204471606567
machine-2-1,5,0.1879015036733817,0.6988842243822257,0.24459528485188226,0.9679958391388681,0.7012282892989361,0.31749564207826036,0.893612533121367,0.7391133981045421,0.1927565950247221,0.008263164609529708,0.011770477740267987,0.010627162634193594,0.00448352465913277,0.0169315589464399,0.012787743050592321,0.00895066303705416,0.011504600643073513,0.008977175424887216
machine-2-1,10,0.18441472802237457,0.6922958246259379,0.2358795432064185,0.9675287226674969,0.6937767961270938,0.31640638082711087,0.8882116895440182,0.730458552577664,0.18816147573105607,0.007017779001946794,0.008780413163483316,0.006417666779485048,0.005798811731978469,0.013601233578446061,0.011167825044544262,0.014307743651769936,0.008798577780823175,0.0076183514529086695
machine-2-1,15,0.20512126126388877,0.7092126521540246,0.26623269833524393,0.9653483192226809,0.7205104354152692,0.30636665312396066,0.8883639831236286,0.7487427176331035,0.21068022980615464,0.025610329334979722,0.028230359528037163,0.040272514572716314,0.009157109994611957,0.02486828937442595,0.014179489899927266,0.01335634714139019,0.03045668945074915,0.02705474977767824
machine-2-1,20,0.2739082897626983,0.7537339352112836,0.34873844411559585,0.9633363655554089,0.7575288659913522,0.30997403538279766,0.8835187875123129,0.7962706380550847,0.28540329276296683,0.054169027125698786,0.018562487788042738,0.05250467331093078,0.00921033335685891,0.030145267944141203,0.029001440867779425,0.021327238994875375,0.01736930683017846,0.05860879947166543
machine-2-1,25,0.24661856383575448,0.7426347914305943,0.31083033173370067,0.967994345855581,0.7377916207080581,0.30339367624250696,0.8846270785802685,0.7842340252280833,0.2546712483702308,0.03872334587818907,0.01779676104042468,0.056287236480615066,0.007803339689307419,0.037901892972753405,0.008404108489256448,0.020942619837585316,0.018440880137853066,0.04466662127784534
machine-2-1,30,0.2298890168067,0.7322616688589373,0.28356788832449664,0.9713118472869378,0.7510272215696487,0.3010221746920272,0.9036842984538505,0.7726940988797856,0.23447108895536614,0.03996796073972389,0.024349295301025572,0.05310930422185472,0.009225669220313282,0.025149001005388524,0.004398068430578681,0.029049943104556285,0.025105721334141157,0.043993431916689585
machine-2-1,35,0.23101597809740543,0.7299259942564406,0.2866035047987803,0.9758443587587149,0.7533543537061206,0.3117268320743632,0.9087806781883614,0.7696565285407131,0.23693013594408063,0.032995112529067845,0.021523247342552124,0.04340931129556743,0.005781602809824529,0.018089271044005113,0.006077724226639014,0.026613063988882593,0.021796898376254054,0.037275064334489585
machine-2-1,40,0.2332712494624426,0.7292848689667477,0.2876465099796238,0.9793836987118443,0.7591128254086117,0.31406529016871687,0.9179240002895208,0.7681066067691233,0.23869531291532675,0.034640977571028804,0.02360149963292745,0.04509132248484708,0.0017148395457836974,0.014393335948288965,0.002934631058223109,0.01526883277716173,0.023946909164337345,0.03895785783667983
machine-2-1,45,0.22178749479407367,0.7246282060772401,0.27568235686484815,0.9772852495717426,0.7466604109221151,0.3097488688697898,0.9055082365279618,0.7632299042157266,0.22751501402339705,0.020411674248124817,0.023378238032211666,0.025602907508793883,0.0019026744250305858,0.02198744507584136,0.006570020615935141,0.011661740261074985,0.023002472440329314,0.023010677754269744
machine-2-1,50,0.22119601864039934,0.7221683929611977,0.2737242061478893,0.9777032499514243,0.7372041271941729,0.30984655529518257,0.9091635244324974,0.7606723004147219,0.22651147147729894,0.024571556345154878,0.02178414270953791,0.036127157177603335,0.0014906280731627607,0.03214564703354042,0.008089217098674644,0.012519126378921405,0.022397805862596185,0.02779850494629384
machine-2-1,55,0.21158792797199255,0.7178739672127414,0.26145397251356045,0.9765571365019643,0.7293494820824697,0.30876490079356905,0.8999614856350164,0.7557400683141213,0.21545783490491766,0.013570950475392272,0.02018641406087567,0.020195719617435836,0.0030554325738563234,0.02597629935224424,0.010618980339063626,0.00978493388561909,0.02037921223856077,0.015965652574083528
machine-2-1,60,0.21430962065886008,0.7160274916437475,0.26604160544916056,0.9753138639044037,0.7343095437571281,0.3116476981941952,0.898919502267064,0.7534799597801002,0.21819839013258577,0.020267640170219856,0.020556944184162148,0.024000872934267514,0.0047077392904875184,0.01829276762655916,0.007543750710360721,0.007251155475661649,0.020793939229095622,0.02124134597092786
machine-2-1,65,0.20500849300112078,0.7118690673454164,0.25756647411727507,0.9779125216153057,0.7429431029219147,0.31115194705856475,0.9087811077415535,0.7491881129813602,0.2087239648191367,0.012065896983411793,0.017997624295267734,0.016986709517641294,0.0013054671402076947,0.041821408121252034,0.006087117672673989,0.014269620691179903,0.01827033706314039,0.012978481280662332
machine-2-1,70,0.20956263452370266,0.7120624142309685,0.26077433873873385,0.978017288929012,0.745260462390552,0.3095804608510726,0.9061681456443629,0.7491432856229573,0.21403209424169767,0.016480450383342508,0.019795237291339675,0.024181138802110078,0.0012523969252619738,0.055490222468964207,0.010494427815083827,0.007284371473303933,0.02083887122992811,0.018401805544898186
machine-2-1,75,0.20647032955655073,0.7086324122000338,0.25756435820704476,0.975193631817336,0.7457177620708124,0.31268600382988987,0.9048921296644101,0.7457640090185433,0.20940841448775221,0.013562215990672574,0.017558435215357104,0.017887139475759525,0.0012279268929423584,0.0515538152683774,0.004417474277391855,0.010519491841920688,0.018667142335679263,0.013835661257812383
machine-2-1,80,0.20801413184229467,0.7089547993645262,0.26039787378971324,0.9781050934516117,0.7470121647078266,0.31374787279105376,0.8997978441177055,0.7462295161668253,0.21222474476233755,0.015427711047678509,0.019279345212345724,0.025414243921731475,0.0035376742729626466,0.049474850700697834,0.009933832101917115,0.008798106797602765,0.02031760672507809,0.015978473686297005
machine-2-2,5,0.1562750259229469,0.5860321365384077,0.25098015131718454,0.9840114729658749,0.5772220431848589,0.49604995217975795,0.8986412036435902,0.5967372735938341,0.15886500374863322,0.005935323904027145,0.02057385566779129,0.00828165213523578,0.0012773128709360638,0.014032806265742114,0.006886323101102108,0.01432362483986897,0.0203384176869591,0.0061072891432025055
machine-2-2,10,0.1869788825705097,0.6579052399840692,0.28054125860314383,0.9843521557554784,0.5493455838504333,0.4706625243125995,0.8760206461212152,0.6679687105101207,0.1908962340701073,0.025715775083316194,0.04872575977311961,0.020689790801125135,0.002383204308945993,0.03677625218027735,0.01565026981411723,0.006958727975460617,0.047994543102008624,0.026696000518008196
machine-2-2,15,0.19686061509403752,0.6772145704653356,0.29276640211114946,0.9843489731634563,0.5400690409622765,0.47970726183588974,0.8973245732216981,0.6872282872024817,0.2010065344332535,0.02380433590708425,0.046374599841856406,0.02108630647669154,0.0012274375098080515,0.036768586809396986,0.01201601578391465,0.010052547297094497,0.04571251117980251,0.02467816997890568
machine-2-2,20,0.1896979007158623,0.6657213221353189,0.28446856516597757,0.9849483805973014,0.5427686865989294,0.4746913695523435,0.8897132361682654,0.6760542783370844,0.19369795911624377,0.0166988513450225,0.029205554261122754,0.012110088533617096,0.0011580063333863117,0.03050172070734789,0.007768159982302594,0.009018862306688132,0.029030672598555053,0.017291960719091712
machine-2-2,25,0.1980198611802034,0.6813424969784593,0.2908078595877339,0.9850782726956155,0.5362536122197781,0.4704485650392506,0.8779370711476215,0.6915029468157157,0.20241772488862703,0.008328228744148897,0.009983153116220745,0.005371196357177415,0.0017554113996140828,0.010224872590239045,0.0035380189373622516,0.004763969348319041,0.009724162463900492,0.008695241127704964
machine-2-2,30,0.19337470882996677,0.6753757007403904,0.2910401289808856,0.9855052518278988,0.5281851218017718,0.47752174426650584,0.8865578260794242,0.6856245539548997,0.1972884883872425,0.006598538429999932,0.008276149292671408,0.006554021745259722,0.0008339904838946885,0.00766822622771129,0.014153390789959147,0.014278860669073431,0.008171614507578478,0.007097336057254706
machine-2-2,35,0.1928036550307692,0.6767069420586118,0.2925198007179388,0.984433689511584,0.5319074025814057,0.47854534960141065,0.8840192798699507,0.6867784710939026,0.19664330617355213,0.0046817789176597365,0.010937257019476917,0.0062720635017493856,0.0005846995918078583,0.00876000873562797,0.010004095934988008,0.013467700596826969,0.010579609507274757,0.0051532393048877466
machine-2-2,40,0.19078236461949777,0.6723601465536531,0.2911240646437603,0.9850343342184551,0.530988676413355,0.47635224162646295,0.8906586522848561,0.682516775280978,0.1946024671178268,0.005033666088489349,0.012537714790123316,0.006745244738769178,0.0012902384340680536,0.009539987592205656,0.011003455927467869,0.008904219477267586,0.012100443624598388,0.005166162844078
machine-2-2,45,0.18787194341625182,0.6665923261648183,0.28847905049326283,0.9848215138060996,0.5382780832000342,0.47704644775650645,0.8901529773479712,0.6769116939514526,0.1916066555684771,0.004600211539348752,0.008169802696630382,0.002202649022646896,0.0018779784019769476,0.013213524488393321,0.008618156230532605,0.012363092721668585,0.007981067921788727,0.004938503305177264
machine-2-2,50,0.19015101205813634,0.672004346148195,0.2931601001307408,0.9840083606507284,0.5476106424045653,0.48036654308702825,0.8891570662909697,0.682133725641885,0.19401178971933622,0.004237837329178338,0.015518468942702264,0.006816440752548184,0.001916347254195185,0.012889686493291539,0.015618946347404754,0.014696626533003191,0.01478382658837838,0.004233686379144074
machine-2-2,55,0.1850195047809987,0.6607518991901165,0.2864466927723987,0.9835375323974327,0.5520463899181045,0.4737792875204132,0.8820211462372505,0.6712614846720885,0.18872117368451832,0.006742617342889955,0.012837126732217957,0.006382255258765583,0.0016968550419035366,0.02185626696937507,0.002885308788578646,0.006596527366011368,0.01270453608256864,0.007174816688200617
machine-2-2,60,0.18597551345556523,0.6623770889788199,0.2869101582466133,0.9840075422476405,0.5497902300731224,0.48008350276376777,0.8881663961695718,0.672799268440257,0.18959287759854124,0.008559058778360924,0.01756817821627886,0.00878704801088033,0.0016118171248595062,0.01960563521696313,0.010887075342407711,0.015973146241525824,0.017193924086630837,0.008734616703289247
machine-2-2,65,0.18605623434795343,0.6639388297118901,0.28914178355363807,0.984178018517023,0.551202923171295,0.4756038424064965,0.8798445578454406,0.6744091874205331,0.1897775388147253,0.004525529647878123,0.006724771473384321,0.003654016176326669,0.0013325827819388714,0.00938374630418254,0.002741852136863502,0.007777737020250502,0.006775991656505744,0.004624501639418204
machine-2-2,70,0.18571596502694568,0.6605879880720344,0.2868652403258087,0.9842202285232736,0.549389999746891,0.474084326421841,0.8816395813242885,0.6711839870016014,0.18937635577698664,0.007124864837541403,0.015050872986402007,0.00834946016988012,0.0010106970360108881,0.01781780789078375,0.0023224003613946578,0.0046586748499148015,0.014682080324527032,0.0073551283347136264
machine-2-2,75,0.18525325720550267,0.661715187178141,0.28757211174025665,0.9839660607106848,0.5420030540097238,0.47292102581915274,0.8800758671531123,0.6721726788838558,0.18887122930290642,0.008224032100137632,0.01625104757383944,0.009448614374588512,0.0020697529739788305,0.02188534788163226,0.002817450570237667,0.002875867511691313,0.015956508237731117,0.008539281209035623
machine-2-2,80,0.18517737967508552,0.6611319483294786,0.28793360388298117,0.9832804444321022,0.5394706185076442,0.4742685099219039,0.8814869747122098,0.6716484221291756,0.18869994525020567,0.005997356754388377,0.013955380092709293,0.008383812951872122,0.0013545574959827962,0.007800856691672776,0.0031639150873661215,0.004186399684068661,0.013530323396669007,0.0060711137390466715
machine-2-3,5,0.5556000214868827,0.9342364041369045,0.5285038019352182,0.9778475207271643,0.8967197730091656,0.46474658751327436,0.939938414890033,0.952147680629237,0.49570871000157457,0.01286716667608587,0.00121034475537864,0.008565144887145675,0.00851607607376466,0.02650753063157556,0.006213313645500002,0.02793676395635994,0.00124927175424561,0.01411535511760871
machine-2-3,10,0.5328653791065652,0.9338999444070314,0.5027586067032257,0.9817002345577407,0.9110187590469915,0.4616053746162381,0.9547127604418711,0.9508682083586188,0.4729665254550864,0.016180364533986597,0.0065502903931038865,0.007024434024222352,0.0063642476712321506,0.022774861677968668,0.008963485116308323,0.023753486816831825,0.00604522935723925,0.01820334110423312
machine-2-3,15,0.5544831277344817,0.9444946446710543,0.5051174966220144,0.9837192069263095,0.9177331268865854,0.47383145546120875,0.9598900873856645,0.9598772656223737,0.4875326489637652,0.02581665536708419,0.007995268165599043,0.007890166778319996,0.005238266897451469,0.020008527089040072,0.020679973498006706,0.014118351301041795,0.0072274171509788205,0.025888670725623498
machine-2-3,20,0.5623913823124977,0.9428352120242145,0.5112652318720949,0.9837363609444367,0.9195926782356357,0.4797059918407282,0.9473326920260347,0.9589549053364619,0.49776640539716965,0.032974198329426926,0.007218132224154273,0.015871725820105795,0.007074297419799753,0.026067281427375376,0.02174451071175368,0.014355556905215408,0.0070565006822167166,0.037150437797357695
machine-2-3,25,0.5785249185684587,0.9436929451554166,0.5299220111253563,0.9850900568566594,0.9242856542105623,0.4808704517730853,0.9545503236347573,0.9598813164825821,0.5182852303714056,0.018688595947337287,0.004114051033740008,0.01833320640412646,0.004501911722613971,0.019355998404579546,0.01256477677898114,0.014197171064465481,0.003378714197701984,0.022594919520696873
machine-2-3,30,0.5689110238483205,0.9414306400305261,0.519396594015112,0.9840084791369301,0.9205744789912373,0.478070925010073,0.9417829685669433,0.9580032999182466,0.508993655535108,0.014099907330866399,0.004701098524238066,0.01640623056162752,0.007070460160674661,0.027152108178895407,0.015995001031716975,0.02228587170427546,0.003958175664200838,0.013676774103074026
machine-2-3,35,0.5589191974218657,0.9386299120024123,0.5208694693888329,0.9758546988699504,0.8927937386371796,0.46208929196574583,0.9348635976844635,0.9560007322134894,0.5010141103540404,0.019261920734594876,0.008814015802396344,0.024628631729695625,0.0038069807909804723,0.013979520192911779,0.012095269788800211,0.020253598379440896,0.007598314423379766,0.017740737228327662
machine-2-3,40,0.5657966148112245,0.9358810691571131,0.5282018938602541,0.9797011794329655,0.9096021547328873,0.4657999779069726,0.9444960096637143,0.9537436044677244,0.5062730041417163,0.019513224810482305,0.005851744409499186,0.016439341389680593,0.005621961515555101,0.016307661865523234,0.013243014890520497,0.02518244002746764,0.005481665833961019,0.016716046707164776
machine-2-3,45,0.5490124696154874,0.9374886761680201,0.5109821240725116,0.9749294255348099,0.8913994146135458,0.4543163607229124,0.9291459099692101,0.9548153905753473,0.4883827447401923,0.026994634377197707,0.003944826744862452,0.028482090110435634,0.004408971624487117,0.019011625098174133,0.020778943535551014,0.011030333215574586,0.003528069612968612,0.02903708636816833
machine-2-3,50,0.5406789259117242,0.9337674724444822,0.5082151896070638,0.9792310430376641,0.9023687668724056,0.4600677302277427,0.9427646475876993,0.9514687883863893,0.4809740274347379,0.023167451752171574,0.005409403608625454,0.018913446153261727,0.006916296712076205,0.022717891564585795,0.016995282170381727,0.02709649342234438,0.004833340047492738,0.02507294966231739
machine-2-3,55,0.5405370231149049,0.9339924802610027,0.5055601188167897,0.9783221473141779,0.9024593477740505,0.45954819939848635,0.9410574469388578,0.951996077201968,0.48061156657768306,0.017957384895894213,0.0047789503562198545,0.022781459585171967,0.005199502123721082,0.017880569686036143,0.01685375377733312,0.018426117042668118,0.00362576931698238,0.020040851294505082
machine-2-3,60,0.5275046045956757,0.9313738068988318,0.5084162518490905,0.9763115948845711,0.8976072610107415,0.46097048277025676,0.9403115061438668,0.9488460620694544,0.46793038305529144,0.016701860065343355,0.0066241329797413874,0.016905673219901787,0.004701048212446856,0.021944422692163415,0.014407429843869494,0.01684504647568466,0.005517199104477962,0.01928583890160342
machine-2-3,65,0.5313972660156574,0.931139092940614,0.5016873975190637,0.9796928448469223,0.9079589970909794,0.4706259897660982,0.947667357987196,0.9493703517811269,0.47131810349054737,0.02334308698533029,0.0084906879869876,0.013918248915611211,0.006260273928176627,0.019570739990043263,0.025424963745667644,0.02133077014427073,0.007065430807319871,0.025841484555757164
machine-2-3,70,0.5209307294999955,0.9303678218814624,0.49998332570806714,0.9796928448469223,0.9080102087384686,0.4631645248182369,0.9485360690798725,0.9478933710436889,0.4603932126713564,0.022282779777879156,0.006733487522563365,0.025249887034139107,0.006260273928176627,0.019444969533980574,0.015465994125136589,0.020541093830355468,0.005920762216026325,0.024446309790461463
machine-2-3,75,0.525223657836457,0.9306302846864953,0.5031141900659556,0.9792293286419613,0.9145891118659402,0.47865084516584083,0.9510786148525535,0.9487016279140346,0.46891235765095773,0.018419677565281303,0.006698011294083693,0.011528375311778506,0.006749569005905618,0.00566408164543686,0.014762839448795917,0.018812585087784554,0.005767322642445824,0.014418814556621919
machine-2-3,80,0.5220274816199428,0.930001608559761,0.4988993075741971,0.9801531600931213,0.9124405575833658,0.47595297054947616,0.9490642138644636,0.9480328207831535,0.46444796598535726,0.025184793457368713,0.0055905765970534335,0.019882427681021313,0.0068296974310144655,0.012802269443041716,0.016413825410148658,0.02115633577241236,0.004706759242365287,0.025287154231883623
machine-2-4,5,0.31013782283200136,0.6830120260870097,0.33319608200961365,0.728955298477275,0.39977727566993254,0.23473120409282217,0.6806253788831133,0.6748993868467476,0.16970385013376413,0.021258533203247457,0.0591566245245193,0.0028114939242104443,0.1129106005083475,0.11213847327997653,0.034219994790532594,6.4856255557504964e-06,0.06505026153935982,0.04233025619419058
machine-2-4,10,0.3125734796606219,0.699979451880455,0.33341531721783535,0.7540011765357565,0.49472633007900846,0.30356169837625807,0.7068746377839578,0.6920897688145444,0.20084301822924916,0.030035973204972234,0.07944271501209407,0.0054698398772809265,0.10485953756096572,0.20183860573027163,0.07595269475831483,0.040236692343000896,0.08099555179485304,0.06943625813122152
machine-2-4,15,0.31842019030752017,0.7191351194991424,0.33640636521517925,0.833964705256995,0.6163870329137868,0.3117443080230766,0.7287918412118303,0.7140396133065577,0.23447688693583796,0.03282018555058853,0.07455877919688463,0.006743241347059392,0.12763615959249663,0.22639288037867147,0.06534753059848704,0.04127014076856977,0.07707520926558983,0.0737844839617602
machine-2-4,20,0.32930021257657577,0.7215751415707172,0.34150478394715184,0.8656313267499051,0.6807569211601696,0.3469743195469943,0.7508638027646136,0.7180206122355326,0.25967648877097416,0.04417143715243004,0.07625594185923242,0.011909948898397792,0.15054041453509157,0.24828943723277822,0.06514822095055735,0.05080518803073241,0.0781720143627679,0.08688401033767076
machine-2-4,25,0.3370777058506058,0.72945197442915,0.34567441216949457,0.9089529928088145,0.7579109821899924,0.3622068074656105,0.7724316111816262,0.7281619133368226,0.2826754889378754,0.036460938567447525,0.031830026457761874,0.014372525020917659,0.08987497521214947,0.15626244583160045,0.07992662175558926,0.05403364061020014,0.03489209880068468,0.06927898798645296
machine-2-4,30,0.33615301299762684,0.7306584347278632,0.3450649773568908,0.9223628280258049,0.7562538512877963,0.3585724022012147,0.789468986009251,0.7300863663556998,0.2851692784373327,0.02964258264823218,0.028746515652230242,0.012754567933599182,0.08667865042847106,0.16606700492637014,0.06842102688871285,0.04687391269590752,0.03106439101136718,0.06013522119062034
machine-2-4,35,0.3461105077642841,0.7481046185503257,0.3486154125872606,0.9480473286097723,0.8210950853391495,0.36821952766223737,0.7994262513753799,0.7487625496820758,0.30633445291178624,0.03157107800276055,0.030933766436193322,0.011966924602944812,0.05803320732742189,0.0764431550743514,0.07061651737962923,0.03611408218206108,0.03295361258007147,0.04983243920992036
machine-2-4,40,0.36357791111456544,0.7592063489527682,0.3564870966350099,0.956906448063335,0.8792701331438698,0.40959126536573576,0.83667124303733,0.7611042855907333,0.3349003261213268,0.047018698902768385,0.0417338616910631,0.013343915724818385,0.0465678325037437,0.040382066381551236,0.04884213987456476,0.05594613870523605,0.04308334881981932,0.05904280197609661
machine-2-4,45,0.3610886237406504,0.7553293647691013,0.3561842358424404,0.9742644461596328,0.8829909919597303,0.4343490380941615,0.8417716827311474,0.7577013214161135,0.3387225801411288,0.03726774611527361,0.04100884585087195,0.011835383157424217,0.015850365125630064,0.022479706017703757,0.027937243909661284,0.0316824274535034,0.04155601705655598,0.04241108610582649
machine-2-4,50,0.3547626769611842,0.7490397922537589,0.3562630510602911,0.9802352703804624,0.8906493040000749,0.4464909738830213,0.8410472085469118,0.751448866937728,0.3334397784265067,0.030563181846039365,0.032994171855163894,0.011787102661575946,0.005901735662668221,0.026198716654394185,0.029611933584878656,0.015288458689689859,0.033609220660894334,0.03486406454436733
machine-2-4,55,0.36901829968097916,0.7609911832376748,0.36075140010697715,0.9848960291501927,0.9199828740365479,0.45890099259719036,0.8625259030898311,0.7638945748861664,0.3509255580436031,0.03460458787513089,0.028419512960693224,0.013249890329365304,0.000906698135081745,0.0233205535900457,0.034269181540315496,0.02498482534902556,0.029010037497017884,0.037773871585621684
machine-2-4,60,0.3813827127533344,0.77005523854345,0.3669349953518791,0.9861175460326588,0.931744512596994,0.4640526603851722,0.8734600182676029,0.7730323780646476,0.36488686347445193,0.036334115184743374,0.03545729222719198,0.015825043352438905,0.0030327255380812055,0.016973997975912095,0.02118374948606095,0.025959204889506322,0.03570275006951543,0.03823950708327567
machine-2-4,65,0.3813015804770796,0.7668852957409519,0.3639044244024326,0.9864965714789812,0.9377038830676764,0.4739817178805309,0.8787081482859179,0.769820252713211,0.36571044437442274,0.04020882503770333,0.043616103648483076,0.013918417864295304,0.0026772272812671132,0.024635448373061166,0.01975984575852664,0.03364500136108501,0.04391657047724231,0.04382716046200151
machine-2-4,70,0.3867884499543811,0.7716490938582683,0.3669956089425781,0.9861547212592348,0.9398659010902009,0.4735054451532008,0.8815132195845483,0.7746548967704554,0.37226493536017835,0.035884608702389666,0.037200620610260415,0.013677188025695421,0.0011483469124781217,0.010393530574217045,0.024896688565145157,0.019587001866197884,0.03739838913759787,0.037567080919183427
machine-2-4,75,0.38797494262479154,0.7720430032968281,0.36635171606031114,0.9856157532906255,0.9402552326919205,0.47213028528318934,0.8795071319089772,0.7750515017172661,0.37436906819873605,0.036795435036344325,0.04927872560348635,0.0068387118603099005,0.0011430369915057933,0.004082014418005566,0.014754615465536558,0.011958432771462371,0.049392890102309246,0.039188979493810804
machine-2-4,80,0.3923415932687783,0.771695852711251,0.37170051238794166,0.9879589803332481,0.9460298292157683,0.4835281120349413,0.889604666949134,0.7747606259816573,0.3787378156464296,0.03973290445598966,0.041727123070106835,0.011755903788823739,0.003663201019044964,0.009876978280109222,0.01600625961196435,0.021069696917141868,0.04197348047976451,0.04105983428222974
machine-2-5,5,0.33477816988716536,0.8423828441068056,0.37385411530894985,0.9487433435651961,0.7806280306236351,0.5767872205799061,0.953918195773419,0.8558895118258292,0.3145755308026915,0.02691874292278244,0.007305057006925831,0.04003347027979057,0.029383722321871572,0.07121909482944332,0.007664194026515061,0.007406421919691003,0.006160700494959679,0.03760170005678415
machine-2-5,10,0.32641803888614535,0.85310843522431,0.35546225287150995,0.9332403942534371,0.7667156593327694,0.5612731748717802,0.9453302544714661,0.8652386266549821,0.29986719564565045,0.0446219787185312,0.02203483206780538,0.0744176674262376,0.04130073129852099,0.12952256820536406,0.030427798741666866,0.013955209435059773,0.01983123195618341,0.0594296452744431
machine-2-5,15,0.3016793031449559,0.8458250247235457,0.3239704108070719,0.9052509770091318,0.6766393842377292,0.5670034285767594,0.9473880875500288,0.8581667283350711,0.2677813653476455,0.01830679628380053,0.05018352903715212,0.011815632449938754,0.0005378005545126522,0.00837824026708647,0.005575436785431968,0.004535390187826249,0.047545819594331705,0.015036626165609086
machine-2-5,20,0.30432997765310615,0.848772790614043,0.3269974471783112,0.9147431602291247,0.7056233449485657,0.5668767647801106,0.9490090733817944,0.861251336949935,0.27253851391331857,0.02012658472219822,0.023424245480007523,0.01157116343346795,0.013970508258787432,0.050254414897612516,0.006551518471245235,0.008774888974436418,0.023025564598735015,0.026341558459126384
machine-2-5,25,0.3244610961226104,0.8440991301807066,0.3518450426477484,0.9418229212668536,0.7643689123374706,0.570336491380098,0.9493017312608147,0.8582586956809132,0.29962172143084814,0.028498269444857973,0.018266774781761013,0.028412962457184235,0.026407461969681335,0.07515018891879602,0.008062413610962774,0.005733269947326518,0.01770650278505601,0.03593444206972033
machine-2-5,30,0.3275004472225721,0.8395592690820822,0.3571353160937361,0.9457353547324003,0.7854663020399808,0.5734558112075749,0.95202479929283,0.8539836277221144,0.3074898871064515,0.032243635527393504,0.01195474822750567,0.036089988454619824,0.029792574104309816,0.10344498150612814,0.011375221949084996,0.004231017416224551,0.011128059072608023,0.040787485724928046
machine-2-5,35,0.33211744752309813,0.8354340892744763,0.3639110891334516,0.9472910433875421,0.7857451384012133,0.5719672517919459,0.9513974995477158,0.8498833734224824,0.31114581600006724,0.03036570512851569,0.01819319374416856,0.033098530608736694,0.02928712193648693,0.08488025431861064,0.011372570126461517,0.0028130159143084674,0.016741340342790692,0.03664542489151113
machine-2-5,40,0.3377141082315024,0.8368838723815517,0.36977238999908313,0.9510818239343045,0.818840578768556,0.571402720882182,0.9538868522778274,0.8513161538483845,0.31629101054481923,0.02655075162660634,0.01602896946729358,0.027741489346745363,0.03064122359354707,0.0928947727700536,0.008799481029528563,0.0016386223441179819,0.01459219506640354,0.032825674402738945
machine-2-5,45,0.34858947897796266,0.8443414377865683,0.38386938717965524,0.9461500874419494,0.7943889358627672,0.5727435700178436,0.954863762069548,0.8588752888219098,0.3281720871624081,0.022761346552458296,0.01405551776307254,0.023349253537259463,0.030291647157180704,0.10576246071666315,0.008896693514830014,0.0012241233625963992,0.013134763947022824,0.028407913005066697
machine-2-5,50,0.343021203837939,0.8395326350804639,0.3800699960349256,0.9463119261724637,0.7907777659068456,0.5766496872746752,0.9541912403961973,0.8541118203443949,0.32235051227099354,0.028280968709414343,0.01779206307536402,0.031009313968886808,0.02828993563364841,0.10073231796681195,0.008826109304478117,0.0014853222095387738,0.016545053053621455,0.03432452826132595
machine-2-5,55,0.3526633987484945,0.8432644801312595,0.39497699173882383,0.9513717310083514,0.7932480345544325,0.5770149700851932,0.9556290598432222,0.8575171461169244,0.33301156051437114,0.023679437881535172,0.02715405520315238,0.02051019539787272,0.02057323443211468,0.07746523843690485,0.0045048374673646195,0.0006308670823580286,0.025714339868009074,0.02502114781826137
machine-2-5,60,0.3552411664417081,0.845188989031736,0.3984828023461201,0.9578631249227216,0.7919716149606983,0.5818153026576436,0.9559255444787106,0.8594875253062649,0.33778168503332184,0.026321619321609868,0.02352173955842185,0.03186934274349698,0.009801711860565714,0.07065588482732016,0.005755665783382632,0.0011659819170654303,0.022580318089890923,0.027891298179185536
machine-2-5,65,0.3664498691487346,0.8459463386676256,0.41455631578901386,0.9589573201579091,0.797771312837833,0.5783328309890328,0.9557293970824104,0.860621370119484,0.3502703710218777,0.03328217447116143,0.030935388432457633,0.02987583754539202,0.009789052835395197,0.06431568485316343,0.003799954581184015,0.001742524332887742,0.02989230974707224,0.03556439034751035
machine-2-5,70,0.3590584737093343,0.8429719443944979,0.40614116060476435,0.9589580998077267,0.8076001937397431,0.5798087991747379,0.9558670945597778,0.8574515501389004,0.3424551696589587,0.02515143911649554,0.03112520091268334,0.01995837165824251,0.009374656090777405,0.06138682396029479,0.009632700314469982,0.0015070393525731546,0.02974931144607231,0.02706441232880799
machine-2-5,75,0.3679963664530553,0.849933757754203,0.4160119561112482,0.961334714655094,0.8019136035975706,0.5805800533752593,0.9557254639095772,0.864673684880183,0.35148885094337434,0.028441788479581925,0.02968027967964189,0.026409883047568486,0.004875222791150544,0.055539017517154315,0.0036953556724011057,0.0018136790766969592,0.028852481837655795,0.0311331905737908
machine-2-5,80,0.37048538383047136,0.8454011507686775,0.41900742508945943,0.9615398688170763,0.8182511788586979,0.5787998336301486,0.9558931255424528,0.8604948541676272,0.3539300921801626,0.028620286517687037,0.0296279575164581,0.027313398434209456,0.006257170485353841,0.05023081451711304,0.008212033618602968,0.001773083385677044,0.028646546940549238,0.029967420033505804
machine-2-6,5,0.3763470113793596,0.7881027438800876,0.4888442142354442,0.9509072971594797,0.8800141036761909,0.4503805978175608,0.9042850558246336,0.8479127273292137,0.33736881452290446,0.0024286583825744133,0.013786233137786121,0.0031930777433350505,0.011604314926533198,0.025650393084213192,0.02388553017328466,0.0017902759444256352,0.007487853144375721,0.006936566872347862
machine-2-6,10,0.36809860661725413,0.8112549923188686,0.46207706134189613,0.8215303084161495,0.730511555845039,0.3564735133598205,0.832344427644983,0.8516054954540438,0.28259163294095363,0.04017384505738269,0.05527218805981521,0.02580368018538282,0.12708802757627066,0.11241127105991075,0.0510426661346545,0.030906500667427318,0.049797445228235426,0.07172131698182059
machine-2-6,15,0.36915739686059373,0.7995607613317515,0.4714951229023666,0.8459291919056996,0.7683911755290634,0.40318340035377265,0.8662007496255482,0.8487886403531879,0.30700375179241024,0.02280364871817181,0.049280872311934606,0.010566733434687075,0.09978129336716296,0.04628062416524695,0.049033579906903386,0.01785520324043371,0.0402448020836816,0.044197914299354914
machine-2-6,20,0.37240541155250273,0.8093091438787547,0.4733433327014499,0.9284181534749274,0.8227089659898006,0.4152814506727871,0.8836486992412749,0.8578691856276852,0.3244976718681438,0.01985153994638969,0.04706693817489673,0.007925165564836658,0.02657915465790176,0.052131827828115714,0.014462106299703405,0.016617969337515002,0.035876927896463066,0.039484313440422684
machine-2-6,25,0.37405953316171825,0.8174338148064222,0.47690770014524236,0.9437973448506449,0.8487287742652359,0.41058005655918006,0.886555865139495,0.8650967368813408,0.3256962975255289,0.01533168836056018,0.039057493616960676,0.00741726167302101,0.009622521724133516,0.02221895150269084,0.012794158352631294,0.01720057230257175,0.028153392987611842,0.03523656324514497
machine-2-6,30,0.3733694099366295,0.8180560114433862,0.47429667109981066,0.9329982645982571,0.8225731451634475,0.42294442470794036,0.8665292953031045,0.8655732744775968,0.32897850727388545,0.015622091475326125,0.03724624243542632,0.008578767226552621,0.018566820212983864,0.04334425476242082,0.0164106630450044,0.017361322482968716,0.027712567209113016,0.031843379433928974
machine-2-6,35,0.3743948493289393,0.8230153814239918,0.4754628990984524,0.9366241004812715,0.8299998512035358,0.42838249843185505,0.8776798452669372,0.8693513555250576,0.32693092873919494,0.01661134079825353,0.03651702208074171,0.010209719746133628,0.0192689867979698,0.045514372777239874,0.01588813864642288,0.014848371089048774,0.026782116148819618,0.02823808379755862
machine-2-6,40,0.3751509757513504,0.823429169054871,0.47640233739251686,0.9369577421135183,0.8377149057348725,0.4328123963423673,0.8908800406699573,0.8694460545507804,0.3255707727932148,0.01550523081674767,0.03713634171861608,0.008525535462955928,0.018046472807665286,0.0521005892504815,0.014902385169990474,0.01253685790822187,0.027217944365045033,0.029068335726589758
machine-2-6,45,0.37454089670019824,0.822563323513926,0.47627726038597507,0.9340146517000969,0.8210161133930937,0.4299409182425144,0.8840278924926708,0.8681579620644446,0.3219634935562049,0.015026230356909972,0.03250075079722786,0.01063108846546566,0.01589973287492502,0.03252186462991638,0.011261467796205842,0.012950603950583624,0.02399166331458409,0.02405237377185817
machine-2-6,50,0.37608716410883747,0.82630454269776,0.47805972665248087,0.9321154068125214,0.8263759722142046,0.4276639476371158,0.8853338615735267,0.8708632913163042,0.3238025578216318,0.015065334070594983,0.031464271731196564,0.012131858384416548,0.011970299517332932,0.03643124317769971,0.01604130000686803,0.011820512473865268,0.022784703891697688,0.023638552189435672
machine-2-6,55,0.3762973108845755,0.82594734301167,0.47719983306794456,0.9338994853647469,0.8317152533560636,0.4276254718894133,0.8782411915246588,0.8711794736322168,0.32602413190907176,0.012624797022474116,0.033473278007921194,0.011317449883264795,0.008436961525434657,0.028255644444109603,0.012965768301759545,0.01726714468021942,0.023937975932279292,0.01973033503412184
machine-2-6,60,0.37679457723557097,0.82646930796505,0.4782200856371387,0.9364050613341387,0.8395582570145833,0.4335638074149011,0.8885459842455535,0.8717902423410454,0.3317308123801844,0.012558546281764678,0.03297248436996803,0.013635141066625051,0.011727719283466855,0.035003796749118514,0.022206245056021274,0.011786864834351811,0.023368165340034025,0.021382054480373353
machine-2-6,65,0.37570605661095624,0.820989253913878,0.47844197923090304,0.9343805788518489,0.8371408968329279,0.4283161445603607,0.877866715794178,0.867982973839347,0.32802054289469773,0.012380131785401816,0.033667790968281826,0.012614912457409483,0.011846460072398259,0.0329769458936866,0.01321958336018996,0.012593459438298841,0.02407783511431692,0.02430447598636447
machine-2-6,70,0.37546419959668326,0.8186917458661851,0.4790504207517076,0.9345548827617748,0.8355045891173187,0.4199354207203414,0.8773710987201145,0.8660903360601828,0.32770513309676025,0.011800742247695489,0.03785709332824167,0.012667454138998287,0.012297232995534816,0.0331819808698502,0.012458313115503808,0.013857078160208878,0.026115446584201944,0.02372672549316818
machine-2-6,75,0.3755048307007722,0.82170152889505,0.4784597890271897,0.9337163849672554,0.833386217547205,0.4209441329107142,0.8762367113826706,0.8687058349201986,0.32421169605222827,0.011849038800166582,0.03446122741622333,0.012798718667568567,0.012356245171018559,0.033711301617209664,0.0075557197336611585,0.01476448443804008,0.023959483566801193,0.020022592065904454
machine-2-6,80,0.3760051228220399,0.8256439612311137,0.47871396042649245,0.9329833212805808,0.8337332809803046,0.43338048693261666,0.8754187336591361,0.8710910090641296,0.3250962714467244,0.011577529463597254,0.03303102239132783,0.014093012834825069,0.010299233920990952,0.02973163539538781,0.029424560134250134,0.01532180698431056,0.021911615790458635,0.018229954710505383
machine-2-7,5,0.8046021994366394,0.9282136817404694,0.821676261631898,0.9403325718901667,0.8931799083762483,0.5254858545198103,0.9431248539571497,0.9213286262568341,0.6943090213784482,0.005816368960407009,0.003116460664377155,0.0044670816545498235,0.008835640885687031,0.03940817556759082,0.04005329083296498,0.04250619398579863,0.006186736289829096,0.026919811751905304
machine-2-7,10,0.7953248739209011,0.9332218797372932,0.8065969946317835,0.904377811937144,0.819587584981011,0.42582562138825875,0.8561669875930886,0.9272419855729428,0.6163188440691442,0.012716710282306068,0.0034261002637311273,0.013711817901043599,0.03491749407199803,0.06733368296245691,0.08675933396116572,0.09302177993475372,0.007473816527260498,0.06779691655249383
machine-2-7,15,0.7887133998590182,0.9431373594721129,0.815961832432034,0.935460660969452,0.8588936700663091,0.47117075987460566,0.9061235064900217,0.9309601153921061,0.6715667878196983,0.018546948348535878,0.0041207187910607835,0.008932107975475884,0.024724060166671107,0.06282052004088867,0.06062825663823834,0.06509069685561106,0.005872240260534963,0.054231849695735836
machine-2-7,20,0.7821964229578398,0.9367986745111861,0.8145680823613101,0.9256204429368862,0.8287431926336599,0.44621293098881964,0.8582904119023669,0.9251225982313649,0.647752173805272,0.03453311039974744,0.008266544026292833,0.01760661167162152,0.029703730140834217,0.07825581199133848,0.1074822781060821,0.10136744129815982,0.006558067689886798,0.07409616307962404
machine-2-7,25,0.7847980813304989,0.936298601857663,0.8162634265916048,0.9267753064888649,0.8460307042007551,0.4669135015754174,0.8803506890013036,0.9271184492613134,0.6621726093172343,0.030305622902536584,0.0068874198709676,0.013919688978483623,0.020903910990438392,0.06725358670528682,0.08825894412405241,0.0846846847874959,0.006977732092411725,0.05479814127157014
machine-2-7,30,0.7945052195492049,0.9381778805576081,0.8178078262047838,0.9359651549930111,0.8694686935788831,0.48314781946556984,0.9002750630608144,0.9314277244070095,0.6731672751994369,0.02237620087538959,0.010118958416811576,0.012535505766864394,0.02181949034966581,0.029864557466075872,0.06274043098920674,0.04897018804484668,0.008015090602448089,0.05337216530337648
machine-2-7,35,0.7957726849485254,0.9407597085202486,0.8183413617339751,0.93829600368383,0.8657698164722559,0.4880981971739814,0.8999189070457537,0.9351884805057329,0.6848145116809013,0.023495990550860723,0.011444766256595502,0.012884466453693793,0.021297994298838836,0.027555685355780776,0.044250951223902484,0.042499896715471205,0.010012878178721008,0.045582345113185416
machine-2-7,40,0.793438782379938,0.9400208711415053,0.8208047912841825,0.9397680254506238,0.8748788612915654,0.4938667551352306,0.9152635411598425,0.9334044554913282,0.6902903407584297,0.02112345867470495,0.010995486639275994,0.010600721295695842,0.018767382778355608,0.024893019034684116,0.04459832119327686,0.03876620371304579,0.009895324362330439,0.04769465827730883
machine-2-7,45,0.798192302069407,0.9390792737533222,0.8213821065410503,0.9400795164244531,0.8800872755419926,0.5028654208938527,0.9174254204835637,0.9316749416562721,0.6984967416264343,0.01631434191189515,0.010849305872618568,0.007243724669528517,0.014968933707933275,0.01753115601165535,0.03595299222983084,0.02704018128819649,0.011054360045057807,0.03612768407339213
machine-2-7,50,0.7942420012359597,0.9388722112125514,0.8221267631736955,0.9376621612383733,0.8856312539423281,0.5073697423010427,0.9257806073791637,0.9293100173167235,0.696105835096713,0.0163760358743506,0.008269989476240204,0.006141956186760114,0.007104992004200862,0.01706267291085199,0.02778004860615452,0.02114817362113637,0.010849979649554978,0.03272131447571656
machine-2-7,55,0.8023158147131242,0.9408065082098481,0.8232584758298951,0.9397166665205995,0.8860835151166091,0.5104459921456799,0.9211341642407389,0.9339381933392423,0.6979288554979868,0.01161870851534032,0.00633682585134168,0.00509879661507703,0.007128337963871959,0.014637930231057288,0.020130357423601565,0.022336297509278017,0.00506295976473826,0.02778807512290223
machine-2-7,60,0.8033731635419976,0.9424679809225246,0.824497533317417,0.9398229851367714,0.8943204440740798,0.5219928394902518,0.9306416833927094,0.9361408301511817,0.7038065877645938,0.007251528860274105,0.004875319836283396,0.005002747838847593,0.0031971789012967197,0.009099101496126522,0.019956266273644493,0.01230760983489376,0.006061486990493459,0.01973044978847857
machine-2-7,65,0.804415724999916,0.9427178497854916,0.8235988967516341,0.9391301620115039,0.8945240667221208,0.5185596970678128,0.9323114162457453,0.9351874214817384,0.7005914688364876,0.008653189115956266,0.005500452725246616,0.004853163231845482,0.003072774326073152,0.009592448211472341,0.010465104845252201,0.016699009657190365,0.005676778845925093,0.016643545584140156
machine-2-7,70,0.801533419103392,0.9421056150352601,0.8244392660103119,0.9406334688346883,0.8989946422647759,0.52522930964614,0.9399694702208885,0.9341009663595541,0.7029011917242541,0.006630830121385439,0.004731325540222536,0.004886870709528749,0.0016373080397470924,0.009731540944159022,0.004592721066193418,0.010342782635180646,0.004203959697771444,0.014561063978476518
machine-2-7,75,0.7997481071337484,0.9437433594164634,0.8240837380843501,0.9398192278024828,0.892608440020649,0.5263503649849899,0.9390029327651443,0.9367431060837929,0.6996825240800243,0.008072127054059176,0.00583766342198798,0.005147748267908866,0.0023533273335211414,0.014264734742351688,0.019720879097812505,0.018581099687043023,0.004615503097729831,0.01154503371610022
machine-2-7,80,0.800512865866522,0.9435566630494487,0.8239866334432484,0.9411440978528174,0.9006249234888495,0.5232944788040089,0.9377283156234751,0.9370505472262703,0.7008246962429444,0.009573791104645584,0.005344072773150768,0.004176828759946318,0.0024049096592021106,0.007097728156770378,0.006040500301568166,0.01135309206547382,0.0044634701835911264,0.007551288220310394
machine-2-8,5,0.9676881341843735,0.9903314705687507,0.973347913019254,1.0,0.9999999999999996,0.68738128504122,0.9999843859531622,0.9990482104850299,0.946261061579183,0.002321588269126295,0.0005928855877283638,0.007226886167875491,0.0,0.0,0.05341860689143159,1.365712710621909e-06,9.400014497300839e-05,0.014156664253991367
machine-2-8,10,0.9692417834086748,0.9899728490163013,0.9793799668000072,1.0,0.9999999999999996,0.817194979562556,0.9999879249452054,0.9990631817313971,0.9535141105598977,0.00035904976433818466,0.0007521047304768774,0.004176304145042087,0.0,0.0,0.1781803166240256,4.7981856343596776e-06,8.591270175009129e-05,0.009294655246462145
machine-2-8,15,0.9691931627677726,0.9902667405332489,0.9794603211989665,1.0,0.9999999999999996,0.7135414902344447,0.9999852543242506,0.9991192933205335,0.960507519452032,0.0004716763691944129,0.0004549905283407144,0.0017867130111668256,0.0,0.0,0.001967058395411164,6.443576119194196e-07,2.4460864452033606e-05,0.00776020025784936
machine-2-8,20,0.9694606310861034,0.9905327209339707,0.9810673681720938,1.0,0.9999999999999996,0.7784968868992539,0.9999851560185559,0.9990295895159773,0.9494900607726904,0.00018171623021875138,0.00016958283219239466,6.894499390406988e-05,0.0,0.0,0.1374049045497843,2.4228127080837603e-07,0.00019167809870443796,0.017132168182972994
machine-2-8,25,0.969526935353991,0.990268720045038,0.9818411317517354,1.0,0.9999999999999996,0.7774664842614232,0.9999848283314892,0.9988739034873223,0.9465467050891017,8.837710315844375e-05,0.0004005071665157103,0.0015883304534856624,0.0,0.0,0.1380630920826268,7.577059853306184e-07,0.00047375915219801724,0.026228128480761146
machine-2-8,30,0.9693506891457668,0.9902951135355587,0.9810375141140015,1.0,0.9999999999999996,0.7811020244246257,0.9999848447158222,0.9987958614448817,0.945263115479331,0.0003668327443715814,0.0005560304814938624,5.9708116184673907e-05,0.0,0.0,0.13549379087995522,7.631190836659805e-07,0.0006339654285666398,0.028480117155731573
machine-2-8,35,0.9694216847251763,0.9902179125757856,0.9810375141140015,1.0,0.9999999999999996,0.8482918090432283,0.9999875972503648,0.9988311017263484,0.9451578777361562,0.00015258960080741314,0.0005396168124648027,5.9708116184673907e-05,0.0,0.0,0.15738919428675602,6.026844824401303e-06,0.0005438457992523945,0.027365096702187737
machine-2-8,40,0.9693885965602672,0.990302239777999,0.9810375141140015,1.0,0.9999999999999996,0.8494625497060945,0.9999908249309104,0.9988704626824809,0.9442693565753444,0.00013597907963166378,0.0002970411963036172,5.9708116184673907e-05,0.0,0.0,0.1563522745720487,6.6594100668131025e-06,0.0004494922924931094,0.022438571132957944
machine-2-8,45,0.9694696751186246,0.9902607360141554,0.981811277693643,1.0,0.9999999999999996,0.7812456518498524,0.9999881707021999,0.9988102498854764,0.9415247592054785,6.957986483412926e-05,0.00039550833419663595,0.0016072352754675963,0.0,0.0,0.13575142470443857,5.6309341120138895e-06,0.0005549320279905852,0.0201045605856134
machine-2-8,50,0.9694799898172352,0.9904161936733219,0.981811277693643,1.0,0.9999999999999996,0.686530019418867,0.9999852707073336,0.9988499705732757,0.9443428178830101,0.00010906323588911026,0.00025622958419589903,0.0016072352754675963,0.0,0.0,0.05234330957236569,1.4392107388085509e-06,0.000518218376992559,0.02123126340964056
machine-2-8,55,0.9695062443842594,0.9903700050649109,0.9826148953313768,1.0,0.9999999999999996,0.7538309445380458,0.9999875972503648,0.9989016972707467,0.9461018775919752,0.0001196343004240698,0.00021685475773802808,0.0018558754378845367,0.0,0.0,0.16186826861665699,6.026844824426253e-06,0.0004264542538926416,0.01938187414091229
machine-2-8,60,0.9695574591801424,0.9904510330808093,0.981811277693643,1.0,0.9999999999999996,0.7083611625483565,0.9999843859541522,0.9989660077247355,0.9448736889937137,3.3026467553828884e-05,0.000251521459795002,0.0016072352754675963,0.0,0.0,0.0062090358373966,7.383268090056383e-07,0.0002736294406817129,0.01623923920764251
machine-2-8,65,0.9695607535188838,0.9904871261790962,0.9826148953313768,1.0,0.9999999999999996,0.764169184375495,0.9999843859541522,0.9989597428458894,0.9473718706908333,6.271423521387401e-05,0.00021196876082754294,0.0018558754378845367,0.0,0.0,0.11696561937144895,7.383268090056383e-07,0.00032298809058166567,0.018527214565467923
machine-2-8,70,0.969518910303658,0.9902834344160032,0.981811277693643,1.0,0.9999999999999996,0.7536907510913238,0.9999843859541522,0.9990143491455579,0.949593532966181,6.522373595427378e-05,0.00047646702710397445,0.0016072352754675963,0.0,0.0,0.1264339198841986,7.383268090056383e-07,0.00020939506289506825,0.018369302818707734
machine-2-8,75,0.9695208297264962,0.9903229586680578,0.9810673681720938,1.0,0.9999999999999996,0.7550795914611704,0.9999843859541522,0.9990332359123524,0.9498154576008249,4.9718452783514865e-05,0.00037620582443597154,6.894499390406988e-05,0.0,0.0,0.125018337667013,7.383268090056383e-07,0.00017826357436142182,0.01807140655181789
machine-2-8,80,0.9695238440939778,0.9903659800576065,0.9810673681720938,1.0,0.9999999999999996,0.763641393047795,0.9999843859541522,0.9990710589353644,0.9512205187262387,5.40020848531916e-05,0.0004322520263992575,6.894499390406988e-05,0.0,0.0,0.11737132844315622,7.383268090056383e-07,0.00011339743259822064,0.01566987543759287
machine-2-9,5,0.8079686925412219,0.9568027023782273,0.7642766147743485,0.9585157025561072,0.7402161339581182,0.22139037826911828,0.8408448270112667,0.9825937217005529,0.8588748054675808,0.039831790034452495,0.010339063761266431,0.050437621345874095,0.001250338435863186,0.0015625055403171,0.0030008759581253088,0.004306744611396464,0.007537617245762798,0.04269203134732542
machine-2-9,10,0.8012396443838188,0.9558709453916813,0.7586199226444282,0.9583739226207961,0.7399927380401787,0.2206518576718592,0.8282474039030109,0.980368568217802,0.8485099051797189,0.03801658297217743,0.009408947838867912,0.04504451476533838,0.0009333765919805447,0.0013334057996047324,0.0028522874828090065,0.02269247931782833,0.0077999750913084415,0.04084566158948279
machine-2-9,15,0.769736965924525,0.9415979515671629,0.7373303508228654,0.9585851767082002,0.7401353607025233,0.21997144010407266,0.8408811696615475,0.971942228192183,0.819721861111711,0.0710850914167449,0.024928139745642914,0.057625870862839094,0.0002826434252420629,0.0006792275953880982,0.0020051839115607763,0.003468134623693004,0.017664582665618718,0.06986476123970119
machine-2-9,20,0.7914438246151073,0.9492127513327157,0.7598191636537303,0.9582329335521313,0.7395769819573589,0.21929195676318128,0.8395526510465829,0.9774790907568224,0.8452499433797875,0.046956915148706285,0.014530201896433654,0.04075591446229353,0.001066069701606258,0.0014695442925445183,0.0004101782030254871,0.0024094792767585865,0.010269535300958947,0.04362445482540842
machine-2-9,25,0.7994239704573937,0.9504229355191964,0.7698895458712428,0.9585159515433979,0.7397298474954814,0.21925814584325903,0.8413469493218175,0.9789787035050236,0.8538166078100213,0.0262844637031195,0.009209039883328149,0.022112659662585337,0.0013713140575557481,0.0017977110035252589,0.00034678996074393175,0.002128315173620614,0.005413266501724842,0.022772723521379854
machine-2-9,30,0.800030464824719,0.9500317868102942,0.7734491874289813,0.9583740480524832,0.74028670580006,0.2191602215335094,0.8403350399803826,0.9791292495613217,0.8562677107845911,0.02982910149185624,0.00922626957730527,0.025937882833647303,0.0010159793427268874,0.0010246386548070957,0.00014362785867955542,0.002272351772173148,0.00611750861162472,0.026973647210402997
machine-2-9,35,0.8108899791868811,0.953397830623515,0.7835049279020417,0.9580203477851844,0.7400247100870869,0.21922705269226025,0.8393476054180229,0.9815299616695982,0.8667936926451035,0.014436165690662544,0.00440291263644439,0.01802380536492606,0.0001629439698578818,0.00030273836117900997,8.58071089695064e-05,0.0016958815970342617,0.00253045602132215,0.01288940011993116
machine-2-9,40,0.8144795599008219,0.9540526003412715,0.7905444059554485,0.9580909877363513,0.7400208001070749,0.2192198031699858,0.8383379811375842,0.9823096316145731,0.8715153769054513,0.006916872645482577,0.002077179422741265,0.006816614159436049,0.00035510619473725887,0.0006794759958089528,0.00014273223690591206,0.00020841992869291817,0.001184763080323285,0.006261223946999141
machine-2-9,45,0.8117448333955358,0.9522833714743352,0.7899173832400563,0.9581615029921057,0.7402259365232879,0.21934596457046007,0.8383687851830758,0.9812448255238947,0.8679802484282446,0.00449664381417449,0.0006588006832922336,0.006794874290899407,0.00023050549266536688,0.0005796966783013678,0.00021989062082573537,0.00019598456846606858,0.0003035128277280489,0.0032500542364014887
machine-2-9,50,0.8063894442458476,0.9502637346181007,0.785880083649088,0.957738245209276,0.739392442166912,0.2192047604565574,0.8402403372697738,0.979893544704985,0.8630133971849839,0.010779367038596093,0.0038073567264307133,0.006481714972435235,0.000282144128799224,0.00034352604937057146,0.0001617213630998893,0.002232528576718507,0.0026690472801416385,0.00805259301110433
machine-2-9,55,0.8110422628692946,0.9522393492124185,0.7902380144357176,0.9578793587898697,0.7396659696683114,0.219207593919985,0.8400736430561123,0.9812283593134916,0.867605237576901,0.008676733576297505,0.002053921522168772,0.0070218372844117125,0.0003988946020163512,0.0007066794693124085,0.0001423197160910932,0.00228871046197466,0.0016279077517371082,0.005806868417658647
machine-2-9,60,0.807547378343672,0.9511087549081835,0.7897250603014162,0.9578792757207848,0.7394951236446096,0.2190035806877706,0.8400842397187581,0.9801462450220741,0.863615449951081,0.011324347145307813,0.0037916284841636332,0.005439296645884596,0.00023036972149014667,0.0004774308796910365,0.0003287786920679222,0.002073898950934576,0.0025000302030762293,0.008135097238088652
machine-2-9,65,0.8086640598145294,0.951568785167346,0.7890073810044722,0.9578088019812245,0.7394248484402137,0.21910643508443509,0.8401431343889821,0.9807929895953054,0.8657424244742091,0.010288343204157495,0.0031929230977316247,0.009237018170682574,0.0003548970691437974,0.0008405393869548022,0.00017086026849135244,0.002048088976426012,0.0017562214196656274,0.008107233040881194
machine-2-9,70,0.8110496566193103,0.9524251452454583,0.7920078512538672,0.9578088019812245,0.7394332335124871,0.21906925780950712,0.8401870064317698,0.9811360438019708,0.8672520038822531,0.007995775871996371,0.0020693764474918777,0.004866999543332795,0.0003548970691437974,0.0007093844003881463,0.0002804922913755739,0.0022195491189020635,0.0015879675790406514,0.005043807368097615
machine-2-9,75,0.8102800957421994,0.9519457300783809,0.7926378452725772,0.9578792757207848,0.7396617193205498,0.2191546966615323,0.8402019705771153,0.9808918357578319,0.8662789702140673,0.011669998817517013,0.0038496778215440916,0.010623996259913216,0.00023036972149014667,0.00036073328063259834,0.00024407198842422517,0.0022829353820232713,0.002358125413556035,0.010146385582994218
machine-2-9,80,0.810787576276473,0.9521047830232489,0.7939339217216745,0.9578792757207848,0.7396627566609064,0.21913360113689567,0.8402475721763812,0.9809980518640345,0.8674075242207068,0.01132399067234943,0.0039004565193534197,0.00814681465111821,0.00023036972149014667,0.00037748023169666475,0.00017972354084635987,0.0023069822923544436,0.002449003596768092,0.009029738191175836
machine-3-1,5,0.42384022282000233,0.847840013411174,0.46479164237145626,0.6417582417582418,0.6642335766423353,0.2669833510123138,0.6667774828026595,0.9027645872940534,0.32106952811923106,0.015170802175364189,0.009405922449993073,0.0018493888802884335,0.0,0.0,0.0,1.3100940694619409e-05,0.007845566087192796,0.0295513140259142
machine-3-1,10,0.4140567793994894,0.8370861370511249,0.4676531923224532,0.6485804765410028,0.6796147526101797,0.26470874394650223,0.7375235964644022,0.8979211676932055,0.3238522435147358,0.011194897263840741,0.011731118718639735,0.0028789023080658008,0.014597796307726004,0.03235691506178089,0.004549214131623071,0.08228836666535173,0.005217148071021865,0.021223581735203566
machine-3-1,15,0.4166400676858159,0.8261482774351393,0.46924318269402454,0.7171532908133215,0.7097934397431621,0.26470874394650223,0.7689274774001135,0.8823754851463343,0.32516428792699836,0.027536858158710383,0.05147715252452507,0.00595603163048681,0.1507900981101593,0.09111972620165366,0.004549214131623071,0.13006229672630293,0.045987205771144214,0.05030552547964584
machine-3-1,20,0.4113811621642142,0.8224364685098222,0.46728149774560035,0.6576135020358128,0.697490250974902,0.26470874394650223,0.6996580064198292,0.8779815435280568,0.3177907405266701,0.0281023359364991,0.056247415980299434,0.004202276210327433,0.031710520555142084,0.06651334866513345,0.004549214131623071,0.0657714805516207,0.050041558249536607,0.06837867778807462
machine-3-1,25,0.40610292308742857,0.8174192607061754,0.4690953951124279,0.6531633415128562,0.6882630118418517,0.2739541354011876,0.7046233585830985,0.877929503909125,0.303684777534939,0.022147033009829342,0.042345575945158094,0.0016703598111319194,0.022810199509228583,0.04805887039903281,0.013941568777747708,0.07575169253581636,0.036402701384028006,0.061749400063030695
machine-3-1,30,0.40423645026748845,0.8177447596444003,0.47008884207286633,0.6531633415128562,0.6882630118418517,0.2669833510123138,0.7046835979284292,0.8801685482138366,0.29586586327705755,0.022319428952637395,0.03571624588516414,0.0010733236486577598,0.022810199509228583,0.04805887039903281,0.0,0.07583653533071413,0.030810699156015257,0.05917117419965907
machine-3-1,35,0.40222453154723903,0.8149536248376222,0.47127845691800796,0.6495696318890236,0.680705302963679,0.2669833510123138,0.6987612921648981,0.8775994544961916,0.28961267527630746,0.02324738301530033,0.03260606601778988,0.001832668196611696,0.015622780261563511,0.032943452642687485,0.0,0.06396469226230489,0.027340916421134686,0.06331906557790999
machine-3-1,40,0.4035381941624201,0.8165636034419725,0.4705834644968123,0.6417582417582418,0.6642335766423353,0.2669833510123138,0.6988770071548394,0.877787762440236,0.2798496620831783,0.021919326559226553,0.033178242091902815,0.0010930372651682687,0.0,0.0,0.0,0.06418281826954572,0.028795126979605335,0.04694823186962957
machine-3-1,45,0.4034831519524638,0.8174624718198336,0.4697997177977786,0.6417582417582418,0.6642335766423353,0.2669833510123138,0.7042964116817529,0.8797056509687087,0.2816804657989749,0.020766044496472093,0.03049640794251148,0.0013959141721232892,0.0,0.0,0.0,0.07504691190257715,0.025112382547347156,0.046245580021815405
machine-3-1,50,0.39828344924590775,0.8134861628348046,0.4713561718142607,0.6417582417582418,0.6642335766423353,0.2669833510123138,0.6667854256493851,0.8770156606365551,0.27790830639229647,0.01706246411135787,0.026272076116567584,0.0023558462592623715,0.0,0.0,0.0,1.0342463093233118e-06,0.02162433767656334,0.04051576389625854
machine-3-1,55,0.39912076489983167,0.8147692984093735,0.47046056393362495,0.6417582417582418,0.6642335766423353,0.2669833510123138,0.6667847434647564,0.8776859379366088,0.2769749787407607,0.018455967002362603,0.02496962084703751,0.0028943537049225714,0.0,0.0,0.0,2.9655617608720824e-07,0.021369385817373864,0.045932442358484905
machine-3-1,60,0.3988943267787834,0.8142284159486358,0.46972741818191105,0.6417582417582418,0.6642335766423353,0.27422490579501496,0.6667847434647564,0.8772498235248514,0.2771372356432328,0.01816559205523793,0.025592308896943014,0.001764674776995215,0.0,0.0,0.01448310956540237,2.9655617608720824e-07,0.02263554388978848,0.04515675916937933
machine-3-1,65,0.3992526733643511,0.8150252191612777,0.4704396171626825,0.6417582417582418,0.6642335766423353,0.2669833510123138,0.6667720984819006,0.8782609071767152,0.274953275724431,0.017790538524581102,0.02469766152974863,0.0034943821149765303,0.0,0.0,0.0,1.4656693559369947e-05,0.021788737986563382,0.04836192169688711
machine-3-1,70,0.39978699903881876,0.8150521152912549,0.46974283741109735,0.6417582417582418,0.6642335766423353,0.2669833510123138,0.6667847434647564,0.8781781802471397,0.2706302106707531,0.019361984702434373,0.024080359639291327,0.004031974353653327,0.0,0.0,0.0,2.9655617608720824e-07,0.02265188968349922,0.05344647242340806
machine-3-1,75,0.40040755496168573,0.8177148750555367,0.4699421267652989,0.6417582417582418,0.6642335766423353,0.2669833510123138,0.6667843711223879,0.8801031381421361,0.2731129730122717,0.01750467170919422,0.02646161833874345,0.00346532181768588,0.0,0.0,0.0,7.280839037728203e-07,0.023493134190282303,0.05004657703109751
machine-3-1,80,0.4002083691417603,0.8171645410573642,0.47165696538513213,0.6417582417582418,0.6642335766423353,0.2669833510123138,0.6667803427831772,0.879883944151822,0.2709316911015193,0.01745529084011984,0.024304263108753187,0.0019106784859417533,0.0,0.0,0.0,8.695683855018178e-06,0.02351552146150395,0.050671706636751496
machine-3-10,5,0.7918547606293636,0.8834279519473891,0.8534321916258331,0.9361595195091963,0.8562869345170774,0.47467215136280283,0.9200089239844949,0.866541057620778,0.6889297952183543,0.01652665354558535,0.009860793596086414,0.030210006510830185,0.017871321560741657,0.09235278502919989,0.06877135015647695,0.021759899799316727,0.021187523991897446,0.07428323725577134
machine-3-10,10,0.7863219388589098,0.88624173286974,0.8441732073430709,0.9246140597298255,0.7621391183797703,0.3533985589242925,0.8333139001276154,0.876240241705389,0.6356006290957725,0.011864283227304854,0.00808026806673593,0.030199791444696197,0.005101078845623859,0.05163922619626362,0.056019810792474714,0.07117510323063657,0.016119794000351673,0.05636220912261162
machine-3-10,15,0.7562814002770322,0.8824035568801725,0.8039353207506651,0.9304309793706644,0.8127820741612202,0.4055175871157895,0.8873486286468413,0.873969066685184,0.6428092598664186,0.07041042370032309,0.012631603463989127,0.09218074973477819,0.00842478487635155,0.08273071592467589,0.07165703295151198,0.03311972325117972,0.01791350402285655,0.0765946933746862
machine-3-10,20,0.7558714626301568,0.8818695906942758,0.8062877207225224,0.9356868718661694,0.8512237023846451,0.418559024722864,0.9242913073418431,0.8793215762819646,0.6834363125472364,0.08160613612763326,0.011656064697303554,0.09919790159634724,0.008274595929853282,0.07881036709074234,0.03515797488412225,0.01687756025454865,0.009695206149013902,0.07806251617539894
machine-3-10,25,0.7667469371847297,0.8823106966352683,0.8273079063951692,0.9346555627621828,0.8734472826030703,0.4088918614687983,0.9249273935527043,0.878434562398023,0.6966836104477104,0.059242459106361486,0.008455205234506293,0.05957252360385248,0.001114087977052366,0.04018211603226339,0.024777098806162273,0.013050711473868088,0.00632674938368845,0.04743163262377208
machine-3-10,30,0.763821379188854,0.883468657085696,0.8124926251000526,0.9334408709245586,0.8753446588379519,0.3962008886287041,0.9271383900943799,0.8818071589372537,0.6989616324335823,0.052274485694288574,0.006880006396294928,0.05693683304966158,0.005852101410043761,0.05821824868962131,0.05448099037459523,0.013148397681202784,0.003896930251027517,0.03917873003479653
machine-3-10,35,0.7764689306691775,0.8856384023434684,0.8300146853372575,0.938768581589414,0.8905149137244135,0.4117830621389108,0.9316787197299021,0.8842997217039515,0.7189841244497587,0.039204422232696906,0.006479885715067902,0.05440670915733003,0.003297773201738661,0.04398396132252102,0.033689653953020884,0.009305452630964668,0.005428001687200515,0.027563212368916543
machine-3-10,40,0.7728281502563443,0.884615056812728,0.8202062221673079,0.942166736465609,0.9079271869604532,0.4455211774543912,0.9320603677378897,0.8838844345033284,0.7207049667106661,0.03902154249918018,0.0051778826267270565,0.05455843683368791,0.003327088392299794,0.0323348608186048,0.044572736439304796,0.008496133571854842,0.004590432670729771,0.033466626189713335
machine-3-10,45,0.7744687045329625,0.8856636175891597,0.8151792903688465,0.943351699891603,0.9101287411396051,0.45779445509012906,0.9327334086405603,0.8842016705012145,0.7240445356005123,0.029829022487495225,0.005701076037827618,0.040863130765277214,0.004038703114949925,0.03199670291348258,0.03829775821375524,0.009760815115397585,0.004591879458390079,0.021006289602668312
machine-3-10,50,0.7704545969213104,0.8857534610759514,0.8059404646906522,0.9437727399282947,0.9244774328344421,0.45388264731387923,0.9338919664394407,0.8840234788488317,0.7210037378065457,0.03342833484673497,0.005599913166884358,0.04934141947983882,0.0033904683544691465,0.01476620470998096,0.042133409204428526,0.008377118671178472,0.0027978336512001194,0.025197565566006188
machine-3-10,55,0.7633775243007541,0.8876753627778208,0.7993480051035508,0.9457811820423099,0.9291578502072841,0.4669419331390434,0.9346160371974089,0.8891781400961052,0.7186556925457073,0.03938823069512876,0.003787625851778562,0.049004169298484446,0.00428532490857048,0.010721259776413711,0.05377357743102579,0.007287977908015453,0.0038921463206570534,0.031197152917404693
machine-3-10,60,0.7588679962031867,0.8869599111663887,0.796058712099024,0.94408657558188,0.9260208252150333,0.46043397413667914,0.935455102470141,0.8868205468408766,0.7115594810314498,0.043828897297012524,0.002710916131757435,0.05521088158853488,0.0074551206258691325,0.01961120044774753,0.06092437486413868,0.007867384585512761,0.007178757987657903,0.03384411601170108
machine-3-10,65,0.7518344950564688,0.8870034273747551,0.7813201088484008,0.9460360479167176,0.9249125342140266,0.47118361877676845,0.9357153760668573,0.8880551349108026,0.7064830264036772,0.04203360446452796,0.0033077581280517,0.05347839186189826,0.006867102862167753,0.017619828933579874,0.053164861208949955,0.006650191050344172,0.004646552080027391,0.031786267360183106
machine-3-10,70,0.7560139934705731,0.8886405671522128,0.7843862981454696,0.9452940505597699,0.9299257848474198,0.48415592802304047,0.9370143180077544,0.8920626192907295,0.7127581872688654,0.04120724957060401,0.0028377578614466907,0.05324927297274297,0.010179322179153138,0.014575476418849053,0.04977814856759038,0.007420261651016883,0.0022758281322966148,0.03648055107086795
machine-3-10,75,0.7551936982349231,0.8875142773879128,0.7855415189600718,0.9494819495934053,0.9376676788752745,0.5021979239507811,0.9384484702285096,0.8891113763226854,0.7108656756589434,0.04217472110349117,0.0015861305763487869,0.056678103613454114,0.002178863422833077,0.0035528377524779668,0.05388532017731611,0.006713188669594428,0.003473210856277588,0.035435285403325835
machine-3-10,80,0.7556997473107536,0.8889238523418841,0.7864628983459969,0.9485884233282257,0.9342386517789208,0.4931676270316191,0.9378423932333998,0.8916510852952027,0.7130586160232546,0.04523395204816228,0.0021350837923682234,0.06367548556955985,0.00482647352939035,0.005908677129660605,0.054125145138381785,0.007202586720163456,0.004910876085891829,0.039742064879731656
machine-3-11,5,0.24506455658835619,0.9454933163996312,0.3246933452625633,0.9993702770780857,0.9868421052631575,0.3985870397108431,0.9915434792744818,0.9696880297329543,0.23571545757373896,0.030069202944701785,0.012046528164866078,0.04143339820777517,0.0012594458438286622,0.026315789473684167,0.0043643821167754305,0.005433560084842757,0.0070692680373157955,0.036884631507916425
machine-3-11,10,0.21359728541424017,0.9032016300106616,0.3230202867313823,1.0,0.9999999999999996,0.4007692307692308,0.9946497275572983,0.9260197612583277,0.18829996214884454,0.07455922764759872,0.04597579615215793,0.06627049307079444,0.0,0.0,0.0,0.0007789364807901841,0.050413325196676434,0.09931079607695951
machine-3-11,15,0.16670042362936477,0.8721033033837977,0.2933214747583528,1.0,0.9999999999999996,0.4007692307692308,0.9946497275572983,0.8907132748977918,0.12353154136792242,0.026249296951500873,0.018459001414462432,0.03579362136178551,0.0,0.0,0.0,0.0007789364807902026,0.020486541898888943,0.02685279918564933
machine-3-11,20,0.172196384766574,0.8819854845623564,0.28604158894383924,1.0,0.9999999999999996,0.4007692307692308,0.9942602593169032,0.9032319898833397,0.1329453411398429,0.020840317119434175,0.018376686013945025,0.029342205984795332,0.0,0.0,0.0,0.0,0.018969780776034374,0.02342896265250151
machine-3-11,25,0.1843648212189995,0.8840054694156277,0.30256348883245004,1.0,0.9999999999999996,0.4007692307692308,0.9942602593169032,0.9058699783705368,0.15798204214468092,0.03542107294648207,0.006803377801802372,0.0598053360956977,0.0,0.0,0.0,0.0,0.012495406006096938,0.05111113427722282
machine-3-11,30,0.17836021041483896,0.8871475646634479,0.28250762849297995,1.0,0.9999999999999996,0.4007692307692308,0.9942602593169032,0.9090554869219121,0.14921404904802388,0.022916222487394153,0.010862200896862132,0.031742077482714535,0.0,0.0,0.0,0.0,0.016855329113021997,0.03386939303270964
machine-3-11,35,0.18960972193461012,0.8917160699273972,0.305052702496059,1.0,0.9999999999999996,0.4007692307692308,0.9942602593169032,0.9152057633179864,0.16273349521825528,0.023435385730859817,0.017988776755046437,0.023569850720248798,0.0,0.0,0.0,0.0,0.02454966461283843,0.042395540423774136
machine-3-11,40,0.18945133691916421,0.8905245769144994,0.3136177236984775,1.0,0.9999999999999996,0.4007692307692308,0.9942602593169032,0.9144918800469563,0.16468549634692586,0.011149434739133842,0.019147672012885097,0.014122852303305037,0.0,0.0,0.0,0.0,0.024899760826728914,0.022169519075154392
machine-3-11,45,0.19750326285111888,0.8961877143083048,0.3195551778547281,1.0,0.9999999999999996,0.4007692307692308,0.9942602593169032,0.9211112134659394,0.1795349448026229,0.019632650592559902,0.02100481084150413,0.026214961727433404,0.0,0.0,0.0,0.0,0.02641399091336861,0.03883654994163261
machine-3-11,50,0.1938866854974091,0.8975878426938485,0.3064696259259347,1.0,0.9999999999999996,0.4007692307692308,0.9942602593169032,0.9229129842875614,0.17522662830877384,0.018636831065813382,0.022849706666294944,0.029202348774313575,0.0,0.0,0.0,0.0,0.027746943508033244,0.03331006574229169
machine-3-11,55,0.1893875985361303,0.8963278091384553,0.3069875302234167,1.0,0.9999999999999996,0.4007692307692308,0.9942602593169032,0.921453936023106,0.1712103685685731,0.019288078774758147,0.019242664249747927,0.03954342784996364,0.0,0.0,0.0,0.0,0.02349622228420556,0.0282624429824725
machine-3-11,60,0.1900208894232919,0.8962947465812607,0.30394212700594936,1.0,0.9999999999999996,0.4007692307692308,0.9942602593169032,0.9215999959897445,0.17071630082809766,0.020985084555867974,0.02048138322980326,0.0405279267418847,0.0,0.0,0.0,0.0,0.02509811153972986,0.035215028042577
machine-3-11,65,0.1880060863224141,0.8959332744412072,0.30410325687883505,1.0,0.9999999999999996,0.4007692307692308,0.9942602593169032,0.9220140783817325,0.1693223277595015,0.02635308081369987,0.014465938682998834,0.054896590113164216,0.0,0.0,0.0,0.0,0.018634536460248825,0.032756624317912104
machine-3-11,70,0.18722388352963618,0.8924727637213158,0.30901838264389037,1.0,0.9999999999999996,0.4007692307692308,0.9942602593169032,0.9189691937653302,0.16770135731633812,0.038371943783751764,0.01222707929870548,0.06863495484846502,0.0,0.0,0.0,0.0,0.015346762307058235,0.04727023584196571
machine-3-11,75,0.1917529510761744,0.8951014142974197,0.315201842545614,1.0,0.9999999999999996,0.4007692307692308,0.9942602593169032,0.9216609540957927,0.17340240057348147,0.036012835330966234,0.010404630237892183,0.06719490292883101,0.0,0.0,0.0,0.0,0.012613487926595253,0.035802356805974524
machine-3-11,80,0.19687351025850588,0.8979387002461697,0.31597957264347654,1.0,0.9999999999999996,0.4007692307692308,0.9942602593169032,0.9239166505601428,0.17997018114228508,0.033118722961060054,0.0071637781723918265,0.053215459232707346,0.0,0.0,0.0,0.0,0.00810193336687998,0.03731055528158684
machine-3-2,5,0.06724650863493757,0.6026197045806114,0.1261007203865934,0.9766176737343185,0.6272002382076919,0.3195827676991615,0.7778622289451993,0.567440554418414,0.06043434311423952,0.00505263043541426,0.02558169636976458,0.0041040954988415,0.002500777518566833,0.017896637764051856,0.0045300126158834735,0.027246001705246315,0.026118694396362732,0.004432711783564331
machine-3-2,10,0.07452498926435405,0.6319698771478073,0.13783347669724727,0.9482360841479038,0.49072128851540564,0.25866953462849224,0.7564147998519754,0.6041233819997219,0.07014567387521913,0.017528604775853225,0.05565316204246278,0.03780612171211267,0.04537857733854447,0.2531202641894475,0.09233648511020837,0.03970079718228897,0.047559391337917374,0.01639775429360688
machine-3-2,15,0.07339990122069935,0.6205296821765207,0.14404454529049238,0.9223738218364568,0.37788461538461493,0.2126976180826914,0.7324377106784661,0.5936167866135967,0.0701904068264434,0.023545666841880402,0.08832979996356646,0.031336405001233074,0.0688693130652826,0.18648558595038484,0.052398523224771586,0.02838319466675054,0.08634020870737988,0.01970755195671518
machine-3-2,20,0.07293656023674885,0.6021821830084644,0.13495486953460079,0.9671018258477863,0.550415671285236,0.2770550133880336,0.7603047493452049,0.5743804901447459,0.0673854977440599,0.01955299750084485,0.10121391391947679,0.031274648288738105,0.0181855941365602,0.06279361940543303,0.02949028499541053,0.03277643256143208,0.09525904010971935,0.018388597997089296
machine-3-2,25,0.07073293202350428,0.5968103066403985,0.12484006500710099,0.9626230073088146,0.6200635502879537,0.29906381395653203,0.7481814410850677,0.5652038374438826,0.06460681659488275,0.017519775632379192,0.10237815643796175,0.026620852847192,0.019991728509631452,0.06871163265272817,0.012811347040221743,0.029757554576301602,0.09045711496446619,0.01676692241409958
machine-3-2,30,0.0689991528741143,0.5951617953456265,0.12576940563549138,0.9689933897402337,0.6162199936748243,0.2998634205720691,0.7732038136700911,0.560425994919325,0.06268418655018455,0.014091086821909125,0.08517145066196,0.022918101360845725,0.009219338788351334,0.07591561137837526,0.03687206207175525,0.041376885023502445,0.07471409043401175,0.013280528186707441
machine-3-2,35,0.0677190457513797,0.5776026664521346,0.12139774593551532,0.9673461007534233,0.6268835616438351,0.31290695359266274,0.7635469982187946,0.5432495362335457,0.06135149048736877,0.016749026428671158,0.09419584486170049,0.030476343329786198,0.008843757348045878,0.041398503212003925,0.018307684878738302,0.02033626340331398,0.08286519176118079,0.015706230167214463
machine-3-2,40,0.06210588954736303,0.5506642674213615,0.1066903351303761,0.968166111629469,0.6515151515151509,0.3147624910739743,0.7593844583472434,0.5175242590504753,0.05575691364230015,0.010639272126135932,0.08085103724352152,0.013187870082756981,0.0055036001338588806,0.017495462702716003,0.017885820846464073,0.009562688169747832,0.07100585936531748,0.0099813788238284
machine-3-2,45,0.06230193253927327,0.5456446171791047,0.1027366880129041,0.9700248179658287,0.6939102564102559,0.3270686725304939,0.7637570073427565,0.5136313238134773,0.05553862111077852,0.009153466001993578,0.06035313543499466,0.010229453697661556,0.004999474104197786,0.03929823537980664,0.02812392445351118,0.004971901503223166,0.05293196277065513,0.008476171460630696
machine-3-2,50,0.062076863702476955,0.5435774639958494,0.10185511775272978,0.9718744996713493,0.6768213725891087,0.3272681824832782,0.7554717989968466,0.5130992533042369,0.055464351246167,0.008822170228235228,0.05298903978562512,0.010457432609529058,0.003512809646724023,0.026746433687535175,0.018558959787428657,0.010719386995152095,0.04538134772614134,0.00804349455441398
machine-3-2,55,0.061495117174797775,0.5344102821262546,0.10088096091486377,0.9715450282492017,0.6547619047619042,0.3216086577062154,0.7518988338683719,0.5052707492216079,0.05486795194759278,0.008546283633302081,0.057206323232206556,0.008265537763950637,0.0036618566932696615,0.013746434980705418,0.013436353375351356,0.016173317914682732,0.0491508730126569,0.007686662340574977
machine-3-2,60,0.06606629213891826,0.5709942631313865,0.11208751317681578,0.9702306520884888,0.6686147186147181,0.3315206271354038,0.7506370795817324,0.5371017917941322,0.059305731578842974,0.010081404252563679,0.061042461309657216,0.014458840044321412,0.003912137138763884,0.023300340503546135,0.007442907809406294,0.011745552472596746,0.052679118934423494,0.009199755042362869
machine-3-2,65,0.06234364380762758,0.5442954159948401,0.10014533106581593,0.9694890571909671,0.6846861471861466,0.3357917653798611,0.7496828464831208,0.5150619196098859,0.055678721709800726,0.005045607966873483,0.021531550057122293,0.0020831883758385987,0.006775367650305413,0.04805109491852149,0.013969502736097945,0.031428238001237195,0.017569036571829028,0.0043717324683501
machine-3-2,70,0.06404013509125513,0.5546056197277373,0.10307390589805132,0.9681230344246903,0.6780631353665056,0.3347268316174268,0.7536200442120822,0.5240966422314713,0.05718189745763487,0.006725150246269287,0.038778761491255365,0.006595438142700707,0.006833567124067191,0.009349068147750711,0.0037426493884878892,0.029935799557241554,0.0332375750961599,0.0060575855009826545
machine-3-2,75,0.06302361907186305,0.5480158964640742,0.1051488784447422,0.9712293227363061,0.7216666666666661,0.34439815459813905,0.7676966077714185,0.5178091893098965,0.05614465278667227,0.007951895031107553,0.045365407722945034,0.01094409763516995,0.006182022183156061,0.03929942040850527,0.01544903001704756,0.024419642793321938,0.037715844616672406,0.007051799592205265
machine-3-2,80,0.06281654591695618,0.5448000021160417,0.10220562195704055,0.9720052839993614,0.6791044776119398,0.3299311920182514,0.7736007817120816,0.5171495502319439,0.05606120274897462,0.008264841172563356,0.05470999194020153,0.009211043712483907,0.006679645618061546,0.0248756218905472,0.01105610773932796,0.02843383395571887,0.04691183435618021,0.007596915684043144
machine-3-3,5,0.19432740036926596,0.782823024738487,0.2892062599102754,0.9502752298708796,0.7423664267145449,0.46826187191114743,0.8772088328729956,0.7891122501828787,0.18178665545723127,0.020104649042357755,0.01829621791863743,0.01605913780527097,0.009801375999685736,0.07226442015755455,0.013232127684646034,0.005338493210685921,0.018554536182223105,0.015315534584533457
machine-3-3,10,0.10534709763447075,0.7329952060982559,0.19353052636298224,0.9037633144005786,0.3990623379863322,0.36241290012300087,0.8922691655746926,0.7387646490189059,0.09853324744830075,0.007061588960307462,0.01597415479885592,0.02166874101457183,0.020629827819701345,0.02532255826678381,0.03309019461302375,0.009810025469966534,0.016416687431999127,0.00890744076948756
machine-3-3,15,0.1173258008079008,0.7341387937195167,0.21927427667625904,0.9015424283379749,0.4607819166267525,0.42133514957099355,0.9069908253548213,0.739922328590932,0.1140398031948667,0.012369035125056136,0.012755922428008281,0.021749395220848053,0.008348807031676215,0.04955490157821007,0.01740112034382292,0.016973922503559082,0.012912543500722167,0.012278263506315414
machine-3-3,20,0.12030142855629543,0.7302685424074234,0.21848234344442502,0.9098215172109616,0.46272951025434206,0.42751915919251793,0.9057135468830481,0.7357848565294115,0.11452071485742338,0.01721794830991177,0.016501821905225682,0.021405565530475658,0.008877212397109188,0.054672362706582676,0.008516396722488937,0.010478521892323976,0.016992001286697242,0.016822330177040334
machine-3-3,25,0.12682630264892986,0.7333236239075952,0.21968895097963986,0.9157748733474984,0.4824548682957558,0.42584158299615293,0.8970920233618173,0.7386838920358532,0.11844321093857728,0.013599471839274097,0.012941494670668251,0.022374836437694882,0.012567842391984921,0.041852319235908375,0.005131370493751529,0.012156650771803583,0.01347145535168549,0.013778875633865395
machine-3-3,30,0.1282385834086908,0.7409613748272406,0.2183795266632606,0.919603956976225,0.4806145873420734,0.4285859214694318,0.8958382633493314,0.7462492988153631,0.12046461544031585,0.0041396764376967175,0.00953768817524371,0.009146842127528192,0.011283116286995302,0.0281411169196127,0.005098072551554261,0.007157394156985667,0.009919925061444415,0.0047013952170732055
machine-3-3,35,0.13061176044680503,0.7420045005949839,0.2160748569315415,0.9213411517643738,0.5145416352097872,0.43153568484349386,0.8880569943455581,0.7472502379456617,0.12124495802273337,0.006690338180821581,0.016120001701851322,0.01580161516399935,0.012882985462942398,0.04234821789380176,0.005456189719275051,0.012589413007896096,0.016225924222223867,0.007472657851651904
machine-3-3,40,0.1236388530220897,0.7311230341929131,0.2006742279502665,0.9254768038407775,0.5359759321115559,0.43030035915729226,0.8871141110828903,0.7364663153113621,0.11335873264407217,0.013615281665584202,0.016697154201357273,0.014490010870703963,0.013555143397979065,0.05719180358956128,0.008134546496561368,0.011666848285946257,0.016802829508975554,0.0109383405783932
machine-3-3,45,0.12522412688169277,0.7326365142285682,0.2033798058006953,0.9281482476419045,0.5545465157938944,0.4313894947378132,0.8843585781717974,0.7378056790499063,0.11442332304960262,0.0102511184254973,0.012030928544309982,0.004222699165088454,0.017070295001875027,0.08444886824763477,0.010979444701816051,0.011103187336372746,0.01197742556755256,0.007652001572782888
machine-3-3,50,0.12159427336871916,0.7259419074915281,0.19434471125705013,0.9349030983150037,0.5905988183044484,0.43312999513915906,0.8873619400089696,0.7309574110282513,0.11059889969519085,0.013364997102435671,0.013931253230468173,0.007626264001203862,0.01642094336904839,0.07815015925079803,0.006240411740606444,0.011773351137726637,0.013506524860655197,0.010368005863966186
machine-3-3,55,0.12236981801981837,0.726921680714288,0.1949786590814495,0.9299030355134899,0.5935140093063163,0.43196424601689837,0.8830629470155138,0.7320342929070538,0.1105344699745347,0.013741331039388191,0.014107887913863531,0.017522215791434727,0.009863961944368243,0.07446261627614645,0.008635568645767769,0.00907751327950813,0.013802889911723203,0.011747058608348659
machine-3-3,60,0.1195398606801045,0.7173184914852533,0.19175212833333463,0.9338684238091336,0.6307492921976204,0.43898359199483333,0.8858645852363416,0.7223302045557252,0.1079520601422188,0.014833687155560297,0.018285157809415666,0.015244307477357697,0.01439587503107923,0.11614128146981002,0.02277666155555056,0.01650311739041346,0.01796001946491824,0.011970004125910958
machine-3-3,65,0.11788439274960193,0.7198164359365892,0.1835621973206838,0.9372407237956055,0.6456492544002823,0.44284751774381664,0.8860367922830176,0.7248147482209844,0.10488851845970851,0.014349633569646407,0.021576326450972762,0.014110249176601664,0.007270453815343587,0.06548289770552057,0.014479047831581795,0.015874460028443855,0.02140511006131507,0.01303257440687846
machine-3-3,70,0.11731804247133334,0.7151055091311369,0.1817478810554739,0.9402696543807118,0.6680005497520551,0.44350383757115747,0.8856530440378306,0.7203001175169212,0.10295655825504853,0.012571754463890474,0.019760813706131423,0.014191205065493456,0.010089635764590951,0.06738648852846568,0.016563395105564253,0.0146948241798889,0.019505155911699913,0.011310590931263314
machine-3-3,75,0.11648823927148871,0.714434102512874,0.18040989780137012,0.9407608587895115,0.6811748766215997,0.4462296082718115,0.883824732478715,0.7196959454719065,0.10261732256394106,0.012588672793890723,0.020961089063296197,0.016423390612500123,0.006350979169191152,0.06307179689335762,0.011918656208367141,0.007797097683697081,0.020674171891500396,0.01335019880028307
machine-3-3,80,0.11601514546134814,0.7136555445886652,0.18150844852164627,0.9418348226388435,0.6825134873717076,0.4514328685960663,0.8836271449972584,0.7189480636524045,0.10256618297619585,0.013767036966765131,0.017061260199640996,0.016872150824773398,0.0076611213449028544,0.07720771486174603,0.013394910692904518,0.010727907907010076,0.016576959735809582,0.013026498679556285
machine-3-4,5,0.8248284885596856,0.948400402554196,0.7906786764688315,0.963975632649031,0.8802205993205098,0.323445964474739,0.8217751609234057,0.9583189461549092,0.7699177808203952,0.049433626380142495,0.017668061668402547,0.05979718739742322,0.02223121797639612,0.025611175869668296,0.0587984414868651,0.030982357227696638,0.018206913129848738,0.0613559720002967
machine-3-4,10,0.7900520420875135,0.93661254242043,0.7854739598484134,0.9478494020169617,0.8282063531934679,0.29584772438666534,0.8184085817794989,0.9463206280522184,0.7048703450674766,0.04715168134475925,0.014445649195016903,0.04113653051737317,0.03347289495730579,0.09244741684631731,0.07536257916589724,0.06759288732123267,0.017621283008060658,0.09770211716243546
machine-3-4,15,0.8151471798843388,0.9388498231898756,0.8135855923233578,0.9618839101076175,0.844329040265577,0.30286312555779343,0.8367088801317023,0.950390386451456,0.7516562463891776,0.03623136757601189,0.021002123496787043,0.034795735726435795,0.021700225510887794,0.07720464117490136,0.06792214038561017,0.053208238007718074,0.02009463458126805,0.07067323648010146
machine-3-4,20,0.8261591720591345,0.9431294019079505,0.8223632174141278,0.9689958773722787,0.8820965974290426,0.335479750696859,0.8665532945493964,0.9520120857408606,0.7485815836677222,0.05073813430575335,0.02272404981853185,0.04499786073269212,0.03146549259513594,0.09298058103048648,0.11927088361106217,0.10217038690383437,0.025619043899686975,0.12982221247601344
machine-3-4,25,0.8229066676491511,0.9422381935749047,0.817722661967712,0.9680842849212217,0.8764976510948249,0.35538674063061654,0.8761641951218626,0.9512049457128025,0.7547257400733277,0.0516067539658909,0.020873399880766256,0.04641104045313216,0.030712562588660373,0.09823994133327331,0.10486974167255422,0.09614252568668707,0.023112523838343,0.11630677805851652
machine-3-4,30,0.8172246035168346,0.942759252418416,0.8126031420870448,0.9562785203832953,0.8448787426912975,0.3317824571670611,0.8231780818674221,0.9507532125874889,0.7356358523934011,0.049199536741387884,0.019023797330860456,0.03755519379217984,0.046565024107862056,0.13226699704723316,0.10745008697060783,0.08991742397778263,0.025703237202274506,0.130474912834713
machine-3-4,35,0.8147561422336558,0.9436543383147848,0.8029644287175348,0.9616831559901138,0.8062915383662608,0.3021931219482308,0.8149600348953474,0.9520148230268585,0.7296973151857595,0.03892420972828707,0.01817573690193111,0.02755464343530374,0.03581748827934723,0.0918922806634407,0.05782755195089864,0.06831665884834871,0.021635453294628605,0.10000293529324783
machine-3-4,40,0.8215456353101476,0.9489713962974771,0.811129826060731,0.9620020951319348,0.827067037949625,0.3162485503832616,0.8349438879006079,0.9582896294892138,0.7452459571235555,0.030138812833725524,0.01624621306421342,0.019269783828821312,0.03463919782457776,0.08554606442541182,0.06630735804720879,0.08629834028635418,0.018264768806048673,0.09226310094153098
machine-3-4,45,0.8252032203703409,0.9485717649275028,0.8156113208085523,0.9544348129394001,0.8609267359661623,0.32214294421811795,0.8236168576453813,0.9582809165656836,0.7505922513243511,0.03316919174529983,0.017194419926140757,0.019988581068109985,0.045636019388460264,0.09334076108918993,0.06760995782967505,0.07559865718007722,0.018162638026719323,0.0894904721684394
machine-3-4,50,0.8234365664452,0.9449860784204718,0.8159775505782138,0.9579678195252668,0.8281174594720949,0.30200783516266627,0.8245883987593993,0.9539214427986182,0.7380522704865379,0.03462210299578339,0.0177590963094176,0.01929402386499947,0.04240742363166557,0.12223650342154413,0.058530729253917085,0.08158826409423516,0.021803190901097398,0.10717314463848227
machine-3-4,55,0.8291336044701616,0.9475124630972072,0.8188384457434598,0.9600969053005275,0.8290632737169289,0.29999052023047096,0.8194632270063638,0.9591531562238272,0.762469469461043,0.0344924125471243,0.017310121308318313,0.02098461684681277,0.043539033998980625,0.0826486032636006,0.05491612839444268,0.0635401377007489,0.017855249103004296,0.08572240574939347
machine-3-4,60,0.8277473133334965,0.9455488097977189,0.8180010986229318,0.9581190613771776,0.8290027176724419,0.30675210361775773,0.8193216075324926,0.957152993408291,0.7571574604631109,0.0316906052653663,0.017472916398593167,0.015648214767297608,0.04176753316748156,0.1122103527271387,0.03690872378311862,0.06608560176705168,0.0197427707607731,0.09465150065106254
machine-3-4,65,0.8275488468855641,0.9465804107214265,0.8191408997750266,0.9579392800022357,0.8728175580797046,0.31919078638466625,0.8264806819232093,0.9582054081269468,0.7620924502909266,0.029661351766314303,0.01654240784889474,0.014089866032287018,0.04383248804623998,0.106461666651019,0.056260982014678766,0.07025062247777479,0.018278486532273142,0.08796738641219815
machine-3-4,70,0.8237816088286414,0.9450587601888049,0.8198045785028131,0.9622473514843777,0.8581962456231991,0.32000442128127543,0.8172765747241371,0.9576995127769776,0.7628433109188912,0.03007386542595495,0.016349430580647317,0.015899030250698377,0.033699562015604485,0.0793920385834846,0.04083069914624815,0.06451007315103165,0.01609019460151156,0.08166249533457219
machine-3-4,75,0.8235415945101352,0.9457259941520033,0.8161232783391619,0.9668946584972031,0.8410393566784831,0.31916642178089655,0.80485050792183,0.9585307161562386,0.763569177836864,0.026692070994898367,0.01573211802473791,0.014634361397013055,0.023733878879159398,0.0490641536470806,0.023250507078282655,0.054381361212907875,0.014490626819428257,0.058162736182178904
machine-3-4,80,0.8229744139966135,0.9455473331675,0.8163432590058768,0.9613995439261029,0.8642252486972839,0.31412462649274964,0.8108105151850167,0.9581249311684292,0.7653920777468055,0.029285951558504365,0.017970443316830488,0.01641387359944096,0.029583158309638875,0.05327089915044397,0.04846517751680318,0.05898586228216977,0.01801619157089395,0.07667901729255579
machine-3-5,5,0.24270059214582654,0.7290792163686165,0.32483582605177763,0.7634252539912917,0.705882352941176,0.32891814960581084,0.7439962262588508,0.5781530783802759,0.1243566979923116,0.006929703142908394,0.003941868337212574,0.007543986286368223,0.0,0.0,0.0028560102046646042,0.00801532450829201,0.015324350827491524,0.004400944788734876
machine-3-5,10,0.24312855786722015,0.7432852781896054,0.3422194486939924,0.7625962445211811,0.6995046254248668,0.32798941097966106,0.7513233350201474,0.5999736969167315,0.12189602670383863,0.00943682239884101,0.005695248471632053,0.006903374317112312,0.0010579168405539198,0.00880102704269294,0.0026960961608133156,0.008784556794000848,0.016888502794028107,0.004964175149725243
machine-3-5,15,0.2475697965037837,0.7490976633219797,0.34943668373003234,0.7617688327574623,0.6932087805931622,0.3271172832585432,0.7460771003012238,0.6188720081433181,0.12424743507071709,0.004334674658088546,0.008930792744067452,0.00957576758547065,0.0014242459224723051,0.008782361179650743,0.006248649752647133,0.00745863678765911,0.028384257642827947,0.002951608928658548
machine-3-5,20,0.24946806619306233,0.7553154791897816,0.34695198967708857,0.7614930299931426,0.693672426828585,0.3320500886651043,0.7438048321972265,0.6198536987338894,0.12553009177996133,0.003097155473246689,0.012232798503546968,0.0033355768916102017,0.0013886067236054099,0.008363391027938323,0.013534936981185264,0.005971492327943931,0.02243950899041904,0.004684141347746675
machine-3-5,25,0.24428771579755948,0.748710666417955,0.34414664995177263,0.7614930299931426,0.6921200323948782,0.3259149261782989,0.7410291296201268,0.6133901963891102,0.12302165345013646,0.004995110385275943,0.008158387904288349,0.005154812926473303,0.001388606723605405,0.010196318941501352,0.003939798425870368,0.0039180133667113875,0.030927788050880808,0.006417367990818772
machine-3-5,30,0.2424126321192299,0.7456637723658773,0.3466713203231715,0.7625962445211811,0.6987929686574584,0.329691411206001,0.7414483829034219,0.606996686167577,0.12274000884133221,0.007735345124180508,0.008253605369099888,0.004451461452130614,0.001057916840553939,0.008200962766257189,0.00968205665812315,0.006558531115588957,0.02897041631667912,0.007032276153109475
machine-3-5,35,0.24384452611767282,0.7485956221505157,0.34584596782290933,0.7631486506383963,0.7037604621006714,0.3312433786568344,0.7460955142738235,0.6148938360176117,0.1234990297795969,0.009174700891551153,0.010445707374584626,0.004292818868765297,0.0005532067057908306,0.004243781681009134,0.006578594538195713,0.009043732621152463,0.03463791802147866,0.006781900011353774
machine-3-5,40,0.24319235029849748,0.7500957398444099,0.3417203543019759,0.7634252539912917,0.705882352941176,0.326838095913512,0.7451736838922133,0.618383020213836,0.12215430546619913,0.008835120258903524,0.00995583860651571,0.005564980645807994,0.0,0.0,7.995502729366108e-05,0.004865076754024626,0.034712148049290126,0.007124552062668018
machine-3-5,45,0.24424325550540524,0.7520155584060492,0.3396887383301429,0.7628728478740766,0.701688992428654,0.33004476966354745,0.742523720809811,0.6237787228412037,0.12266396795050945,0.012183019679491923,0.011773504378774596,0.007244088968213844,0.0011048122344302603,0.008386721025043791,0.006376866361810151,0.003913372485165485,0.03514588036637569,0.008829779038591652
machine-3-5,50,0.24062477932907847,0.7492620158803988,0.33967308529395823,0.7625962445211811,0.6994119525804567,0.3291348248961722,0.7438865199181214,0.6189856220844395,0.12119336449099025,0.011781692040423017,0.008659766091949215,0.006850417922640295,0.0010579168405539022,0.008100259304905452,0.007992313028696298,0.005221751935233337,0.030273445318196035,0.00955900371233529
machine-3-5,55,0.24380309555451607,0.7517974436603568,0.34209122206359355,0.7625962445211811,0.7003816526610639,0.325286332455468,0.7463457557981437,0.6255785391905042,0.12186221748600776,0.013780987217986752,0.00814479786407705,0.010957595469938826,0.0010579168405539198,0.006476137318896349,0.0017866840116721532,0.00997500068924628,0.02615748246219318,0.007361554622798939
machine-3-5,60,0.2413196066747721,0.7512629382533015,0.34387148613360685,0.7625954439326055,0.6987346247038755,0.32555735591635326,0.7402138153072028,0.623941691234106,0.12083195280655362,0.00987427454008748,0.00700369636466936,0.013103896372778576,0.0005532067057907752,0.005064242794573253,0.001356110007222748,0.0037383806737496953,0.027322966927890442,0.0044304884469288965
machine-3-5,65,0.23457236186058555,0.74824993418832,0.3405158266371587,0.7631486506383963,0.7035189075630247,0.32614952654991747,0.7355963014547644,0.6250991095523417,0.11717063715068475,0.002662428775623852,0.0033303045756728007,0.008371229273030448,0.0005532067057907967,0.004726890756302504,0.0012820198131768229,0.0069907441264557505,0.023999802054370235,0.001413312950398044
machine-3-5,70,0.23665788580033748,0.7501524544728525,0.3398918051471956,0.7625954439326055,0.6986843229577941,0.32508481549319096,0.7353308450761695,0.6280636202952465,0.11842317735522805,0.0027637963986254822,0.004276644508880939,0.009620383957903482,0.0005532067057907412,0.004821568651850611,0.001185738151454298,0.009022562293666943,0.021716254281496806,0.001416820363599755
machine-3-5,75,0.24144976519264919,0.7511164265145973,0.34073265224096344,0.7625954439326055,0.6979906846102799,0.32472882417285537,0.7370667051827311,0.6267184113563439,0.12104093189202637,0.0055002353567938445,0.004554508935066607,0.008558069797806335,0.0005532067057907752,0.005265163535861387,0.001438284043449229,0.007002172644985275,0.017865410989533276,0.0017439376149523851
machine-3-5,80,0.23726745277947697,0.7496935391300907,0.3364046193873441,0.7625954439326055,0.698341701161032,0.32493398609453245,0.73742221351002,0.6272405458207657,0.11808655664678125,0.005310152601711698,0.005421680054499024,0.007812066392780247,0.0005532067057907782,0.005119999106010854,0.0014766081778799902,0.007042584438437645,0.015276568226117022,0.001150530762149742
machine-3-6,5,0.4674343265009946,0.8755133060328834,0.47880351558028655,0.9958218426076896,0.9553104158354049,0.5290436505460563,0.9850297230916667,0.9255245472516878,0.5372337422784259,0.04925224241725796,0.01802739787371332,0.04544217593976685,0.00090322218737455,0.01968067377526415,0.009055578325937941,0.009484739045666761,0.009683582332514358,0.053549011838187326
machine-3-6,10,0.3876964475193072,0.8465461367441064,0.4124438234234012,0.9964512831841047,0.9662811769982136,0.5173215015224379,0.9899072127304381,0.8889306279316166,0.4523922022237105,0.054032791920445085,0.04070933250487057,0.04116093855086269,0.0009920011527176356,0.007713131698971713,0.020712079870366617,0.0036919467836029514,0.04078573681650662,0.06531716054926937
machine-3-6,15,0.45935429725953036,0.8759032570353371,0.47062440492076596,0.9962432977867586,0.9689861009365581,0.5232790395768783,0.9917534475344729,0.916623249146905,0.5329067297724677,0.0239689108436773,0.02949316577569072,0.01270617948530775,0.00033593978869336794,0.004135031260806999,0.007492182808086061,0.0029213893560548635,0.02470076428117397,0.033159857505720765
machine-3-6,20,0.4847233168991883,0.8878960780540424,0.48278855756782335,0.9961318500547551,0.9676279015028313,0.5269208328716629,0.9906935636267573,0.9286506162108921,0.5612718733701497,0.0382319473781869,0.034927841572604215,0.025478511100034015,0.0003989072207610016,0.002459892898293999,0.004110183938545699,0.0024265410448825317,0.028693116443000537,0.04954493924441101
machine-3-6,25,0.49831360739330605,0.8964694808928193,0.48690148226366825,0.9965529619500574,0.9697965071614525,0.5250907033709322,0.9915284291901307,0.9368885572898353,0.5759426146128787,0.04001667672277166,0.030057858159365812,0.030362154175528594,0.0002051416034847063,0.0022067069645104365,0.0014555538719160303,0.0020824213352114546,0.024567002342451787,0.05137574771508153
machine-3-6,30,0.5074458622440594,0.9005865301571135,0.4932310026092475,0.9965533109122315,0.9665475168838922,0.525476642368072,0.9887829570123848,0.9407155762275092,0.5861499547226172,0.04538480503746083,0.03281574821670201,0.033171849400324444,0.0007112677852371878,0.003460859156110715,0.004800346146128114,0.003668576770466053,0.02513991177780004,0.056551702725427574
machine-3-6,35,0.510850643396108,0.9045432977602226,0.4958612178463184,0.9964512821931539,0.9671635274083556,0.525058148475503,0.989868763862078,0.9445931236232404,0.5912782486072152,0.03324003510494125,0.023218965615597567,0.02945529159874956,0.0005357235775269707,0.00375259770237675,0.003734143055220071,0.0032195070747474876,0.017441947036751622,0.04277727968250067
machine-3-6,40,0.5116323445859805,0.903769527371382,0.499311187993103,0.9960356601655345,0.9678702489997939,0.5232704858633715,0.9908082737044287,0.9440444112426143,0.5929706247396412,0.0395013412687835,0.026347924931422812,0.03181827569978095,0.0005331010876400866,0.0012529820546770577,0.0037551576030894263,0.001975683913771967,0.019865066940823375,0.050058120074805736
machine-3-6,45,0.513180338192724,0.9035055179371527,0.500099442430955,0.9961365606530027,0.9663600459190278,0.5241861638167135,0.9900139449444216,0.944743040692684,0.5951419849514766,0.03580952853840292,0.024279158804122594,0.03470849581757456,0.00039986132223558316,0.0017086055670389095,0.00463537315447692,0.002877841653334272,0.017611203231390316,0.04577911906175249
machine-3-6,50,0.5195646390334155,0.9054052310505525,0.5057638910279475,0.9964506758756233,0.9680092505092499,0.5228714682810898,0.9922209414577379,0.9470357035857266,0.6022109817036411,0.03240784797545379,0.024954341918188003,0.032752524765007736,0.0004208519215415281,0.003669895333040948,0.0018836161780588017,0.0015022732554493146,0.017670705481589034,0.04320172638558019
machine-3-6,55,0.5238837730243294,0.9089911880308907,0.5085321384787947,0.9964532910396868,0.9694799135755762,0.5261750290146048,0.9923344316707917,0.9490625265300219,0.6065686121287757,0.03426392323452037,0.025464438743907955,0.03263415396155269,0.000415968812790586,0.0034905532254739923,0.003913542951779971,0.0015550692111383204,0.017474804271678492,0.04359980959770805
machine-3-6,60,0.521020086888001,0.9068433917093612,0.5077865741036922,0.9963492554340672,0.9683168119158851,0.5261645983520209,0.992363520419052,0.9480124668160833,0.6037741709401141,0.031418484627231055,0.02295854456587545,0.03002798272596813,0.00020789760155119475,0.0026587667915476047,0.004373060401010524,0.0015076989625741075,0.016487895672528115,0.04108637432943082
machine-3-6,65,0.5215981206818588,0.9079048916055041,0.5073903041396493,0.9964507626804673,0.9692719182743001,0.5243753321607405,0.9922117552994469,0.9482197709649809,0.6035325057442895,0.036714700627711476,0.024993957386162505,0.032418335509216196,0.0005408497277760801,0.0037810148123811177,0.006461544093196429,0.0013011633501623934,0.017986551349669352,0.046123654290528705
machine-3-6,70,0.5250488380194872,0.9109905779426994,0.5102298046931446,0.9964533777359343,0.9696536259311128,0.5278881292536457,0.9921146815307558,0.9500532012961553,0.6076100466419372,0.03361680596509694,0.025040564318980954,0.027172509880147324,0.0005367895046392892,0.002369038997663398,0.0011517500830690581,0.0012757689321032512,0.01690516947520504,0.04150985736843285
machine-3-6,75,0.5239644136294008,0.9086529715880691,0.5108929592080083,0.9963492554340672,0.9686543024549741,0.5256475523922666,0.9920501826940846,0.9487717757530771,0.6062038822500547,0.03515518048506482,0.023951420336293848,0.025456736139625697,0.00020789760155120709,0.0030702270718656896,0.0023949037225601587,0.0024379472656776333,0.01720757783206012,0.04337587943595578
machine-3-6,80,0.5249965858455077,0.9098775222623309,0.5131589106151114,0.9966611886412381,0.96999132333184,0.5271109119128835,0.9928038298941432,0.9488278611636475,0.6065291218285298,0.04336519882004012,0.02665613195699036,0.02788551082422441,0.00033963712820654564,0.0029837028505802963,0.004227870887583868,0.00043749797410818514,0.019701427390959085,0.05106631981382672
machine-3-7,5,0.24954378303571628,0.6923772052131031,0.3236712379281586,0.9257425742574258,0.5714285714285711,0.18229544252846203,0.6670769013289514,0.7289281870556872,0.16840428369577887,0.015400281371753663,0.007895200559164983,0.003002201648094356,0.0,0.0,0.0004906994137144515,2.2472306097760712e-05,0.011648982570300476,0.023537932626981256
machine-3-7,10,0.31411428110639095,0.7027789794115432,0.370879845153506,0.9280492619814129,0.6160714285714282,0.20450004115922885,0.6859289091873516,0.7165636676130853,0.19447979802352153,0.04747531847735676,0.01609754118630132,0.030704422771394107,0.004613375447974309,0.08928571428571419,0.042435192029700135,0.03769464039833087,0.022027299756817092,0.02266282016008966
machine-3-7,15,0.34553717024691794,0.6970425392484477,0.412840012058738,0.9277631857841764,0.6149767378215649,0.20660237568591766,0.6857080609602655,0.7174603522326128,0.22166157634071504,0.08554411875214588,0.017278183899316103,0.09547321462257491,0.004834283186359164,0.09003917199878173,0.05268244186749399,0.037244718707714335,0.01253731354942994,0.042354989168095346
machine-3-7,20,0.2788528247074674,0.6939152534040433,0.33656167005651344,0.9277628130460105,0.6144503911074513,0.20601172500952147,0.6839068575214076,0.7147679635432161,0.17010632373079349,0.06972376312662452,0.01506573546311375,0.05674718658061718,0.00404047757716954,0.08604363935776031,0.044326603722331624,0.033645281333286564,0.01598444047657434,0.03989459008767909
machine-3-7,25,0.2791872868797709,0.6989823477780491,0.3404992491481903,0.9277628130460105,0.6145872597059928,0.20754717403071898,0.6839409377397472,0.7122487944243159,0.16996614637418403,0.05637767851999407,0.0028747533942108283,0.0430451908835147,0.00404047757716954,0.08631737655484344,0.04513618977807431,0.03370593078068156,0.018390010695889584,0.027624654511270344
machine-3-7,30,0.28261429025281876,0.6976912686165364,0.33402907571969853,0.9277628130460105,0.6146179401993351,0.20708252259339952,0.6839477518566803,0.7120102223129374,0.16689427987110192,0.05900633033952236,0.006523343642415023,0.04004690686518265,0.00404047757716954,0.08637873754152814,0.04590814699369794,0.033721960835079154,0.01253609982749473,0.033923275681390884
machine-3-7,35,0.3099767446264481,0.7041341396680892,0.3729594685873132,0.9277628130460105,0.6145872597059928,0.20306609078795795,0.6839344895997781,0.7214770649703451,0.18743408001523354,0.08289046366908617,0.006078278473609828,0.07713568654705727,0.00404047757716954,0.08631737655484344,0.0485665381792227,0.033710228986862587,0.011315476673043542,0.04411211852916637
machine-3-7,40,0.2969289305604607,0.702551505791594,0.3583992226872297,0.9277628130460105,0.6145218417945686,0.2067788441617143,0.6839284382276174,0.7218349863104051,0.17863985622513584,0.07373634628723406,0.0062499595334757655,0.06474669301978063,0.00404047757716954,0.08618654073199518,0.04476322229968942,0.03367279544848862,0.01244738027816008,0.03857597216495797
machine-3-7,45,0.295003479759429,0.7052183208665981,0.3514191365123596,0.9277628130460105,0.6145218417945686,0.20699132324066372,0.6839275922861108,0.7234006293166391,0.17670051524819846,0.06440999956491024,0.012009864398515145,0.05232137334870508,0.00404047757716954,0.08618654073199518,0.04460732352984808,0.033673358248272466,0.008225574318014557,0.03811222748184856
machine-3-7,50,0.2929370868701545,0.7090488172390864,0.3403658565588533,0.9254564980601893,0.57038961038961,0.18215433695849093,0.667084377258939,0.7296606319497452,0.18313186466996792,0.046066797795368514,0.011341733462270596,0.028389152014575817,0.0005721523944731656,0.0020779220779221135,0.0037511045595729755,5.813392960788069e-06,0.01567289236974254,0.03665839340396304
machine-3-7,55,0.2914074028163738,0.707265848412501,0.3407795569565086,0.9277628130460105,0.6145218417945686,0.20571902644999965,0.6839245474217016,0.7330865212135022,0.1843894357688298,0.05691391938336668,0.017899604802435416,0.03849672563322868,0.00404047757716954,0.08618654073199518,0.04544456839950105,0.033675389007052366,0.01880915973704908,0.04980560692738218
machine-3-7,60,0.2991745627124632,0.707173242669726,0.3435787906323075,0.9277628130460105,0.6145218417945686,0.20593091067921804,0.6839278311554524,0.7337025190711178,0.19360987200195917,0.06310066249233047,0.014253311463867073,0.04400054188972078,0.00404047757716954,0.08618654073199518,0.04531393481853547,0.033673199725588965,0.020750554008826565,0.054822334844007024
machine-3-7,65,0.294080628786534,0.7118231271280875,0.3399019351411847,0.9257425742574258,0.5714285714285711,0.18293228435969336,0.6670921592612771,0.7383170052247837,0.18853153598591307,0.04917450885656708,0.010401386940687903,0.03773149246437122,0.0,0.0,0.0010683505835551647,1.1395042072264123e-05,0.019694584608722476,0.04038886153093161
machine-3-7,70,0.30472397048591704,0.7104152997120101,0.3473644903864612,0.9254564980601893,0.57038961038961,0.18109392439704525,0.6670902707448255,0.7382388920632275,0.20047601854807529,0.051606730597196365,0.00990634652418948,0.027948301643610157,0.0005721523944731287,0.0020779220779221135,0.0027160551687947817,9.741536152116374e-06,0.016352943787571298,0.04147191415033019
machine-3-7,75,0.2978002389073137,0.7096606449460561,0.33692025153693006,0.9254564980601893,0.5704154002026338,0.17760343195432018,0.6670885096715696,0.7387746675631985,0.18831296199110992,0.04537453152918545,0.005860958997530719,0.020691477198046204,0.0005721523944731287,0.002026342451874401,0.008534104832485997,5.219910618637356e-06,0.012693781758689916,0.033115567504583304
machine-3-7,80,0.3008284519594636,0.7128259738451299,0.34474404158823757,0.9254564980601893,0.57038961038961,0.18066896623914638,0.667094613879387,0.7428358576925105,0.19574942906095585,0.0477494826142711,0.010450631007063501,0.02163892407232755,0.0005721523944731287,0.0020779220779221135,0.0024030362628335972,1.134498529426468e-05,0.01619239300211453,0.03650199563586233
machine-3-8,5,0.49498310385556976,0.916934670599482,0.4526907191140842,0.9511761337942088,0.838434163701067,0.3703209272819237,0.8921037676122435,0.935788925761958,0.4978003383043381,0.01340099528785478,0.0037786102352392373,0.021763518481253987,0.026287201747984074,0.07686832740213521,0.022700874834016914,0.04438472786762152,0.0025531184985005083,0.006576393472871913
machine-3-8,10,0.4950398398205532,0.919223885596416,0.4605727463248029,0.9514207342097574,0.824764373167844,0.3677048304567048,0.8695740746486346,0.9388128608519328,0.5031758990766142,0.006486044386546525,0.0008293609856307691,0.008445723950386745,0.02823801936777256,0.05632450025145839,0.024685134181005833,0.018530160276467266,0.0003869738356793479,0.010743573144259501
machine-3-8,15,0.47542453850046934,0.9194618784810012,0.4310754197259427,0.970941254477485,0.8586184005355061,0.3334554394612724,0.8820592804384606,0.9396415366597882,0.4929313658388994,0.02263610169354857,0.002425023742798435,0.02270868175101868,0.024567340360461966,0.04665461406952425,0.01470637244032088,0.02386597033021981,0.002307649457584671,0.021111780146105066
machine-3-8,20,0.4748526226075759,0.9173897347239559,0.4287521488270378,0.9824671514126524,0.9036366399887465,0.3613454887614204,0.8923030315094564,0.9384419008431387,0.49429785118074543,0.019496052671668925,0.0024999146334436432,0.021257195070096345,0.016629010013062027,0.07167994190962852,0.01552646167169353,0.0208014746927604,0.002512757589781198,0.018265491721161407
machine-3-8,25,0.46766952280302065,0.9169911390194505,0.4222228122522443,0.9866929002723295,0.9408291248387857,0.3711097772882581,0.9105141645017216,0.9383186077365665,0.48995273693047764,0.021152855332077797,0.003251464083351613,0.02112011743367701,0.013429038760479482,0.047123817714080495,0.029048784603756046,0.03774387825912796,0.0025385449406741868,0.020022783434905322
machine-3-8,30,0.4691317229937856,0.9175759974238948,0.42420610042377527,0.9889251586713845,0.9401935620033756,0.3695032330792683,0.9053919465840803,0.9385160677427635,0.49069540095916364,0.019472728667824325,0.004213403498100421,0.01939482446012208,0.011512990451613416,0.05547386554113868,0.016509993319465042,0.020728150729124577,0.0027585873729594774,0.017178469878696683
machine-3-8,35,0.4480699836455719,0.9135057631890315,0.41040496956941536,0.9883001725441353,0.9316648496063407,0.3731660879337416,0.9010547977578349,0.9350895508132973,0.4686567626224787,0.03361955933709561,0.009552219031083714,0.021855279451065742,0.003608764611387278,0.014809962954082757,0.020604791898292625,0.012633033912782367,0.006898829021931661,0.0329297761096406
machine-3-8,40,0.43807523933320675,0.9076740332478368,0.39911603361636755,0.9909809394447964,0.9409137089480781,0.3762379419766604,0.9158741933075728,0.9296306340949485,0.4596132214869476,0.04125977620397988,0.015216379097605202,0.02521425349798285,0.004598785002690472,0.03445038399267439,0.01310822686015984,0.01160556396290459,0.01271332261609033,0.043490846006355374
machine-3-8,45,0.44175596792223126,0.9088949196614182,0.4028726041472158,0.993937452915344,0.958033438939485,0.3838581521554332,0.9218117814438038,0.93035966632054,0.46239041634874406,0.0430437206682468,0.01510391582229311,0.024699944359338626,0.0034633474641498985,0.023707726105653873,0.0055288372684313275,0.0157507042062143,0.012896864869538218,0.047179370209217676
machine-3-8,50,0.43632971643986584,0.9086811818701823,0.3968415411685099,0.994747062460325,0.9629448315342628,0.39059406295906707,0.9235908486998118,0.9310095249362398,0.45809720176702784,0.01570413682973073,0.007133222405816811,0.008241181791002678,0.0031219619204913267,0.02381856224529234,0.010269718661367886,0.01952288979700088,0.005015009530806681,0.017169524759745355
machine-3-8,55,0.4329838391122337,0.9070231965849256,0.39582807030307443,0.9914378164481129,0.9441052076539328,0.38224026197585614,0.9227494499269545,0.9289552765651936,0.4537580434772479,0.026217741811927025,0.011757848158451382,0.005449978699447882,0.005751469937483153,0.037735235814302104,0.01251253310126995,0.029565090344589665,0.009622885255004073,0.030403321912543753
machine-3-8,60,0.4294197740330203,0.907765094122442,0.3932578989582107,0.9942082784478505,0.9583996719255072,0.38848048717779965,0.9308895883212316,0.929509446433546,0.44965501453626705,0.023672379341012337,0.011303037480977496,0.009279908011503009,0.003560049972964034,0.028303822361141658,0.011164920029901184,0.02295029308276473,0.009243835252173718,0.026646445604891735
machine-3-8,65,0.42758554007362337,0.9061895174271495,0.3970035302328664,0.9937624510055147,0.9548988227714039,0.3847912440116526,0.9258021802011605,0.928569831364956,0.44569093807843024,0.023598420025285324,0.00987135332981554,0.0023228871464768945,0.004324378880059931,0.032223511750572614,0.0035156386567527847,0.017914981670574367,0.008192390201920152,0.026946582560724346
machine-3-8,70,0.42777482016158636,0.90665023072937,0.39825719947018323,0.9954762540911026,0.966071384878965,0.38200939430475644,0.9308662111830622,0.9287211413818516,0.44617350661305366,0.03120360057932846,0.01446583815090516,0.014298249793750861,0.004346249744740659,0.03310818344772484,0.013558031549850125,0.01615052864279484,0.011991790477288822,0.03578122304841398
machine-3-8,75,0.4298412556644253,0.9075913110000415,0.3934029856566971,0.9950207062593674,0.9637358667797912,0.3865521174433799,0.9270084642245194,0.929432730175103,0.44870760448484737,0.026084402891275858,0.0133981074100645,0.010417974143318307,0.003685327533520081,0.028525067962441163,0.018358783204052518,0.01960211791872635,0.01045706775693563,0.028509208181842605
machine-3-8,80,0.42673907003538525,0.907755497527522,0.39627063064717,0.994569817603264,0.9607250922716858,0.3853194108571689,0.9276071934407668,0.9300262406438781,0.44553824621119703,0.019329073845721745,0.010989302558758145,0.007053905438943009,0.00373059418240667,0.027054657732547952,0.015840900931995514,0.013349052332303149,0.008463369322452416,0.020426949800822713
machine-3-9,5,0.3685615253074028,0.8223699126012739,0.47084313125053656,0.6834666330036158,0.7371703398340463,0.3048471483641843,0.7594666507682597,0.8884477337402267,0.2697364195442412,0.01163409621727965,0.016198606170520758,0.007524019462738134,0.03825818172884917,0.08141433484506809,0.017698304876495916,0.1070561612578337,0.013028123989454429,0.026207209625601358
machine-3-9,10,0.362884687334726,0.8113394126990601,0.46977919882728114,0.6595952169870478,0.6853281853281848,0.2825401024051996,0.6990742137475666,0.8810625127817954,0.2517764622191633,0.007739736178019523,0.02048754384302444,0.001842450263830789,0.018522282526434175,0.03732303732303732,0.0,0.06462533118101262,0.014948577329320416,0.017800201600115487
machine-3-9,15,0.38840418801171395,0.8385661622568721,0.4680729805982882,0.6619631552180699,0.6906946264744425,0.2825401024051996,0.6963463915958036,0.8995946409917914,0.2922381053523453,0.035669393467717754,0.023188062780613965,0.0015025126895104092,0.023258158988478318,0.04805591961555269,0.0,0.05915541965219093,0.019547191935057467,0.07419191072743218
machine-3-9,20,0.37742296793872543,0.8333994683402004,0.46770584603633275,0.6503340757238307,0.6666666666666662,0.2825401024051996,0.6667684922766302,0.89599761727113,0.2734200226460119,0.020919126006986647,0.020487497928298633,0.0007455939378071187,0.0,0.0,0.0,1.2276369316980764e-05,0.015998782892738785,0.04145663000283942
machine-3-9,25,0.37205905671799866,0.8255140635009948,0.4677828740112598,0.6503340757238307,0.6666666666666662,0.2825401024051996,0.6667580532601025,0.8882197886733145,0.26151104028120165,0.024758283675133483,0.023886543228424165,0.0017113871605181638,0.0,0.0,0.0,6.390719095787931e-06,0.018075920243091802,0.03821998357688497
machine-3-9,30,0.3716113143358916,0.8268494590031519,0.4686865888691059,0.6503340757238307,0.6666666666666662,0.2825401024051996,0.6667625178119236,0.8885613069010989,0.2581958873826205,0.019758002300537553,0.02052171531619534,0.001873846936813845,0.0,0.0,0.0,1.8740182168384225e-05,0.014649292659017972,0.034473135918273626
machine-3-9,35,0.37073024051192316,0.8230891907190085,0.46770584603633275,0.6585999776422939,0.6834804539722568,0.2825401024051996,0.692663389980399,0.885195711188164,0.2573901742119604,0.025657765036573736,0.021603945523805006,0.0007455939378071001,0.0165318038369263,0.033627574611181155,0.0,0.05179017105518225,0.017054489516313047,0.04585607297251455
machine-3-9,40,0.3648468314833609,0.8195063089281358,0.4673273866604811,0.6503340757238307,0.6666666666666662,0.2825401024051996,0.6667700267939305,0.8824488939888797,0.2473382802746616,0.020871166358343053,0.019210659984429935,0.0012268138972815399,0.0,0.0,0.0,1.085699283890883e-05,0.016116635823086665,0.0373818725727678
machine-3-9,45,0.36435508186000576,0.8210813330725699,0.46770584603633275,0.6582707880067459,0.6827889447236175,0.2825401024051996,0.6888600519695656,0.8832996995368818,0.24246681568013892,0.017806534195845825,0.018235742264049237,0.0007455939378071187,0.015873424565830296,0.03224455611390278,0.0,0.04420979433860524,0.013455894332611552,0.034282399190177774
machine-3-9,50,0.3615296452700727,0.8183311597241905,0.46800014368736453,0.6503340757238307,0.6666666666666662,0.2825401024051996,0.6667699679175696,0.8815677046228622,0.2382915064180736,0.01343803286594752,0.01494961194101025,0.0007808879712732071,0.0,0.0,0.0,1.3693800256965647e-05,0.011137134200806916,0.02803581867377674
machine-3-9,55,0.3637396180696569,0.8198016432043542,0.4680786430052363,0.6503340757238307,0.6666666666666662,0.2825401024051996,0.6667612328109771,0.8830806075630317,0.24474661118794339,0.014480347113224582,0.012790363744439625,0.0008609377213981816,0.0,0.0,0.0,1.673502904540693e-05,0.009750271355451172,0.028891405931347137
machine-3-9,60,0.3643479191903732,0.8222359576192118,0.4683771602512775,0.6503340757238307,0.6666666666666662,0.2825401024051996,0.6667717724219496,0.8844897068012761,0.24677682511999016,0.009409223771853664,0.012443330474531266,0.0010862305804373472,0.0,0.0,0.0,1.6458331529784773e-05,0.006892451897584243,0.023560216548609802
machine-3-9,65,0.3662789914471516,0.8239149123531768,0.46866615642999865,0.6503340757238307,0.6666666666666662,0.2825401024051996,0.6667642988395643,0.8855865976677773,0.24881812287964683,0.010462907267206079,0.013938244183429071,0.0018138428041735142,0.0,0.0,0.0,1.6675451193471455e-05,0.008840770682309028,0.024334065621879352
machine-3-9,70,0.3647557529129087,0.8232163477254032,0.46808010086305635,0.6503340757238307,0.6666666666666662,0.2825401024051996,0.6667635683304858,0.8854366643385597,0.24632918756691508,0.009397413276613366,0.011824629795810428,0.001286633703944676,0.0,0.0,0.0,1.739961224936699e-05,0.007616351302683714,0.02256803330628985
machine-3-9,75,0.36650389356706287,0.8261188509259714,0.468239507969461,0.6503340757238307,0.6666666666666662,0.2825401024051996,0.6667610476160151,0.8875442403586165,0.2506770543581263,0.011120915924730397,0.013425873660338022,0.0007244888275897615,0.0,0.0,0.0,1.6640242566969464e-05,0.007354009152947095,0.02518470146431865
machine-3-9,80,0.36808514051235697,0.8284335180639644,0.4679479435246125,0.6503340757238307,0.6666666666666662,0.2825401024051996,0.6667715135061777,0.8892781989997391,0.25292059921455234,0.013390781177458658,0.016169472773946175,0.0006405416097204368,0.0,0.0,0.0,2.5748971837168948e-05,0.00952019395835183,0.028017706450444404
