entity,epoch,AUC_PR_mean,AUC_ROC_mean,F1_mean,PA_F1_mean,Event_F1_mean,R_F1_mean,Aff_F_mean,VUS_ROC_mean,VUS_PR_mean,AUC_PR_std,AUC_ROC_std,F1_std,PA_F1_std,Event_F1_std,R_F1_std,Aff_F_std,VUS_ROC_std,VUS_PR_std
machine-1-1,5,0.5603378364995044,0.8995307122017938,0.5489841878396292,0.8030440663794627,0.5932121430442585,0.1621966598448072,0.7078430872155439,0.9428718026479919,0.6166881383723279,0.00830416338967045,0.006905251200790807,0.01303635329435736,0.19289187725254175,0.1577742581794709,0.05413118399245901,0.010346884862649406,0.0027690945250420365,0.008536943473967603
machine-1-1,10,0.5482087902893834,0.8868730510665355,0.5312964072250418,0.7825153968821524,0.5437819580174477,0.14204542124201214,0.702669001356022,0.9349002380953437,0.6106960956440743,0.03769615769824283,0.025380903584010555,0.035177034679695726,8.839484856055606e-05,0.0011612792758889348,0.00011560250536292427,1.6210024348218955e-06,0.013547090819217946,0.031169127689276453
machine-1-1,15,0.5421931727503413,0.8860178806346909,0.5270952164820809,0.8365259879504231,0.5993676664018603,0.1625125058710216,0.7056222962489238,0.9343684447859475,0.604225019083805,0.03572102243234742,0.02154686675615945,0.03480050815714594,0.10799174934441788,0.11048300857003361,0.041048863283116584,0.005908887823868964,0.010790287308646956,0.027477841278669576
machine-1-1,20,0.5377020266848423,0.8831882783061147,0.5232948613982684,0.8364817905261428,0.5992276295512469,0.16250430987929218,0.7055473289758377,0.932468045967102,0.5995089193029193,0.026835706739335403,0.018989515121581407,0.031454855803468414,0.10802118213654145,0.11124579608094542,0.041350593184585935,0.005761126063209617,0.010124934854623091,0.018968483987275898
machine-1-1,25,0.541543043199546,0.8827945079894536,0.5252361967795615,0.8082582256363775,0.5742046277270816,0.15275368117971835,0.7026676968320613,0.9325756032096315,0.6040706227029304,0.017947348303110625,0.017315038523683355,0.023776644354895772,0.05145626004800275,0.06007779075331327,0.021108196156699073,1.4320069774609405e-06,0.010195327780838405,0.018153990507262817
machine-1-1,30,0.5349006263684974,0.8793998737250677,0.5188315004469786,0.8082582256363775,0.5742199799185049,0.15273715980029756,0.7026667302683447,0.9305578124163142,0.5977269350590497,0.013583048192936898,0.015072674219465091,0.017363820255090052,0.05145626004800275,0.05999744919403582,0.020885060382524356,2.9033688674732925e-07,0.008656743454959249,0.01580472741329091
machine-1-1,35,0.5349833957719929,0.8776764803282646,0.5193647826071723,0.7825153968821524,0.5440929216345928,0.1420679914072184,0.7026666136707956,0.9296045826995836,0.5980890657632466,0.019913324176845413,0.01742558789603078,0.020485408341723924,8.839484856055606e-05,0.0009225774514678945,0.0005588780257204828,6.339164051125034e-07,0.01021586955205339,0.022019087592377255
machine-1-1,40,0.5345387980311135,0.8785588736891232,0.5172488227733039,0.7824711994578721,0.5436165777056093,0.1419859906957045,0.7026668999590064,0.9296668445684375,0.5973746561218876,0.01932356805188995,0.016188863474085703,0.019745340333755846,0.0,0.00017651441787067858,0.00013339710783946858,5.23173920241593e-07,0.00973213574215099,0.021426749353571212
machine-1-1,45,0.5298719173020818,0.8741411753629119,0.5129302099523464,0.7824711994578721,0.5435282129902194,0.14183871392521447,0.702667023938407,0.9273772222828615,0.5939122884106446,0.023042231194610015,0.019944068721964806,0.0227957569418012,0.0,0.00021807116036319057,0.00017976600495491244,2.752151191480016e-07,0.011815957140580459,0.023601407058796625
machine-1-1,50,0.5256192448308299,0.8708363895449898,0.5074422403704559,0.8158901983064546,0.5736043518433269,0.1523800569230356,0.7026668604939244,0.925444590409978,0.5905830105185937,0.023872156214710706,0.01908871925248992,0.024756239094441402,0.06683799769716493,0.060419681871648596,0.021006067790097407,3.55757753006794e-07,0.01180103637974435,0.02534659491942386
machine-1-1,55,0.5282303565148192,0.8723584596341872,0.5087126854153334,0.7824711994578721,0.5434685170377577,0.14178903715394964,0.7026670092690935,0.9263943421337233,0.5931211296811578,0.02415420581128697,0.018717037899630903,0.02509187895924948,0.0,0.00028096886919638255,0.0002946383025744533,3.0455374605245193e-07,0.011587479827612154,0.02564735308495747
machine-1-1,60,0.5238594911595137,0.8685684565633588,0.5046179083704054,0.7824711994578721,0.5434454033433029,0.14182514427814477,0.7026665866034432,0.9244252370670353,0.5898829388992672,0.026255800359938897,0.02025397546573762,0.02621895528419514,0.0,0.00029267525753054225,0.00025578644946694867,7.625285464803314e-07,0.012246461445277523,0.027033959383674526
machine-1-1,65,0.5255855554250453,0.8710509399955162,0.5060777327025889,0.8158901983064546,0.5735905352712454,0.1522530680353916,0.7026665866034432,0.9254566687140983,0.5901901686913666,0.021722858463316078,0.017588792456450463,0.02308817935394679,0.06683799769716492,0.060183687355119364,0.02128305704139663,7.625285464492572e-07,0.01042347903413603,0.022101720202296424
machine-1-1,70,0.5244338919153054,0.8702170665598472,0.5048346810225133,0.8158901983064546,0.5736051262695625,0.15230261325265226,0.7026670092690935,0.9250870824329814,0.5890048666799854,0.02209616274702718,0.01697404626351298,0.02263195305243915,0.06683799769716492,0.06024183230442959,0.02110780623251112,3.0455374605245193e-07,0.01020005156616729,0.022901519763603377
machine-1-1,75,0.5236894869782363,0.870391649365535,0.5027894335367161,0.8158901983064546,0.5735667991045734,0.15237738619708946,0.7026671491480413,0.9250570642033062,0.5880568791353031,0.02134611804954863,0.017452074085791806,0.01936741096463728,0.06683799769716492,0.060309935280017705,0.021010304144212403,2.4795850536410114e-08,0.010685701968432298,0.022254612827196648
machine-1-1,80,0.5249501169858866,0.8715587449170905,0.5037431023457715,0.8158901983064546,0.573561967306506,0.15235328994045125,0.7026665990013685,0.9256201032037652,0.588648500195335,0.020963528041989067,0.017439369051312006,0.02021920436927822,0.06683799769716492,0.06035398625114183,0.02102026333249333,7.742307874961416e-07,0.009920575703950375,0.021061570847870373
machine-1-2,5,0.23485745903971744,0.8665058537062924,0.3492208088139172,0.9349310152837912,0.6257457082600012,0.2761183937447804,0.8921031021226029,0.9149389774870239,0.2523509092177867,0.003570206312064661,0.0032957811404297167,0.012559829087830364,0.018628644453995695,0.004006345615295933,0.007695304476382791,0.013048229516219123,0.0025414524264194107,0.006048285375774617
machine-1-2,10,0.21973159276089207,0.857405517245338,0.34458921707097456,0.9201886948263759,0.6327393452700723,0.27265183740517007,0.8803638423507533,0.9091856880819558,0.23682780514017454,0.013270854859942702,0.0037996358821181936,0.016732603253502107,0.021867488136186913,0.008306287467734375,0.00834067811302244,0.005075109765452056,0.0019365147882401859,0.016201495171623302
machine-1-2,15,0.21239298687765681,0.8496452666423566,0.3329849583560841,0.9309920485022476,0.670817240240137,0.2688037013497941,0.8813914330380472,0.9033781604438823,0.2272300579457168,0.012591179888221608,0.005368780231484942,0.011361363136086046,0.009709773521954826,0.02117745556899143,0.009955567204002641,0.005364078342568963,0.0034259885631684165,0.013425330314322267
machine-1-2,20,0.2122310664942868,0.8435458953820407,0.33065734946065894,0.9307242836162675,0.6731945881807011,0.26779416142048185,0.8820595872705594,0.8996583944564268,0.2270776869515932,0.012446026076424829,0.0060912093861092715,0.012990534860366925,0.0034952516257360467,0.02349913032329684,0.008527301485697313,0.003947427755532267,0.0035563236776075917,0.01377646433892038
machine-1-2,25,0.21500851301460538,0.8398336358271763,0.33346936574861685,0.9306029764784832,0.6585149531628051,0.26645530327420786,0.8817289112582085,0.8977207795331641,0.22952687127186816,0.009586307144149061,0.005175565916753043,0.008325293972388376,0.010476746032956891,0.014819514741379054,0.0035099509893693776,0.0033292279326544378,0.003054756180791039,0.008779230344379505
machine-1-2,30,0.2157597654501296,0.8387943131689019,0.33217777849024943,0.9194311713234962,0.6842233524276655,0.2657899905406328,0.8833628276597564,0.8977851444565075,0.2286230211129875,0.007016314596268754,0.005242679750250467,0.010357885200716602,0.008665915277869488,0.03254036664848337,0.007889125563831702,0.002913112541054694,0.0032854048320055925,0.008676095301354823
machine-1-2,35,0.21364143469201285,0.8387665597640723,0.32915021393433846,0.9131290336505402,0.6913327561276068,0.2702070007907914,0.8787386956020247,0.8975129787682412,0.22570355852245816,0.012058984084037331,0.004177789416651644,0.016592884212416104,0.004239131624011909,0.027671753305247924,0.012522833032356908,0.0046355272940124806,0.0031831708752241843,0.015046368204325063
machine-1-2,40,0.20816866805812106,0.8392475556674506,0.3202424064899847,0.9135062626590801,0.6944301947425857,0.2696214613347225,0.8746946447521682,0.8976871784921407,0.21826804954519902,0.01115938187698299,0.00538436872741615,0.020718514480007406,0.003485880952243406,0.021427359044854176,0.015399162793697123,0.005951352249358412,0.004190440433629274,0.012973198617707994
machine-1-2,45,0.20059831604174058,0.8372670188861073,0.31283016330615876,0.9148532788061414,0.7010849411230877,0.2689255494506038,0.867741791724929,0.8962409525774646,0.2083265513252248,0.007742102730567881,0.0029791843863196817,0.019575831716464674,0.001479161922709563,0.02519125197772367,0.01385895219983086,0.0040578385175773736,0.002088013503091941,0.008906910900230611
machine-1-2,50,0.192887370766128,0.8376468269716617,0.2946434033691532,0.9141628615580052,0.6950860225842431,0.2782036847569815,0.866074242381316,0.8956073757604914,0.19952111478047121,0.009263126952585016,0.002500661432590096,0.023059949045164705,0.003142877884682045,0.016611785631269287,0.0105311967543681,0.010714629990999291,0.0015976623988830927,0.01324002534806023
machine-1-2,55,0.18667703072672917,0.8381401101095659,0.275979810000957,0.9123789776225794,0.6762636319335915,0.2724621187383307,0.8649434899494415,0.8952264121504451,0.1933837137365084,0.021200332889596347,0.002154687733335301,0.049349407358803395,0.003918858490525276,0.03379739457287334,0.012838753953814569,0.006793473326809337,0.0028597764106316034,0.02512405848606936
machine-1-2,60,0.17948776990369414,0.8348380428884874,0.2591218781767891,0.9139406287054185,0.6909187026421895,0.2737522873483425,0.8585445070986452,0.8920187793457083,0.18593683746819584,0.02694870567325806,0.003512145157501169,0.06625377269310997,0.0016624788901361393,0.02167823568731354,0.013754353375908428,0.008375908235538326,0.003521379126965567,0.032160575293387055
machine-1-2,65,0.1737137928035842,0.8319501043009826,0.2545278132811212,0.9130542609371688,0.6772001387712019,0.2745241676672091,0.8602581398396897,0.8885486407064415,0.18066817501917432,0.03320622672389709,0.004569776362547278,0.07153095815992344,0.0033685516999813945,0.04650528110105141,0.01107515082773735,0.011674101261838817,0.00669108189858347,0.03824987178480198
machine-1-2,70,0.17049176394620302,0.8275181296999419,0.25445614804470906,0.9148348535828694,0.6921651861163556,0.278356264659649,0.8616909157966548,0.8845664118525353,0.17630137260115775,0.03649581228367368,0.008131678067121393,0.07685482874180988,0.0012631633300825796,0.02519436426440451,0.01100228517496424,0.0071365416221109024,0.011357138451199598,0.04211273660679181
machine-1-2,75,0.16808159131991163,0.8257992123573743,0.2505855797299189,0.9141601933527821,0.6818546979568416,0.2766410420432261,0.8629204235643582,0.8827111232398808,0.1741698082695827,0.03743721804061605,0.011175516671009422,0.07537799555844399,0.0008705376402458109,0.02110069454230304,0.011417553348192874,0.006497431898546332,0.013703796342017474,0.04198681949981848
machine-1-2,80,0.16556387623071148,0.8227680921107703,0.2477841247421492,0.9146061624388838,0.6815700848046036,0.27704888647074194,0.8652224392527547,0.8799861355297255,0.17126333291474813,0.03716800775551535,0.014007601880800956,0.07102480965979283,0.0013191498035835987,0.015329773946103952,0.01199957767808624,0.00812079092640802,0.015950590174502826,0.04066347266757321
machine-1-3,5,0.20306529974836499,0.7923092410163897,0.2970818679997605,0.30282883641156116,0.2622928054891429,0.1343609641018317,0.6701625878337496,0.8553813577820384,0.18714173177881774,0.006529971786498848,0.006537470264822597,0.006966007915624636,0.004794603365937216,0.006273590635674905,0.02348311922872034,6.444405548878707e-06,0.004817925657051616,0.007294971155273409
machine-1-3,10,0.20424491788447813,0.8003460673542919,0.29351674082734713,0.212253829321663,0.1538461538461537,0.0800484270452744,0.6701573976299613,0.859160982392523,0.19045518114274185,0.00691950616137598,0.004465807724627703,0.0037316477815619153,0.0,0.0,0.0016282727443148331,7.331081930005299e-07,0.002461949429642216,0.004432795080425289
machine-1-3,15,0.20454728009803322,0.805677683791276,0.2911475875612917,0.212253829321663,0.1538461538461537,0.08590971103177317,0.6701589028382586,0.8625904078171143,0.19014333110199821,0.005880669116500235,0.0031922434768850722,0.005052119998673851,0.0,0.0,0.0026851121124394648,1.3148046186355605e-06,0.003505819872086546,0.004313164668868527
machine-1-3,20,0.2027194478402085,0.8056324001128059,0.2889569209077693,0.212253829321663,0.1538461538461537,0.08184286782479347,0.6701586047963966,0.8626581496467618,0.18774273278147122,0.005807841399669011,0.0031579236943768806,0.008131671445154583,0.0,0.0,0.0044033152372019305,9.99161018671163e-07,0.004319407574152393,0.00606972822710183
machine-1-3,25,0.19944934503162867,0.8047703181866261,0.28274684768620856,0.212253829321663,0.1538461538461537,0.08146757371674643,0.6701586242938655,0.8616504118325982,0.1838230274087856,0.005095755572138881,0.002660386379566689,0.00963851531013724,0.0,0.0,0.0027358489128286563,1.0366011019467453e-06,0.0039413746568955615,0.006063536818079289
machine-1-3,30,0.20019515515511446,0.8041929797096484,0.2796135030776883,0.212253829321663,0.1538461538461537,0.08331591567345853,0.6701559613143595,0.8615482000867353,0.1856540342586639,0.004882363550724079,0.00411950899730336,0.009443507345384265,0.0,0.0,0.0033618168712979475,8.104250954135557e-06,0.004991974068999928,0.0062274803627769115
machine-1-3,35,0.19793098391828165,0.8018540185288694,0.27579700149558706,0.212253829321663,0.1538461538461537,0.08598411116376753,0.670167817081322,0.859447611399552,0.1835406345155433,0.005016582247982661,0.006884887625024592,0.012570260396960343,0.0,0.0,0.002475060204086417,1.6850204902046142e-05,0.006209857309447545,0.00588668595478146
machine-1-3,40,0.19715120348177828,0.8037225604717346,0.275297039548117,0.212253829321663,0.1538461538461537,0.0870550233763648,0.6701639628851048,0.8605300351678186,0.18201286531036887,0.0049335678843635145,0.007727155579862763,0.014399487609606675,0.0,0.0,0.0027080677798567783,2.0561716004421885e-05,0.006916811963686378,0.006240555290606765
machine-1-3,45,0.19741641302730156,0.8007415287620043,0.2699255348054801,0.212253829321663,0.1538461538461537,0.08709579068808902,0.6701596437435945,0.8581405683311835,0.18287984366053467,0.004745422114812856,0.00810379706246795,0.01016497618284077,0.0,0.0,0.0027540810410028125,7.954977296886767e-07,0.006613947934527919,0.005739152659026131
machine-1-3,50,0.19424790411601037,0.7987597007122706,0.26498842223386565,0.212253829321663,0.1538461538461537,0.08839875964108147,0.6701519419694492,0.8561989628414461,0.17953209393518427,0.004667385212237915,0.007988546694462252,0.007742482699630087,0.0,0.0,0.0013631582487764143,6.981459909402607e-06,0.0069153909429388455,0.0063309793290028
machine-1-3,55,0.19386232999210692,0.7990503027499145,0.26684228421305306,0.212253829321663,0.1538461538461537,0.08547446688723434,0.6701536561909075,0.8559007047732585,0.17878882783759978,0.0049533869929941085,0.008595074150800035,0.005471239486839123,0.0,0.0,0.004507331623971838,6.109501365520765e-06,0.007235895980315406,0.005857971513918481
machine-1-3,60,0.19099175162984666,0.7975599139648899,0.2636912046138902,0.212253829321663,0.1538461538461537,0.08507034443922892,0.6701551042650588,0.8543521488948226,0.17579476014085138,0.005052906377681271,0.009379666544765259,0.0032259408228802232,0.0,0.0,0.00439485916876489,6.898982742593464e-06,0.007683519100169645,0.0042859417149148215
machine-1-3,65,0.1931251229857773,0.7969053370884656,0.2667953319324933,0.212253829321663,0.1538461538461537,0.0857602251853731,0.6701536561909075,0.8539532922988939,0.1780941782979208,0.005775040302410837,0.011658641310545885,0.004574554528681259,0.0,0.0,0.0036244928938988156,6.10950136549248e-06,0.009564230837917182,0.007090844624075497
machine-1-3,70,0.19279588771063122,0.7970085512384922,0.2649079607227682,0.212253829321663,0.1538461538461537,0.08612357871114634,0.6701504347437963,0.853664175087538,0.1773980782660997,0.004097872219279567,0.011997712171720722,0.0030104745662321622,0.0,0.0,0.0036113371850976083,6.599020567502556e-06,0.009222166329061305,0.005464924583473415
machine-1-3,75,0.19466684215346464,0.7968257378651378,0.2659779106166379,0.212253829321663,0.1538461538461537,0.08419949975519062,0.6701511806808608,0.8535572099945061,0.179006902742832,0.006643179640734491,0.007131877942573436,0.006991854836580415,0.0,0.0,0.005170694945789636,6.634409347087081e-06,0.0054505119415344935,0.0057513238625945765
machine-1-3,80,0.19421382357579714,0.800630717173085,0.26439123647633034,0.212253829321663,0.1538461538461537,0.08502922118412365,0.6701534550404082,0.8560742549158831,0.17964441314835528,0.008323228497667173,0.006830111661799799,0.005743176321187138,0.0,0.0,0.004644620650108262,4.801397639111896e-06,0.005285080006500632,0.009437675723585613
machine-1-4,5,0.17124884110856187,0.7979688074220752,0.24978445688539427,0.2211843543354735,0.2857142857142854,0.24632783144895484,0.6687489854717169,0.8626884946521132,0.1680758215437453,0.0019914677747308006,0.001115782303438274,0.006379902971550461,0.04340639057858824,0.0,0.03543592423380571,3.1252790445250705e-07,0.0023127028331034844,0.0026588077493848623
machine-1-4,10,0.16499162394533015,0.7822798573635652,0.24355147628038537,0.1274382314694408,0.2857142857142854,0.21317770284257487,0.6687558466142842,0.8457891750658907,0.1573277570867727,0.006593947681175073,0.014701479392011213,0.017233063800789226,0.0,0.0,0.008592417798430606,8.280521369459749e-07,0.013257972085768953,0.0078918962878949
machine-1-4,15,0.1646931706049392,0.7825750899411031,0.24205911601491875,0.1274382314694408,0.2857142857142854,0.21160107712768111,0.668754485152945,0.845649697724465,0.15719627833950267,0.006224051807841161,0.014637218539780167,0.015470233988161788,0.0,0.0,0.008030527312028449,4.23962316480493e-06,0.01228261020181194,0.008060171269979554
machine-1-4,20,0.166043019267645,0.7849461532045146,0.24866186506165394,0.1274382314694408,0.2857142857142854,0.2128591344656353,0.6687566768364803,0.8473177389145754,0.15830891713857642,0.0036079216774033205,0.012475671930144162,0.008667735078127249,0.0,0.0,0.009519909297994487,2.9093931299444937e-07,0.009784936616117798,0.005818999208512927
machine-1-4,25,0.16466315613760843,0.7843509658393053,0.24098451233245347,0.1274382314694408,0.2857142857142854,0.21355286301792892,0.6687566483484579,0.8469485243878954,0.15707887844773327,0.0039440108530480415,0.011877020335444822,0.01200895220279391,0.0,0.0,0.006006942246487885,3.8217747497488367e-07,0.009468646290506411,0.00500699159126833
machine-1-4,30,0.16276156989491283,0.7814436030599317,0.23895163553466697,0.1274382314694408,0.2857142857142854,0.22314268747867025,0.6687568192763549,0.8443949372835006,0.15464788408948493,0.0033926316919957373,0.009067535778834391,0.013050881086136243,0.0,0.0,0.00040326613483509843,4.0778429356636066e-07,0.007423175004398402,0.0051717084498824
machine-1-4,35,0.16077128497556537,0.7789456143436717,0.23171012168230865,0.1274382314694408,0.2857142857142854,0.22313997824184434,0.6687567826489685,0.8424066499864793,0.152399880875066,0.0029967646894405874,0.007094930731675073,0.01409861974929886,0.0,0.0,0.00023595416872356672,3.6427900065827155e-07,0.006113130610379254,0.004064082531264497
machine-1-4,40,0.16037934517617755,0.7785748112929276,0.23038176935683,0.1274382314694408,0.2857142857142854,0.2153579632271648,0.6687566544528536,0.8420416261587242,0.15182305548822367,0.004873115411767189,0.007969835684187307,0.014285341118078504,0.0,0.0,0.009107973228105526,6.734729975415216e-07,0.007444185985426281,0.006304485817099143
machine-1-4,45,0.16076727424957246,0.7780563655090377,0.2312956798576807,0.1274382314694408,0.2857142857142854,0.21714051596881626,0.6687563309095814,0.8416914974302226,0.1519497861930787,0.005138605462255451,0.009247550860252312,0.016297764515072897,0.0,0.0,0.006956557157003441,1.5181871860076381e-06,0.00796444144036216,0.0068921199634337845
machine-1-4,50,0.1600351016214283,0.7756612303072504,0.23168851417420144,0.1274382314694408,0.2857142857142854,0.2145056607210964,0.6687510687240752,0.8397732413678042,0.15136114238567475,0.0048297825519372835,0.010234065373664229,0.015438133460614718,0.0,0.0,0.010776601217408375,6.671091480565453e-06,0.008990648533980131,0.00687183379900392
machine-1-4,55,0.15963605406057688,0.7748649070125047,0.22902490327434877,0.1274382314694408,0.2857142857142854,0.21700856237832739,0.6687527550993645,0.8391667341744271,0.15045011011092643,0.005246268713340385,0.010944950018770697,0.015055363144735833,0.0,0.0,0.007081914842756341,4.971855221584979e-06,0.00952205177279466,0.007407206632134277
machine-1-4,60,0.15894326410576717,0.7745868406132435,0.22724091985905093,0.1274382314694408,0.2857142857142854,0.2111302078882151,0.6687538006049953,0.8389236165820717,0.14998823860196675,0.004678507375078846,0.01204571172792896,0.014016173316841627,0.0,0.0,0.009247695656078575,4.34167482579546e-06,0.010567609416884814,0.006527985897013617
machine-1-4,65,0.15838403370596993,0.7747343851244186,0.22615893210075233,0.1274382314694408,0.2857142857142854,0.21617151972424054,0.6687512658422848,0.8391050671986299,0.15015409491232956,0.004922117401032026,0.010623431408749466,0.01498222173745004,0.0,0.0,0.006328705310859973,5.601744278080374e-06,0.009712862857202548,0.005841317273018391
machine-1-4,70,0.15746324930187516,0.7721339357815689,0.2258492752373752,0.1274382314694408,0.2857142857142854,0.2158033162342745,0.668754659021666,0.8365220970909252,0.14890130530503182,0.005047547242827744,0.01270240890716776,0.013777032850847385,0.0,0.0,0.006715027815173023,4.811980423452696e-06,0.011287723689276816,0.006448950093416373
machine-1-4,75,0.15769768037948517,0.7736342763851414,0.22526351789768745,0.1274382314694408,0.2857142857142854,0.22214726959722145,0.6687490213720971,0.8380457185619112,0.14903532953680998,0.003990578038121081,0.010709859977599162,0.009565382340527942,0.0,0.0,0.0018507789869697735,5.871246605434359e-06,0.009795552302667493,0.005366109821425035
machine-1-4,80,0.15754160650648003,0.7722910380460537,0.22460327125889806,0.1274382314694408,0.2857142857142854,0.21272697459488957,0.6687522464253558,0.8368537885581462,0.14878404632704018,0.00349889191845133,0.009994076908319969,0.01046790222821271,0.0,0.0,0.011618333612621544,3.0970329134878707e-06,0.00880297917475006,0.004440274430203541
machine-1-5,5,0.5353623384983999,0.9213307835741831,0.5450100705814871,0.7769949901592413,0.7272727272727267,0.5259353902197883,0.9345316310081762,0.9667378088347218,0.40962946375271914,0.004009601752242094,0.004381611506691987,0.01275057203815273,0.03601606442244308,0.0,0.010934971603269013,0.019093262275827867,0.001720192154341354,0.00854453966550808
machine-1-5,10,0.5426226244316019,0.9224410942068907,0.5499008170422413,0.8092453087386614,0.7272727272727267,0.5386067167843466,0.9470948048542324,0.9679142060008854,0.41164676900646,0.010364529064907937,0.0040830281949014845,0.00406259535257109,0.025505026112132803,0.0,0.0052706609713527,0.022415353082650455,0.0023622225155431127,0.021780092257280285
machine-1-5,15,0.558226000198562,0.9220713438148918,0.5656326468038262,0.8243185479614907,0.7272727272727267,0.5560171279576384,0.9386560043824853,0.967896358187111,0.4354756331633365,0.0116446755368226,0.003561006505712937,0.01180571620020166,0.02008786707697493,0.0,0.015407202032154836,0.02400713730238304,0.0016303585859726035,0.012742978446642232
machine-1-5,20,0.5644494537918163,0.9190525278637115,0.5679870677918029,0.8071208079402894,0.732954545454545,0.5562322988036746,0.9160097196016856,0.9660142511474692,0.4337121380665263,0.0182871833061911,0.005440637517215155,0.018373734914711875,0.048827220496342034,0.011363636363636359,0.0233605351841909,0.031292021418065766,0.002072404434359128,0.025035013195806078
machine-1-5,25,0.5690341111289672,0.9176508666355891,0.5724990164415814,0.81423055821392,0.7315587638168278,0.5655569306209767,0.920826194326223,0.9652880882737126,0.44265221191089554,0.018360450118112003,0.0041208678388169094,0.020172651904360704,0.04648364792310318,0.008572073088202105,0.008115976020276994,0.028344262698523106,0.0013975448669041471,0.029709516721027278
machine-1-5,30,0.5710178184473588,0.9162174217061492,0.5763743057199034,0.8048484722807736,0.7272727272727267,0.5717708951138593,0.9087718356716237,0.9644899786132346,0.4463425444929685,0.021166847977943413,0.002978101495722882,0.028910339066988325,0.04514859736485306,0.0,0.017152793389495404,0.01955029355719698,0.0010905695348831653,0.037694863271466074
machine-1-5,35,0.5715861419860644,0.9157574056024071,0.5739326699480333,0.8085352940158564,0.7272727272727267,0.569479919126076,0.9126954484388662,0.9640800967505128,0.43698761059770014,0.018693957449385245,0.0034547638516250596,0.02599555564954009,0.04661253069163062,0.0,0.009530866429632209,0.015700096276972234,0.0015317214690059118,0.031339496682969446
machine-1-5,40,0.5697139943597533,0.9158691253125397,0.5694693167415386,0.807762139798714,0.7272727272727267,0.5703550701985896,0.9144372888576118,0.9642388641880564,0.4341519177769959,0.017013994373139198,0.0028829117635803363,0.027420891267664803,0.04785485513305718,0.0,0.009141957882923714,0.01767493386703999,0.0014484574242862847,0.031081847209060303
machine-1-5,45,0.5694641670530575,0.9153915752002373,0.569172299498927,0.8065334596388971,0.7272727272727267,0.5737495297630777,0.9090862601322134,0.9637339291932603,0.43495505941646484,0.015093479952805678,0.002481942918080138,0.023648517121679143,0.043724259063742395,0.0,0.009923198794286195,0.013346991761510161,0.0013683782273295343,0.030589628874032535
machine-1-5,50,0.5696152392645648,0.9151643217358139,0.5692380637079429,0.8065693358394098,0.7272727272727267,0.5678973252410874,0.9101880408804276,0.9634333493706142,0.43507465663096645,0.01614417728337695,0.0016334111683150706,0.021394999868491523,0.04421876957014745,0.0,0.023031286871434097,0.022704632639141596,0.0009627881761890094,0.030231356535148034
machine-1-5,55,0.568090988971874,0.9141561427300081,0.5712677826845848,0.8056516544595086,0.7272727272727267,0.5654417162155152,0.9102012386207714,0.9627997574086501,0.44062281381666946,0.0160239596905451,0.0019776512462737345,0.023554536321226695,0.04381939313393873,0.0,0.022781954856698223,0.0222481872283534,0.0011905306840801562,0.025132069294021096
machine-1-5,60,0.5672975204475583,0.9144822435055304,0.5688614244756027,0.789128827805232,0.7272727272727267,0.5654417162155152,0.9121510653940753,0.9629819088344803,0.43044137655114934,0.01712302847691435,0.0009411752844928682,0.02445918049160139,0.03182931732413453,0.0,0.022781954856698223,0.01926097699328634,0.0010986960376481588,0.025996669822069083
machine-1-5,65,0.567423237755878,0.913543776751282,0.5662434285572346,0.7844603792804122,0.7272727272727267,0.5654417162155152,0.9215457986610693,0.9623414667970445,0.431421063006238,0.01679731057526449,0.001510299787771282,0.023859225075998258,0.026212788436327662,0.0,0.022781954856698223,0.021835506863492178,0.0012972251719310076,0.02826254239317466
machine-1-5,70,0.5661540857835926,0.9128141289146925,0.5658479829028984,0.8061232607474886,0.7272727272727267,0.5654417162155152,0.9237726673888227,0.9615880402433435,0.42446398927947776,0.016529601728558996,0.0007390025196980231,0.022885729672577255,0.03943219688830161,0.0,0.022781954856698223,0.02208954863294784,0.0004905624944150476,0.02516509323514748
machine-1-5,75,0.5658628052047213,0.9124816713989068,0.5633915095720714,0.8031919877508112,0.7272727272727267,0.5643954131465834,0.9245561611397913,0.9615120549995989,0.42752163543745836,0.016564729071035077,0.0008052799551522751,0.024562210285251396,0.0360548673722032,0.0,0.02111650635109748,0.024851851093819294,0.00040180237310649436,0.024426111696311162
machine-1-5,80,0.5651590985610793,0.912994819256685,0.5624711609002859,0.7950075722310387,0.7272727272727267,0.5601933155621955,0.9209897262640248,0.9617474797985355,0.4222009426437878,0.016270823341212933,0.0017304240596619897,0.02085111817311346,0.031933836502438695,0.0,0.022179489108791167,0.02522337370290049,0.0003553173102738691,0.02447120709270632
machine-1-6,5,0.8541660685300829,0.9289835647873582,0.7970129110763836,0.9951418260361803,0.9330525503171084,0.6522075366532714,0.8895472820215262,0.9050536463203754,0.8243981596378482,0.009725903297292917,0.0025047648571174513,0.02012078757518287,0.0007378454050767908,0.018912044401675862,0.019849831852437026,0.014720674215742517,0.0029019014093512375,0.01426661633682561
machine-1-6,10,0.8580583163632095,0.926012659632871,0.8129402872004963,0.9959535767181694,0.9492206005690422,0.6630210091840492,0.910896027527263,0.9041873466337673,0.8338309326830537,0.005178124995319189,0.003233158556844053,0.007936700965777378,0.0006656374536030458,0.01435604908339655,0.018025900511305704,0.0149850120366493,0.003824609786874634,0.006435468877218286
machine-1-6,15,0.8588885561871765,0.9265059810811728,0.815065178444248,0.9962602545736156,0.952406761019837,0.6826899232259138,0.9251944156105336,0.9052917648275812,0.835049410609264,0.009714910394656624,0.0056978031413686524,0.011592174109752173,0.0003541924809377779,0.009489896698014259,0.011845715559805117,0.004146056626728946,0.006015602727586,0.007180294917311672
machine-1-6,20,0.8629184753597952,0.926581022087881,0.8220026083361996,0.9963954263230843,0.9526774308288741,0.6892242984312065,0.9284834858904188,0.9054363120490795,0.8384111804248444,0.006379570478633362,0.004657495686584765,0.008532938291091181,0.0005095042931092045,0.009132740716151444,0.01069576862186439,0.005033791844427363,0.00534185753774184,0.006355863386544264
machine-1-6,25,0.8618185169332411,0.9254888123713005,0.8222369545010588,0.9963946454476239,0.9557066913346233,0.6883023384542989,0.9278384879903714,0.9035355574318688,0.837211675543801,0.005167611199433901,0.003725424252929606,0.007523753680846106,0.00044633925205537963,0.009395951565035828,0.005078199906999705,0.014406602602330698,0.003846619653898285,0.007554971510831248
machine-1-6,30,0.8654893015316546,0.9258788726817329,0.8292144175361009,0.9963961602081501,0.9558083654076827,0.6919313982966093,0.9322602002013229,0.9046035678566962,0.8414191429390933,0.006232944430824506,0.0022109044741469145,0.010751082074596217,0.00027884927414308227,0.011618254070476874,0.009899999238956401,0.013831095333906343,0.002177971357680369,0.009124134243666268
machine-1-6,35,0.8658509308661446,0.9249547211970546,0.8319837544367215,0.9964625844319068,0.952178710214599,0.6918031511737789,0.9289419107890501,0.9038457050854596,0.8412685081673967,0.006411823366547128,0.0031723434245724685,0.00953567184169917,0.0004458848233911715,0.01794055189051872,0.010170226281496834,0.015605719118528516,0.003099467961426446,0.009709577780080447
machine-1-6,40,0.8664704559910881,0.9242731642665427,0.8351643472631348,0.9964631926376128,0.9550260686151916,0.6907719346524724,0.9294591320644746,0.9035517547076648,0.84267128783355,0.006872842144161545,0.003376478041362056,0.010684660291655277,0.0004187615839368318,0.00974932299281033,0.016658076280381205,0.014289931426508532,0.002464344459406971,0.00871336935766613
machine-1-6,45,0.8668936285737178,0.9231400008420634,0.8374640428232533,0.9964632014737133,0.9548319342067202,0.6894588865034892,0.9288116933054522,0.9029726804083145,0.8435093666409526,0.00797695413706481,0.0037220700614920108,0.01265499997167945,0.000338787685674406,0.013787985709535848,0.019512594464561345,0.01596715461743056,0.00343487178533758,0.009443761148855223
machine-1-6,50,0.8682695063392653,0.923316645461143,0.8414598548000863,0.9963954992445407,0.9570224704767427,0.6909623906763696,0.9251890562905238,0.9024202584246366,0.8449914532691903,0.006764296687025426,0.0034354759732636683,0.010007088158024547,0.000733157881804937,0.010031822842043412,0.02459727761471408,0.023883854591208138,0.0032531449011974655,0.008421968158621994
machine-1-6,55,0.8688812774900155,0.922720851127933,0.8429296945665011,0.9961604446097136,0.9572781000392566,0.6851403367391282,0.9249341681858076,0.9021847530603108,0.8456175762557834,0.007641428754644011,0.004076247983434883,0.011441257948632384,0.0005231241050154717,0.01420198663321192,0.02781558092983144,0.01736100431437911,0.004204588314991206,0.009375308448832366
machine-1-6,60,0.8688057599197674,0.9220041165101477,0.8444042891842658,0.9962263027682983,0.9579442825035037,0.6834708476583912,0.9247845988868053,0.9013945765332846,0.8456175734716611,0.007889136462241311,0.004566548083096163,0.010948451074136178,0.000553753230420852,0.013764273819922514,0.028020709430741118,0.021953297818370077,0.005005761987490824,0.00926834421611092
machine-1-6,65,0.8694772231652844,0.9218424115633516,0.8457615106580527,0.9962941403799066,0.9602328854124804,0.6847942208428612,0.9288482423261661,0.9020936978321281,0.8471022691506298,0.0075241020837608545,0.0046570236421572455,0.010717658549838445,0.0006015520402498124,0.013496083206773488,0.03075356732084193,0.02100401100502836,0.005048188827069348,0.007969547711183023
machine-1-6,70,0.8702396888530667,0.9216982220362012,0.8483383567960452,0.995889802093985,0.9590812033434497,0.6783336067669796,0.9246364008487071,0.9014242142906899,0.8475707402946291,0.006779172842848562,0.004076924291046928,0.009462133005534225,0.0008694784506905493,0.012716352668020011,0.032070567802772024,0.01629876492845554,0.00461553724807214,0.007407277842330154
machine-1-6,75,0.87014932002874,0.9209767393336648,0.8481932352358519,0.9957893502887715,0.9596080283628405,0.6714889754467552,0.9239143646960719,0.9011272178254586,0.8477012094999906,0.006641888445921971,0.0040054572569576995,0.008817782777265549,0.0009132033023004786,0.011364479169147214,0.03711239116388457,0.013457637776479622,0.003504926812471353,0.007132724752490815
machine-1-6,80,0.8702038687611428,0.9214408734796136,0.8483111246197038,0.9956564651380169,0.9592504460968716,0.669713858316593,0.9213374129769747,0.9005111638676151,0.8471944546302677,0.006130320458585386,0.00417196858923935,0.005308167020720686,0.001393807143042484,0.01125979563573848,0.03394300999822002,0.014780796649341113,0.004037710608173966,0.006325022312573672
machine-1-7,5,0.6619305948340992,0.8486598449232197,0.7187671100947464,0.998070211033839,0.9540485983829845,0.5550374007679135,0.958347880345519,0.8649879669616918,0.6753456206281387,0.0017257345086198592,0.0032801598342772262,0.0012875249926643311,0.00010410119541420793,0.011688299581109549,0.005606574042417512,0.013841950564021752,0.00285472207186915,0.0020776046689240358
machine-1-7,10,0.6693457671142554,0.8521964615690781,0.7150173644730721,0.9979147110972049,0.9660025196665831,0.5512697717370961,0.9691412045568153,0.8679308352596393,0.680204078876537,0.002155103694436816,0.006912577515273113,0.0018417574434766877,1.303712974570153e-06,0.001082581694973399,0.012007387450287045,0.005545490508272534,0.006628466119971482,0.002282893274657355
machine-1-7,15,0.6671238445018745,0.8493206331720774,0.7144009844092595,0.9977601228085131,0.9668197711862351,0.5830300911846409,0.9719367673969034,0.8643194268157246,0.6769732143638435,0.0040672016072465815,0.005239101042079112,0.0011430556155170289,0.00010262428813634372,0.0023142444663966817,0.03208239548932241,0.0009644804216202693,0.004951275224529891,0.004391601675364571
machine-1-7,20,0.6656128071668115,0.850120200076704,0.7144211881577727,0.9971878459836523,0.9680477622862258,0.5843631519505299,0.9631123776567474,0.8647950424881534,0.6755840017095168,0.003457850920394891,0.004798583953672001,0.001673557392165212,0.00026831402049153975,0.0022812002190928803,0.028862791407142593,0.009967563601357275,0.004610017829240807,0.003353633311600031
machine-1-7,25,0.664615309717651,0.8542339205679071,0.7129523702373155,0.997032019127597,0.9638768766254998,0.597557016815823,0.9618272276575209,0.8684697540037508,0.6744042131788942,0.0024673820700237665,0.006019495116044692,0.0012412707045341225,0.0001994261214464782,0.0025863566909043244,0.012479777971062391,0.00986078478956152,0.00564653187424585,0.0024389741144143274
machine-1-7,30,0.6659318942447072,0.8531613161273035,0.7125146975056476,0.9973962224129215,0.9665501882557113,0.6061315466135537,0.9648830454128274,0.8677579696880605,0.67618762542353,0.002996128359042204,0.003964449500565715,0.0016034126567091584,0.0004346840550810119,0.0016615190175241921,0.0067556645993355575,0.013660402944029976,0.003927915314587119,0.003258054224678973
machine-1-7,35,0.6651413655979983,0.8537397812918313,0.7119494610606503,0.9972397019068787,0.9638637079822657,0.5962019717811905,0.964398064214098,0.867985018085313,0.675231808384961,0.003209393687305711,0.005650846251329534,0.0008942018555146006,0.00031274389021143217,0.001869113147931245,0.005395275391630933,0.010594202426168157,0.0052975417297093045,0.0033060788723360134
machine-1-7,40,0.666089008403788,0.8559511292289528,0.7124125748444883,0.9973428050055306,0.9642591442453529,0.6057985057105063,0.9604670983089825,0.8701440570880907,0.6758816878455596,0.0023839076140448347,0.003153218033461678,0.001091448598771969,0.00031242295517919884,0.0031765965202412184,0.01468150777696801,0.010848398231245893,0.0030361976879479074,0.002243241198390424
machine-1-7,45,0.6670006465098945,0.8561438636236318,0.7120719705042577,0.997446841056329,0.9652230760204551,0.6006920667333367,0.9622712575396585,0.8702305780309483,0.6762312750160362,0.0011229736764291004,0.004688321675014319,0.0019612454496953408,0.0004287914757525396,0.0036460575944624726,0.015444095995241708,0.010455792129152982,0.004360893719243926,0.0009903834290012582
machine-1-7,50,0.6660827362160041,0.854903422728585,0.7115885743552817,0.9975499438028818,0.9660006179050853,0.5983425624206746,0.956441394998361,0.8689735531298579,0.6753192445663498,0.001980480935544425,0.0035741198285544717,0.0016016952016249903,0.00019913463167208173,0.0032430285745784935,0.02218133250438454,0.0032192039179593595,0.003319683729684841,0.0019147221391199525
machine-1-7,55,0.6659733380302084,0.8536222132621086,0.7120334462261995,0.9974979582955371,0.9664996267060844,0.5900609195561441,0.9588368029270143,0.8678771395882077,0.6751197025721893,0.0019137423458194108,0.004069785062216365,0.0019037613476821714,0.0002401608485146856,0.004046168363650929,0.015944356867888206,0.0050647877105227555,0.003780345733357605,0.001981879440363864
machine-1-7,60,0.665606102570075,0.8535376547741562,0.7118589902409194,0.9974979799651942,0.96702127726334,0.5840930969710385,0.9589596308165603,0.8677829953820253,0.6743106204834884,0.0021036622265880075,0.0032752809738908345,0.0022260856024535237,0.0002940744668954006,0.001971717350883786,0.012429240801148182,0.006066435487685853,0.0028577814325205313,0.0020848944644528715
machine-1-7,65,0.6658825480814129,0.852858283049402,0.7111878722595263,0.997758015985836,0.966963883956936,0.5773100336743172,0.9607249591516822,0.8670422041140045,0.6744167321844612,0.002017907692090243,0.0026056118105271305,0.002106644562284923,0.0002618845151569985,0.004878592071352174,0.015585054447373113,0.008442968709065931,0.002373423529073875,0.0017826074256370894
machine-1-7,70,0.6657674667419571,0.8510623700625737,0.7119709119181739,0.997758015985836,0.9684427932333948,0.5824346213263043,0.9606830316920247,0.8654797642532223,0.6744536587674641,0.0014389764793796536,0.004449989473126094,0.002106784305694892,0.0002618845151569985,0.004718080539430448,0.011691082286589672,0.00760415707044456,0.004071436734432067,0.0017661576874581663
machine-1-7,75,0.6649002630048612,0.8521684223113751,0.7114825315115795,0.9978100448731791,0.9657900672392847,0.5790574240230789,0.9609364000079283,0.866703190918018,0.6737535742393964,0.0016024746796764898,0.0028400757552024727,0.0020246432165372374,0.00026867604464918916,0.004668459470277767,0.011076600151370365,0.008314623813561439,0.0026770069280404856,0.0014401138667952508
machine-1-7,80,0.6653690705847366,0.8505046258409329,0.7117310873006982,0.9978101099635416,0.9670805662563128,0.5764113946839438,0.9647677732516496,0.8651368165637667,0.67379520700338,0.0011296201469090917,0.004140650603327535,0.0027098138778471445,0.000398443013529252,0.004077649645784194,0.010996491553088732,0.0038321677211549036,0.0037752518055466865,0.001366244603377646
machine-1-8,5,0.23729597069189814,0.5598103525458117,0.2870507710523023,0.9155534757699056,0.611277308078409,0.4283721911080533,0.892406350160872,0.5709450096444133,0.16960363270308695,0.004156277777683483,0.009934550302198511,0.0033363971494549094,0.015646179722083906,0.030218019608598667,0.02396225858101225,0.013160926365863745,0.010704129730302972,0.00846696405865371
machine-1-8,10,0.25589258759537964,0.597478409973433,0.3071269260089547,0.9569419978359824,0.7416203557847005,0.41936976711494006,0.8928664674729152,0.6096934329447562,0.20326714742354232,0.004025967455966313,0.0028880895757352866,0.003383550194903864,0.006171362564743187,0.03255147073021263,0.016471174891716244,0.007610926179403436,0.002853793446805022,0.006303002754474163
machine-1-8,15,0.2557936502435104,0.5818012420868994,0.31306498170055896,0.9606633253297192,0.7715723828879975,0.4446957354532783,0.8993192407426507,0.5945123227114127,0.20871530170910213,0.00474143140926624,0.00835103679591226,0.009589003654054629,0.0054546819657615864,0.03309062251260926,0.040924281981576396,0.018936131781495485,0.008643400262399462,0.012726817426789324
machine-1-8,20,0.2525354831138098,0.5753244056110394,0.31138268618573284,0.9562872310603406,0.755172667156502,0.4630627304884899,0.9087367134264823,0.5879797327343885,0.2026887709411559,0.0026634830900005317,0.0011597354129458683,0.012399424144291876,0.007855778434900826,0.035111150824825105,0.007676285449190892,0.0012492489092878457,0.001400131552938451,0.007777252386421789
machine-1-8,25,0.2515120457679659,0.5772215604133262,0.30874148332816864,0.9545726652148459,0.7315786035441106,0.44379044127617784,0.893569296641363,0.5899536968126271,0.2026384608460549,0.004671017197982476,0.008853092970200357,0.011677845680173281,0.012072701642786853,0.05167980780764502,0.017360614910700383,0.016274750863974806,0.008916666362241575,0.010868902037698917
machine-1-8,30,0.25217496802991435,0.579807393127232,0.30849933832721804,0.9480461358139471,0.7392030534577001,0.45725937430884234,0.906172029392529,0.5923347639534877,0.20255788088193283,0.006025291987371643,0.006441602428454153,0.013554810478228799,0.021302608036764554,0.07927654992631367,0.006211428172494865,0.00491777177894493,0.006655107255424176,0.017161208875073528
machine-1-8,35,0.2503424069899288,0.5739393611302979,0.3077044409099595,0.9490246202290736,0.7413189343709051,0.44881625487741683,0.9000060739864189,0.5864405158874136,0.20006602786269712,0.0063947698373574965,0.008094339582851868,0.013136882491894134,0.022811099845347203,0.09498088943146583,0.0042497778302984235,0.009589343909237236,0.008456011232652324,0.017385726179854052
machine-1-8,40,0.25021629451363203,0.5779775355148808,0.30427414500247696,0.9532980940473814,0.7212349255193867,0.4386819033130961,0.901041525735772,0.5904098718104701,0.19916823684964355,0.006918612335317276,0.01269851867999725,0.011811419661313553,0.010679116311741428,0.08981135605603462,0.013703932581794961,0.011167261872427081,0.01291715753886484,0.016512471498248853
machine-1-8,45,0.25017234435899827,0.57738332233579,0.30559555687414597,0.9535740089737286,0.7513908738601129,0.43546052583404327,0.9102319732538939,0.5898394492910644,0.20058897725994396,0.004196273048971401,0.008726391542857882,0.01011134234375446,0.006031978941288852,0.04894850233489101,0.009612402509343613,0.02334236176104311,0.008632310270561166,0.0098632724331171
machine-1-8,50,0.2513838089621609,0.5806792554475567,0.30734669893929883,0.9481899146533292,0.7489360441312727,0.4465240368075768,0.8989751289931248,0.5933546414470704,0.2038466074120176,0.0035820043400040607,0.007909047082313676,0.008491635135462177,0.019021592416795,0.06692502768260422,0.011886713083035521,0.001640329480997428,0.00786013578623426,0.010582154204720777
machine-1-8,55,0.249227605023939,0.577873852968059,0.30210676360833233,0.9496813213172053,0.7229240877328722,0.4274136111454889,0.9089434775224465,0.5903887737277222,0.19655855794324323,0.0014988361189822992,0.006758911793468545,0.003339225837842669,0.013324127710464395,0.013822238699409573,0.009021103087768656,0.01819245806245339,0.00665768183001096,0.003406434677428721
machine-1-8,60,0.2514852362583875,0.5821349698378825,0.3046374644610219,0.9539033052530694,0.7380283722382153,0.4325659486523325,0.909534871919282,0.5946998505658442,0.20156844058879664,0.00011256618176090389,0.004080093164394695,0.003896660133079482,0.009145119278480945,0.021381892708982716,0.011374662206453051,0.006039484736409649,0.004001714114391787,0.0031265496247961998
machine-1-8,65,0.25062704101921673,0.5820987988487707,0.3022980807486497,0.954487701636765,0.719788556853852,0.4420859289435621,0.8996253861667006,0.5946591753493236,0.1977676299792242,0.0005008654207657422,0.0055481037203065275,0.0006994128340207935,0.0005932062569739987,0.0003671396029957846,0.01399226224034044,0.010926483607504976,0.0056295300239883805,0.0026636796556636197
machine-1-8,70,0.25230344165538005,0.5849550636555102,0.3054244134309597,0.95427786414335,0.7379040432276364,0.44561899781407943,0.9072318111358435,0.5976361003189727,0.20205784052564596,0.0016101185635368236,0.0026611139791531367,2.719649255462593e-05,0.004461859027141259,0.01872066516115952,0.024289948153916552,0.012687452599866431,0.0026955765333627505,0.00040366422480858497
machine-1-8,75,0.25224719819512975,0.5853612620053814,0.30343180283761484,0.9536223609254766,0.7205342882127761,0.4438856566075984,0.905418725898189,0.5980036130075808,0.19937729168512403,0.004038342195807916,0.001226087428572774,0.0051178104570482425,0.0044226862246722915,0.044592738082346275,0.026385054076542604,0.014503327727191,0.0014387957036728167,0.004107080207582224
machine-1-8,80,0.25316227467747743,0.5867269990952537,0.30614795580147136,0.9531918924873319,0.7190742977407716,0.43957964796639737,0.9022545734082552,0.5993413213829788,0.20048960240034075,0.0031401339345539666,0.0014449096257072344,0.0008429841270292189,0.0035712086036395257,0.0032459620974560548,0.0132862146496689,0.018315953014103246,0.0013750700227039665,0.004113032086100962
machine-2-1,5,0.20121585343792756,0.7094426128070365,0.24974647614580342,0.9596153930240794,0.723308558808402,0.31005987188549067,0.8796540582741865,0.7464368563013846,0.20619001241729645,0.01417765641385136,0.006012161143466379,0.009583084405003873,0.004173983299599997,0.02789606526761305,0.001117996685469592,0.005693980542712264,0.005719320879740883,0.014851627710332646
machine-2-1,10,0.18460581906357065,0.6856384252853274,0.21965412087075145,0.9669212934944531,0.7430340557275537,0.28277279272135886,0.8882468911028143,0.7192283026234054,0.18601351941533528,0.003381007946539016,0.0025318897723212806,0.0027165933235914937,0.0005799123015297384,0.0,0.0010713802650813534,0.02070829777730698,0.0030210182378910336,0.0038964632965603234
machine-2-1,15,0.1803515894853763,0.6826254956334903,0.21454682103979184,0.9691852678490761,0.7430340557275537,0.28829872490925923,0.8970999535378728,0.716094030176449,0.1821939395166487,0.00038726257851549395,0.002364162778455943,0.0002692708400739149,0.0026218309356428647,0.0,0.0027452850441154505,0.007461032510786394,0.0022095215363579002,0.000858738468702519
machine-2-1,20,0.18064014262822894,0.6821125422557801,0.2181053022838368,0.9636725626961138,0.7430340557275537,0.2809923998798049,0.8828768152835204,0.7157383847781054,0.18296226029450954,0.0052898153444405375,0.008695618567361394,0.007767125515228619,0.006336106038194606,0.0,0.003938939014422635,0.021542871999818868,0.009034107704838992,0.005860384307425434
machine-2-1,25,0.1782878856271729,0.6806908120132638,0.21939548634695705,0.9669352058233663,0.7165200652354085,0.28508592902089647,0.8995333980090455,0.7145687350382335,0.17989376029555193,0.0015042310366944166,0.008543178526045915,0.00687713278885221,0.005219285809204037,0.012099252465294067,0.010591666214311991,0.009664199365030655,0.009108871197276857,0.0009450651966821644
machine-2-1,30,0.17454643812633214,0.6788099481637124,0.21790291408599471,0.9705354617356137,0.725742664742062,0.29691154257731694,0.9058680334706465,0.7129153435414431,0.17669226458321846,0.001661856215219709,0.004509691266276977,0.006257502282134498,0.0036429206727031957,0.02445371964397813,0.008861894670134129,0.009536082152304164,0.005073925054278359,0.004383662943479649
machine-2-1,35,0.17766133794652994,0.6777008015548989,0.2240761045383255,0.9769440843131931,0.7456818385541997,0.3072648735131349,0.9170047177668038,0.711688922669789,0.1801297291973668,0.006132789649298091,0.008509437175115327,0.011347559400649618,0.00047854810608791094,0.0037445303836614843,0.014491823251325394,0.010984916484143015,0.009299420699477663,0.007712866626278582
machine-2-1,40,0.17671644201958844,0.6800392615749045,0.2216255193406595,0.9749850783823796,0.7167663796877275,0.2962431413060227,0.9101623004580941,0.7143912794279057,0.17825804281452373,0.007858013618803856,0.00760929201831368,0.010609514120955973,0.001474061493435781,0.014858219245711901,0.01628027814367925,0.00591018579224279,0.008226927649373529,0.008097649529898164
machine-2-1,45,0.17458004675543376,0.6784682386481188,0.22273677326798866,0.9747762578010231,0.7119911991199115,0.30937342117159017,0.9139938199744764,0.7128213699816077,0.1759338083308006,0.007328685474622664,0.00705741826775407,0.011683196745156199,0.0011787445951787607,0.0012446323981280547,0.010608768789513709,0.0018796588579497518,0.007721137846643684,0.009445683509017182
machine-2-1,50,0.17578966946865726,0.6771754442907008,0.2218504268873695,0.9731200816088603,0.7225808576510107,0.2978322790875418,0.9022882446533196,0.7115335473207571,0.17747455552858454,0.0057822020428140875,0.004473560909592496,0.007556541086447669,0.004111565224328659,0.02892519011375053,0.01876129002862317,0.008321951933584901,0.005166817901971706,0.006260410582848289
machine-2-1,55,0.17444337884558664,0.6789393965276709,0.2205751367369955,0.9748595381029281,0.738351198718048,0.309158466853301,0.9031115643134859,0.7133916362728767,0.17704472590432604,0.0038818671424291056,0.0024175664520248,0.007940819569928382,0.004232077120335834,0.006622559893496856,0.028578026698359068,0.0016758989380718607,0.0034241989510847386,0.0032784437790889594
machine-2-1,60,0.17413045108728353,0.6799682642720617,0.2248099262776164,0.9762319664251549,0.7194931449278805,0.30568838597670844,0.889242420931066,0.7143068025409277,0.1758307269945653,0.002321709559693418,0.003847158232335859,0.009144694336733664,0.009096053843776115,0.007894682842183956,0.025287036924755816,0.0010489693123446654,0.004911381836359158,0.00401066526224575
machine-2-1,65,0.17502843467136353,0.6800703045073464,0.22545163723511036,0.9707623535097258,0.7036983986019991,0.29839409169394365,0.8935780273440811,0.7145178139094728,0.17703849434442653,0.0006415650960840752,0.001360552198295999,0.009402262405368834,0.00427151613620005,0.01798810615904124,0.02883641546885068,0.004019683389630468,0.0026438116607863196,0.00023101100403428762
machine-2-1,70,0.1742426484063755,0.6790621731760973,0.22886702952149324,0.9721910974735012,0.7036983986019991,0.30430818629288975,0.899805931992811,0.7134921870225976,0.17566219141984413,0.0009339716761708949,0.0009678560221335377,0.008006860743796756,0.004547151792966523,0.01798810615904124,0.02384222696510381,0.010149449243301837,0.00012209768866981244,0.0006160942727893702
machine-2-1,75,0.17319883073721595,0.6780751768526585,0.228217162882896,0.9721834220103932,0.7147502216967184,0.3103799438825633,0.8922861874824319,0.7124569689604667,0.17505424426021493,0.0009704822780113013,0.002729116960834276,0.005639287580235631,0.0068618612126628425,0.012541060263432772,0.019910974840702898,0.0016204961905209735,0.0013634045470076004,0.001910328362482182
machine-2-1,80,0.1724155614830577,0.677410662597205,0.22266619798520854,0.9766478207830812,0.7013810229153954,0.3033690121512736,0.8964414632853184,0.7118223697167074,0.17524093422275344,0.000659004967645011,0.001718486998599313,0.006153597662237971,0.009684160716727551,0.022641957139152683,0.014302444372322039,0.001020291229486442,0.00046512996158817275,0.0006103546863532032
machine-2-2,5,0.16689431916564423,0.6258608501498222,0.2684993143871876,0.9847345168648824,0.5773185016970134,0.4886542097784945,0.901676730197821,0.6355795582787148,0.1698967440058885,0.004663358015423285,0.013358029255220793,0.006050723785360244,0.0013357932011404216,0.0076689842997777055,0.006257637599881159,0.011291203126345722,0.013078391702860506,0.0046406662890710075
machine-2-2,10,0.16953215674230976,0.631040390711813,0.2726955900237783,0.9852051967580249,0.5738124954938106,0.47941658325586145,0.8952994290813764,0.6409821053516815,0.17277061967140647,0.004317847607224199,0.010469865578537609,0.004971346395183115,0.0009385226373105493,0.013768564385775964,0.014657024485397387,0.0148382071151199,0.010348190393966178,0.004421223382155538
machine-2-2,15,0.1681087087824274,0.6263828145654154,0.26755476845036386,0.9848626503622672,0.5882484846475182,0.4806425252621693,0.889574421139069,0.6364428101902135,0.17115391337214436,0.00327235045385361,0.008687086368184818,0.004829630199183081,0.0011360209881862418,0.026247892109444605,0.013963136539906818,0.021983552629845256,0.008479602503205447,0.003311265238274642
machine-2-2,20,0.16850444124394534,0.6259775372658384,0.26672811352957526,0.9845636826288708,0.5992145363726956,0.4756355194877451,0.8807803779302465,0.6360983878527631,0.17151880313725093,0.003733724790991372,0.010511252476613945,0.005257033031894049,0.0015456321306881438,0.020788947672119328,0.010903661027784197,0.016276711120720534,0.010285256593429878,0.0037464370786286006
machine-2-2,25,0.16528738629467674,0.6174405867730758,0.2620668668434976,0.9845213419577569,0.5883759433280695,0.47832356319479075,0.8919048541956511,0.6279981860284197,0.16826259271932864,0.0025114318993791373,0.007027970894731493,0.0029218223922459685,0.001736324174629297,0.027224616696978458,0.014287899635818429,0.016852509095785468,0.006960497355400403,0.0026967812137366873
machine-2-2,30,0.16451532242256736,0.6134720655939273,0.2592779817257706,0.984177632025262,0.578749490603562,0.4728866225538522,0.8851341562359583,0.6242503690570927,0.16743353332744104,0.0017712531468218932,0.005734009788603023,0.004941731107317729,0.0011265263033148065,0.04222282895172078,0.014004798563486728,0.01380031780919774,0.0056361863959683905,0.0019988264208022403
machine-2-2,35,0.1648294309918236,0.6136216766647971,0.2582784665571963,0.9845205807058661,0.5656992045301249,0.4736417883246567,0.8861264110376658,0.6244864490116089,0.16769081960933693,0.002545519281690296,0.0073077439103521775,0.005268504022495699,0.001418925034045717,0.04104680587146493,0.009138333162205924,0.009910672844694652,0.007152743217130497,0.0026997195215901584
machine-2-2,40,0.16682089394415586,0.617283265099826,0.25941345298897545,0.9858912440499601,0.5623544596295383,0.47926124471936643,0.8877349179104632,0.6281635064644635,0.1698440419411283,0.002002080521741341,0.004795949518894826,0.003921407917400245,0.0006114372785031008,0.02976243802701882,0.0021061248381563495,0.009540495616981415,0.004560198828542898,0.0020729226266177456
machine-2-2,45,0.16857146712384796,0.6207166260505839,0.26083872858503543,0.9858075301567784,0.570552599012942,0.4879989853392907,0.8922388055599619,0.6315700206549592,0.17165849592959131,0.001988595554199246,0.004582641843789201,0.002370361077038141,0.0017850320453756013,0.030159284400693827,0.01156534007243677,0.0077689033396463525,0.004512862000896468,0.0021991126108760954
machine-2-2,50,0.16949217345067044,0.6219749159741073,0.26145950758918485,0.9854197165773978,0.5498797546897082,0.4814520071929748,0.8942305180717085,0.6328564125914385,0.1727193066218649,0.0019229167631493519,0.003275115749714487,0.0022088603158134405,0.0010147383868358286,0.01602350897037952,0.014913145447617106,0.007005628949101767,0.0032065038452426422,0.001940513666606433
machine-2-2,55,0.1688609918458011,0.620956735689469,0.2601454686667372,0.9856338910060044,0.5363267797284692,0.4835362071001158,0.8918745855036497,0.6317937056732935,0.171940485232526,0.0016403442744090948,0.003667293189333513,0.0021317407608165526,0.0007744384115662438,0.015261318075491597,0.011703688718326305,0.021863600732747176,0.0035586987560893217,0.001699879645515001
machine-2-2,60,0.16894794450656436,0.6210486261851567,0.26140891873476324,0.9855481166262661,0.5458090118581651,0.48115875778842376,0.8987794318313251,0.6319268931522357,0.1719268286663404,0.002385989943786298,0.005874158921815266,0.004252211574066348,0.0008055532333879727,0.019234189379645154,0.016876340551947384,0.006550490509612975,0.005780840635380189,0.0023785449643324206
machine-2-2,65,0.1697889885477018,0.623784853488147,0.2626694029933386,0.985633741466387,0.5465294125590204,0.4778153759886736,0.8995114970321393,0.6345790200203979,0.1728261907195088,0.0018567646433306018,0.004617421848792639,0.0029865275560564115,0.000634909141188515,0.005388709926278924,0.017549964850057272,0.005091067230789121,0.004491116598678307,0.0018026015756754644
machine-2-2,70,0.16927766027142993,0.6226425822168946,0.26224938294554667,0.9857197552720588,0.5385819247877877,0.48124949017874724,0.8997063490633673,0.6334790314104902,0.17232360756494136,0.001311037200774136,0.003541981550087473,0.0021589767938671642,0.0008058339519421944,0.009889587335701226,0.013339257580219352,0.0034246528075106124,0.0034013848101705517,0.001365321660052969
machine-2-2,75,0.16960882466008825,0.6233921204607547,0.2624891741637955,0.9858054696702218,0.5414292197913367,0.4737854545869811,0.8951949455394324,0.6342253775412747,0.17272349949156268,0.0011059621571983072,0.0035662957469325554,0.002843468615659959,0.0006941768492058463,0.00952307849175801,0.02085463263648582,0.006510162784395546,0.003414963753013081,0.0010543029006325102
machine-2-2,80,0.16962929456268072,0.623159962578892,0.26193579873591954,0.9858055443735863,0.5422954912043965,0.47865959603924435,0.8990022887911508,0.633963230383653,0.17268014844631158,0.0007203993164008024,0.002422562234634853,0.0022777865078067823,0.0007615741375931139,0.011864254535733372,0.01507840192420231,0.0068044183142985225,0.0022193827896926973,0.0006214747723991849
machine-2-3,5,0.540745111063451,0.9356485187355925,0.5126324980685515,0.9785034013605443,0.9010922128026337,0.4477354983974726,0.951043957242702,0.9524338038248742,0.4769673227703874,0.02357503737710225,0.0030596337659116596,0.010779942685983522,0.0021768707482993552,0.008779659234697446,0.009800911274575408,0.02626750849986934,0.0033570110088414888,0.02312703930223781
machine-2-3,10,0.5842922833629829,0.9389257012121679,0.5454299874051071,0.970562077488408,0.8717213478871355,0.44465087601961084,0.9232454768065135,0.9555911708946659,0.5217875621725594,0.016728144643746487,0.0032961308888859496,0.017299761417244798,0.004105840677256049,0.021593722741771102,0.0255604242085542,0.02210040971006049,0.0036194666818877355,0.01571249589705211
machine-2-3,15,0.5826752538880644,0.9377928416391177,0.5441400734855081,0.9674938046290216,0.8441168623055799,0.44198758171168984,0.9077032696335068,0.9549568599754105,0.51720209449453,0.01353268725514633,0.0029487853512609303,0.008226130209873417,0.0002467263405767022,0.016010827132536178,0.01745402017679813,0.004629512292963228,0.003317605584741797,0.007060900152507809
machine-2-3,20,0.5784263868665103,0.9380870032341103,0.5506134359132656,0.9693373549035738,0.8570128904298454,0.4395028118626012,0.904134271239777,0.955247463878236,0.5134175338986253,0.016896637152873956,0.00252617691842739,0.016157283271933016,0.00393382688968104,0.023792677948002924,0.010097485477720648,0.004532403537548713,0.0031509238254268635,0.017388112981047962
machine-2-3,25,0.5752283077743422,0.9380781108997946,0.5492692107003859,0.9679487815485774,0.8440369942687037,0.42889262416896,0.9065207945781966,0.9548488018732375,0.5057622101924293,0.023207152824012683,0.0021504363872754807,0.012557903015847792,0.0025466754397620505,0.022850564328839983,0.015686337493186188,0.019128806873322333,0.0034040081784518636,0.02396148623015766
machine-2-3,30,0.567405700619356,0.9371546578602915,0.5398688479510096,0.9655225463413698,0.8335696214551236,0.4076729875097903,0.9083453234244399,0.954067124505189,0.494197416968952,0.01606883266131634,0.002346408984759426,0.012150073995619884,0.0026108199491058585,0.018883334482915102,0.016442300682435445,0.008987705755983627,0.0032230905546538832,0.013992257863364534
machine-2-3,35,0.570521939181533,0.9375588422434789,0.5433186733435839,0.9670305046091658,0.8475430296808859,0.42752182841307823,0.904750154812797,0.9545902141923218,0.501822636391619,0.014058425457763517,0.0009566356492106539,0.024069151472605396,0.0010353128087902043,0.011744130992074884,0.019787484308055495,0.01610615492895418,0.0017834886648616002,0.012517922991934207
machine-2-3,40,0.5635879892621928,0.9357460962255375,0.5354301569553104,0.9643802014243472,0.8422120737519838,0.42168254342040434,0.902051441615049,0.9532039304631519,0.4908208671302198,0.004975424979736989,0.0012860198125286399,0.005221671893607633,0.00345283177758863,0.01227004390108969,0.01061488265848496,0.01898828466318313,0.0011866346355888788,0.008165417397499682
machine-2-3,45,0.5588711556372654,0.9353965957285989,0.5310748323135992,0.9679520735182923,0.8459269181914109,0.42920677076462127,0.899598978480525,0.9529858301856661,0.4832227998776895,0.004723050571754884,0.0024196857582619493,0.008564662681153199,0.0011632641191181663,0.014930870321894578,0.012443458775012118,0.01171289702469398,0.0019423637498577097,0.009303262828235338
machine-2-3,50,0.5584555815458798,0.9364331878430991,0.526330450729837,0.9659065160481762,0.8318500728319529,0.41981578249141666,0.8849681412873872,0.9540257410271165,0.485642805541816,0.006534906879153035,0.003127768528131861,0.008793739888133329,0.003011610924295664,0.01534111986922996,0.009393234999882843,0.011276919294837935,0.003048786201045956,0.008755792376047592
machine-2-3,55,0.5585036093494162,0.936057050041135,0.5288288747470515,0.9655682879876033,0.8382553871279131,0.41682546416934096,0.8911782473849011,0.9535246551997438,0.4867442447876404,0.012225247097739509,0.0026809685675539007,0.011284090404571233,0.0029429276202338,0.018037773704052573,0.022808452543304596,0.01567622180892376,0.0023530790431288183,0.012714598006751983
machine-2-3,60,0.5585304599569684,0.9351197027292638,0.5290071872621792,0.965914316005387,0.8558782829810421,0.42275251468211705,0.910318943616557,0.9525811320759972,0.4853052274075013,0.0018899738159630977,0.003968363570923263,0.009727113730948615,0.0030354747594640973,0.014539651006005648,0.02144337011086962,0.04025390894951527,0.003353050751347473,0.004448837856687117
machine-2-3,65,0.5588868855546376,0.9337210258768516,0.5273956440039459,0.968443721172295,0.847942580400671,0.42211326892497614,0.8812232845767235,0.9517839094002738,0.4839748013202884,0.006932381801539277,0.0033404054659951937,0.009468664220004823,0.004864591368492215,0.02855427622942715,0.020625559581389875,0.005763790364907389,0.0032824027162782553,0.007749050268895627
machine-2-3,70,0.5615364854800985,0.933224523978259,0.5270990450251207,0.9679890411168373,0.8463363657805547,0.4213953601938302,0.886740926844685,0.9511520623248956,0.4912047749176129,0.004228834948863525,0.003249894001661222,0.015199717286428849,0.005460662808485898,0.031395164338753556,0.022259888602054655,0.01904664773175027,0.0035308095771457216,0.007427820752036491
machine-2-3,75,0.5542002186285377,0.9324884054281986,0.523116694361902,0.9666006965739615,0.8425197957404491,0.422209137330506,0.8959947076051513,0.9503313248560364,0.4820331349375686,0.0056097844727507635,0.0038130651931015855,0.005834396399494844,0.005051908674858278,0.031435754023630066,0.025249231167914683,0.029249364609474377,0.003911386862084804,0.00527668375908144
machine-2-3,80,0.5529461990075777,0.9319964687905267,0.5191927592805348,0.9640470250219282,0.8393722641854008,0.4161453493921887,0.8837436692387625,0.9501929065928937,0.4800907824150918,0.009336172898335302,0.003405583288329446,0.005190215405351912,0.003115980353934313,0.021317757938626423,0.01804068658939203,0.007028854358273349,0.0033450182260512957,0.007779690037929537
machine-2-4,5,0.44683681946437503,0.7849660903670479,0.4226770565262392,0.9893250290893107,0.9657061691116432,0.523520761825262,0.9208693642563823,0.7894895389502332,0.43952423099573523,0.02347075065081725,0.01690011263641015,0.023948722721080794,0.002044211622867246,0.001738348083211605,0.005024585561087037,0.0034134498959499594,0.016528405799739,0.023050498215072907
machine-2-4,10,0.41815519680641533,0.7678707590405014,0.39775201850235153,0.9894012899824873,0.9668715043046336,0.5139874172075647,0.9161964761270713,0.7726640206098485,0.41037349879517465,0.005933312730157177,0.006802200652671223,0.011262491226639373,0.0014679327067884705,0.0018898222558390964,0.005803654701860273,0.007913083782170243,0.006586666907682208,0.0067860160211356884
machine-2-4,15,0.4204634434595196,0.7674268419282808,0.40238653090872706,0.9886237933212714,0.9661854255528779,0.5164120405323522,0.914166119972978,0.7720239643061124,0.41357570016368117,0.010259589030793183,0.009604691808537975,0.01029925523702999,0.00036990952317537967,0.0016538079958583168,0.0011159819794946484,0.0033847905575987063,0.009970988405522992,0.01138061953479933
machine-2-4,20,0.42593483710660834,0.7686256265525202,0.4071505126640432,0.9892596449588675,0.9671525895967517,0.5176057159741008,0.9145351150509449,0.7733475500776248,0.41879052866070016,0.00663118073871198,0.0035269538109671465,0.007849523985935533,0.0005877764431548753,0.0017038721827921542,0.0026487011091766792,0.002540967650730294,0.003812954363579588,0.007649498546567323
machine-2-4,25,0.43497065561906,0.7745458772948891,0.4130618228024993,0.9901786979349033,0.9673862314395023,0.5172426016988128,0.9204822497749671,0.7792350395182185,0.42817863633241626,0.00740871962981477,0.005222369378462285,0.008810103603693678,0.0015635714032244336,0.0005780269100153967,0.0010988668082163163,0.007808002109680456,0.00530223718416021,0.008122599850804949
machine-2-4,30,0.4285769257464476,0.7673985657772344,0.40831337302171905,0.9896208064912293,0.9675288885839298,0.5181715650832882,0.9173196278452077,0.7720319094838163,0.42148451814565185,0.011204864331038518,0.007312047818951698,0.01164630825798878,0.001461574823674583,0.0011853022299068892,0.0028769070403163706,0.005662605298188617,0.007573792680307807,0.011991928437732106
machine-2-4,35,0.4324847339700114,0.7689395337818818,0.41311821196267245,0.989910043543988,0.9677471143588987,0.5192705785480197,0.9182280852636928,0.7735321797565824,0.42540446887466843,0.012473655903112859,0.00879967916442474,0.01405105372192637,0.00243741834903889,0.003077006263780297,0.006747224206645438,0.007431323068709359,0.00887733367560571,0.01297310572104046
machine-2-4,40,0.4340442367649251,0.7696097272268679,0.41543061844921375,0.9903965612461356,0.9675654543268343,0.5164543291399053,0.9196949985844693,0.7741532692908755,0.4267574744714927,0.011444954222862095,0.005726646529339299,0.013556517737678594,0.00230527476529949,0.0032073242142360626,0.005412614184593427,0.010140604899554522,0.005647825727223008,0.011579466172602592
machine-2-4,45,0.4358225603867575,0.771673644605438,0.4157300127849314,0.989764447355961,0.967174086424239,0.516331914770387,0.9203374996205607,0.7762487395781851,0.42863240019049076,0.015483506694329359,0.01024887777858773,0.01663184716932832,0.002147833948280918,0.001961721082507917,0.0029817576738328973,0.007006311477455895,0.010190094336195303,0.015956050554626997
machine-2-4,50,0.4322157713378209,0.7697013688060159,0.41256313434055114,0.9901288457669897,0.96869432739504,0.5179886581307107,0.9236969606523422,0.7742943265383618,0.4247681889524865,0.011439751112779725,0.004827014874237182,0.014622701963792676,0.0028929660445143985,0.0047946579111650765,0.005844639310772622,0.007999420432958025,0.0048817439024124555,0.011343264643408396
machine-2-4,55,0.4331081274575173,0.7675904140082275,0.4138725543232088,0.9902018363945334,0.9687131379953586,0.5159819924687598,0.9224825976651424,0.7721270273837071,0.42583587398935396,0.016603715304977704,0.011005799924393336,0.017404129513837095,0.003037537966302885,0.005456961885152119,0.002853449581402847,0.009449733024295236,0.010859865990660487,0.017183857754961736
machine-2-4,60,0.43552177953908555,0.7727646912208059,0.4131093609309466,0.9895909235087539,0.9651127518347341,0.514929856433721,0.9200301355561666,0.7772923312395915,0.42846078021812506,0.01686679812197031,0.01175424117393754,0.01634828317314328,0.0026646983301496343,0.005222690404760099,0.005504969644802913,0.007950710474235678,0.011724040929264547,0.017311026777037282
machine-2-4,65,0.4306079820144974,0.7647402216136039,0.4120845308307644,0.9914880428033106,0.9712008470908459,0.5221968710961049,0.9305724173651817,0.7692038630171163,0.42300703305452547,0.012271680750931642,0.009534004355352864,0.015209725106842034,0.003092020092035515,0.005108948215659264,0.004519534694449153,0.013648095043641797,0.009527813156270049,0.012681356113917753
machine-2-4,70,0.42551873027592235,0.7633978109231474,0.4058945963059418,0.9890379167472676,0.9666874352596456,0.5202266830771051,0.9188674863317495,0.7678529420353379,0.4184772267818889,0.009087880793108145,0.006563240321863882,0.010484189659494677,0.0009507341923544969,0.002069860130635608,0.005380078741559433,0.0035115965882732848,0.006520729595877405,0.008987481441482745
machine-2-4,75,0.4262900645149172,0.7638617243923926,0.40586491679760406,0.9911226362598154,0.969502315232903,0.517526819707341,0.9244703455296917,0.7683023615018956,0.41925048852863034,0.01309337480108003,0.009564823357806129,0.014211889131791956,0.00336657941170334,0.006755809798681103,0.004552972427404622,0.012190326119903248,0.009591424046144888,0.013365806729360706
machine-2-4,80,0.42831401957190407,0.7640228598568307,0.40916982570219396,0.9901066858777019,0.9670764090363172,0.5188462837912016,0.9262764202166835,0.7684682589748457,0.4214182961861951,0.011187788814027141,0.009140386149629984,0.011312128605173341,0.00217415890359369,0.0030646852747365752,0.004432409321069428,0.006716266306390373,0.009069141353652237,0.011473755713076675
machine-2-5,5,0.3882643946693395,0.8613314022745662,0.4463354118498325,0.9432548482005809,0.796814062956136,0.5829741240411065,0.9559968781594317,0.8764748590263728,0.3707757990086421,0.017268118153209597,0.007725575121776196,0.013732900112230788,0.03683332362082626,0.09784055084456046,0.002887103546080236,0.0019009470098520166,0.007646473972915997,0.027944470499186934
machine-2-5,10,0.387743027835382,0.8516463015823069,0.44154731399946423,0.9587324772613499,0.8245657392329694,0.5812812456319381,0.9538753962181779,0.8679814492986976,0.3709872256182286,0.008064551451724073,0.008727530588061055,0.010058197881363057,0.030608581093575418,0.08737081683117841,0.005006843715739619,0.002008330829224721,0.008678368529619366,0.013869791027651285
machine-2-5,15,0.3924264264260308,0.8478059763552999,0.4487165860661059,0.9685416117233606,0.8468923963473415,0.5831522129648286,0.9553874424839527,0.8641489700739304,0.37903934482080714,0.01673546009910718,0.01890353139073554,0.018194440481650434,0.017576650932832737,0.1041178071507639,0.0033376133609946835,0.005356836847967092,0.017991441374803102,0.018825942767291996
machine-2-5,20,0.39833783923796207,0.8470908983637508,0.4592635424241708,0.9772028592417332,0.891104899614572,0.5763118759932495,0.9556903681276809,0.8633368513916282,0.3868604681891753,0.020546772575142726,0.022995968839854084,0.018786192464318015,0.009245927380637285,0.06830953452383715,0.00430492633642882,0.005289745347121725,0.0223327237803595,0.021795960725879672
machine-2-5,25,0.4011661391700544,0.8480182729479456,0.4605668812715189,0.9767537520314175,0.8869544734964274,0.5738133863661352,0.9567695573182571,0.8642475850866624,0.3903545222481639,0.016382828346979916,0.01894609039709753,0.013490157445165404,0.01355678987013453,0.08975307313105706,0.011594362714940975,0.0064579777973386935,0.01845846503425601,0.01595180136452855
machine-2-5,30,0.4000660369393718,0.8470250719230423,0.45818106441652134,0.9755111273194417,0.895033575972385,0.5705425362233879,0.9560587959106513,0.8633214841414897,0.38958977697036995,0.012853070645649483,0.016965167747459587,0.013302421290767768,0.01636208315132152,0.10512712995038852,0.009864407682554633,0.0056153169586252915,0.01633653363914674,0.012921318203717207
machine-2-5,35,0.39418334070741895,0.8416971983727412,0.4532527959356569,0.9766012332534788,0.8940705482813123,0.5662532348619871,0.9523946138306587,0.8581226300821947,0.38322358160685077,0.012940908197635027,0.019165286985721796,0.006383695790457572,0.013986137876004017,0.10448959390771412,0.009156614663292432,0.010937181774040761,0.018336404207601888,0.016571135750112206
machine-2-5,40,0.39131439895163017,0.8377300188797986,0.45130646737784025,0.9767245589310508,0.8933330613936279,0.566639372793825,0.9516563663847404,0.8544074040138764,0.38031218425082564,0.014156079784266898,0.017953182680158924,0.010579193734803639,0.012494679885204444,0.09577484890238955,0.011511997766408768,0.010220041521046238,0.01722821737361985,0.017155627208657032
machine-2-5,45,0.3871197140424325,0.8358547716443406,0.4475471877635162,0.9687854118426961,0.8722913962150564,0.5691774279499404,0.9479121561009145,0.8523212741929842,0.37514519894252013,0.016068536510695543,0.01797515383270502,0.01037335535717902,0.007898486378932729,0.09215486985316268,0.00884704458354991,0.006531740476582538,0.01726945641995446,0.01937835148114694
machine-2-5,50,0.3877220077217851,0.8350876786838083,0.44986656386843615,0.9684043618901852,0.8692167038151111,0.5661527768326622,0.9466151930870639,0.8519350670569932,0.37619696929843166,0.01711562502152266,0.019977329771673817,0.014206043126550204,0.007826979560316494,0.09066175637621889,0.01089704320320866,0.006682491030845471,0.019082499749520178,0.0204588550193188
machine-2-5,55,0.3887271734223001,0.8362621538703587,0.45051867188787686,0.9677800604930117,0.8669919379430945,0.5639647438741702,0.9467276981215083,0.853047928783903,0.37621291584871946,0.018327033039517996,0.01984617113296215,0.015505100029483259,0.009729937449475992,0.10044512396688504,0.006582307086761401,0.006000751237100566,0.018891432715270336,0.021501340539128912
machine-2-5,60,0.38589628817458776,0.8337776622763642,0.44812786177236763,0.9687851234319171,0.8721235112905419,0.5680600430820526,0.9456189688905903,0.8506764468808158,0.3743468777085713,0.01768536673035598,0.02083015076647688,0.013780351908000346,0.00780676832226957,0.09147376587127459,0.00516395921329244,0.0056297749695237,0.019830826772325172,0.021599581196128512
machine-2-5,65,0.38740767805605947,0.8355451485660343,0.44822192726584287,0.9680522102487628,0.8703983950846608,0.5615070447394435,0.9442848699557467,0.8527942150874374,0.3755289283733996,0.01617762601515113,0.017764637099903422,0.012116335321063914,0.008285794029491521,0.0818497341011865,0.009844304199010657,0.006745915830394637,0.016850073090508687,0.018270078831653328
machine-2-5,70,0.3881074584491134,0.8370688831700082,0.44768662584456675,0.9701194715190369,0.887813828915861,0.5623912384551019,0.9417371489746286,0.8541000686738351,0.37604142651795014,0.015503380013635359,0.01747727803125689,0.012913185585190766,0.006079460368624139,0.07246671349314546,0.009692040590644359,0.005802761168314904,0.016483432412937565,0.017434436961440036
machine-2-5,75,0.3877079777628766,0.8375781657376606,0.44718545750060507,0.9661775636660963,0.8643555630271669,0.5678160443056252,0.9335257657697785,0.8546471761911576,0.37705163867980507,0.015661657400857214,0.019563412863581642,0.010551833655972943,0.012205364692042904,0.09969121630232368,0.006432909061200566,0.0026505358335788334,0.018532269257934015,0.018993765892612088
machine-2-5,80,0.38741621067123794,0.8387623336779647,0.4460350000973103,0.9699931616342161,0.887120234468213,0.559235071244369,0.9341614236485787,0.8557421016345588,0.37741242457211954,0.016044288690933987,0.019403964573197378,0.011233215012246616,0.0066133618692452885,0.07684202312467436,0.009001390229769342,0.00378267125988135,0.018100685026855676,0.01714913475393574
machine-2-6,5,0.3673496503899367,0.7846155664542831,0.4814573286920937,0.9466438920889331,0.8686958828771572,0.444489446412077,0.9064207523902178,0.8469932535340996,0.32671460213140124,0.003034502910915773,0.021133332899647247,0.002925950000788889,0.00812316578620241,0.018829328073755106,0.021927178979473466,0.004157224405173446,0.015556142747055541,0.007481748935561107
machine-2-6,10,0.3660389191598003,0.7882029963910345,0.4828723628190441,0.9295723132938861,0.8453002232468363,0.41973468342175785,0.8710643084728014,0.8473121434119327,0.3162045719354841,0.006932813739307795,0.010055819370922316,0.012053151076755685,0.025312738743853497,0.03252306071659782,0.016093115661583376,0.01765039414016416,0.009162684073931124,0.007230259857021557
machine-2-6,15,0.36845412236172875,0.801575235932366,0.48165730282933805,0.9458006129820258,0.8671320797033212,0.4213091999860345,0.8822350933914982,0.8553515663302123,0.3153031018120971,0.004395723640127877,0.00991053728508857,0.007403640670352705,0.007596490450894148,0.016355470022770185,0.03596030158245417,0.02321124364785908,0.008267260896574336,0.006808814313378346
machine-2-6,20,0.36951488681821665,0.7968588067254053,0.4833437629259418,0.9422452821884815,0.8592816486464987,0.43517305060226646,0.869455450996282,0.8512967616678072,0.31717506664670836,0.0036336710211533644,0.007877042818881417,0.00860959668646511,0.01123355579829261,0.023909474537538153,0.008776887192932582,0.021282781371528284,0.007178497448757337,0.008210802875684238
machine-2-6,25,0.3711849492089365,0.8055590314109955,0.4829953688989528,0.9436600388132883,0.863064302083834,0.45753931367212153,0.8825205703217611,0.8559545325803303,0.3161065424694021,0.004118437095799746,0.009592769108995026,0.008372953545592421,0.01282180318698619,0.028886747180000713,0.02290581564376928,0.02873551580872153,0.007340781236237145,0.004135135587707658
machine-2-6,30,0.3719774899243156,0.8084372792299541,0.4838508547553775,0.9530898447050425,0.8840597009635264,0.4586396277164723,0.896058040076102,0.8575700635837034,0.31455028588268275,0.0033990061978419386,0.006473928595611468,0.004481520642287346,0.0061454771221917705,0.015200767474741165,0.01813689262544321,0.021041889372626917,0.004426068013408807,0.0058732801089562605
machine-2-6,35,0.3720204319798558,0.8088441521763761,0.48221061092421497,0.9579097227960224,0.8957048005229693,0.4732257202918578,0.9016332760515062,0.8582001353349712,0.3181066771239357,0.0036821337336109656,0.005013475463742207,0.0059888524874274745,0.0038844922344982934,0.009853682532763105,0.033239886270308036,0.01950099044703505,0.004187939610533348,0.011054764187070342
machine-2-6,40,0.3726612868849182,0.8102463752057744,0.48257695523128696,0.9563984155129613,0.8838019906052104,0.4638102094472142,0.8971125515324916,0.8596018906371025,0.3220523106562581,0.004182141704932386,0.004458491653317455,0.004478410460480385,0.00361281805732173,0.021838269124285305,0.03342719820565873,0.019370284779568706,0.0031550800020835362,0.01280760046210905
machine-2-6,45,0.37309891954474034,0.8130954959578254,0.48322622129035986,0.9576259493266439,0.8952361052855594,0.48639500818017356,0.8911556107715564,0.8616416229720212,0.32064530810993275,0.004764098801542708,0.00524550542108169,0.006117280617570241,0.004231568865941712,0.010505100318303892,0.024009998894924896,0.024811252679996752,0.004302520334439733,0.010733877973354086
machine-2-6,50,0.3737103963640861,0.8171632257086301,0.48126887346404856,0.9519089260570652,0.8699568382646654,0.4460434232768086,0.8766850126076932,0.8644241536615755,0.32264945636915354,0.005189234593267192,0.005652428763997835,0.006877548700819835,0.008138965187605,0.019177195464842985,0.03276613884219794,0.016157532388815933,0.005002589477138012,0.011165846152470807
machine-2-6,55,0.37399440069662526,0.8166980049052605,0.4795435108297255,0.9505096627516483,0.8651442445618018,0.4518184256975717,0.8729859999994121,0.8643720612035664,0.32494428416974086,0.005554504769341484,0.005230774911422335,0.008417979757161536,0.008932072836836648,0.02032585651628381,0.029083700187844314,0.017186627803192803,0.00500058024607812,0.0139038802144005
machine-2-6,60,0.37334084088133956,0.8149077160380691,0.48127139323648604,0.9352769715500346,0.8684082561686339,0.467422734535622,0.8774251890626674,0.8633087110419492,0.326595735077303,0.005466554474251117,0.006874693565382872,0.008415861188441058,0.04503526567340392,0.05045435685595456,0.04017358740309676,0.02789543997167077,0.0053279983033261155,0.009638882136340378
machine-2-6,65,0.3732311808219829,0.8159805439107456,0.4814868541599719,0.9324159809329888,0.8617856723276492,0.4443043502100529,0.8845750666278533,0.8639585740650639,0.32507521250375476,0.005640489781572906,0.006727305332954727,0.00962341316901518,0.04205926749843177,0.048704563889751196,0.04111825671442365,0.032757866854645594,0.006018254775248466,0.011856739178953838
machine-2-6,70,0.3735429610172399,0.818659796691615,0.4810301163186322,0.9292735055682493,0.8592696251552242,0.43626519835003225,0.8821238650370085,0.8660058690340149,0.3249996360383353,0.006096212107012459,0.005996042514459201,0.009621234046406498,0.04661541457734682,0.04958658083856752,0.03303854088579931,0.029406162234439086,0.005952189175407361,0.01248312663369695
machine-2-6,75,0.3735092367709885,0.8196321950207607,0.4802915361626143,0.9354417199219114,0.8646392285735601,0.44428512939591797,0.8858789407856779,0.8665937025283645,0.32855889825934315,0.0059194096563248205,0.0091493205137934,0.009128036653150515,0.038814272907996925,0.049656290425620676,0.044134708784797874,0.030751434113818418,0.008112297530709392,0.011946027520660882
machine-2-6,80,0.3737325767857992,0.820029404070833,0.47904654103497013,0.935522149966902,0.8621845139962325,0.4464629875014826,0.8852354324389903,0.8671805713087845,0.3270178912604397,0.005416696041068102,0.007821840743585384,0.009588297858810624,0.03580164355847299,0.04839131140643604,0.045061420446754506,0.029599788036563553,0.007064456049576881,0.008447857987760292
machine-2-7,5,0.81334506929021,0.9446562432048345,0.8244984093624887,0.9402832921401059,0.9002402791526856,0.5316600154286883,0.9446146603090914,0.9453982826200781,0.7133217323890064,0.004379410357272718,0.0027763329507411684,0.0012721648418435104,0.003128708280949624,0.013928248082981431,0.013645330282575772,0.02333575594798343,0.002824609322439364,0.010045279949681171
machine-2-7,10,0.8216213108276749,0.9455360979802321,0.8254293223040294,0.9474872869930945,0.908444003833689,0.5395667285200911,0.9569126196729691,0.950594404240775,0.7340262590700697,0.006820370346602819,0.0017774998998450456,0.0033403384522978597,0.007286451719740328,0.009174117520000106,0.008868263435844282,0.011873454009296026,0.0021188054599193674,0.00950150459391741
machine-2-7,15,0.8171587969073619,0.9473708184290556,0.824533441868631,0.9549658973775393,0.9071967846227735,0.5375424948554386,0.9578274150616866,0.9505320333356149,0.7361855699768725,0.003484473374759674,0.004098572486314574,0.0025286437549079882,0.010235595179633517,0.009858731005311832,0.006499983470403095,0.011539198304179467,0.0041824876345324434,0.010802783209407304
machine-2-7,20,0.8146018068632456,0.950027592880573,0.8216238666482036,0.9612939907933793,0.906005170746299,0.5279273353309852,0.9523840031945021,0.9496876522832398,0.7394159835756923,0.003900263004994735,0.005137584600677919,0.0007961435595032941,0.01348525965328128,0.013872609031272454,0.014279241155252618,0.009989373336072322,0.004941342155119836,0.01009042518968683
machine-2-7,25,0.8108608490696856,0.9509942196650929,0.8165071321217717,0.965643345134489,0.9072344535737543,0.5156701255770006,0.9573919033975868,0.9482453264377403,0.7409031840088471,0.005572996566888639,0.0059277548173404,0.003680046706107145,0.014596464965471203,0.0100399642602355,0.013082449101249349,0.007064126248308199,0.006426886451623132,0.009790678924064588
machine-2-7,30,0.807326696179653,0.9509604821514512,0.8151636242852692,0.9657306875491276,0.9075455374220052,0.506136490135988,0.9563279640397655,0.9472792929905399,0.7399876638911711,0.00535275201549339,0.006998775088692543,0.0044286163185983845,0.014368738333640113,0.013051341074308245,0.005334792519637384,0.012007660800680109,0.007194882561359959,0.007763129849022652
machine-2-7,35,0.8057748428740874,0.9521265711968457,0.8141629646780415,0.9662403971244301,0.9055857481357287,0.5053280692204566,0.958095208575875,0.9474799118283249,0.7365033265224699,0.003178723281120283,0.006727330316056786,0.0033569986005467026,0.011736028750795666,0.00803715801467645,0.004447216119337467,0.00865435509982252,0.007754358091446192,0.006535253200700783
machine-2-7,40,0.8043635415430892,0.9514605934504653,0.8137940395308763,0.96687586829174,0.9051762150079563,0.5128499486661117,0.9573193136154444,0.9447396313623653,0.7352402721181603,0.0034056054209560976,0.005890096754355366,0.0029501149079660532,0.010794854120951942,0.008489632263825667,0.009972295615783926,0.009840560350984583,0.007331108112904547,0.005626926231773547
machine-2-7,45,0.8045957065166871,0.9525638449274959,0.8120853965740322,0.9664214554038507,0.9058144788795884,0.5038208655458858,0.9564491735441779,0.9461469548908888,0.7343115989205039,0.005510119575930295,0.0053554192571484294,0.003507254434651067,0.01025012404395425,0.00791006265847665,0.01450901381774378,0.00786322762570017,0.008167144176919107,0.006021905678966114
machine-2-7,50,0.8038300401267695,0.9526034565557695,0.8123559101867883,0.9629042482215693,0.9092163103899672,0.5108714052758554,0.9526385762859556,0.9489015125713474,0.7342802420168596,0.007417530930392906,0.004915227562739471,0.0033914710724254884,0.016559993755287813,0.015193796685476537,0.014329894751504566,0.011805397550074457,0.0067855343647620385,0.006052419792870265
machine-2-7,55,0.8028536742889695,0.9524451002154872,0.8122110835748049,0.9556027478101361,0.9062911227497966,0.5065796004614107,0.9537725668936182,0.9480577799695467,0.7338406936934578,0.007089767399801688,0.004558271311126469,0.002835629190630472,0.015809097399709968,0.009604395544422738,0.014792335988716846,0.01058017012362565,0.005120985151474173,0.008048606927694046
machine-2-7,60,0.8031283984503979,0.9523272314679413,0.8104597970287483,0.9461702952623466,0.9054503416057781,0.49983362408157345,0.954841561141065,0.9457058337520449,0.7305396568078785,0.007941808469888383,0.005058577500729311,0.004310514355039853,0.010833521041571759,0.008039808917176663,0.01701398661003493,0.010184707174468104,0.008998903907699068,0.005296215056764152
machine-2-7,65,0.8026250544527426,0.9533847395654598,0.8096435289993928,0.9414814276356629,0.904477645113126,0.5056857703589769,0.9556589026699418,0.9491369311411103,0.7290947286422599,0.008867942084714744,0.0033691195792625067,0.0038549921477494626,0.0024328264684595215,0.004526746416098756,0.01698606623027968,0.007843354285769285,0.006310832112176912,0.006087515622404558
machine-2-7,70,0.8037167706228452,0.9539788366985829,0.8082838762206757,0.9393718151120929,0.903766204423441,0.49701076059097543,0.9551788379991826,0.9483223899971438,0.7292913535158729,0.008956028821234386,0.002396529689755504,0.0031656941458917246,0.003842675494561585,0.005504705896983264,0.015500108110866797,0.008343966300719395,0.007571634123639542,0.00633446783678082
machine-2-7,75,0.8035809643554875,0.955014355511723,0.8068216064554701,0.9375960565040772,0.9003902604151309,0.49502691566544926,0.9552135763949523,0.9496037122962955,0.7287875683560138,0.010037599418239932,0.003686110123432967,0.005467061814360803,0.0028830657207635753,0.0037076181963290435,0.007752025907797338,0.004233662706739981,0.007366011125573757,0.004620665107682527
machine-2-7,80,0.8041284839955523,0.9556024110664197,0.807692952085734,0.9388691292024536,0.89958002389569,0.4988458963028404,0.9536761710870287,0.9510832057957554,0.7283464561396401,0.009767278945519728,0.0025175534503110563,0.00332238396823577,0.0018653065618572248,0.006856591841218461,0.008360617560446423,0.005524705110889124,0.005824597145626223,0.010297156287578024
machine-2-8,5,0.9624428888670444,0.990065952054113,0.9543831037016702,1.0,0.9999999999999996,0.604405221389309,0.999956253027808,0.9990025011178432,0.9409571814105016,0.0031813626445603197,0.00044216443512917563,0.015663439774252302,0.0,0.0,0.002958112053881628,1.631973155523477e-05,7.872379429755465e-05,0.007601679404440359
machine-2-8,10,0.9683821817668583,0.9905347004457596,0.9725304143831466,1.0,0.9999999999999996,0.7109663000737283,0.9999840746514184,0.999124485823664,0.9577266309755329,0.0013619333742959582,0.0005951467537629211,0.009800951645463189,0.0,0.0,0.002060805275661533,6.553741332898038e-07,8.891955869784051e-05,0.011710491654633436
machine-2-8,15,0.9684952304489187,0.9895795200238175,0.974215801821709,1.0,0.9999999999999996,0.6566990181150842,0.9999836814265111,0.9990859822887529,0.9609359849286452,0.0010713337824404354,0.0011625071625111468,0.006822399555447776,0.0,0.0,0.06267350801675793,6.704928664054742e-07,0.00010892033195526402,0.009273028292601126
machine-2-8,20,0.9688589254170815,0.9893273302218927,0.9771936077711395,1.0,0.9999999999999996,0.6412329681886545,0.9999824853569181,0.9990663937040825,0.9597869406645625,0.001034005624006509,0.0014369362415529846,0.008202522324355054,0.0,0.0,0.08598453552756224,3.460654711635364e-06,0.00011534747504369281,0.0060213656070763205
machine-2-8,25,0.9686607875328749,0.9891962865414577,0.9749159231563896,1.0,0.9999999999999996,0.6417447727981047,0.9999754070168403,0.9990649015867702,0.9605213411760687,0.0013950277935916259,0.0017144894844033994,0.010390637469700953,0.0,0.0,0.054836543786797094,1.755734325917998e-05,0.00014749893991645695,0.008672848439849827
machine-2-8,30,0.9686324483710758,0.9891587418011921,0.9756065716697644,1.0,0.9999999999999996,0.6538077436517535,0.9999754070157041,0.9990406110848159,0.9565672498545932,0.0012862881602131702,0.0016650208276887252,0.00902635199310044,0.0,0.0,0.08299452451558166,1.760043169959932e-05,0.0001839927721743454,0.01629281071559352
machine-2-8,35,0.9688717089527914,0.9894861530511008,0.9757523778231361,1.0,0.9999999999999996,0.6432593939593543,0.9999832718146658,0.9990607073684321,0.9548271676168264,0.0008386447731766459,0.0008498823892374484,0.010976552552658345,0.0,0.0,0.05418179714199959,1.8586025831653932e-06,0.00010670031478501054,0.012966669726059091
machine-2-8,40,0.9689725577078211,0.9894734841756507,0.9770841392028817,1.0,0.9999999999999996,0.6684256253029887,0.9999754234023501,0.999061397769473,0.9551506042426446,0.0008109480144131784,0.0006785524990081488,0.008410664997045797,0.0,0.0,0.04845118793632303,1.7524579000691884e-05,9.881969841025552e-05,0.013863248149749156
machine-2-8,45,0.9686621037603985,0.9893577487197178,0.9770841392028817,1.0,0.9999999999999996,0.6549914328123283,0.9999756691673762,0.9990231716401045,0.9486647991510176,0.0013586266135103046,0.0007926404936176163,0.008410664997045797,0.0,0.0,0.038838086432081836,1.7699716908251027e-05,0.00011474994070852214,0.015383542320731114
machine-2-8,50,0.9687868319937392,0.9891477885026261,0.9771788987137473,1.0,0.9999999999999996,0.6409414464947145,0.99997622623298,0.9990084293820061,0.9477718560564921,0.0010179492668350829,0.0007768521805074267,0.005949777715253167,0.0,0.0,0.04550728213339228,1.8139795088842e-05,0.00010832877742183947,0.012929436041371
machine-2-8,55,0.9689049651218373,0.9893983946951196,0.9771788987137473,1.0,0.9999999999999996,0.6010119472751172,0.9999832718031958,0.9990167760207787,0.9472949960916893,0.0008175744972398159,0.000779715247359477,0.005949777715253167,0.0,0.0,0.049351487994799395,4.329913380200932e-06,8.535242352838251e-05,0.007592700149701814
machine-2-8,60,0.9689042974546673,0.989529108456923,0.9771788987137473,1.0,0.9999999999999996,0.6307476242022501,0.9999833045720249,0.999019842314491,0.9470880051676002,0.0008278504987868603,0.000642963030822581,0.005949777715253167,0.0,0.0,0.05837539736939577,4.322300849353784e-06,9.22876595634078e-05,0.00868857866541778
machine-2-8,65,0.9684398739203965,0.9893574847848126,0.9764100951563268,1.0,0.9999999999999996,0.615984356326287,0.9999832881874408,0.9990097109829176,0.9464981713257736,0.0017015431273844312,0.0003957536172126853,0.006021554136674111,0.0,0.0,0.07495398919606817,4.352216514206702e-06,9.30768620194581e-05,0.011133086700145255
machine-2-8,70,0.9682463837727096,0.9891297749453456,0.9755963547771078,1.0,0.9999999999999996,0.6200655726601676,0.99998273112191,0.9989907641243045,0.9456910469867046,0.002026289605084072,0.0006323501516836621,0.006538251903938582,0.0,0.0,0.0737169708854382,3.682775851089923e-06,0.00011447383528342108,0.012040527643704961
machine-2-8,75,0.9680639277903778,0.9891044371944459,0.9763654551827423,1.0,0.9999999999999996,0.6474027075702881,0.9999840582662352,0.9989893939067457,0.9469334823412984,0.002227852642616895,0.0003083394890216369,0.005498246454120757,0.0,0.0,0.08302016663146641,1.233515309531057e-06,7.548059958105117e-05,0.007252954565117617
machine-2-8,80,0.967943947811462,0.9889704902300536,0.9755717261969058,1.0,0.9999999999999996,0.6342992298224265,0.9999844351067406,0.9989738239089393,0.944821116762138,0.0025907417375233975,0.0001523690782443329,0.009724776258728293,0.0,0.0,0.07046839493265356,1.082854856183326e-06,9.648272963735827e-05,0.013197359611164
machine-2-9,5,0.8370224393811122,0.9644368976199972,0.810140096026912,0.957738369794555,0.7389885660796855,0.21873298752837395,0.8366952055219374,0.9891170004959657,0.896446961267536,0.007703888878757763,0.003185000622251265,0.0054861348667811964,0.000488544107448761,0.0006572924469463113,0.00013549264115442875,0.0021387972901458444,0.0012955253754622414,0.0069002151673543165
machine-2-9,10,0.8322954302893107,0.9632914627777006,0.8092492538051619,0.9573858763282072,0.7385860932085653,0.2188298843436392,0.8418500396620663,0.9884756765825752,0.8932368149807037,0.0058267167097652735,0.001252504270905677,0.0035554343931110525,0.00042259363333847316,0.0007602963395417228,0.0002035596022397108,0.00032515101332872466,0.0009143766826899146,0.004854235843226476
machine-2-9,15,0.8302209117408479,0.9630452345518374,0.8058997167528851,0.9575267409215102,0.7389640294301965,0.21890398762824714,0.8410249044533173,0.9879680902214527,0.8905696107222527,0.0023585987624687374,0.001187091000531778,0.006116035558647503,0.00026996614807302526,0.0005161807870376755,0.00022852979419445068,0.0018765683529414607,0.0004172741450088392,0.002524518362877108
machine-2-9,20,0.8350701181844833,0.964407900841427,0.8107542023921502,0.9574563086614906,0.7390543078026952,0.21877133421921016,0.841166015210451,0.9885443423068365,0.8942488255420049,0.0019947398708831487,0.001190224286420187,0.003342946070781758,0.00036392489561771314,0.0007974775487382221,0.00021130073414457254,0.0018834285924427992,0.00044805490389993757,0.001463412628248461
machine-2-9,25,0.8323974657209062,0.9627391421793825,0.8101441478305437,0.9575267409215102,0.7391889920770449,0.21896045983818335,0.8389938666357935,0.9878078078804877,0.8923473685405203,0.00289732548363828,0.0014862916685187072,0.004802492352023497,0.00026996614807302044,0.0003122345460048216,0.00012622356308063885,0.004051707553441435,0.0005510593009668514,0.003129465190075107
machine-2-9,30,0.8275944825533545,0.9608708275551143,0.8089293154068637,0.9573154026619107,0.7386377786439279,0.21882953929334936,0.8401967053545817,0.9865880860793554,0.8876690569288119,0.004483204144174251,0.0014862054236015744,0.004479755140909017,0.0003986597508603693,0.0005164194848711483,0.00010706122324908061,0.004495413044221647,0.0007937318177178441,0.0039794409577448
machine-2-9,35,0.8278122348295542,0.9609211088938814,0.8087495892597495,0.9573155686534666,0.7386878328067441,0.21890752492458687,0.847070845821304,0.986639569212476,0.8875820390069933,0.005940756994987779,0.0017376898646921867,0.004978016524644609,0.000609014278445404,0.0009648630311829227,9.965813199783158e-05,0.021680076400106305,0.0010381500125681612,0.005154506092947139
machine-2-9,40,0.8270568015137987,0.9604596387035738,0.8075481797199252,0.9575977130760127,0.7393593646715851,0.21887098043002107,0.8482435350596704,0.9863350038985599,0.8865890882078487,0.003927617858400633,0.0009422758952117309,0.0030890220237313193,0.000830460213287357,0.0016296827903068598,0.00012622184059323075,0.02076929611277545,0.0007972679380492986,0.0034491511088118178
machine-2-9,45,0.8256046538130386,0.9594644534105918,0.8078668724182629,0.9578094668283432,0.7387343872297218,0.21887360702622544,0.8480617041023242,0.9859248458045087,0.8857065075515733,0.006360814580072251,0.00147756705519011,0.005304317530454648,0.0009875236202862723,0.0011509404809923567,0.000214059070512554,0.020731521958476655,0.0013074887982220309,0.0059626312083326085
machine-2-9,50,0.8250399104922371,0.9590172451438125,0.8067536603255117,0.9575980453532171,0.7382870859932043,0.21886343311398126,0.8500000366629885,0.9856896628914605,0.8846184868845597,0.008298931285386228,0.0020841266206390718,0.006095592514424823,0.0010555110762283896,0.0010876334953233114,0.0002626858683429108,0.0191107578951505,0.0014022202931907894,0.006820787171280221
machine-2-9,55,0.8259171322172834,0.9589570005383493,0.8079122411818603,0.957880024224829,0.7390284432210642,0.21887136294224402,0.8481101522188003,0.9857844837322222,0.885491339089219,0.008702065970178021,0.0021334431537274956,0.00563209753653057,0.0010048605747052378,0.0008649276009330223,0.0001254663622490389,0.020701065021859803,0.0015918310812572604,0.007603236964957065
machine-2-9,60,0.8264322920531748,0.9589093163597948,0.8086986608853081,0.9578802740941409,0.7391749040409007,0.21884948165312956,0.8492153758467341,0.9860029548853041,0.8864298917355526,0.0069904275915805185,0.001746458842518686,0.004919299160124245,0.0011530727945145316,0.0012730378836704177,0.0002671549062560741,0.019810437942290312,0.0013587353146245847,0.006272071372598884
machine-2-9,65,0.8279823148835233,0.9594973525346698,0.8095906056356528,0.9578802740941409,0.7392375012269746,0.21893631816465575,0.8482354249051783,0.9862923395846028,0.8872977202127605,0.006695408087100164,0.0015475967216918988,0.0055001760962849425,0.001153072794514539,0.0012954296747011529,0.00020604413731259414,0.020683114874682038,0.0011904771230941962,0.005732613747373978
machine-2-9,70,0.8272121391004902,0.95906587782747,0.809116841850534,0.9422938751072207,0.7204614756629034,0.21074756761860391,0.8344859813064434,0.9860694603228655,0.8864060027748192,0.007551216548849182,0.002184048229390902,0.0052378396286666745,0.03139078747379666,0.03807834569558671,0.0163554650273045,0.041544183832472124,0.0015241633342075853,0.006594695669331515
machine-2-9,75,0.8291737292860264,0.9600469993525859,0.8113242169065171,0.9423643073672403,0.7205782844682718,0.21084585588997345,0.834536939066393,0.9865326967002463,0.8881057533350228,0.007320307462026971,0.0018944667046147127,0.005544936290867904,0.03143516784086772,0.03818109766016753,0.016389196683218508,0.04153958826388428,0.001287223599191574,0.006477122878676497
machine-2-9,80,0.8281726415558863,0.9590959367203895,0.8110003120084517,0.9579510809931889,0.7394127024437905,0.21901749103149,0.8491917754570997,0.986117022935431,0.8873713104356149,0.010216637920331898,0.0033703469755601892,0.006229860202312215,0.001292147388784072,0.0015779940284408125,0.00036358448811740204,0.019825701494634907,0.0020575585599151127,0.008920655913824996
machine-3-1,5,0.45113347438577706,0.8613210086429091,0.4779337917771369,0.7039874916080704,0.6843453952477088,0.2669833510123138,0.7015128231278887,0.91253048527925,0.37576191164489436,0.023127475486827486,0.009598910784560887,0.017155254585256047,0.12445849969965724,0.040223637210746954,0.0,0.06945280086059795,0.006269949452037079,0.03643108105559174
machine-3-1,10,0.4696947761267949,0.8685828207482895,0.48850335287998353,0.6417582417582418,0.6642335766423353,0.2669833510123138,0.6667881591054189,0.9213046097703825,0.40359514915307915,0.020440149165059398,0.0038726437388705145,0.01902336334609016,0.0,0.0,0.0,1.3162137967287606e-05,0.003024147043611845,0.009190667848080359
machine-3-1,15,0.48984366733764023,0.8722607700054588,0.5002551286774478,0.6583186813186813,0.6993946946768733,0.2669833510123138,0.7051618679162082,0.9252880027370781,0.42989821069037526,0.011829975355231757,0.004215523333388343,0.0222734136739731,0.03312087912087908,0.07032223606907599,0.0,0.0767170629999376,0.00216845277374341,0.014795365282305798
machine-3-1,20,0.47154684861763985,0.8654235478434823,0.48990301085028765,0.6590295246921754,0.7011454447782326,0.26698315317261023,0.7052017036224199,0.9216561116089664,0.4164799199032701,0.01972741105310656,0.006440038179873386,0.018664616848621307,0.03454256586786704,0.07384169374736978,0.0006254595021258126,0.07683454527853403,0.004276400703532094,0.027374613725833857
machine-3-1,25,0.47073615950830416,0.8635331974599758,0.4892199997062834,0.6597547189652453,0.7031475078432431,0.2653903113737643,0.7054621116115779,0.920382553671196,0.4109848890198349,0.02480009856876403,0.0077379059469531815,0.010466472297989608,0.03693715603088815,0.07941105804981886,0.005166005620978713,0.07734055470639277,0.004505930254367256,0.03866378725631658
machine-3-1,30,0.46244961905492926,0.8593094612377722,0.48979593846321834,0.6615630805040174,0.7070888315068209,0.2776238141269811,0.7055010783440727,0.9176102046106779,0.4077289391446706,0.03314448156395793,0.011688212935483208,0.01512422703765347,0.03960967749155121,0.0857105097289713,0.021280926229334647,0.07744029692370709,0.007599007981913957,0.05208437997681605
machine-3-1,35,0.4579343896500931,0.8572869752151804,0.4872537441910838,0.6619309262166405,0.7079209451936157,0.27871726256418916,0.7055575378795303,0.9159087163601127,0.3992254173664847,0.03126581297629056,0.01417582292534341,0.013410973476007315,0.04034536891679745,0.08737473710256093,0.023467823103750753,0.07753463340718471,0.009204002814959188,0.05250568708132167
machine-3-1,40,0.46082891895163886,0.8595909054304044,0.48746380038112014,0.6615630805040174,0.7070359419754222,0.2774965930102422,0.7054986467352609,0.9172601363479891,0.4028435970927011,0.028031096185813308,0.01126322855955382,0.014502757519039683,0.03960967749155121,0.08560473066617381,0.021026483995856805,0.07742591570483176,0.007293455684731777,0.048178094149984745
machine-3-1,45,0.4599373199437309,0.8591880497334466,0.4847177213607085,0.6619309262166405,0.7079209451936157,0.28024379832512547,0.7055446962340208,0.9168608175989479,0.4029808195364453,0.02286662164873313,0.00888724900150096,0.010481791800949367,0.04034536891679745,0.08737473710256093,0.02652089462562335,0.07753136030521215,0.0063000206180635265,0.04253393617103815
machine-3-1,50,0.45851921002538787,0.8576633637475514,0.4849083528768286,0.6615630805040174,0.7069820006635695,0.2759426391028118,0.7055471876645966,0.9161656597980874,0.3986493396650916,0.022310162228249004,0.009885145421001615,0.009503695660370575,0.03960967749155121,0.08549684804246842,0.017918576180996036,0.07752014642534681,0.006885272136781104,0.029119306132705098
machine-3-1,55,0.4633180517169391,0.8599312894676757,0.48510882371353764,0.6619309262166405,0.7078756104418084,0.2785785585206945,0.7055462060910862,0.9172729015456484,0.40555411343627834,0.018853625847171842,0.008067363296314002,0.006105009961684493,0.04034536891679745,0.08728406759894619,0.023190415016761442,0.07752741014168611,0.005924978215572142,0.025671083032714526
machine-3-1,60,0.46131345403880464,0.8574848855474582,0.4845080468395357,0.6417582417582418,0.6642335766423353,0.2669833510123138,0.6667800559074968,0.9164668515648224,0.4027767640784802,0.01717796702666259,0.008545558124217728,0.008034559255411019,0.0,0.0,0.0,6.127938656427718e-06,0.005700136005987072,0.022363509631665442
machine-3-1,65,0.46042372367062934,0.8574187676819534,0.48267076168019524,0.6619309262166405,0.7078756104418084,0.2785785585206945,0.7055425956807861,0.9161901208094927,0.40237337651413485,0.01845357363963722,0.010046607608786154,0.004496384071532432,0.040345368916797464,0.08728406759894619,0.02319041501676145,0.07752981688737579,0.006813676621436607,0.022721961982066073
machine-3-1,70,0.46429776872255973,0.8591998891782213,0.4803751531600172,0.6417582417582418,0.6642268429983565,0.26679174502586295,0.666769148545013,0.9173873599412854,0.4061030025347325,0.016361553677267517,0.01019212607374264,0.0022876028013034256,0.0,1.3467287957535934e-05,0.0003832119729017027,1.2885191686845538e-05,0.007239130600655957,0.027884144501185263
machine-3-1,75,0.4627402539161066,0.8598631840625287,0.4802166657266757,0.6619309262166405,0.7078756104418084,0.2785785585206945,0.705550049651604,0.9177502416573159,0.40394372984471105,0.016593267840590172,0.008476785675734844,0.002083329747214248,0.040345368916797464,0.08728406759894619,0.02319041501676145,0.07752484739171528,0.006599620202161778,0.02445361270445097
machine-3-1,80,0.46236254867850063,0.8588342962748416,0.4811222925852019,0.6417582417582418,0.6642335766423353,0.2669833510123138,0.6667819468874001,0.9168727558550431,0.4039577950981464,0.015526446695608178,0.008867980989141067,0.0016031107763375958,0.0,0.0,0.0,1.2458887562450465e-05,0.00709183349958521,0.02441519431661948
machine-3-10,5,0.7793082797969874,0.9123536940878165,0.8112106143290891,0.9577131887862719,0.9490695016042052,0.5367622912835904,0.9416018506474413,0.9207987076615546,0.764573294646908,0.04273478297151812,0.007931515757845233,0.08348295407784236,0.0013548169766766428,0.004239894297582525,0.03509582018387157,0.006176860063821892,0.011256772444090818,0.05643305158093079
machine-3-10,10,0.7924531846792062,0.9379238307815567,0.8082141635868584,0.9614900891047229,0.9471501166854625,0.5286069012634239,0.9495568286136682,0.9510390760187493,0.8037009124738123,0.022149264658107598,0.0061360930688293255,0.026903342270572755,0.005914509545226515,0.006380328302172224,0.049846535627492146,0.001362285670632275,0.006558623220314954,0.022061200576466836
machine-3-10,15,0.79140362694359,0.9384457721274251,0.8096053328493069,0.961004040024657,0.9468398678535364,0.5176508140901995,0.9496142477251303,0.9516694850090401,0.8012895130907555,0.02663370558589623,0.005774346875004711,0.035398919686556354,0.002067300734246264,0.005611681014682968,0.05768687324035701,0.002384509417127255,0.006105756929319447,0.029130047904564672
machine-3-10,20,0.7874165777293703,0.938032681954078,0.8078937375725448,0.9698536578280001,0.9528563562857036,0.5277500315108566,0.9479827374776637,0.950954951902265,0.8023864169135533,0.02266959614725857,0.006118232232281612,0.03298847444367596,0.009713279058365092,0.015693648774956184,0.04164988061686269,0.0053521149631251,0.006347680853252863,0.02232108075105464
machine-3-10,25,0.7832969275794976,0.9377289703585162,0.8005326444554832,0.9699890238283405,0.9536159190602503,0.5071710433669853,0.9478632498173849,0.9504548357984124,0.7972384765410334,0.02667883240845526,0.004881609830973426,0.043901514042083506,0.01113138665557349,0.01554333094358078,0.052665341710681775,0.005290458872060292,0.004765791240705521,0.027694024941363898
machine-3-10,30,0.7769637147391052,0.9376328982155516,0.7854398594159839,0.968325614784601,0.9494349816450879,0.5244709580927686,0.9455170192974997,0.9505076837810281,0.7901444192792229,0.036713610209278075,0.0038999172240278953,0.05953827359216974,0.0015725543863311193,0.009003970133618387,0.046044060702458325,0.005283333341953759,0.003689030332116437,0.03750108023013911
machine-3-10,35,0.7576389852396609,0.9338691074644763,0.7665009547493469,0.9625917647547344,0.9454200251544971,0.5133973968873299,0.9455791764265522,0.9467726766568588,0.7700683100867102,0.05092518629541826,0.0032789865504986022,0.06656336007289318,0.0030734264182779706,0.0082306263712822,0.04416088120030084,0.005612171002711095,0.0032520069025399044,0.05097601230139509
machine-3-10,40,0.7504156395014449,0.9338880887799424,0.7490832804473949,0.9598158945618966,0.9443989256687861,0.4976962487163962,0.9451395134081978,0.9469190827510103,0.762800126978251,0.059265681848311054,0.005906500516143646,0.08924071334366451,0.002666919916156866,0.0032095108701535625,0.045732182085261835,0.005657580508952015,0.006352527987604097,0.06201333644813285
machine-3-10,45,0.7388192727127818,0.9297090085755674,0.7466333214422057,0.9623883986833885,0.9460206509100867,0.49387357853899316,0.9434618875840941,0.9426822374025579,0.7499846775772878,0.06865058244719428,0.009158083030970815,0.09082113716857974,0.008070898575890885,0.005625117479100675,0.05246734857406197,0.008107490160677045,0.009756548091700326,0.07139985953660687
machine-3-10,50,0.7348483521592774,0.9286148377918697,0.7443997096513639,0.9607060975464574,0.9428141326537731,0.4820917988702218,0.9448865015300332,0.9417482309227789,0.746612959297213,0.07026684044011514,0.009499793600339703,0.09120459430653341,0.00440130485354759,0.004526598959841864,0.05513069473951545,0.006038544577311853,0.009852698505595833,0.07176013354419687
machine-3-10,55,0.7309982670632275,0.9262280388975307,0.7389638696022018,0.9650278095791939,0.9462162328548104,0.477813222601517,0.9444611479697778,0.9393817337600218,0.7434095926827016,0.06922052274927878,0.010076536652273762,0.08927429051487902,0.005183440247410539,0.010255243995577795,0.052372815746443986,0.005108462731081074,0.010389791014575054,0.07147757019008848
machine-3-10,60,0.7353389999425153,0.9264687835785748,0.7402260229866864,0.9611547618205682,0.9449869991313701,0.47471122958698136,0.9452937794517917,0.9396279279613169,0.7482717823672558,0.06377207197446756,0.012496729047375966,0.08849718888750044,0.004384361076846185,0.0038822035398013745,0.047947481982715826,0.00549675154156871,0.012883970891822933,0.06762545698799985
machine-3-10,65,0.7230512832690138,0.9210907635347274,0.7347684872432642,0.963649841136095,0.9449564895248203,0.47933902377469295,0.9461007398383187,0.934131934773162,0.7341090518474049,0.070974211816877,0.0136795972997569,0.08501384307297108,0.006244168516922688,0.0031502194463127074,0.057848847723084074,0.004451278868307674,0.013746606061773354,0.07217820463934146
machine-3-10,70,0.728037136631123,0.9255125345455724,0.7346188998016139,0.961381151144547,0.9460991030031972,0.49873572993163556,0.9496582997822126,0.93882408253444,0.7403452290456214,0.06596379795469867,0.010959850238716724,0.0862023432563151,0.003938911192698448,0.0028621889903647805,0.05971706584735239,0.0014385487984397293,0.011129155936659868,0.06840057466753016
machine-3-10,75,0.7266183234442284,0.9239382667496844,0.7304974759500937,0.963144796047216,0.9457915218638746,0.48010658025585895,0.9476871141018416,0.9373385637433117,0.7383744053964143,0.06918892845458778,0.015181964359685413,0.08576417977067584,0.004484268783616801,0.005592047672873051,0.04655386270689489,0.0050014476304322385,0.015428087532274657,0.07168167846706745
machine-3-10,80,0.7301923446830919,0.9260133005700744,0.7268059566472141,0.9633755021807113,0.9481586802505446,0.4749833041183512,0.9490309741314567,0.9394211121115643,0.7405160386027703,0.06584425260530925,0.01401392341104152,0.08391636264088088,0.006562196051913944,0.006738309197204446,0.05457836466627552,0.002672810514470557,0.014260038822484293,0.06895997765383685
machine-3-11,5,0.27251113996117116,0.956423350178396,0.32500817596240134,0.9974811083123426,0.9407636738906084,0.3909021179733348,0.9830924126392806,0.9764058614454515,0.2525152957965444,0.059852198384942525,0.007597332856478312,0.07232242766341722,0.0,0.005749592684080171,0.0009934820661023378,0.0005815183847709598,0.005911512377593158,0.06990010779943094
machine-3-11,10,0.2844400941090731,0.9464319872174658,0.3754312936465029,0.9987405541561714,0.9721362229102163,0.3961387402733077,0.9888229534457427,0.9678270078106803,0.2682150282874632,0.029007468994885398,0.008314629880331048,0.05572580554950223,0.0014542827939285365,0.03227346908382226,0.0053644595343475855,0.006278462996454622,0.005481119890414621,0.039634972620641765
machine-3-11,15,0.25423674440801886,0.9395889242738027,0.3291250237952607,0.9993702770780857,0.9852941176470584,0.39832093133169544,0.9912539991442235,0.962893018281006,0.23136241813811376,0.03586616551563007,0.004584179658933537,0.0437087740313778,0.0012594458438286993,0.029411764705882373,0.004896598875070831,0.006012520345359478,0.004638953913991174,0.0355614694638405
machine-3-11,20,0.2648349078658979,0.947480969972107,0.33630975317193945,0.9987405541561714,0.9721362229102163,0.3961387402733077,0.988537219101802,0.9695447251486535,0.24491896683117453,0.031454970493123714,0.008149546608416325,0.05416378625248887,0.0014542827939285365,0.03227346908382226,0.0053644595343475855,0.0066252835708160715,0.006282601804865367,0.037052479398807334
machine-3-11,25,0.2687820668129545,0.9465335681572651,0.3414538107716861,0.9993702770780857,0.9868421052631575,0.3985870397108431,0.9915434792744818,0.9688978374136976,0.24569872997145048,0.052174260122851944,0.009649011409686551,0.06528684919264788,0.0012594458438286622,0.026315789473684167,0.0043643821167754305,0.005433560084842757,0.007867891478268227,0.05482384072148372
machine-3-11,30,0.25415016053680944,0.9420684609441674,0.32765370646874653,0.9993702770780857,0.9852941176470584,0.39832093133169544,0.9913001553312958,0.9659572813685477,0.23384674962548765,0.05302096631034388,0.010391132555359894,0.06794319572476694,0.0012594458438287086,0.02941176470588238,0.004896598875070833,0.005920207971214776,0.007707172803311691,0.05803210429014645
machine-3-11,35,0.2466648387221717,0.9411717387997707,0.32254819583666505,0.9993702770780857,0.9852941176470584,0.39832093133169544,0.9913001553312958,0.9650620649882127,0.22304258065283805,0.048428411187198525,0.01156906891561286,0.06416900102181791,0.0012594458438287086,0.02941176470588238,0.004896598875070833,0.005920207971214776,0.008609975504529266,0.05406660196575262
machine-3-11,40,0.24543798716541143,0.9463600783715564,0.3161783486193343,0.9987405541561714,0.9701754385964908,0.3957987168484056,0.9885833752888744,0.9685479829848636,0.21892521680168622,0.04299783227531664,0.01131791541573868,0.0531375611347842,0.0014542827939284992,0.034911839898477924,0.005824179503286692,0.006567132844739618,0.008467887845644041,0.047026741598435624
machine-3-11,45,0.24910418885412472,0.9463166893052113,0.313866534262495,0.9993702770780857,0.9868421052631575,0.3985870397108431,0.9915434792744818,0.9693874432932599,0.22376528431885495,0.04658400196892501,0.012079105891642825,0.05806830375732818,0.0012594458438287086,0.0263157894736842,0.004364382116775413,0.005433560084842813,0.008900785507933995,0.045504591561925566
machine-3-11,50,0.24505110968976426,0.945449151737105,0.30747065281418395,0.9993702770780857,0.9852941176470584,0.39832093133169544,0.991539733488164,0.9684034918292207,0.21395870117660265,0.03732131056322678,0.012113595404454948,0.05066664965203731,0.0012594458438287086,0.02941176470588238,0.004896598875070833,0.005441051657478388,0.008263566576395895,0.04041514993807742
machine-3-11,55,0.24610020386465659,0.9480742788905588,0.30405352163419386,0.9993702770780857,0.9852941176470584,0.39832093133169544,0.991539733488164,0.970041735369237,0.21594411713482714,0.03636461739007813,0.010679855392453376,0.05033434405173587,0.0012594458438287086,0.02941176470588238,0.004896598875070833,0.005441051657478388,0.00742588861496456,0.040364837017792726
machine-3-11,60,0.2487700606654355,0.9500281607893317,0.3057192783259448,0.9993702770780857,0.9852941176470584,0.39832093133169544,0.991539733488164,0.9709501875181352,0.21636537787369467,0.034716322578897146,0.007827241510378845,0.054857601613786826,0.0012594458438287086,0.02941176470588238,0.004896598875070833,0.005441051657478388,0.005688461646676376,0.04180275415597583
machine-3-11,65,0.25182570550003075,0.9485454868102556,0.31250259988200124,0.9993702770780857,0.9852941176470584,0.39832093133169544,0.991539733488164,0.9702543138000146,0.22223697482363353,0.034410763087661105,0.006845642280927124,0.05821051324416281,0.0012594458438287086,0.02941176470588238,0.004896598875070833,0.005441051657478388,0.004898296239193622,0.04639679712994496
machine-3-11,70,0.25452099706946046,0.9497049809407211,0.31460691382360617,0.9993702770780857,0.9852941176470584,0.39832093133169544,0.991539733488164,0.9708644701355706,0.22685737969605344,0.0336388073583543,0.007540484446688107,0.05879918843366227,0.0012594458438287086,0.02941176470588238,0.004896598875070833,0.005441051657478388,0.005092691745433365,0.03873062486270582
machine-3-11,75,0.2546348055812222,0.9483448511582176,0.3149023085505513,0.9987405541561714,0.9721362229102163,0.3961387402733077,0.9888229534457427,0.9696684177306995,0.22633126853489988,0.03593709166885758,0.007598499918765751,0.05133730024462152,0.0014542827939284992,0.03227346908382226,0.005364459534347594,0.006278462996454639,0.005464665077752762,0.045436535876679444
machine-3-11,80,0.25166397736887697,0.9476864808001386,0.318015900524233,0.9987405541561714,0.9721362229102163,0.3961387402733077,0.9888229534457427,0.9688745220250943,0.22005070888909714,0.03552182255655515,0.005695370530109908,0.06181345396629189,0.0014542827939284992,0.03227346908382226,0.005364459534347594,0.006278462996454639,0.003983774212784309,0.04344757953722676
machine-3-2,5,0.06568515158785868,0.5800680596875485,0.10797518755955007,0.9770180301301558,0.6637901048578818,0.3243723646587081,0.7441718277684857,0.5606353982690124,0.059923050156778825,0.004285371831166587,0.031595249099044855,0.007337519821130891,0.0031468618833282325,0.04839137503428287,0.024904562227977003,0.02723578660253637,0.030015036829346333,0.004231762272635511
machine-3-2,10,0.0583668144804767,0.5149638236714402,0.0941901221376373,0.9782078575751004,0.6556224116297057,0.3233301999117163,0.763658757656523,0.5040564056877388,0.05247694722119185,0.003038293094744652,0.02421866142443279,0.0024829741807979653,0.004919691803179167,0.04458204556317262,0.0141183141713483,0.02901349962517055,0.019167137111004852,0.002717040972746338
machine-3-2,15,0.058595478325067424,0.5082612814469254,0.09258296753310795,0.9792082011930694,0.7120570107858237,0.3357789175449256,0.773280652922613,0.4984973409154412,0.052221493800874624,0.002230310965224421,0.023800350993160947,0.0028171919396396436,0.004618270907854879,0.05356884943302665,0.03097200500336518,0.011113494551088003,0.023176595373231062,0.002224684129108596
machine-3-2,20,0.05655671753539933,0.48768899895854806,0.09042740579991565,0.9801159743937071,0.6915235592233668,0.34300208094032003,0.7734889443726648,0.4742926796813612,0.0502235605754322,0.00203043728853926,0.019545448238225446,0.0011218430903536646,0.0014850393686342194,0.054913974193171185,0.016126519089222136,0.011212998134500782,0.01860413402555501,0.00193416029035481
machine-3-2,25,0.056847558045983154,0.4888109951524678,0.09095213383989882,0.9817831196130109,0.7208979110512124,0.3510409164836075,0.7867483642194157,0.47579738157455465,0.05025124722770655,0.0027053040153498836,0.028523167145901043,0.0017731432399597999,0.0017489444045007039,0.05826203626038869,0.01671296961313312,0.027056853078944624,0.0296964666774212,0.0028967962468854505
machine-3-2,30,0.05676226477609578,0.48556667897031813,0.09135402477550308,0.9806911396024653,0.7112372459735217,0.34621241456195057,0.7781536265007825,0.4730533593352897,0.050108226497413075,0.003261889949598535,0.03547328419854155,0.0022053385712092768,0.001551957324398763,0.03423604462423255,0.009945352231648974,0.021199319170296736,0.034276411558714914,0.0032912715975540905
machine-3-2,35,0.056829289438229125,0.4896039069316936,0.0918611564460256,0.9804560315498579,0.7014840182648396,0.34351636695387,0.7729481631494117,0.47752007029599164,0.05044362218829515,0.0037615126600469766,0.03678133748199513,0.002731389605084259,0.003074693092795323,0.0571270714290091,0.012647168790737611,0.02046824344870875,0.03390146788176669,0.003414229688640307
machine-3-2,40,0.05621969304156797,0.4809355020498655,0.09152147972580622,0.9809159848944404,0.70593285674236,0.3431164532922544,0.7954328489134914,0.4731609167998483,0.04948371968385175,0.0027333513604275474,0.035233615878692226,0.0021691198706291675,0.0017508955510965546,0.03805456095340429,0.018823327667191865,0.02466130281025825,0.03561600139119831,0.0025870959108858253
machine-3-2,45,0.056121820525919776,0.47624277526459,0.0914347699097888,0.9792505257946921,0.7083333333333328,0.33786708469885546,0.7806892677864576,0.46923612073949345,0.04934769926364205,0.003169962587051698,0.039391840317359705,0.0019956064328737156,0.0009811353481043495,0.048112522432468774,0.019678401384438996,0.008212913466925327,0.03715999495360291,0.003028003392165348
machine-3-2,50,0.0556201824901387,0.47317615668131197,0.09154034124228755,0.9789962502835641,0.6785957422535915,0.3356937040276773,0.7817001212504715,0.4658365412834057,0.04910633645553818,0.004083017571257332,0.0477218108166877,0.0021936380205596234,0.0010323721436288245,0.06573093568129305,0.01940773016993577,0.008893337645262293,0.04503506991774183,0.0038555295460472303
machine-3-2,55,0.05566839797642857,0.4741579201944842,0.09124472114315815,0.978884747525951,0.6806506849315064,0.3378820087597195,0.7856913865235031,0.4685010833499329,0.049040683542259975,0.004345624528099322,0.04797526868960109,0.0018895561645909135,0.0011753145395080045,0.08327010695427176,0.021314184751353382,0.014599722941631366,0.04442195975146571,0.003931841685460878
machine-3-2,60,0.05579005503653313,0.4747229981596426,0.09119388428995123,0.9798904131278758,0.6965339233038343,0.34209985701430345,0.8027761353922382,0.4695387338540916,0.04903073447774875,0.003544516637928195,0.03935844225428607,0.0018536714428071517,0.00036566604083419925,0.06467429691790164,0.014493172484964935,0.026867354645711456,0.03779521158380728,0.0032178219667850804
machine-3-2,65,0.0554159797475374,0.47237980134360663,0.09131585397014336,0.9798910267584247,0.7007575757575752,0.3422105680514219,0.8059395822808506,0.46754331410594907,0.048748685575972873,0.003586999859860314,0.040994289432524644,0.0016864502393069767,0.0009668942538738169,0.0581904980899137,0.015972689880012284,0.03142294340891157,0.038315688899576476,0.0034223176839643633
machine-3-2,70,0.05571137981398595,0.47091977247361083,0.09091215186495727,0.9810120831438578,0.7071729828015197,0.34896828819446357,0.8288868554327539,0.4650348175920986,0.04868196626645535,0.003973813304713928,0.046932094836793024,0.0017113729428960326,0.001068531937775387,0.05221084061990734,0.015484028844364322,0.037903636198399614,0.042942890884611555,0.003759730002443365
machine-3-2,75,0.056074388346672124,0.4760345048552178,0.0911836237486458,0.9811495613045079,0.7156700890131426,0.35491795801123016,0.8149883547065557,0.4694930178458002,0.049082721979700476,0.0028999231654989184,0.038121026961516945,0.0010630803189893823,0.0019817284241572647,0.056306004917066735,0.023832099229038353,0.013016220974661147,0.03584627806132757,0.0028641604708631472
machine-3-2,80,0.05525468692711725,0.4676708149735105,0.09049437941316865,0.9803647149999674,0.6996678321678316,0.34326689969662344,0.8220838468929627,0.4626912716108758,0.04830943931661015,0.002362512850837193,0.036569151838755684,0.000796781779253545,0.001353330079875,0.04833327712393652,0.01913290716876464,0.035216292241078424,0.03569073079845605,0.0026424289205125313
machine-3-3,5,0.19775338996190495,0.7861287119943048,0.29435304967067555,0.9433733660734067,0.7264483873756347,0.4549188758495746,0.8880296056182915,0.7930613589408118,0.18460560420473449,0.009778784444037205,0.007897667564529134,0.010617116463160022,0.0003830957831769677,0.01920686720900169,0.005686354888614852,0.010147895595072353,0.008171161345378049,0.009382334888221166
machine-3-3,10,0.15583486507525787,0.7657087553748892,0.24395742675831483,0.949569502330438,0.7444421061468854,0.466689584905559,0.8898955272163795,0.7720262806107812,0.14300974997835614,0.012587742111841747,0.013280946657073548,0.013410240377003167,0.005201584248398975,0.02432809952133125,0.003470842962648292,0.007726298817158796,0.013304887278897002,0.012119767216906151
machine-3-3,15,0.13225084279618873,0.7299188469936297,0.20583633588668493,0.9542302805575686,0.7705101376935034,0.47284459597146217,0.8802873843013082,0.7366936619777339,0.11943379328118213,0.010284736659861198,0.019744475184470707,0.012817818627426201,0.004677657255132324,0.016412734097167994,0.006907845124710986,0.008237111793155297,0.01977161169253396,0.011174632730680749
machine-3-3,20,0.12433332599961552,0.7155767210211549,0.19362646740558637,0.9532085703756783,0.7733794301734128,0.47346620337770007,0.88708398106892,0.7225572317008266,0.11116882761586219,0.006296900421643665,0.011333086911542632,0.00635174765629078,0.005665367996359161,0.007926996090166739,0.002940347099264323,0.011078210538455018,0.011150482242180623,0.00617050780019283
machine-3-3,25,0.12470739768354036,0.7151942987477894,0.19296868867280798,0.9520862940351917,0.7745459157106525,0.4742719821485399,0.8880728120101146,0.7223729624334081,0.11143148915716987,0.005713527088228179,0.011571834855780117,0.007243908596312388,0.0034859180590188135,0.015622607991006674,0.005959834894566147,0.011561053535231833,0.011592377977601038,0.006000633817208361
machine-3-3,30,0.12211945946646408,0.7106964052735114,0.1916891561422272,0.9522655812206566,0.7754613806903202,0.47399023993846773,0.8816610689383044,0.7178291967336248,0.10909545685477551,0.00852229086583681,0.013298154574189137,0.009234053538360914,0.004421762909615591,0.013857487670781762,0.006556351131533239,0.0051705904422053636,0.013249463617112702,0.00816580961724209
machine-3-3,35,0.12480634826859538,0.7159768446147918,0.1936572524095105,0.95358543020368,0.7749688647849902,0.475878161638823,0.8877539459931799,0.7232371768038017,0.11230829970931772,0.00605212895108232,0.01283172356494423,0.0072912724113788465,0.006448106993802115,0.016818841979853297,0.007014831441880045,0.005811199815124471,0.012703691701305232,0.006580653701786136
machine-3-3,40,0.12354759164480104,0.7127963015767074,0.19253929900142802,0.9506057086622919,0.7753101828094344,0.4759881661620423,0.8801146058854352,0.7202105750024596,0.11134199661096267,0.0076779296078809825,0.015035642221982658,0.009412304786570794,0.0008580365147100062,0.01287332033095714,0.005782592981783607,0.0060476995712081295,0.015099303616697557,0.007448390884615635
machine-3-3,45,0.12597536106942137,0.7126942445460722,0.19343126835727936,0.9532088879877872,0.7775485127570991,0.47595765639701426,0.8821948272050708,0.720091727784631,0.11357886095852075,0.008713800181871303,0.015601600027143545,0.00994718500837698,0.005700538735928281,0.014265075981223833,0.005910665305858662,0.004781771541286739,0.015737695449054352,0.00848553944615606
machine-3-3,50,0.12608301130561447,0.7118736459862188,0.19535029002195164,0.951433947039062,0.7805892391613694,0.47637074558570897,0.8842908656795028,0.7193524984926686,0.11250648857034837,0.008394835354874296,0.015243596405072302,0.01229439490337408,0.000617437345015314,0.015504979399643013,0.006035737268344124,0.0038299328621233014,0.015269862055119092,0.008414079075078061
machine-3-3,55,0.1263021721427946,0.7134990714353932,0.194830833718152,0.9523538443454033,0.7792461688625132,0.47668483230894554,0.885160263961072,0.7209272478760951,0.11253975075901658,0.0065590710411149574,0.012600002432242935,0.011076779227392797,0.0027362805549257137,0.012142501962563234,0.004403577733252597,0.010541222452111955,0.012629974755194858,0.0066086264582288
machine-3-3,60,0.1252709818893688,0.7099328214312767,0.1932685916228019,0.9509565318170511,0.7767004999939557,0.47440332912716243,0.8787638026065282,0.7174247796039307,0.11164397089416983,0.008823342053258524,0.014856009340735157,0.011373848179920527,0.0026259933637591713,0.014287540897261525,0.0068298718453849916,0.004454215343567234,0.01495113753106888,0.008632326392340007
machine-3-3,65,0.12526387334281044,0.710342713340703,0.19297444517820014,0.953597327597128,0.7802435487600633,0.47710297562858256,0.8827282396125937,0.7176872876401164,0.11111112556682252,0.007693740687110602,0.013822925519492919,0.007665465395039006,0.005394327862013705,0.005403244971900794,0.0015898962885114573,0.006851352162419849,0.013779040542129584,0.007671235800268877
machine-3-3,70,0.12783535282298925,0.7140307113790124,0.19408577895494436,0.9518091452894614,0.7802435487600633,0.4763450906143074,0.8809512917605672,0.7214768868451403,0.11326510857666555,0.008673694185664603,0.01627570815925967,0.010958775275793258,0.001049920241411035,0.005403244971900794,0.0015203910073723654,0.0031164711011845096,0.01628776616341054,0.008822605901242156
machine-3-3,75,0.1269341960242648,0.7107606068643799,0.1956455906546597,0.9508067958930921,0.7790085591260492,0.4748164183158571,0.8829264671058439,0.7183178858850089,0.1126867537470392,0.00869307201009909,0.013377925512637629,0.008323886591610399,0.00027769559896537275,0.015659562720718844,0.007060701916096137,0.008718722521590967,0.01358303410791564,0.008862635631051434
machine-3-3,80,0.12708148504288508,0.7133984552098965,0.19554303337626683,0.9526533863836049,0.7783499650354937,0.47553866657128646,0.8828804594581203,0.7211578412639171,0.11295516135427633,0.00661875955426662,0.012427392936270208,0.010763402909290854,0.004041442979050575,0.005791914180681157,0.00296632119025276,0.0020160598871020257,0.012482591245415215,0.0055319575667973145
machine-3-4,5,0.7753166481976098,0.9340803921226489,0.7560340954121068,0.9484021997627337,0.76860495401919,0.25313652669504677,0.7722120342752535,0.942446919015502,0.6697246247596647,0.05450007348146088,0.022245624388344494,0.02546421933662774,0.030101233949135373,0.07451972336047465,0.06426453047393302,0.02995349409210816,0.02483555185039349,0.09100989661721594
machine-3-4,10,0.8071852157661747,0.9452145728568675,0.7789660454988927,0.9648278050639011,0.8455033143417261,0.3039968672219517,0.8383737400719177,0.9543775955502065,0.7248022951493238,0.04560234367001045,0.018327640157480462,0.028965653646748635,0.02939564383822325,0.07146660337628327,0.06462482003340306,0.05632943143832569,0.022297575925660614,0.08385265197034115
machine-3-4,15,0.7807983149202572,0.9383365420169831,0.7494031192922033,0.9598870162963573,0.8403833720718175,0.31614248698957687,0.7974372445921645,0.9505535882089838,0.7149202871331765,0.022694660659624975,0.017603286421118733,0.017924276334427416,0.021165578716358446,0.034874176477337614,0.025310293679426752,0.0567578931187208,0.018016847784545837,0.04652392253040614
machine-3-4,20,0.7837347361239636,0.9398556169007114,0.7538753919436512,0.9601091701639464,0.8854538978365816,0.34845851388461835,0.8401238152338616,0.9541825001269164,0.7417941124699016,0.02687101948514566,0.01460350269347532,0.01773274031627031,0.020049573093564043,0.0416338848585316,0.05293922140660925,0.031227239729389584,0.013478693353349717,0.035410456553225576
machine-3-4,25,0.7861044733006146,0.9402273670123152,0.7575401174845303,0.9586179716373281,0.891360459298479,0.35990164298953264,0.8386109444340889,0.9545723512158514,0.7480364517561011,0.028975662825137586,0.015220251448527428,0.016555806998239005,0.018499018521207115,0.05340778927817096,0.0436366377293933,0.04580599776499808,0.013911361720612957,0.040179412684817055
machine-3-4,30,0.7744170353062462,0.9380906774495391,0.7460603999720202,0.9536234147115625,0.8825488748112355,0.3525990360269137,0.8361028553549332,0.9529496846400987,0.734179981225804,0.014046874486998552,0.010177482666073254,0.01060883570554707,0.015243641502208239,0.030309080309192396,0.01975155996687595,0.050717450019649585,0.009334913341679246,0.024133075535270925
machine-3-4,35,0.7748187532702036,0.935845066682141,0.7443744891345685,0.9553451942387639,0.8781171746673703,0.3502560186204846,0.8417395244219323,0.9509023680643042,0.7322183366165842,0.022659723841468436,0.010318985528095716,0.014677396067335913,0.018010458245756412,0.026017754131027575,0.019490288108334544,0.06500888864405543,0.010258557261061204,0.03401849616390491
machine-3-4,40,0.7675126042970976,0.9347716748688404,0.7372167251031112,0.956032756629137,0.8778466539778896,0.3824909359512526,0.8473050906260918,0.9494678363333546,0.7263638352475579,0.012820204388203513,0.007914520824846309,0.0113133925320296,0.016988451341153808,0.04861946527767833,0.02191297957550325,0.07448095922797933,0.00780149925020418,0.029089970223158016
machine-3-4,45,0.7683823022339711,0.9347923476919053,0.7356245322784452,0.9538981914199238,0.8586423410886488,0.34675102404251,0.8166453685667086,0.9497135661564748,0.721936620730073,0.017989204306862308,0.008807157030620828,0.02404260374624158,0.016463069586897625,0.055936382506393136,0.033357367191340574,0.037031257581846895,0.008369404229078335,0.016757525351248918
machine-3-4,50,0.7693271517546127,0.9348324252395647,0.7385767695721109,0.9543734828134935,0.8584293717526494,0.3591101772836021,0.8310848008936391,0.9477217367751083,0.7095178051453038,0.016376441162131807,0.007829531336403392,0.029722115870866143,0.015393948211854653,0.04386068767726621,0.03712510943688308,0.0427042493711737,0.008259432970602257,0.023085088327464438
machine-3-4,55,0.7608283987969235,0.9312870811718736,0.7366322938521147,0.9469614726172362,0.8499052335869018,0.35026440375832624,0.8350090676860601,0.9444576982353178,0.7015701236914844,0.011846349457449123,0.003303328744072742,0.018621188954154686,0.015849126404885602,0.038663128871382006,0.037979918958593754,0.01685177469310755,0.005505569403824458,0.029785574096108033
machine-3-4,60,0.7587087814679463,0.9303543806568746,0.7323528061005837,0.9367148582821311,0.8406314295178778,0.3315723296016721,0.8060304305868324,0.942464681443009,0.6921357353304275,0.017813548779962055,0.005419816991556424,0.01916868922370598,0.010554251242848223,0.02740002692803923,0.03557013303068433,0.037496231671740335,0.009062065600570957,0.03866323804788408
machine-3-4,65,0.7512512327337091,0.9298302671050478,0.7224984612013463,0.9361337493663818,0.8395671395665187,0.3320218131093394,0.7947769015063741,0.9409613982493511,0.6787699286448813,0.012845603672311388,0.0031590071546628673,0.01639420586338948,0.02020362485780074,0.03198446735542496,0.03764690842115627,0.039549042675620406,0.0060720578462610305,0.039436324560890516
machine-3-4,70,0.7545034164234241,0.9304652011912055,0.727113148695246,0.9409826602186285,0.8587636476139283,0.3418667472673578,0.8054416224477838,0.9417600231149545,0.6867070352506024,0.011032648066807834,0.0032713184848025987,0.019248493305224497,0.024823815239917467,0.037338801926626856,0.03637322894658254,0.013838168095829873,0.00625760217296284,0.03542569445035426
machine-3-4,75,0.7549515960898883,0.930226578875026,0.7279340055613377,0.9362641417989032,0.8340350970744008,0.3336033261578449,0.7954759892843557,0.9413668031824551,0.6831198255419678,0.01634999877292881,0.005542669864687103,0.012777345060756569,0.021752449524926946,0.03394474689145544,0.03960787247459623,0.043741186911973186,0.008294377529369226,0.04332831410886503
machine-3-4,80,0.7525996101241039,0.9307849254495617,0.7255215821154978,0.9313287664887218,0.8394970729895529,0.32430262339822935,0.8070034087068648,0.9429091536802776,0.6860735841627137,0.021296420728931724,0.003446393803025928,0.019249009036284223,0.020588990833889827,0.05005277944577511,0.05219965346773241,0.0492516745098879,0.005642975330015997,0.04881277197995136
machine-3-5,5,0.2461235285166206,0.7460392118506245,0.3297925935906305,0.7592616100708769,0.6719483415734782,0.3328031298099856,0.7603179589175731,0.6091554281355434,0.12808032183627432,0.009626108421505925,0.005763141365781805,0.007155458212498847,0.0035301857144991386,0.03341364670296365,0.008339743718297158,0.004970259401404092,0.012135907750321206,0.004274977757954176
machine-3-5,10,0.2611035015999937,0.7597248239032868,0.3339511045230029,0.7592644496881946,0.6848392797517728,0.3299336022988809,0.7643311320106018,0.6373647668920482,0.1380849375477689,0.00633038498415897,0.005643376036457636,0.009747314705688024,0.004887821643338988,0.02474502150241906,0.007879945601649908,0.009652652891794783,0.0065202977576958475,0.0035858529387071533
machine-3-5,15,0.25982034911715224,0.7601667564006906,0.3385204318247833,0.7623188405797101,0.6987802333606171,0.3272931191572164,0.7617172994674939,0.6387905868868357,0.13634958689438723,0.010500610469983884,0.007288731721034837,0.013316510082271247,0.0,0.0012756496974283913,0.003551420191174997,0.008034221055116808,0.011587728990196442,0.006471009970942278
machine-3-5,20,0.2579956029973663,0.7620895904898488,0.33481233953714956,0.7614938201894723,0.6947557106305139,0.32500503822293986,0.7585385700565058,0.6406735537974861,0.13578195151353234,0.012983384614163113,0.013265146175435843,0.011004941581767734,0.001650040780475549,0.007236980901401039,0.0022882558296253657,0.010610494775213211,0.014378911789814002,0.008547923662202897
machine-3-5,25,0.2561657488367879,0.7619049115095341,0.33480487097793665,0.7612180174251526,0.6930394049373692,0.32504432127213545,0.7575874142130838,0.6405930903871507,0.133742083019657,0.008847260408539927,0.012537575233676988,0.008840286711344776,0.0015556741813323445,0.0077379094286310224,0.0025003503290042285,0.015051083244616278,0.018693587688053077,0.005094510015679459
machine-3-5,30,0.25303502905404834,0.7608312070710007,0.3347429863926549,0.761492229404567,0.6932091807253234,0.3249976118862854,0.7527469335927977,0.6401738103263649,0.13274431886483729,0.006798109200966388,0.009802093203195483,0.008359998069129009,0.0010548568598563505,0.006239678420813359,0.001496948456208679,0.012610013469643468,0.018326732598925748,0.003415967315169863
machine-3-5,35,0.24973313203426525,0.7569419209904537,0.334699658212089,0.7617680321688867,0.6923999670010272,0.3248225903317343,0.7501078639748081,0.6336730590009227,0.1294745717021221,0.00645912954882782,0.009210666860229666,0.003925678037695833,0.0011016168216469416,0.00985449452252053,0.002699843031591264,0.01479228665270159,0.018587847385392996,0.004973490459807064
machine-3-5,40,0.2488109868898721,0.7562209575680202,0.331564766585376,0.7623196411682858,0.6977503649249064,0.3257309160774573,0.7506444531358104,0.6338528836092034,0.12894913019181198,0.0049085840867491275,0.010626023794522188,0.004583036068769764,0.0009020758856588598,0.007114983874399613,0.0011409342224358793,0.016248853198509366,0.02110479186447185,0.0038981373126658215
machine-3-5,45,0.24738739790674208,0.7568216784077935,0.3338432238958612,0.7617688327574623,0.6937616815488366,0.3250790814980169,0.7510477030404737,0.6338598106966393,0.1285790677751879,0.002702213123225851,0.010243168796071636,0.00431955702379535,0.0014242459224723004,0.012179975422159452,0.0025183132739769504,0.015907820331034855,0.021274645309218108,0.00261067976675822
machine-3-5,50,0.24380730835330802,0.7565140441317785,0.3309025183710491,0.7623196411682858,0.6967767586577109,0.32569979144551175,0.752671998905573,0.6325815816924045,0.12668892509369645,0.0022793249013940858,0.010004358109776684,0.004764329698755583,0.0009020758856588598,0.007389476826774361,0.0012762151570603363,0.015318155497406625,0.02308984562149005,0.0028628706698723807
machine-3-5,55,0.2432245444657395,0.7563764401856616,0.3351891834573726,0.7620438384039661,0.6962241133986549,0.3258224738850213,0.7489907519238372,0.6332578862295904,0.12477239044928967,0.0030448852990819656,0.008211143434707946,0.005194282996076893,0.0010576381114660474,0.007566047212877746,0.0011742354584497144,0.010439048428102105,0.018181314005538962,0.0019460998693178945
machine-3-5,60,0.24515036276945937,0.7577471803934488,0.33585759027395895,0.7620430378153904,0.6962238420757894,0.3251714341935598,0.7518041638376112,0.632529674932066,0.1263801024519404,0.005459923705019138,0.007323420554935091,0.007016417303760995,0.0005516055286394298,0.0028915124760083484,0.00044014258672977715,0.011082511977560779,0.01720772839930081,0.003730992696783952
machine-3-5,65,0.2461929385013037,0.7565072560405433,0.3357159672068848,0.7623196411682858,0.698690972936218,0.3258716882300652,0.7527536835385717,0.632954564534712,0.1254915417593506,0.0069541227625886486,0.007586747999173928,0.009029928761536873,0.0009020758856588711,0.005327249118981702,0.0012289141765388846,0.013434665323416415,0.0163741415465546,0.004209952168524038
machine-3-5,70,0.24597302820929345,0.7564672719120594,0.3362470265138878,0.762044635521782,0.697418342415583,0.3253859184550598,0.7495557775359166,0.6334696520149096,0.12595451568747856,0.006172502253250204,0.007794489553349594,0.00917470191108115,0.0013877602421523345,0.007687372169762149,0.001802988476368387,0.008991449457947772,0.012628164577127227,0.003995546676720173
machine-3-5,75,0.24614928112631956,0.7572654151748006,0.3361162503346687,0.7623196411682858,0.6984391713035046,0.3258944706252494,0.7483811210657925,0.6332728865554677,0.12577376083935782,0.006552472172515849,0.007002872536051876,0.009405358407167256,0.0009020758856588711,0.005872379675866278,0.0012093321449575796,0.009963771329345046,0.013148043213269815,0.005514414981280632
machine-3-5,80,0.24540964727553546,0.7548696605732318,0.3363953422114515,0.762044635521782,0.6974253847848038,0.3251903834295815,0.7497020875841373,0.6304313628973147,0.12510410015077433,0.007019757459197811,0.008213397839020965,0.008158552305989213,0.0013877602421523345,0.0076837898698371545,0.0018072236968924749,0.0128803067893107,0.008917139212944458,0.00599166189026374
machine-3-6,5,0.4589978590225523,0.8652794105931564,0.45036412102008944,0.9952045902853655,0.9521897597511789,0.5114472835713967,0.9854488566405102,0.9233944772035889,0.5263141801821403,0.011612859001021755,0.01448966086167119,0.00809396713949435,0.0004127028845170384,0.0019381418495812994,0.005964405754413275,0.0033842768136638037,0.009021518385858043,0.01245962781400657
machine-3-6,10,0.4805171026348488,0.8710778425548275,0.47891734726599106,0.9956195196092443,0.9619589210116362,0.5194947852596722,0.9897050419615425,0.929480281342428,0.5482343660183217,0.011864522890729607,0.006876714401911377,0.01002591548068314,0.0004172265496233329,0.004205556112279276,0.004183708396415637,0.004111419143909425,0.0050190738645915665,0.01202163903634535
machine-3-6,15,0.4960332452020516,0.8846201708806845,0.48697214372783487,0.9956196083804694,0.9615470473674228,0.5162857227502007,0.9889997671543995,0.9380257567001986,0.5653543923706417,0.017657301506749344,0.016941993449721048,0.010587562603918204,0.0009929001791303123,0.008238958577228575,0.005014591934779046,0.0032173783330800296,0.009734896013005777,0.017548691242442724
machine-3-6,20,0.4992016899172207,0.890905994048772,0.4876386953534027,0.9952041611610121,0.9604267976715601,0.515664715420443,0.9862878025808751,0.9408160144133205,0.5674660411617944,0.012014316053944943,0.011102727317292383,0.008941263164884172,0.0008002858307735016,0.005582010715951118,0.004908983719162504,0.0061863813698498585,0.006967569431520932,0.012891529755760132
machine-3-6,25,0.4939075993701023,0.8922768819025185,0.47923417331977775,0.9955157462759413,0.9624729510836759,0.5242803439334658,0.9875496207600577,0.940376991579904,0.5607594953373367,0.008376962630146348,0.005857502871576042,0.010884514137588609,0.0009250422764274168,0.00627543947024384,0.018600236113381442,0.004318732587998317,0.003967315980953251,0.009894014390445127
machine-3-6,30,0.48478411911932917,0.8869486254559991,0.46985493537629125,0.9953081938262427,0.9598424742108594,0.5205129467022926,0.9858092969245119,0.9363865733712804,0.5498721140312366,0.0071984501846824285,0.0052962006477886205,0.009539339085283757,0.0006247697994656434,0.005775897356296153,0.005515051084594482,0.006023550916946251,0.004058941284299311,0.008851693897736481
machine-3-6,35,0.48803056244979676,0.8907621178839249,0.46803525368897575,0.99499661012762,0.9597531487516133,0.5206213742367697,0.9872802719731775,0.9383114975066411,0.553467978226591,0.010849815658185078,0.007360194530423691,0.011879585651415649,0.0005929500814281142,0.0033071134673527307,0.00846711190753238,0.0029242767289510427,0.004993940845229066,0.010726035076821502
machine-3-6,40,0.4946549328064392,0.8948552340661511,0.47441049907304833,0.9951037754086416,0.9612776370529302,0.5196800146442542,0.9879392561289098,0.9406947593626612,0.5609508348289571,0.013969436809371223,0.008812325760357698,0.014231350559695603,0.00039694843513708825,0.0025571455731653193,0.007650088659221259,0.0029474332447078535,0.005499752851854032,0.015138687391395256
machine-3-6,45,0.49486199184391627,0.8976242482988646,0.47245864537148696,0.9949968671679198,0.9612629131814451,0.5203334980391087,0.9883346419533682,0.9420170000834971,0.5614636542164197,0.014449207242381941,0.008646461739836695,0.012329966520948274,6.265664160389391e-06,0.0023739182232658225,0.00759754806039554,0.001580733244543867,0.005645067444323074,0.016688712418942948
machine-3-6,50,0.49798075936682784,0.8969743084069599,0.4779113948931637,0.9950004318578938,0.9615342916378606,0.5194026112077752,0.9886923985083277,0.9420259755373167,0.565109431084023,0.019419344414407926,0.01347692167695869,0.017707658320589775,0.0007569226513703922,0.005731282791245055,0.006486086435974567,0.001339266285927045,0.008410670364514221,0.022899985057667695
machine-3-6,55,0.49620670429925473,0.8951914041011291,0.4800373236262645,0.9952077237764776,0.9634864170307602,0.5195567977289085,0.9888924764112229,0.9405560119141645,0.5628245898759967,0.01969588362670284,0.014581449712918776,0.01628200490732905,0.0007183789713130421,0.005730813294989505,0.010470137548922693,0.0017454395788826643,0.009110394525706703,0.023005417417467693
machine-3-6,60,0.501856308048439,0.9006457504614231,0.48252642391367917,0.9954148426279924,0.9653852873812635,0.5177160119341949,0.9888372238820088,0.9438566671599654,0.5692220565550348,0.016539495852421236,0.010635698703991434,0.015007581147252388,0.0003387882123909434,0.0030850093195156137,0.009685189574789681,0.0014208853062895905,0.006847728309423081,0.02010669002160286
machine-3-6,65,0.5031455242860399,0.9009518748169264,0.4820102641309284,0.9955158316641171,0.9649935461035216,0.5194891551674445,0.9879425628283521,0.9442561722946967,0.5706329434834085,0.012760884293570087,0.008648489030788692,0.014584055892842122,0.0007889042579995042,0.0053349883990558246,0.008536686936660248,0.002732485274328451,0.00538138711865635,0.01572156149937647
machine-3-6,70,0.5078995305944469,0.9045750475116563,0.4854707654468641,0.9954122275725253,0.96343633972145,0.518184536693713,0.9880768814047477,0.9464114565958555,0.576402169222501,0.015407587581074769,0.009888673098932712,0.017035325213217604,0.00033453057184894237,0.003263125051354181,0.008943443740526589,0.0016151934007258564,0.005713188873416129,0.017821819963404557
machine-3-6,75,0.5057082040513412,0.9016883952577868,0.4856757142204689,0.995827243926716,0.9667242356479469,0.5198915028982569,0.9888439242709129,0.9447322996617911,0.5744861783335045,0.019637210658662946,0.013346339088633866,0.018282784313442102,0.0005902640097311044,0.003378597817977421,0.0070662422692951265,0.0021023703650862916,0.007535889068171065,0.02238562384818281
machine-3-6,80,0.5099809290441436,0.9039558760083161,0.48790012191156074,0.9959338936037869,0.9670786230823455,0.5237250884167858,0.9903091823848764,0.9465846418443441,0.580304459767109,0.014251201924391377,0.007674357909452466,0.016293848967908985,0.0005228072415105311,0.0031492229159855935,0.005093559276234115,0.0032484652312250875,0.004335475011896558,0.016879492858879047
machine-3-7,5,0.22436800310283392,0.7154265880942217,0.30507779334448637,0.9257425742574258,0.5714285714285711,0.18356853134119364,0.6670885627536152,0.7422593066423061,0.12515496758871142,0.013338643812682226,0.006402435770292316,0.013566386465356168,0.0,0.0,0.001549554644090874,7.210166029957119e-06,0.005800569736653089,0.01167872652351279
machine-3-7,10,0.2217451701942845,0.7173472782818571,0.29112925245463644,0.9257425742574258,0.5714285714285711,0.18378081185886985,0.6670889971362914,0.7457612955293247,0.13274595762147534,0.01318915821844846,0.004102203712286243,0.011507304424203701,0.0,0.0,0.0014495725907509888,4.950830105348419e-06,0.007491922676646779,0.019822872213534917
machine-3-7,15,0.22188720157074193,0.7239655162995892,0.29107336323481153,0.9257425742574258,0.5714285714285711,0.1850479663144097,0.6670777700492451,0.7524309760686709,0.13007628670449484,0.009399614087586933,0.003621519243197947,0.007118331746109894,0.0,0.0,0.003685198082364405,1.606491753126473e-05,0.004292524120140379,0.007543186243805278
machine-3-7,20,0.21993166418895507,0.7214329474499148,0.28959804541966216,0.9257425742574258,0.5714285714285711,0.18589748550766094,0.6670773364470302,0.7507175029901013,0.12542988405974506,0.01018748738753198,0.005978353947950325,0.008625239869604373,0.0,0.0,0.002710112603905396,4.3259491729905165e-06,0.0056059563336324164,0.004836374221697557
machine-3-7,25,0.2165246651612723,0.7222281828329845,0.289764109022514,0.9257425742574258,0.5714285714285711,0.1854727259110353,0.667096454584969,0.7518296208796023,0.1227184429540869,0.009629416508838775,0.005215367806763294,0.0072184720221679126,0.0,0.0,0.003271583495692669,1.4440142228111749e-05,0.004987115448240781,0.004594549087403265
machine-3-7,30,0.2149233079031861,0.7222956065805578,0.2835653959457127,0.9257425742574258,0.5714285714285711,0.1846263742574204,0.6670902720297038,0.7521709605361095,0.12212929867784009,0.010558324215378443,0.003645573612387087,0.00981175771779876,0.0,0.0,0.0028824705589593287,1.063111393045929e-05,0.007294872549561792,0.0072860698374026525
machine-3-7,35,0.2148129076245709,0.7199678669180776,0.28519528271969724,0.9257425742574258,0.5714285714285711,0.1854727259110353,0.66708567950891,0.7496519681080637,0.12201942848163892,0.012049931734642801,0.0023978930636287693,0.012945747247092094,0.0,0.0,0.003271583495692669,1.1138215386236931e-05,0.005101704598918481,0.009088751499139314
machine-3-7,40,0.2159476834044177,0.7185348778888263,0.28722093695659867,0.9257425742574258,0.5714285714285711,0.1854727259110353,0.6670922789188157,0.7485445075739641,0.12385712378937075,0.014302500979891483,0.003468347520483068,0.01452614369543347,0.0,0.0,0.003271583495692669,1.5028042624784872e-05,0.004758979326212186,0.011685657961314634
machine-3-7,45,0.21735348337178167,0.7175379725328535,0.2900361427004728,0.9257425742574258,0.5714285714285711,0.1854727259110353,0.6670857694922705,0.747971500209528,0.12429960515872687,0.018129763488031077,0.0033197749218535516,0.018229359308885907,0.0,0.0,0.003271583495692669,7.959593987718958e-06,0.003973091677467644,0.015673147216799067
machine-3-7,50,0.2183363071394933,0.7173447611014383,0.2923012321144447,0.9257425742574258,0.5714285714285711,0.1854727259110353,0.6670893403942442,0.7491024540997935,0.1273020414249233,0.017539219016919447,0.0027539375184046453,0.017231044858140615,0.0,0.0,0.003271583495692669,1.7499123182904926e-05,0.003973821720278322,0.016297688237569097
machine-3-7,55,0.21960715274486572,0.7189164905931236,0.29278166691415175,0.9257425742574258,0.5714285714285711,0.18525906128856368,0.6670847153077668,0.7503357043138601,0.12951417050509867,0.01974014079595476,0.004394017138601529,0.02198587547125024,0.0,0.0,0.003912791591554676,2.387329510807444e-07,0.005027089372693224,0.018138972760910258
machine-3-7,60,0.21818616522450113,0.7160522144339324,0.29259656680729584,0.9257425742574258,0.5714285714285711,0.18674225477340994,0.6670855793677456,0.7487646140240038,0.1294114239704835,0.0161358239422638,0.002383621364277014,0.01877851493384179,0.0,0.0,0.0032721474812563915,8.746850882238866e-06,0.004598220320248125,0.0161145877487741
machine-3-7,65,0.22003341586001773,0.7165390493561399,0.29282811855701724,0.9257425742574258,0.5714285714285711,0.18483667444043064,0.6670790220501994,0.749580770472151,0.13551895388944074,0.018222613850740945,0.002243049194177776,0.021492559762921245,0.0,0.0,0.0034938240424176713,4.7623963812233455e-06,0.003108112048809154,0.0168988653571876
machine-3-7,70,0.21975752399088136,0.7148924974408326,0.2917643549770742,0.9257425742574258,0.5714285714285711,0.1829316895099623,0.6670842504250073,0.7488069082229026,0.13513648360590297,0.01775175519479643,0.002991665359642081,0.021303545550316175,0.0,0.0,0.0016065602139658708,7.415991660022688e-06,0.002642215045399814,0.017917648158964242
machine-3-7,75,0.21901126452999375,0.7145111089388398,0.2905289868908176,0.9257425742574258,0.5714285714285711,0.18631947385000938,0.6670834652758085,0.7476854729435946,0.1336609596931856,0.01857123721304176,0.0030686352581980173,0.021615797313083406,0.0,0.0,0.0031977698212089134,6.1362785975603515e-06,0.0031047588161739292,0.018651088443880186
machine-3-7,80,0.21852059534834017,0.714438905605775,0.28798222089707765,0.9257425742574258,0.5714285714285711,0.18462597796896257,0.6670875904964308,0.7493494317107614,0.13556603784880933,0.01675258205749082,0.002965106556085225,0.01842228407611446,0.0,0.0,0.003044479527953614,8.47453008295491e-06,0.0031546535466855526,0.01874304930150425
machine-3-8,5,0.34394157243743334,0.8666054486663056,0.34555184330448174,0.9942908085429634,0.9571900961835187,0.37072587766097426,0.9318194237334387,0.8998097528458325,0.36521334344664713,0.009506333136294912,0.006395928270651187,0.01009234916031883,0.0016228932349703097,0.012174760675310467,0.01236931529365915,0.004826943348247307,0.004434541400979471,0.010231868358401732
machine-3-8,10,0.344336081024261,0.8643239650012318,0.34597296437080405,0.9817322165192028,0.9390387573202222,0.38204415167283096,0.9267583777794544,0.8981824590348375,0.36291835989754817,0.017895089529093057,0.004551396031134471,0.009538359890190739,0.023533117478150532,0.049067517303036844,0.03358995307189679,0.03113496021569245,0.002720529384355219,0.02017466004451718
machine-3-8,15,0.3405455103531859,0.8643310056185061,0.3434473516534164,0.9829287001597169,0.9371648956742444,0.37626012311921864,0.9234071020142056,0.897395588202077,0.3571668817246234,0.01937644880627407,0.008797532832217578,0.01191201117084743,0.016993471346530283,0.04765800151491222,0.039806654660604075,0.026922683106732445,0.005984972212252814,0.02128884862410933
machine-3-8,20,0.33897644017636946,0.8613975741409698,0.3403162581751897,0.9929692034525008,0.9495129668981666,0.3834451088933364,0.9283259634464185,0.8947754320984657,0.35691158012032487,0.01767441771615971,0.009395130348249932,0.01296820710509181,0.0063581925617740755,0.043883323881644135,0.03813351160542882,0.03242739566117787,0.006241600425352024,0.0195189381884667
machine-3-8,25,0.3308280041975633,0.8570987434093149,0.33356461009676047,0.9839415299712553,0.9360087533091814,0.3770425186777379,0.9194724475271859,0.891186385220641,0.3477790753149551,0.016017876755032433,0.007577183483092245,0.010874529418648906,0.018489455094166257,0.04464460372509191,0.02739294133666223,0.02974631769957767,0.005571998824577941,0.019592359163504196
machine-3-8,30,0.32794300720402675,0.8562367950053074,0.32603488525058816,0.9837660019435803,0.941933433646212,0.3766914734586414,0.9259992524066019,0.8904213754749993,0.3450261613362291,0.011120493443165493,0.004416981200255376,0.0019127260632769102,0.021335953704731445,0.04712597501728091,0.03573143985775417,0.02922769606383804,0.0030748817323254197,0.013615721177204705
machine-3-8,35,0.3224115919009283,0.8553170935189377,0.3252776493557296,0.9832143477142478,0.9304208961967922,0.3632272116755348,0.915522868614144,0.8894094030339244,0.339782771262246,0.015069411214913401,0.007759488062496035,0.014434936158243924,0.01769389103746608,0.035677801556801496,0.0173119781094479,0.016686587436918483,0.007072967667743502,0.018163800902687533
machine-3-8,40,0.328009584247772,0.8587353999620513,0.33051483868249243,0.9937503457186934,0.9531681379342021,0.3627081287675598,0.9196706766808664,0.8925883271288414,0.34816695407078724,0.011821177495546984,0.0030619744760309116,0.01436778519649417,0.0016446797099308873,0.01181422713926828,0.006365690750548487,0.007853744542417117,0.002876955693348057,0.012336709390646357
machine-3-8,45,0.3306189791157397,0.8587954220585114,0.33632461751762777,0.9933022547532901,0.9500673119490616,0.36413993512933973,0.912674856383244,0.8930062940089664,0.35034635637529743,0.01378150406061582,0.006077233185091448,0.013693545643481266,0.002283002797532229,0.015422720068868833,0.008595965821125356,0.009933567156853864,0.004069773008590392,0.012764440222687174
machine-3-8,50,0.32969011406876253,0.8590913382015164,0.33635763886285536,0.9825982458424039,0.9282857175966365,0.35765267351430574,0.9167250676248331,0.8930689665202347,0.3489580672466883,0.015399395845985885,0.006489327829321976,0.015937308546835505,0.014228154477105931,0.03867833385264812,0.016298397282646548,0.02053701616169426,0.0043699309169362216,0.015342616508034115
machine-3-8,55,0.3312918384474459,0.8600741483108765,0.3372550145040086,0.9894727123265479,0.9325971511697302,0.35423636725284663,0.9062394219927904,0.8940550330171901,0.3508093195323808,0.015383121165054749,0.005677403901296798,0.01604033751397563,0.0060093860670686955,0.02442295718344481,0.007735911276245983,0.00813338702104837,0.004073585068014959,0.014646573307950172
machine-3-8,60,0.32843216258100044,0.8588974676307788,0.3360283126017421,0.98269603023117,0.9155967595734535,0.34857111067668567,0.9027129150360372,0.8929903605178715,0.3475143865235553,0.014850605183931474,0.003383181684684962,0.016547533187031917,0.00999778640996173,0.021545853213863857,0.009883034626385581,0.002514772847015469,0.0026045900038077258,0.01384739079500142
machine-3-8,65,0.3289156812333651,0.8605668213440231,0.3370445181145025,0.9764681066012606,0.9126416117112428,0.3607896271565408,0.9071065960527558,0.8939261750336754,0.346875467376918,0.01336390631042371,0.005094154989900701,0.016847176985982374,0.01382473442148719,0.03199817395485206,0.008264772891537132,0.012910178684652142,0.003457606293782918,0.013351210851282953
machine-3-8,70,0.3273011516853933,0.8582830953591347,0.3354559588367519,0.9754396895805981,0.9072880366516023,0.34818682544549245,0.90244202552485,0.8928270917090029,0.3439165601119474,0.013119252009233315,0.004924283269608835,0.015506576808762626,0.014385559813921152,0.021902402375227812,0.006859177233957288,0.004210939301461242,0.0036248265519361633,0.01348941836511756
machine-3-8,75,0.3270914853710372,0.8578499939564143,0.3361492029026338,0.9810805161033203,0.9162367023155096,0.3527993954839884,0.9028035002665173,0.8922156770323981,0.3457380230557531,0.015906171957258085,0.006965915558209413,0.017578333089572462,0.013035744918625783,0.022577160946873825,0.018510352896415585,0.0021601805365584854,0.004663332380234923,0.014173473434059726
machine-3-8,80,0.32512092503497525,0.8563499287155854,0.33484623959373705,0.975819374455417,0.9126315126308767,0.35837152711785775,0.9080102735391946,0.8913658900646577,0.34258516336600275,0.01725396896826703,0.007872181205355521,0.016455435683818128,0.015802608318117615,0.03190810900671485,0.01643624109892947,0.013936591586090012,0.005360365126073517,0.016013345895251413
machine-3-9,5,0.45388991763702125,0.8566886502741327,0.5021872104117704,0.7206272691216402,0.7078212290502788,0.30477776224397396,0.6954526440470816,0.9161767453949747,0.3759759328363178,0.06014546804203843,0.016042620147513176,0.06850056961091265,0.14058638679561883,0.08230912476722531,0.0444753196775487,0.05737615561118247,0.01034001786088925,0.07641274188661201
machine-3-9,10,0.4676348383671852,0.8588267007750738,0.5001386288174154,0.6856797626456874,0.7422111665888378,0.2979032323798656,0.7194104917317202,0.9167209647501733,0.4157908083899615,0.03465011062562625,0.016204472660681545,0.05208826830530184,0.041094511178336436,0.08786268064578731,0.021697397647787782,0.06126108991588974,0.009417314747531158,0.05083359138231337
machine-3-9,15,0.47089280736130457,0.8611356593565769,0.5026839702347485,0.8439379353358798,0.8632818057786025,0.33209558426762087,0.8335078985494863,0.9171915483968653,0.43256059250968787,0.03266248085300744,0.01484014196744495,0.038835862571849684,0.14871498358339855,0.06759924407937189,0.0353385828400129,0.08144856243874286,0.00960003444624778,0.04847309065669148
machine-3-9,20,0.4467502403973968,0.8576209752062139,0.4736043710808432,0.7671234278182527,0.8078588241916707,0.31535794474570744,0.7891143829565419,0.9151660670585524,0.4121191962680145,0.0189923970440273,0.011818760589027168,0.006347673606490309,0.14424214367385235,0.11101931485033924,0.04158017264181793,0.09882438573534966,0.0069994976579467565,0.03006948893853745
machine-3-9,25,0.448476200466347,0.857099782546122,0.47561513310939474,0.772376206794084,0.821180329660161,0.328885759335938,0.7814019675287902,0.9154839864514357,0.40983452492504757,0.02173324050505034,0.00731382830240909,0.011694970276557217,0.14651399538190893,0.1188896397526379,0.05263092602565785,0.09743252861717804,0.004274952374462398,0.033700709739563496
machine-3-9,30,0.4568449926937579,0.8609174850093015,0.48157806118031604,0.7705218405473213,0.8166706802637651,0.32099569779405734,0.7797642876357219,0.9173265534232087,0.42659198233820755,0.022740654538718933,0.003945670057004748,0.018468100505991174,0.1473010226550448,0.11856421582060576,0.04926318771084145,0.09818261652091172,0.002476399152163641,0.03497048949594054
machine-3-9,35,0.4512227028976892,0.8610754943668023,0.47980096055528326,0.7521207461745087,0.7774056285810579,0.31078405573139267,0.7599492329564346,0.9164425924621292,0.4210370596995494,0.022815822307781116,0.0024731045824015964,0.013113065830118845,0.1591694552568029,0.1395269862241829,0.052714926795998804,0.1158849271554087,0.0026092325693169312,0.03539535039654162
machine-3-9,40,0.4436516887095493,0.8563657028531627,0.478475109295985,0.7498258535140551,0.7715971626643792,0.3075348189423743,0.7504141437376224,0.9141772772505794,0.41282478839116427,0.022833295349480108,0.005396709037789395,0.01177837368935956,0.15711503178988562,0.13289650944498108,0.04814544743261563,0.11231400636689601,0.0038057431295645903,0.03761377844139132
machine-3-9,45,0.44251070900174505,0.85936690743121,0.4776686439281409,0.8334629024895478,0.8423162067412704,0.326950765968857,0.8108351344374011,0.9151185216392071,0.4118292332645173,0.021142884591368722,0.0035594926836169495,0.010857915647848635,0.17163159475415013,0.12933017194245036,0.0376847515045559,0.11706822469577101,0.003282549712160513,0.0391050985100088
machine-3-9,50,0.4355117011690935,0.8568787902345743,0.4736410109725339,0.7014894140627834,0.7748663749469225,0.2903192407366104,0.7384185121739334,0.9142741904761793,0.4029178165997405,0.015845189726715316,0.004517006829346556,0.007709555072135585,0.03413119419838323,0.072230896884452,0.012173666389198303,0.04781586197244625,0.0035254604728437583,0.030937614325245184
machine-3-9,55,0.43537140560463583,0.8594815579054471,0.4724614212129783,0.7055298179373348,0.7843444949143146,0.3019614533891116,0.7495038523041199,0.9154100545699173,0.4030435013666093,0.01468059371672588,0.003569394417714579,0.006477040532111241,0.03681700974476718,0.07851693971562416,0.021430428622757458,0.05781688729808612,0.0035931688711761784,0.031468952049380966
machine-3-9,60,0.43230764421108203,0.8566406867791458,0.4722853579783449,0.6694754027887663,0.7077922077922073,0.2969285960681267,0.6915251375304059,0.9143098342591265,0.38494383543805977,0.008567267288456925,0.006307263997945398,0.006164764436399306,0.03828265412987108,0.08225108225108223,0.02942992955194108,0.04952390671824931,0.004767577721655925,0.02323334394986444
machine-3-9,65,0.4317498931697058,0.8579834177037647,0.47123710566978394,0.6886167298537018,0.7487838621859235,0.30307271870635366,0.7255053468843369,0.9150228214993061,0.39010018917002603,0.004646823825363363,0.005204172346225992,0.005036083010636563,0.044205001334348834,0.09482102193966525,0.0279531025055927,0.0694773274664512,0.003920790438135274,0.021973475264201604
machine-3-9,70,0.43253227308767306,0.8595136304060321,0.47178295752387667,0.6687321518848977,0.7060085836909866,0.29411632708404745,0.6900782314032019,0.9156509931393058,0.3923793775870191,0.0072244739016993,0.0069877387014620615,0.005233987591074099,0.03679615232213375,0.07868383404864096,0.023806237937952206,0.04662630049570247,0.004861821353151483,0.026175365857032857
machine-3-9,75,0.4289359390183711,0.8566307512762472,0.4714076207770693,0.6691030158092665,0.7068965517241375,0.29411632708404745,0.6927193646023304,0.9148992189542628,0.3784308961609741,0.005972033444942917,0.006821314594299385,0.003712490574058779,0.03753788017087146,0.08045977011494243,0.023806237937952206,0.05192464408254657,0.00399273402114961,0.017305994231997086
machine-3-9,80,0.4279770167220474,0.8567941932040463,0.4693139586274748,0.6698493222249718,0.7086383601756949,0.2899756610331705,0.6929777574363118,0.9150432894313528,0.3779804024628399,0.0016346343364594116,0.005789189502317323,0.0028772101061645006,0.03903049300228221,0.08394338701805756,0.01552726793979885,0.05243431256378349,0.003872018770922949,0.014314293980257721
